Analysis & Synthesis report for FSOx86
Wed Sep 30 12:34:57 2026
Quartus Prime Version 25.1std.0 Build 1129 10/21/2025 SC Lite Edition


---------------------
; Table of Contents ;
---------------------
  1. Legal Notice
  2. Analysis & Synthesis Summary
  3. Analysis & Synthesis Settings
  4. Parallel Compilation
  5. Analysis & Synthesis Source Files Read
  6. Analysis & Synthesis Resource Usage Summary
  7. Analysis & Synthesis Resource Utilization by Entity
  8. Analysis & Synthesis RAM Summary
  9. Analysis & Synthesis DSP Block Usage Summary
 10. Analysis & Synthesis IP Cores Summary
 11. State Machine - |FSOx86|text_v23_capture_state
 12. State Machine - |FSOx86|usb_state
 13. State Machine - |FSOx86|ber_query_stage_ft
 14. State Machine - |FSOx86|cmd_action_ft
 15. Registers Protected by Synthesis
 16. Registers Removed During Synthesis
 17. Removed Registers Triggering Further Register Optimizations
 18. General Register Statistics
 19. Inverted Register Statistics
 20. Registers Packed Into Inferred Megafunctions
 21. Multiplexer Restructuring Statistics (Restructuring Performed)
 22. Source assignments for Top-level Entity: |FSOx86
 23. Source assignments for FsoDeliveryMonitor:delivery_monitor
 24. Source assignments for FsoDeliveryMonitor:delivery_monitor|FsoDeliveryCounter64:timer_count
 25. Source assignments for FsoDeliveryMonitor:delivery_monitor|FsoDeliveryCounter64:rx1_count
 26. Source assignments for FsoDeliveryMonitor:delivery_monitor|FsoDeliveryCounter64:rx2_count
 27. Source assignments for FsoDeliveryMonitor:delivery_monitor|FsoDeliveryCounter64:expected_count
 28. Source assignments for FsoDeliveryMonitor:delivery_monitor|FsoDeliveryCounter64:complete_count
 29. Source assignments for FsoDeliveryMonitor:delivery_monitor|FsoDeliveryCounter64:good_count
 30. Source assignments for FsoDeliveryMonitor:delivery_monitor|FsoDeliveryCounter64:compared_count
 31. Source assignments for FsoDeliveryMonitor:delivery_monitor|FsoDeliveryCounter64:error_count
 32. Source assignments for sld_signaltap:auto_signaltap_0
 33. Source assignments for altshift_taps:delivery_complete_id_rtl_0|shift_taps_a0v:auto_generated|altsyncram_du91:altsyncram4
 34. Source assignments for altshift_taps:delivery_metadata_pipe_rtl_0|shift_taps_3dv:auto_generated|altsyncram_pfc1:altsyncram4
 35. Source assignments for altshift_taps:delivery_metadata_pipe_rtl_0|shift_taps_3dv:auto_generated|cntr_d1h:cntr5
 36. Source assignments for ExactDivCompare16:quality_compare|altshift_taps:l20s2_rtl_0|shift_taps_suu:auto_generated|altsyncram_hr91:altsyncram4
 37. Source assignments for FsoDeliveryMonitor:delivery_monitor|altsyncram:reference_record_rtl_0|altsyncram_t0s1:auto_generated
 38. Parameter Settings for User Entity Instance: PLL_x86:pll_250_inst|PLL_x86_0002:pll_x86_inst|altera_pll:altera_pll_i
 39. Parameter Settings for Inferred Entity Instance: sld_signaltap:auto_signaltap_0
 40. Parameter Settings for Inferred Entity Instance: altshift_taps:delivery_complete_id_rtl_0
 41. Parameter Settings for Inferred Entity Instance: altshift_taps:delivery_metadata_pipe_rtl_0
 42. Parameter Settings for Inferred Entity Instance: ExactDivCompare16:quality_compare|altshift_taps:l20s2_rtl_0
 43. Parameter Settings for Inferred Entity Instance: FsoDeliveryMonitor:delivery_monitor|altsyncram:reference_record_rtl_0
 44. altshift_taps Parameter Settings by Entity Instance
 45. altsyncram Parameter Settings by Entity Instance
 46. Port Connectivity Checks: "FsoDeliveryMonitor:delivery_monitor|FsoDeliveryCounter64:good_count"
 47. Port Connectivity Checks: "FsoDeliveryMonitor:delivery_monitor|FsoDeliveryCounter64:complete_count"
 48. Port Connectivity Checks: "FsoDeliveryMonitor:delivery_monitor|FsoDeliveryCounter64:expected_count"
 49. Port Connectivity Checks: "FsoDeliveryMonitor:delivery_monitor|FsoDeliveryCounter64:rx2_count"
 50. Port Connectivity Checks: "FsoDeliveryMonitor:delivery_monitor|FsoDeliveryCounter64:rx1_count"
 51. Port Connectivity Checks: "FsoDeliveryMonitor:delivery_monitor|FsoDeliveryCounter64:timer_count"
 52. Port Connectivity Checks: "PLL_x86:pll_250_inst"
 53. Signal Tap Logic Analyzer Settings
 54. Post-Synthesis Netlist Statistics for Top Partition
 55. Elapsed Time Per Partition
 56. Connections to In-System Debugging Instance "auto_signaltap_0"
 57. Analysis & Synthesis Messages



----------------
; Legal Notice ;
----------------
Copyright (C) 2025  Altera Corporation. All rights reserved.
Your use of Altera Corporation's design tools, logic functions 
and other software and tools, and any partner logic 
functions, and any output files from any of the foregoing 
(including device programming or simulation files), and any 
associated documentation or information are expressly subject 
to the terms and conditions of the Altera Program License 
Subscription Agreement, the Altera Quartus Prime License Agreement,
the Altera IP License Agreement, or other applicable license
agreement, including, without limitation, that your use is for
the sole purpose of programming logic devices manufactured by
Altera and sold by Altera or its authorized distributors.  Please
refer to the Altera Software License Subscription Agreements 
on the Quartus Prime software download page.



+-----------------------------------------------------------------------------------+
; Analysis & Synthesis Summary                                                      ;
+---------------------------------+-------------------------------------------------+
; Analysis & Synthesis Status     ; Successful - Wed Sep 30 12:34:57 2026           ;
; Quartus Prime Version           ; 25.1std.0 Build 1129 10/21/2025 SC Lite Edition ;
; Revision Name                   ; FSOx86                                          ;
; Top-level Entity Name           ; FSOx86                                          ;
; Family                          ; Cyclone V                                       ;
; Logic utilization (in ALMs)     ; N/A                                             ;
; Total registers                 ; 13994                                           ;
; Total pins                      ; 82                                              ;
; Total virtual pins              ; 0                                               ;
; Total block memory bits         ; 51,866                                          ;
; Total DSP Blocks                ; 8                                               ;
; Total HSSI RX PCSs              ; 0                                               ;
; Total HSSI PMA RX Deserializers ; 0                                               ;
; Total HSSI TX PCSs              ; 0                                               ;
; Total HSSI PMA TX Serializers   ; 0                                               ;
; Total PLLs                      ; 1                                               ;
; Total DLLs                      ; 0                                               ;
+---------------------------------+-------------------------------------------------+


+---------------------------------------------------------------------------------------------------------------------------+
; Analysis & Synthesis Settings                                                                                             ;
+---------------------------------------------------------------------------------+--------------------+--------------------+
; Option                                                                          ; Setting            ; Default Value      ;
+---------------------------------------------------------------------------------+--------------------+--------------------+
; Device                                                                          ; 5CGXFC5C6F27C7     ;                    ;
; Top-level entity name                                                           ; FSOx86             ; FSOx86             ;
; Family name                                                                     ; Cyclone V          ; Cyclone V          ;
; Use smart compilation                                                           ; Off                ; Off                ;
; Enable parallel Assembler and Timing Analyzer during compilation                ; On                 ; On                 ;
; Enable compact report table                                                     ; Off                ; Off                ;
; Restructure Multiplexers                                                        ; Auto               ; Auto               ;
; MLAB Add Timing Constraints For Mixed-Port Feed-Through Mode Setting Don't Care ; Off                ; Off                ;
; Create Debugging Nodes for IP Cores                                             ; Off                ; Off                ;
; Preserve fewer node names                                                       ; On                 ; On                 ;
; Intel FPGA IP Evaluation Mode                                                   ; Enable             ; Enable             ;
; Verilog Version                                                                 ; Verilog_2001       ; Verilog_2001       ;
; VHDL Version                                                                    ; VHDL_1993          ; VHDL_1993          ;
; State Machine Processing                                                        ; Auto               ; Auto               ;
; Safe State Machine                                                              ; Off                ; Off                ;
; Extract Verilog State Machines                                                  ; On                 ; On                 ;
; Extract VHDL State Machines                                                     ; On                 ; On                 ;
; Ignore Verilog initial constructs                                               ; Off                ; Off                ;
; Iteration limit for constant Verilog loops                                      ; 5000               ; 5000               ;
; Iteration limit for non-constant Verilog loops                                  ; 250                ; 250                ;
; Add Pass-Through Logic to Inferred RAMs                                         ; On                 ; On                 ;
; Infer RAMs from Raw Logic                                                       ; On                 ; On                 ;
; Parallel Synthesis                                                              ; On                 ; On                 ;
; DSP Block Balancing                                                             ; Auto               ; Auto               ;
; NOT Gate Push-Back                                                              ; On                 ; On                 ;
; Power-Up Don't Care                                                             ; On                 ; On                 ;
; Remove Redundant Logic Cells                                                    ; Off                ; Off                ;
; Remove Duplicate Registers                                                      ; On                 ; On                 ;
; Ignore CARRY Buffers                                                            ; Off                ; Off                ;
; Ignore CASCADE Buffers                                                          ; Off                ; Off                ;
; Ignore GLOBAL Buffers                                                           ; Off                ; Off                ;
; Ignore ROW GLOBAL Buffers                                                       ; Off                ; Off                ;
; Ignore LCELL Buffers                                                            ; Off                ; Off                ;
; Ignore SOFT Buffers                                                             ; On                 ; On                 ;
; Limit AHDL Integers to 32 Bits                                                  ; Off                ; Off                ;
; Optimization Technique                                                          ; Balanced           ; Balanced           ;
; Carry Chain Length                                                              ; 70                 ; 70                 ;
; Auto Carry Chains                                                               ; On                 ; On                 ;
; Auto Open-Drain Pins                                                            ; On                 ; On                 ;
; Perform WYSIWYG Primitive Resynthesis                                           ; Off                ; Off                ;
; Auto ROM Replacement                                                            ; On                 ; On                 ;
; Auto RAM Replacement                                                            ; On                 ; On                 ;
; Auto DSP Block Replacement                                                      ; On                 ; On                 ;
; Auto Shift Register Replacement                                                 ; Auto               ; Auto               ;
; Allow Shift Register Merging across Hierarchies                                 ; Auto               ; Auto               ;
; Auto Clock Enable Replacement                                                   ; On                 ; On                 ;
; Strict RAM Replacement                                                          ; Off                ; Off                ;
; Allow Synchronous Control Signals                                               ; On                 ; On                 ;
; Force Use of Synchronous Clear Signals                                          ; Off                ; Off                ;
; Auto Resource Sharing                                                           ; Off                ; Off                ;
; Allow Any RAM Size For Recognition                                              ; Off                ; Off                ;
; Allow Any ROM Size For Recognition                                              ; Off                ; Off                ;
; Allow Any Shift Register Size For Recognition                                   ; Off                ; Off                ;
; Use LogicLock Constraints during Resource Balancing                             ; On                 ; On                 ;
; Ignore translate_off and synthesis_off directives                               ; Off                ; Off                ;
; Timing-Driven Synthesis                                                         ; On                 ; On                 ;
; Report Parameter Settings                                                       ; On                 ; On                 ;
; Report Source Assignments                                                       ; On                 ; On                 ;
; Report Connectivity Checks                                                      ; On                 ; On                 ;
; Ignore Maximum Fan-Out Assignments                                              ; Off                ; Off                ;
; Synchronization Register Chain Length                                           ; 3                  ; 3                  ;
; Power Optimization During Synthesis                                             ; Normal compilation ; Normal compilation ;
; HDL message level                                                               ; Level2             ; Level2             ;
; Suppress Register Optimization Related Messages                                 ; Off                ; Off                ;
; Number of Removed Registers Reported in Synthesis Report                        ; 5000               ; 5000               ;
; Number of Swept Nodes Reported in Synthesis Report                              ; 5000               ; 5000               ;
; Number of Inverted Registers Reported in Synthesis Report                       ; 100                ; 100                ;
; Clock MUX Protection                                                            ; On                 ; On                 ;
; Auto Gated Clock Conversion                                                     ; Off                ; Off                ;
; Block Design Naming                                                             ; Auto               ; Auto               ;
; SDC constraint protection                                                       ; Off                ; Off                ;
; Synthesis Effort                                                                ; Auto               ; Auto               ;
; Shift Register Replacement - Allow Asynchronous Clear Signal                    ; On                 ; On                 ;
; Pre-Mapping Resynthesis Optimization                                            ; Off                ; Off                ;
; Analysis & Synthesis Message Level                                              ; Medium             ; Medium             ;
; Disable Register Merging Across Hierarchies                                     ; Auto               ; Auto               ;
; Resource Aware Inference For Block RAM                                          ; On                 ; On                 ;
; Automatic Parallel Synthesis                                                    ; On                 ; On                 ;
; Partial Reconfiguration Bitstream ID                                            ; Off                ; Off                ;
+---------------------------------------------------------------------------------+--------------------+--------------------+


+------------------------------------------+
; Parallel Compilation                     ;
+----------------------------+-------------+
; Processors                 ; Number      ;
+----------------------------+-------------+
; Number detected on machine ; 12          ;
; Maximum allowed            ; 6           ;
;                            ;             ;
; Average used               ; 1.64        ;
; Maximum used               ; 6           ;
;                            ;             ;
; Usage by Processor         ; % Time Used ;
;     Processor 1            ; 100.0%      ;
;     Processor 2            ;  13.3%      ;
;     Processor 3            ;  13.3%      ;
;     Processor 4            ;  13.0%      ;
;     Processor 5            ;  12.7%      ;
;     Processor 6            ;  11.7%      ;
+----------------------------+-------------+


+----------------------------------------------------------------------------------------------------------------------------------------------------------------------------------------------------------------------------------------------+
; Analysis & Synthesis Source Files Read                                                                                                                                                                                                       ;
+--------------------------------------------------------------------+-----------------+----------------------------------------------+------------------------------------------------------------------------------------------+-------------+
; File Name with User-Entered Path                                   ; Used in Netlist ; File Type                                    ; File Name with Absolute Path                                                             ; Library     ;
+--------------------------------------------------------------------+-----------------+----------------------------------------------+------------------------------------------------------------------------------------------+-------------+
; PLL_x86.v                                                          ; yes             ; User Wizard-Generated File                   ; D:/FPGA/PLL_x86.v                                                                        ; PLL_x86     ;
; PLL_x86/PLL_x86_0002.v                                             ; yes             ; User Verilog HDL File                        ; D:/FPGA/PLL_x86/PLL_x86_0002.v                                                           ; PLL_x86     ;
; FSOx86.v                                                           ; yes             ; User Verilog HDL File                        ; D:/FPGA/FSOx86.v                                                                         ;             ;
; altera_pll.v                                                       ; yes             ; Megafunction                                 ; c:/altera_lite/25.1std/quartus/libraries/megafunctions/altera_pll.v                      ;             ;
; sld_signaltap.vhd                                                  ; yes             ; Megafunction                                 ; c:/altera_lite/25.1std/quartus/libraries/megafunctions/sld_signaltap.vhd                 ;             ;
; sld_signaltap_impl.vhd                                             ; yes             ; Encrypted Megafunction                       ; c:/altera_lite/25.1std/quartus/libraries/megafunctions/sld_signaltap_impl.vhd            ;             ;
; sld_ela_control.vhd                                                ; yes             ; Encrypted Megafunction                       ; c:/altera_lite/25.1std/quartus/libraries/megafunctions/sld_ela_control.vhd               ;             ;
; lpm_shiftreg.tdf                                                   ; yes             ; Megafunction                                 ; c:/altera_lite/25.1std/quartus/libraries/megafunctions/lpm_shiftreg.tdf                  ;             ;
; lpm_constant.inc                                                   ; yes             ; Megafunction                                 ; c:/altera_lite/25.1std/quartus/libraries/megafunctions/lpm_constant.inc                  ;             ;
; dffeea.inc                                                         ; yes             ; Megafunction                                 ; c:/altera_lite/25.1std/quartus/libraries/megafunctions/dffeea.inc                        ;             ;
; aglobal251.inc                                                     ; yes             ; Megafunction                                 ; c:/altera_lite/25.1std/quartus/libraries/megafunctions/aglobal251.inc                    ;             ;
; sld_mbpmg.vhd                                                      ; yes             ; Encrypted Megafunction                       ; c:/altera_lite/25.1std/quartus/libraries/megafunctions/sld_mbpmg.vhd                     ;             ;
; sld_ela_trigger_flow_mgr.vhd                                       ; yes             ; Encrypted Megafunction                       ; c:/altera_lite/25.1std/quartus/libraries/megafunctions/sld_ela_trigger_flow_mgr.vhd      ;             ;
; sld_buffer_manager.vhd                                             ; yes             ; Encrypted Megafunction                       ; c:/altera_lite/25.1std/quartus/libraries/megafunctions/sld_buffer_manager.vhd            ;             ;
; altsyncram.tdf                                                     ; yes             ; Megafunction                                 ; c:/altera_lite/25.1std/quartus/libraries/megafunctions/altsyncram.tdf                    ;             ;
; stratix_ram_block.inc                                              ; yes             ; Megafunction                                 ; c:/altera_lite/25.1std/quartus/libraries/megafunctions/stratix_ram_block.inc             ;             ;
; lpm_mux.inc                                                        ; yes             ; Megafunction                                 ; c:/altera_lite/25.1std/quartus/libraries/megafunctions/lpm_mux.inc                       ;             ;
; lpm_decode.inc                                                     ; yes             ; Megafunction                                 ; c:/altera_lite/25.1std/quartus/libraries/megafunctions/lpm_decode.inc                    ;             ;
; a_rdenreg.inc                                                      ; yes             ; Megafunction                                 ; c:/altera_lite/25.1std/quartus/libraries/megafunctions/a_rdenreg.inc                     ;             ;
; altrom.inc                                                         ; yes             ; Megafunction                                 ; c:/altera_lite/25.1std/quartus/libraries/megafunctions/altrom.inc                        ;             ;
; altram.inc                                                         ; yes             ; Megafunction                                 ; c:/altera_lite/25.1std/quartus/libraries/megafunctions/altram.inc                        ;             ;
; altdpram.inc                                                       ; yes             ; Megafunction                                 ; c:/altera_lite/25.1std/quartus/libraries/megafunctions/altdpram.inc                      ;             ;
; db/altsyncram_2h84.tdf                                             ; yes             ; Auto-Generated Megafunction                  ; D:/FPGA/db/altsyncram_2h84.tdf                                                           ;             ;
; altdpram.tdf                                                       ; yes             ; Megafunction                                 ; c:/altera_lite/25.1std/quartus/libraries/megafunctions/altdpram.tdf                      ;             ;
; memmodes.inc                                                       ; yes             ; Megafunction                                 ; c:/altera_lite/25.1std/quartus/libraries/others/maxplus2/memmodes.inc                    ;             ;
; a_hdffe.inc                                                        ; yes             ; Megafunction                                 ; c:/altera_lite/25.1std/quartus/libraries/megafunctions/a_hdffe.inc                       ;             ;
; alt_le_rden_reg.inc                                                ; yes             ; Megafunction                                 ; c:/altera_lite/25.1std/quartus/libraries/megafunctions/alt_le_rden_reg.inc               ;             ;
; altsyncram.inc                                                     ; yes             ; Megafunction                                 ; c:/altera_lite/25.1std/quartus/libraries/megafunctions/altsyncram.inc                    ;             ;
; lpm_mux.tdf                                                        ; yes             ; Megafunction                                 ; c:/altera_lite/25.1std/quartus/libraries/megafunctions/lpm_mux.tdf                       ;             ;
; muxlut.inc                                                         ; yes             ; Megafunction                                 ; c:/altera_lite/25.1std/quartus/libraries/megafunctions/muxlut.inc                        ;             ;
; bypassff.inc                                                       ; yes             ; Megafunction                                 ; c:/altera_lite/25.1std/quartus/libraries/megafunctions/bypassff.inc                      ;             ;
; altshift.inc                                                       ; yes             ; Megafunction                                 ; c:/altera_lite/25.1std/quartus/libraries/megafunctions/altshift.inc                      ;             ;
; db/mux_blc.tdf                                                     ; yes             ; Auto-Generated Megafunction                  ; D:/FPGA/db/mux_blc.tdf                                                                   ;             ;
; lpm_decode.tdf                                                     ; yes             ; Megafunction                                 ; c:/altera_lite/25.1std/quartus/libraries/megafunctions/lpm_decode.tdf                    ;             ;
; declut.inc                                                         ; yes             ; Megafunction                                 ; c:/altera_lite/25.1std/quartus/libraries/megafunctions/declut.inc                        ;             ;
; lpm_compare.inc                                                    ; yes             ; Megafunction                                 ; c:/altera_lite/25.1std/quartus/libraries/megafunctions/lpm_compare.inc                   ;             ;
; db/decode_vnf.tdf                                                  ; yes             ; Auto-Generated Megafunction                  ; D:/FPGA/db/decode_vnf.tdf                                                                ;             ;
; lpm_counter.tdf                                                    ; yes             ; Megafunction                                 ; c:/altera_lite/25.1std/quartus/libraries/megafunctions/lpm_counter.tdf                   ;             ;
; lpm_add_sub.inc                                                    ; yes             ; Megafunction                                 ; c:/altera_lite/25.1std/quartus/libraries/megafunctions/lpm_add_sub.inc                   ;             ;
; cmpconst.inc                                                       ; yes             ; Megafunction                                 ; c:/altera_lite/25.1std/quartus/libraries/megafunctions/cmpconst.inc                      ;             ;
; lpm_counter.inc                                                    ; yes             ; Megafunction                                 ; c:/altera_lite/25.1std/quartus/libraries/megafunctions/lpm_counter.inc                   ;             ;
; alt_counter_stratix.inc                                            ; yes             ; Megafunction                                 ; c:/altera_lite/25.1std/quartus/libraries/megafunctions/alt_counter_stratix.inc           ;             ;
; db/cntr_49i.tdf                                                    ; yes             ; Auto-Generated Megafunction                  ; D:/FPGA/db/cntr_49i.tdf                                                                  ;             ;
; db/cmpr_e9c.tdf                                                    ; yes             ; Auto-Generated Megafunction                  ; D:/FPGA/db/cmpr_e9c.tdf                                                                  ;             ;
; db/cntr_q1j.tdf                                                    ; yes             ; Auto-Generated Megafunction                  ; D:/FPGA/db/cntr_q1j.tdf                                                                  ;             ;
; db/cntr_u8i.tdf                                                    ; yes             ; Auto-Generated Megafunction                  ; D:/FPGA/db/cntr_u8i.tdf                                                                  ;             ;
; db/cmpr_d9c.tdf                                                    ; yes             ; Auto-Generated Megafunction                  ; D:/FPGA/db/cmpr_d9c.tdf                                                                  ;             ;
; db/cntr_kri.tdf                                                    ; yes             ; Auto-Generated Megafunction                  ; D:/FPGA/db/cntr_kri.tdf                                                                  ;             ;
; db/cmpr_99c.tdf                                                    ; yes             ; Auto-Generated Megafunction                  ; D:/FPGA/db/cmpr_99c.tdf                                                                  ;             ;
; sld_rom_sr.vhd                                                     ; yes             ; Encrypted Megafunction                       ; c:/altera_lite/25.1std/quartus/libraries/megafunctions/sld_rom_sr.vhd                    ;             ;
; sld_jtag_endpoint_adapter.vhd                                      ; yes             ; Encrypted Megafunction                       ; c:/altera_lite/25.1std/quartus/libraries/megafunctions/sld_jtag_endpoint_adapter.vhd     ;             ;
; sld_jtag_endpoint_adapter_impl.sv                                  ; yes             ; Encrypted Megafunction                       ; c:/altera_lite/25.1std/quartus/libraries/megafunctions/sld_jtag_endpoint_adapter_impl.sv ;             ;
; sld_hub.vhd                                                        ; yes             ; Encrypted Megafunction                       ; c:/altera_lite/25.1std/quartus/libraries/megafunctions/sld_hub.vhd                       ; altera_sld  ;
; db/ip/sld876e6cae/alt_sld_fab.v                                    ; yes             ; Encrypted Auto-Found Verilog HDL File        ; D:/FPGA/db/ip/sld876e6cae/alt_sld_fab.v                                                  ; alt_sld_fab ;
; db/ip/sld876e6cae/submodules/alt_sld_fab_alt_sld_fab.v             ; yes             ; Encrypted Auto-Found Verilog HDL File        ; D:/FPGA/db/ip/sld876e6cae/submodules/alt_sld_fab_alt_sld_fab.v                           ; alt_sld_fab ;
; db/ip/sld876e6cae/submodules/alt_sld_fab_alt_sld_fab_ident.sv      ; yes             ; Auto-Found SystemVerilog HDL File            ; D:/FPGA/db/ip/sld876e6cae/submodules/alt_sld_fab_alt_sld_fab_ident.sv                    ; alt_sld_fab ;
; db/ip/sld876e6cae/submodules/alt_sld_fab_alt_sld_fab_presplit.sv   ; yes             ; Encrypted Auto-Found SystemVerilog HDL File  ; D:/FPGA/db/ip/sld876e6cae/submodules/alt_sld_fab_alt_sld_fab_presplit.sv                 ; alt_sld_fab ;
; db/ip/sld876e6cae/submodules/alt_sld_fab_alt_sld_fab_sldfabric.vhd ; yes             ; Encrypted Auto-Found VHDL File               ; D:/FPGA/db/ip/sld876e6cae/submodules/alt_sld_fab_alt_sld_fab_sldfabric.vhd               ; alt_sld_fab ;
; db/ip/sld876e6cae/submodules/alt_sld_fab_alt_sld_fab_splitter.sv   ; yes             ; Encrypted Auto-Found SystemVerilog HDL File  ; D:/FPGA/db/ip/sld876e6cae/submodules/alt_sld_fab_alt_sld_fab_splitter.sv                 ; alt_sld_fab ;
; sld_jtag_hub.vhd                                                   ; yes             ; Encrypted Megafunction                       ; c:/altera_lite/25.1std/quartus/libraries/megafunctions/sld_jtag_hub.vhd                  ;             ;
; altshift_taps.tdf                                                  ; yes             ; Megafunction                                 ; c:/altera_lite/25.1std/quartus/libraries/megafunctions/altshift_taps.tdf                 ;             ;
; db/shift_taps_a0v.tdf                                              ; yes             ; Auto-Generated Megafunction                  ; D:/FPGA/db/shift_taps_a0v.tdf                                                            ;             ;
; db/altsyncram_du91.tdf                                             ; yes             ; Auto-Generated Megafunction                  ; D:/FPGA/db/altsyncram_du91.tdf                                                           ;             ;
; db/cntr_ohf.tdf                                                    ; yes             ; Auto-Generated Megafunction                  ; D:/FPGA/db/cntr_ohf.tdf                                                                  ;             ;
; db/cmpr_a9c.tdf                                                    ; yes             ; Auto-Generated Megafunction                  ; D:/FPGA/db/cmpr_a9c.tdf                                                                  ;             ;
; db/shift_taps_3dv.tdf                                              ; yes             ; Auto-Generated Megafunction                  ; D:/FPGA/db/shift_taps_3dv.tdf                                                            ;             ;
; db/altsyncram_pfc1.tdf                                             ; yes             ; Auto-Generated Megafunction                  ; D:/FPGA/db/altsyncram_pfc1.tdf                                                           ;             ;
; db/cntr_phf.tdf                                                    ; yes             ; Auto-Generated Megafunction                  ; D:/FPGA/db/cntr_phf.tdf                                                                  ;             ;
; db/cntr_d1h.tdf                                                    ; yes             ; Auto-Generated Megafunction                  ; D:/FPGA/db/cntr_d1h.tdf                                                                  ;             ;
; db/shift_taps_suu.tdf                                              ; yes             ; Auto-Generated Megafunction                  ; D:/FPGA/db/shift_taps_suu.tdf                                                            ;             ;
; db/altsyncram_hr91.tdf                                             ; yes             ; Auto-Generated Megafunction                  ; D:/FPGA/db/altsyncram_hr91.tdf                                                           ;             ;
; db/altsyncram_t0s1.tdf                                             ; yes             ; Auto-Generated Megafunction                  ; D:/FPGA/db/altsyncram_t0s1.tdf                                                           ;             ;
+--------------------------------------------------------------------+-----------------+----------------------------------------------+------------------------------------------------------------------------------------------+-------------+


+-------------------------------------------------------------+
; Analysis & Synthesis Resource Usage Summary                 ;
+---------------------------------------------+---------------+
; Resource                                    ; Usage         ;
+---------------------------------------------+---------------+
; Estimate of Logic utilization (ALMs needed) ; 8266          ;
;                                             ;               ;
; Combinational ALUT usage for logic          ; 6248          ;
;     -- 7 input functions                    ; 212           ;
;     -- 6 input functions                    ; 1552          ;
;     -- 5 input functions                    ; 773           ;
;     -- 4 input functions                    ; 866           ;
;     -- <=3 input functions                  ; 2845          ;
;                                             ;               ;
; Dedicated logic registers                   ; 13994         ;
;                                             ;               ;
; I/O pins                                    ; 82            ;
; Total MLAB memory bits                      ; 0             ;
; Total block memory bits                     ; 51866         ;
;                                             ;               ;
; Total DSP Blocks                            ; 8             ;
;                                             ;               ;
; Total PLLs                                  ; 1             ;
;     -- PLLs                                 ; 1             ;
;                                             ;               ;
; Maximum fan-out node                        ; reset_n~input ;
; Maximum fan-out                             ; 9629          ;
; Total fan-out                               ; 79727         ;
; Average fan-out                             ; 3.84          ;
+---------------------------------------------+---------------+


+----------------------------------------------------------------------------------------------------------------------------------------------------------------------------------------------------------------------------------------------------------------------------------------------------------------------------------------------------------------------------------------------------------------------------------------------------------------------------------------------------------------------------------------------------------------------------------------------------------------------------------------------------------+
; Analysis & Synthesis Resource Utilization by Entity                                                                                                                                                                                                                                                                                                                                                                                                                                                                                                                                                                                                      ;
+-----------------------------------------------------------------------------------------------------------------------------------------+---------------------+---------------------------+-------------------+------------+------+--------------+----------------------------------------------------------------------------------------------------------------------------------------------------------------------------------------------------------------------------------------------------------------------------------------------------------------------------------------------------+-----------------------------------+--------------+
; Compilation Hierarchy Node                                                                                                              ; Combinational ALUTs ; Dedicated Logic Registers ; Block Memory Bits ; DSP Blocks ; Pins ; Virtual Pins ; Full Hierarchy Name                                                                                                                                                                                                                                                                                                                                ; Entity Name                       ; Library Name ;
+-----------------------------------------------------------------------------------------------------------------------------------------+---------------------+---------------------------+-------------------+------------+------+--------------+----------------------------------------------------------------------------------------------------------------------------------------------------------------------------------------------------------------------------------------------------------------------------------------------------------------------------------------------------+-----------------------------------+--------------+
; |FSOx86                                                                                                                                 ; 6248 (3833)         ; 13994 (9936)              ; 51866             ; 8          ; 82   ; 0            ; |FSOx86                                                                                                                                                                                                                                                                                                                                            ; FSOx86                            ; work         ;
;    |ExactDivCompare16:quality_compare|                                                                                                  ; 288 (282)           ; 774 (770)                 ; 128               ; 8          ; 0    ; 0            ; |FSOx86|ExactDivCompare16:quality_compare                                                                                                                                                                                                                                                                                                          ; ExactDivCompare16                 ; work         ;
;       |altshift_taps:l20s2_rtl_0|                                                                                                       ; 6 (0)               ; 4 (0)                     ; 128               ; 0          ; 0    ; 0            ; |FSOx86|ExactDivCompare16:quality_compare|altshift_taps:l20s2_rtl_0                                                                                                                                                                                                                                                                                ; altshift_taps                     ; work         ;
;          |shift_taps_suu:auto_generated|                                                                                                ; 6 (4)               ; 4 (2)                     ; 128               ; 0          ; 0    ; 0            ; |FSOx86|ExactDivCompare16:quality_compare|altshift_taps:l20s2_rtl_0|shift_taps_suu:auto_generated                                                                                                                                                                                                                                                  ; shift_taps_suu                    ; work         ;
;             |altsyncram_hr91:altsyncram4|                                                                                               ; 0 (0)               ; 0 (0)                     ; 128               ; 0          ; 0    ; 0            ; |FSOx86|ExactDivCompare16:quality_compare|altshift_taps:l20s2_rtl_0|shift_taps_suu:auto_generated|altsyncram_hr91:altsyncram4                                                                                                                                                                                                                      ; altsyncram_hr91                   ; work         ;
;             |cntr_phf:cntr1|                                                                                                            ; 2 (2)               ; 2 (2)                     ; 0                 ; 0          ; 0    ; 0            ; |FSOx86|ExactDivCompare16:quality_compare|altshift_taps:l20s2_rtl_0|shift_taps_suu:auto_generated|cntr_phf:cntr1                                                                                                                                                                                                                                   ; cntr_phf                          ; work         ;
;    |FsoDeliveryMonitor:delivery_monitor|                                                                                                ; 1736 (1200)         ; 2324 (1020)               ; 6144              ; 0          ; 0    ; 0            ; |FSOx86|FsoDeliveryMonitor:delivery_monitor                                                                                                                                                                                                                                                                                                        ; FsoDeliveryMonitor                ; work         ;
;       |FsoDeliveryCounter64:compared_count|                                                                                             ; 67 (67)             ; 163 (163)                 ; 0                 ; 0          ; 0    ; 0            ; |FSOx86|FsoDeliveryMonitor:delivery_monitor|FsoDeliveryCounter64:compared_count                                                                                                                                                                                                                                                                    ; FsoDeliveryCounter64              ; work         ;
;       |FsoDeliveryCounter64:complete_count|                                                                                             ; 67 (67)             ; 163 (163)                 ; 0                 ; 0          ; 0    ; 0            ; |FSOx86|FsoDeliveryMonitor:delivery_monitor|FsoDeliveryCounter64:complete_count                                                                                                                                                                                                                                                                    ; FsoDeliveryCounter64              ; work         ;
;       |FsoDeliveryCounter64:error_count|                                                                                                ; 67 (67)             ; 163 (163)                 ; 0                 ; 0          ; 0    ; 0            ; |FSOx86|FsoDeliveryMonitor:delivery_monitor|FsoDeliveryCounter64:error_count                                                                                                                                                                                                                                                                       ; FsoDeliveryCounter64              ; work         ;
;       |FsoDeliveryCounter64:expected_count|                                                                                             ; 67 (67)             ; 163 (163)                 ; 0                 ; 0          ; 0    ; 0            ; |FSOx86|FsoDeliveryMonitor:delivery_monitor|FsoDeliveryCounter64:expected_count                                                                                                                                                                                                                                                                    ; FsoDeliveryCounter64              ; work         ;
;       |FsoDeliveryCounter64:good_count|                                                                                                 ; 67 (67)             ; 163 (163)                 ; 0                 ; 0          ; 0    ; 0            ; |FSOx86|FsoDeliveryMonitor:delivery_monitor|FsoDeliveryCounter64:good_count                                                                                                                                                                                                                                                                        ; FsoDeliveryCounter64              ; work         ;
;       |FsoDeliveryCounter64:rx1_count|                                                                                                  ; 67 (67)             ; 163 (163)                 ; 0                 ; 0          ; 0    ; 0            ; |FSOx86|FsoDeliveryMonitor:delivery_monitor|FsoDeliveryCounter64:rx1_count                                                                                                                                                                                                                                                                         ; FsoDeliveryCounter64              ; work         ;
;       |FsoDeliveryCounter64:rx2_count|                                                                                                  ; 67 (67)             ; 163 (163)                 ; 0                 ; 0          ; 0    ; 0            ; |FSOx86|FsoDeliveryMonitor:delivery_monitor|FsoDeliveryCounter64:rx2_count                                                                                                                                                                                                                                                                         ; FsoDeliveryCounter64              ; work         ;
;       |FsoDeliveryCounter64:timer_count|                                                                                                ; 67 (67)             ; 163 (163)                 ; 0                 ; 0          ; 0    ; 0            ; |FSOx86|FsoDeliveryMonitor:delivery_monitor|FsoDeliveryCounter64:timer_count                                                                                                                                                                                                                                                                       ; FsoDeliveryCounter64              ; work         ;
;       |altsyncram:reference_record_rtl_0|                                                                                               ; 0 (0)               ; 0 (0)                     ; 6144              ; 0          ; 0    ; 0            ; |FSOx86|FsoDeliveryMonitor:delivery_monitor|altsyncram:reference_record_rtl_0                                                                                                                                                                                                                                                                      ; altsyncram                        ; work         ;
;          |altsyncram_t0s1:auto_generated|                                                                                               ; 0 (0)               ; 0 (0)                     ; 6144              ; 0          ; 0    ; 0            ; |FSOx86|FsoDeliveryMonitor:delivery_monitor|altsyncram:reference_record_rtl_0|altsyncram_t0s1:auto_generated                                                                                                                                                                                                                                       ; altsyncram_t0s1                   ; work         ;
;    |PLL_x86:pll_250_inst|                                                                                                               ; 0 (0)               ; 0 (0)                     ; 0                 ; 0          ; 0    ; 0            ; |FSOx86|PLL_x86:pll_250_inst                                                                                                                                                                                                                                                                                                                       ; PLL_x86                           ; PLL_x86      ;
;       |PLL_x86_0002:pll_x86_inst|                                                                                                       ; 0 (0)               ; 0 (0)                     ; 0                 ; 0          ; 0    ; 0            ; |FSOx86|PLL_x86:pll_250_inst|PLL_x86_0002:pll_x86_inst                                                                                                                                                                                                                                                                                             ; PLL_x86_0002                      ; PLL_x86      ;
;          |altera_pll:altera_pll_i|                                                                                                      ; 0 (0)               ; 0 (0)                     ; 0                 ; 0          ; 0    ; 0            ; |FSOx86|PLL_x86:pll_250_inst|PLL_x86_0002:pll_x86_inst|altera_pll:altera_pll_i                                                                                                                                                                                                                                                                     ; altera_pll                        ; work         ;
;    |altshift_taps:delivery_complete_id_rtl_0|                                                                                           ; 7 (0)               ; 4 (0)                     ; 390               ; 0          ; 0    ; 0            ; |FSOx86|altshift_taps:delivery_complete_id_rtl_0                                                                                                                                                                                                                                                                                                   ; altshift_taps                     ; work         ;
;       |shift_taps_a0v:auto_generated|                                                                                                   ; 7 (2)               ; 4 (2)                     ; 390               ; 0          ; 0    ; 0            ; |FSOx86|altshift_taps:delivery_complete_id_rtl_0|shift_taps_a0v:auto_generated                                                                                                                                                                                                                                                                     ; shift_taps_a0v                    ; work         ;
;          |altsyncram_du91:altsyncram4|                                                                                                  ; 0 (0)               ; 0 (0)                     ; 390               ; 0          ; 0    ; 0            ; |FSOx86|altshift_taps:delivery_complete_id_rtl_0|shift_taps_a0v:auto_generated|altsyncram_du91:altsyncram4                                                                                                                                                                                                                                         ; altsyncram_du91                   ; work         ;
;          |cntr_ohf:cntr1|                                                                                                               ; 5 (5)               ; 2 (2)                     ; 0                 ; 0          ; 0    ; 0            ; |FSOx86|altshift_taps:delivery_complete_id_rtl_0|shift_taps_a0v:auto_generated|cntr_ohf:cntr1                                                                                                                                                                                                                                                      ; cntr_ohf                          ; work         ;
;    |altshift_taps:delivery_metadata_pipe_rtl_0|                                                                                         ; 11 (0)              ; 7 (0)                     ; 148               ; 0          ; 0    ; 0            ; |FSOx86|altshift_taps:delivery_metadata_pipe_rtl_0                                                                                                                                                                                                                                                                                                 ; altshift_taps                     ; work         ;
;       |shift_taps_3dv:auto_generated|                                                                                                   ; 11 (5)              ; 7 (3)                     ; 148               ; 0          ; 0    ; 0            ; |FSOx86|altshift_taps:delivery_metadata_pipe_rtl_0|shift_taps_3dv:auto_generated                                                                                                                                                                                                                                                                   ; shift_taps_3dv                    ; work         ;
;          |altsyncram_pfc1:altsyncram4|                                                                                                  ; 0 (0)               ; 0 (0)                     ; 148               ; 0          ; 0    ; 0            ; |FSOx86|altshift_taps:delivery_metadata_pipe_rtl_0|shift_taps_3dv:auto_generated|altsyncram_pfc1:altsyncram4                                                                                                                                                                                                                                       ; altsyncram_pfc1                   ; work         ;
;          |cntr_d1h:cntr5|                                                                                                               ; 4 (4)               ; 2 (2)                     ; 0                 ; 0          ; 0    ; 0            ; |FSOx86|altshift_taps:delivery_metadata_pipe_rtl_0|shift_taps_3dv:auto_generated|cntr_d1h:cntr5                                                                                                                                                                                                                                                    ; cntr_d1h                          ; work         ;
;          |cntr_phf:cntr1|                                                                                                               ; 2 (2)               ; 2 (2)                     ; 0                 ; 0          ; 0    ; 0            ; |FSOx86|altshift_taps:delivery_metadata_pipe_rtl_0|shift_taps_3dv:auto_generated|cntr_phf:cntr1                                                                                                                                                                                                                                                    ; cntr_phf                          ; work         ;
;    |sld_hub:auto_hub|                                                                                                                   ; 90 (1)              ; 90 (0)                    ; 0                 ; 0          ; 0    ; 0            ; |FSOx86|sld_hub:auto_hub                                                                                                                                                                                                                                                                                                                           ; sld_hub                           ; altera_sld   ;
;       |alt_sld_fab_with_jtag_input:\instrumentation_fabric_with_node_gen:fabric_gen_new_way:with_jtag_input_gen:instrumentation_fabric| ; 89 (0)              ; 90 (0)                    ; 0                 ; 0          ; 0    ; 0            ; |FSOx86|sld_hub:auto_hub|alt_sld_fab_with_jtag_input:\instrumentation_fabric_with_node_gen:fabric_gen_new_way:with_jtag_input_gen:instrumentation_fabric                                                                                                                                                                                           ; alt_sld_fab_with_jtag_input       ; altera_sld   ;
;          |alt_sld_fab:instrumentation_fabric|                                                                                           ; 89 (0)              ; 90 (0)                    ; 0                 ; 0          ; 0    ; 0            ; |FSOx86|sld_hub:auto_hub|alt_sld_fab_with_jtag_input:\instrumentation_fabric_with_node_gen:fabric_gen_new_way:with_jtag_input_gen:instrumentation_fabric|alt_sld_fab:instrumentation_fabric                                                                                                                                                        ; alt_sld_fab                       ; alt_sld_fab  ;
;             |alt_sld_fab_alt_sld_fab:alt_sld_fab|                                                                                       ; 89 (1)              ; 90 (5)                    ; 0                 ; 0          ; 0    ; 0            ; |FSOx86|sld_hub:auto_hub|alt_sld_fab_with_jtag_input:\instrumentation_fabric_with_node_gen:fabric_gen_new_way:with_jtag_input_gen:instrumentation_fabric|alt_sld_fab:instrumentation_fabric|alt_sld_fab_alt_sld_fab:alt_sld_fab                                                                                                                    ; alt_sld_fab_alt_sld_fab           ; alt_sld_fab  ;
;                |alt_sld_fab_alt_sld_fab_sldfabric:sldfabric|                                                                            ; 88 (0)              ; 85 (0)                    ; 0                 ; 0          ; 0    ; 0            ; |FSOx86|sld_hub:auto_hub|alt_sld_fab_with_jtag_input:\instrumentation_fabric_with_node_gen:fabric_gen_new_way:with_jtag_input_gen:instrumentation_fabric|alt_sld_fab:instrumentation_fabric|alt_sld_fab_alt_sld_fab:alt_sld_fab|alt_sld_fab_alt_sld_fab_sldfabric:sldfabric                                                                        ; alt_sld_fab_alt_sld_fab_sldfabric ; alt_sld_fab  ;
;                   |sld_jtag_hub:\jtag_hub_gen:real_sld_jtag_hub|                                                                        ; 88 (55)             ; 85 (57)                   ; 0                 ; 0          ; 0    ; 0            ; |FSOx86|sld_hub:auto_hub|alt_sld_fab_with_jtag_input:\instrumentation_fabric_with_node_gen:fabric_gen_new_way:with_jtag_input_gen:instrumentation_fabric|alt_sld_fab:instrumentation_fabric|alt_sld_fab_alt_sld_fab:alt_sld_fab|alt_sld_fab_alt_sld_fab_sldfabric:sldfabric|sld_jtag_hub:\jtag_hub_gen:real_sld_jtag_hub                           ; sld_jtag_hub                      ; work         ;
;                      |sld_rom_sr:hub_info_reg|                                                                                          ; 15 (15)             ; 9 (9)                     ; 0                 ; 0          ; 0    ; 0            ; |FSOx86|sld_hub:auto_hub|alt_sld_fab_with_jtag_input:\instrumentation_fabric_with_node_gen:fabric_gen_new_way:with_jtag_input_gen:instrumentation_fabric|alt_sld_fab:instrumentation_fabric|alt_sld_fab_alt_sld_fab:alt_sld_fab|alt_sld_fab_alt_sld_fab_sldfabric:sldfabric|sld_jtag_hub:\jtag_hub_gen:real_sld_jtag_hub|sld_rom_sr:hub_info_reg   ; sld_rom_sr                        ; work         ;
;                      |sld_shadow_jsm:shadow_jsm|                                                                                        ; 18 (18)             ; 19 (19)                   ; 0                 ; 0          ; 0    ; 0            ; |FSOx86|sld_hub:auto_hub|alt_sld_fab_with_jtag_input:\instrumentation_fabric_with_node_gen:fabric_gen_new_way:with_jtag_input_gen:instrumentation_fabric|alt_sld_fab:instrumentation_fabric|alt_sld_fab_alt_sld_fab:alt_sld_fab|alt_sld_fab_alt_sld_fab_sldfabric:sldfabric|sld_jtag_hub:\jtag_hub_gen:real_sld_jtag_hub|sld_shadow_jsm:shadow_jsm ; sld_shadow_jsm                    ; altera_sld   ;
;    |sld_signaltap:auto_signaltap_0|                                                                                                     ; 283 (2)             ; 859 (88)                  ; 45056             ; 0          ; 0    ; 0            ; |FSOx86|sld_signaltap:auto_signaltap_0                                                                                                                                                                                                                                                                                                             ; sld_signaltap                     ; work         ;
;       |sld_signaltap_impl:sld_signaltap_body|                                                                                           ; 281 (0)             ; 771 (0)                   ; 45056             ; 0          ; 0    ; 0            ; |FSOx86|sld_signaltap:auto_signaltap_0|sld_signaltap_impl:sld_signaltap_body                                                                                                                                                                                                                                                                       ; sld_signaltap_impl                ; work         ;
;          |sld_signaltap_implb:sld_signaltap_body|                                                                                       ; 281 (67)            ; 771 (256)                 ; 45056             ; 0          ; 0    ; 0            ; |FSOx86|sld_signaltap:auto_signaltap_0|sld_signaltap_impl:sld_signaltap_body|sld_signaltap_implb:sld_signaltap_body                                                                                                                                                                                                                                ; sld_signaltap_implb               ; work         ;
;             |altdpram:\stp_non_zero_ram_gen:attribute_mem_gen:attribute_mem|                                                            ; 2 (0)               ; 64 (64)                   ; 0                 ; 0          ; 0    ; 0            ; |FSOx86|sld_signaltap:auto_signaltap_0|sld_signaltap_impl:sld_signaltap_body|sld_signaltap_implb:sld_signaltap_body|altdpram:\stp_non_zero_ram_gen:attribute_mem_gen:attribute_mem                                                                                                                                                                 ; altdpram                          ; work         ;
;                |lpm_decode:wdecoder|                                                                                                    ; 2 (0)               ; 0 (0)                     ; 0                 ; 0          ; 0    ; 0            ; |FSOx86|sld_signaltap:auto_signaltap_0|sld_signaltap_impl:sld_signaltap_body|sld_signaltap_implb:sld_signaltap_body|altdpram:\stp_non_zero_ram_gen:attribute_mem_gen:attribute_mem|lpm_decode:wdecoder                                                                                                                                             ; lpm_decode                        ; work         ;
;                   |decode_vnf:auto_generated|                                                                                           ; 2 (2)               ; 0 (0)                     ; 0                 ; 0          ; 0    ; 0            ; |FSOx86|sld_signaltap:auto_signaltap_0|sld_signaltap_impl:sld_signaltap_body|sld_signaltap_implb:sld_signaltap_body|altdpram:\stp_non_zero_ram_gen:attribute_mem_gen:attribute_mem|lpm_decode:wdecoder|decode_vnf:auto_generated                                                                                                                   ; decode_vnf                        ; work         ;
;             |altsyncram:\stp_non_zero_ram_gen:stp_buffer_ram|                                                                           ; 0 (0)               ; 0 (0)                     ; 45056             ; 0          ; 0    ; 0            ; |FSOx86|sld_signaltap:auto_signaltap_0|sld_signaltap_impl:sld_signaltap_body|sld_signaltap_implb:sld_signaltap_body|altsyncram:\stp_non_zero_ram_gen:stp_buffer_ram                                                                                                                                                                                ; altsyncram                        ; work         ;
;                |altsyncram_2h84:auto_generated|                                                                                         ; 0 (0)               ; 0 (0)                     ; 45056             ; 0          ; 0    ; 0            ; |FSOx86|sld_signaltap:auto_signaltap_0|sld_signaltap_impl:sld_signaltap_body|sld_signaltap_implb:sld_signaltap_body|altsyncram:\stp_non_zero_ram_gen:stp_buffer_ram|altsyncram_2h84:auto_generated                                                                                                                                                 ; altsyncram_2h84                   ; work         ;
;             |lpm_shiftreg:segment_offset_config_deserialize|                                                                            ; 0 (0)               ; 10 (10)                   ; 0                 ; 0          ; 0    ; 0            ; |FSOx86|sld_signaltap:auto_signaltap_0|sld_signaltap_impl:sld_signaltap_body|sld_signaltap_implb:sld_signaltap_body|lpm_shiftreg:segment_offset_config_deserialize                                                                                                                                                                                 ; lpm_shiftreg                      ; work         ;
;             |lpm_shiftreg:status_register|                                                                                              ; 17 (17)             ; 17 (17)                   ; 0                 ; 0          ; 0    ; 0            ; |FSOx86|sld_signaltap:auto_signaltap_0|sld_signaltap_impl:sld_signaltap_body|sld_signaltap_implb:sld_signaltap_body|lpm_shiftreg:status_register                                                                                                                                                                                                   ; lpm_shiftreg                      ; work         ;
;             |serial_crc_16:\tdo_crc_gen:tdo_crc_calc|                                                                                   ; 4 (4)               ; 13 (13)                   ; 0                 ; 0          ; 0    ; 0            ; |FSOx86|sld_signaltap:auto_signaltap_0|sld_signaltap_impl:sld_signaltap_body|sld_signaltap_implb:sld_signaltap_body|serial_crc_16:\tdo_crc_gen:tdo_crc_calc                                                                                                                                                                                        ; serial_crc_16                     ; work         ;
;             |sld_buffer_manager:sld_buffer_manager_inst|                                                                                ; 75 (75)             ; 59 (59)                   ; 0                 ; 0          ; 0    ; 0            ; |FSOx86|sld_signaltap:auto_signaltap_0|sld_signaltap_impl:sld_signaltap_body|sld_signaltap_implb:sld_signaltap_body|sld_buffer_manager:sld_buffer_manager_inst                                                                                                                                                                                     ; sld_buffer_manager                ; work         ;
;             |sld_ela_control:ela_control|                                                                                               ; 55 (1)              ; 236 (1)                   ; 0                 ; 0          ; 0    ; 0            ; |FSOx86|sld_signaltap:auto_signaltap_0|sld_signaltap_impl:sld_signaltap_body|sld_signaltap_implb:sld_signaltap_body|sld_ela_control:ela_control                                                                                                                                                                                                    ; sld_ela_control                   ; work         ;
;                |lpm_shiftreg:trigger_config_deserialize|                                                                                ; 0 (0)               ; 4 (4)                     ; 0                 ; 0          ; 0    ; 0            ; |FSOx86|sld_signaltap:auto_signaltap_0|sld_signaltap_impl:sld_signaltap_body|sld_signaltap_implb:sld_signaltap_body|sld_ela_control:ela_control|lpm_shiftreg:trigger_config_deserialize                                                                                                                                                            ; lpm_shiftreg                      ; work         ;
;                |sld_ela_basic_multi_level_trigger:\basic_multi_level_mbpm_trigger_gen:multi_level_mbpm|                                 ; 44 (0)              ; 220 (0)                   ; 0                 ; 0          ; 0    ; 0            ; |FSOx86|sld_signaltap:auto_signaltap_0|sld_signaltap_impl:sld_signaltap_body|sld_signaltap_implb:sld_signaltap_body|sld_ela_control:ela_control|sld_ela_basic_multi_level_trigger:\basic_multi_level_mbpm_trigger_gen:multi_level_mbpm                                                                                                             ; sld_ela_basic_multi_level_trigger ; work         ;
;                   |lpm_shiftreg:trigger_condition_deserialize|                                                                          ; 0 (0)               ; 132 (132)                 ; 0                 ; 0          ; 0    ; 0            ; |FSOx86|sld_signaltap:auto_signaltap_0|sld_signaltap_impl:sld_signaltap_body|sld_signaltap_implb:sld_signaltap_body|sld_ela_control:ela_control|sld_ela_basic_multi_level_trigger:\basic_multi_level_mbpm_trigger_gen:multi_level_mbpm|lpm_shiftreg:trigger_condition_deserialize                                                                  ; lpm_shiftreg                      ; work         ;
;                   |sld_mbpmg:\trigger_modules_gen:0:trigger_match|                                                                      ; 44 (0)              ; 88 (0)                    ; 0                 ; 0          ; 0    ; 0            ; |FSOx86|sld_signaltap:auto_signaltap_0|sld_signaltap_impl:sld_signaltap_body|sld_signaltap_implb:sld_signaltap_body|sld_ela_control:ela_control|sld_ela_basic_multi_level_trigger:\basic_multi_level_mbpm_trigger_gen:multi_level_mbpm|sld_mbpmg:\trigger_modules_gen:0:trigger_match                                                              ; sld_mbpmg                         ; work         ;
;                      |sld_sbpmg:\gen_sbpmg_pipeline_less_than_two:sm0:0:sm1|                                                            ; 1 (1)               ; 2 (2)                     ; 0                 ; 0          ; 0    ; 0            ; |FSOx86|sld_signaltap:auto_signaltap_0|sld_signaltap_impl:sld_signaltap_body|sld_signaltap_implb:sld_signaltap_body|sld_ela_control:ela_control|sld_ela_basic_multi_level_trigger:\basic_multi_level_mbpm_trigger_gen:multi_level_mbpm|sld_mbpmg:\trigger_modules_gen:0:trigger_match|sld_sbpmg:\gen_sbpmg_pipeline_less_than_two:sm0:0:sm1        ; sld_sbpmg                         ; work         ;
;                      |sld_sbpmg:\gen_sbpmg_pipeline_less_than_two:sm0:10:sm1|                                                           ; 1 (1)               ; 2 (2)                     ; 0                 ; 0          ; 0    ; 0            ; |FSOx86|sld_signaltap:auto_signaltap_0|sld_signaltap_impl:sld_signaltap_body|sld_signaltap_implb:sld_signaltap_body|sld_ela_control:ela_control|sld_ela_basic_multi_level_trigger:\basic_multi_level_mbpm_trigger_gen:multi_level_mbpm|sld_mbpmg:\trigger_modules_gen:0:trigger_match|sld_sbpmg:\gen_sbpmg_pipeline_less_than_two:sm0:10:sm1       ; sld_sbpmg                         ; work         ;
;                      |sld_sbpmg:\gen_sbpmg_pipeline_less_than_two:sm0:11:sm1|                                                           ; 1 (1)               ; 2 (2)                     ; 0                 ; 0          ; 0    ; 0            ; |FSOx86|sld_signaltap:auto_signaltap_0|sld_signaltap_impl:sld_signaltap_body|sld_signaltap_implb:sld_signaltap_body|sld_ela_control:ela_control|sld_ela_basic_multi_level_trigger:\basic_multi_level_mbpm_trigger_gen:multi_level_mbpm|sld_mbpmg:\trigger_modules_gen:0:trigger_match|sld_sbpmg:\gen_sbpmg_pipeline_less_than_two:sm0:11:sm1       ; sld_sbpmg                         ; work         ;
;                      |sld_sbpmg:\gen_sbpmg_pipeline_less_than_two:sm0:12:sm1|                                                           ; 1 (1)               ; 2 (2)                     ; 0                 ; 0          ; 0    ; 0            ; |FSOx86|sld_signaltap:auto_signaltap_0|sld_signaltap_impl:sld_signaltap_body|sld_signaltap_implb:sld_signaltap_body|sld_ela_control:ela_control|sld_ela_basic_multi_level_trigger:\basic_multi_level_mbpm_trigger_gen:multi_level_mbpm|sld_mbpmg:\trigger_modules_gen:0:trigger_match|sld_sbpmg:\gen_sbpmg_pipeline_less_than_two:sm0:12:sm1       ; sld_sbpmg                         ; work         ;
;                      |sld_sbpmg:\gen_sbpmg_pipeline_less_than_two:sm0:13:sm1|                                                           ; 1 (1)               ; 2 (2)                     ; 0                 ; 0          ; 0    ; 0            ; |FSOx86|sld_signaltap:auto_signaltap_0|sld_signaltap_impl:sld_signaltap_body|sld_signaltap_implb:sld_signaltap_body|sld_ela_control:ela_control|sld_ela_basic_multi_level_trigger:\basic_multi_level_mbpm_trigger_gen:multi_level_mbpm|sld_mbpmg:\trigger_modules_gen:0:trigger_match|sld_sbpmg:\gen_sbpmg_pipeline_less_than_two:sm0:13:sm1       ; sld_sbpmg                         ; work         ;
;                      |sld_sbpmg:\gen_sbpmg_pipeline_less_than_two:sm0:14:sm1|                                                           ; 1 (1)               ; 2 (2)                     ; 0                 ; 0          ; 0    ; 0            ; |FSOx86|sld_signaltap:auto_signaltap_0|sld_signaltap_impl:sld_signaltap_body|sld_signaltap_implb:sld_signaltap_body|sld_ela_control:ela_control|sld_ela_basic_multi_level_trigger:\basic_multi_level_mbpm_trigger_gen:multi_level_mbpm|sld_mbpmg:\trigger_modules_gen:0:trigger_match|sld_sbpmg:\gen_sbpmg_pipeline_less_than_two:sm0:14:sm1       ; sld_sbpmg                         ; work         ;
;                      |sld_sbpmg:\gen_sbpmg_pipeline_less_than_two:sm0:15:sm1|                                                           ; 1 (1)               ; 2 (2)                     ; 0                 ; 0          ; 0    ; 0            ; |FSOx86|sld_signaltap:auto_signaltap_0|sld_signaltap_impl:sld_signaltap_body|sld_signaltap_implb:sld_signaltap_body|sld_ela_control:ela_control|sld_ela_basic_multi_level_trigger:\basic_multi_level_mbpm_trigger_gen:multi_level_mbpm|sld_mbpmg:\trigger_modules_gen:0:trigger_match|sld_sbpmg:\gen_sbpmg_pipeline_less_than_two:sm0:15:sm1       ; sld_sbpmg                         ; work         ;
;                      |sld_sbpmg:\gen_sbpmg_pipeline_less_than_two:sm0:16:sm1|                                                           ; 1 (1)               ; 2 (2)                     ; 0                 ; 0          ; 0    ; 0            ; |FSOx86|sld_signaltap:auto_signaltap_0|sld_signaltap_impl:sld_signaltap_body|sld_signaltap_implb:sld_signaltap_body|sld_ela_control:ela_control|sld_ela_basic_multi_level_trigger:\basic_multi_level_mbpm_trigger_gen:multi_level_mbpm|sld_mbpmg:\trigger_modules_gen:0:trigger_match|sld_sbpmg:\gen_sbpmg_pipeline_less_than_two:sm0:16:sm1       ; sld_sbpmg                         ; work         ;
;                      |sld_sbpmg:\gen_sbpmg_pipeline_less_than_two:sm0:17:sm1|                                                           ; 1 (1)               ; 2 (2)                     ; 0                 ; 0          ; 0    ; 0            ; |FSOx86|sld_signaltap:auto_signaltap_0|sld_signaltap_impl:sld_signaltap_body|sld_signaltap_implb:sld_signaltap_body|sld_ela_control:ela_control|sld_ela_basic_multi_level_trigger:\basic_multi_level_mbpm_trigger_gen:multi_level_mbpm|sld_mbpmg:\trigger_modules_gen:0:trigger_match|sld_sbpmg:\gen_sbpmg_pipeline_less_than_two:sm0:17:sm1       ; sld_sbpmg                         ; work         ;
;                      |sld_sbpmg:\gen_sbpmg_pipeline_less_than_two:sm0:18:sm1|                                                           ; 1 (1)               ; 2 (2)                     ; 0                 ; 0          ; 0    ; 0            ; |FSOx86|sld_signaltap:auto_signaltap_0|sld_signaltap_impl:sld_signaltap_body|sld_signaltap_implb:sld_signaltap_body|sld_ela_control:ela_control|sld_ela_basic_multi_level_trigger:\basic_multi_level_mbpm_trigger_gen:multi_level_mbpm|sld_mbpmg:\trigger_modules_gen:0:trigger_match|sld_sbpmg:\gen_sbpmg_pipeline_less_than_two:sm0:18:sm1       ; sld_sbpmg                         ; work         ;
;                      |sld_sbpmg:\gen_sbpmg_pipeline_less_than_two:sm0:19:sm1|                                                           ; 1 (1)               ; 2 (2)                     ; 0                 ; 0          ; 0    ; 0            ; |FSOx86|sld_signaltap:auto_signaltap_0|sld_signaltap_impl:sld_signaltap_body|sld_signaltap_implb:sld_signaltap_body|sld_ela_control:ela_control|sld_ela_basic_multi_level_trigger:\basic_multi_level_mbpm_trigger_gen:multi_level_mbpm|sld_mbpmg:\trigger_modules_gen:0:trigger_match|sld_sbpmg:\gen_sbpmg_pipeline_less_than_two:sm0:19:sm1       ; sld_sbpmg                         ; work         ;
;                      |sld_sbpmg:\gen_sbpmg_pipeline_less_than_two:sm0:1:sm1|                                                            ; 1 (1)               ; 2 (2)                     ; 0                 ; 0          ; 0    ; 0            ; |FSOx86|sld_signaltap:auto_signaltap_0|sld_signaltap_impl:sld_signaltap_body|sld_signaltap_implb:sld_signaltap_body|sld_ela_control:ela_control|sld_ela_basic_multi_level_trigger:\basic_multi_level_mbpm_trigger_gen:multi_level_mbpm|sld_mbpmg:\trigger_modules_gen:0:trigger_match|sld_sbpmg:\gen_sbpmg_pipeline_less_than_two:sm0:1:sm1        ; sld_sbpmg                         ; work         ;
;                      |sld_sbpmg:\gen_sbpmg_pipeline_less_than_two:sm0:20:sm1|                                                           ; 1 (1)               ; 2 (2)                     ; 0                 ; 0          ; 0    ; 0            ; |FSOx86|sld_signaltap:auto_signaltap_0|sld_signaltap_impl:sld_signaltap_body|sld_signaltap_implb:sld_signaltap_body|sld_ela_control:ela_control|sld_ela_basic_multi_level_trigger:\basic_multi_level_mbpm_trigger_gen:multi_level_mbpm|sld_mbpmg:\trigger_modules_gen:0:trigger_match|sld_sbpmg:\gen_sbpmg_pipeline_less_than_two:sm0:20:sm1       ; sld_sbpmg                         ; work         ;
;                      |sld_sbpmg:\gen_sbpmg_pipeline_less_than_two:sm0:21:sm1|                                                           ; 1 (1)               ; 2 (2)                     ; 0                 ; 0          ; 0    ; 0            ; |FSOx86|sld_signaltap:auto_signaltap_0|sld_signaltap_impl:sld_signaltap_body|sld_signaltap_implb:sld_signaltap_body|sld_ela_control:ela_control|sld_ela_basic_multi_level_trigger:\basic_multi_level_mbpm_trigger_gen:multi_level_mbpm|sld_mbpmg:\trigger_modules_gen:0:trigger_match|sld_sbpmg:\gen_sbpmg_pipeline_less_than_two:sm0:21:sm1       ; sld_sbpmg                         ; work         ;
;                      |sld_sbpmg:\gen_sbpmg_pipeline_less_than_two:sm0:22:sm1|                                                           ; 1 (1)               ; 2 (2)                     ; 0                 ; 0          ; 0    ; 0            ; |FSOx86|sld_signaltap:auto_signaltap_0|sld_signaltap_impl:sld_signaltap_body|sld_signaltap_implb:sld_signaltap_body|sld_ela_control:ela_control|sld_ela_basic_multi_level_trigger:\basic_multi_level_mbpm_trigger_gen:multi_level_mbpm|sld_mbpmg:\trigger_modules_gen:0:trigger_match|sld_sbpmg:\gen_sbpmg_pipeline_less_than_two:sm0:22:sm1       ; sld_sbpmg                         ; work         ;
;                      |sld_sbpmg:\gen_sbpmg_pipeline_less_than_two:sm0:23:sm1|                                                           ; 1 (1)               ; 2 (2)                     ; 0                 ; 0          ; 0    ; 0            ; |FSOx86|sld_signaltap:auto_signaltap_0|sld_signaltap_impl:sld_signaltap_body|sld_signaltap_implb:sld_signaltap_body|sld_ela_control:ela_control|sld_ela_basic_multi_level_trigger:\basic_multi_level_mbpm_trigger_gen:multi_level_mbpm|sld_mbpmg:\trigger_modules_gen:0:trigger_match|sld_sbpmg:\gen_sbpmg_pipeline_less_than_two:sm0:23:sm1       ; sld_sbpmg                         ; work         ;
;                      |sld_sbpmg:\gen_sbpmg_pipeline_less_than_two:sm0:24:sm1|                                                           ; 1 (1)               ; 2 (2)                     ; 0                 ; 0          ; 0    ; 0            ; |FSOx86|sld_signaltap:auto_signaltap_0|sld_signaltap_impl:sld_signaltap_body|sld_signaltap_implb:sld_signaltap_body|sld_ela_control:ela_control|sld_ela_basic_multi_level_trigger:\basic_multi_level_mbpm_trigger_gen:multi_level_mbpm|sld_mbpmg:\trigger_modules_gen:0:trigger_match|sld_sbpmg:\gen_sbpmg_pipeline_less_than_two:sm0:24:sm1       ; sld_sbpmg                         ; work         ;
;                      |sld_sbpmg:\gen_sbpmg_pipeline_less_than_two:sm0:25:sm1|                                                           ; 1 (1)               ; 2 (2)                     ; 0                 ; 0          ; 0    ; 0            ; |FSOx86|sld_signaltap:auto_signaltap_0|sld_signaltap_impl:sld_signaltap_body|sld_signaltap_implb:sld_signaltap_body|sld_ela_control:ela_control|sld_ela_basic_multi_level_trigger:\basic_multi_level_mbpm_trigger_gen:multi_level_mbpm|sld_mbpmg:\trigger_modules_gen:0:trigger_match|sld_sbpmg:\gen_sbpmg_pipeline_less_than_two:sm0:25:sm1       ; sld_sbpmg                         ; work         ;
;                      |sld_sbpmg:\gen_sbpmg_pipeline_less_than_two:sm0:26:sm1|                                                           ; 1 (1)               ; 2 (2)                     ; 0                 ; 0          ; 0    ; 0            ; |FSOx86|sld_signaltap:auto_signaltap_0|sld_signaltap_impl:sld_signaltap_body|sld_signaltap_implb:sld_signaltap_body|sld_ela_control:ela_control|sld_ela_basic_multi_level_trigger:\basic_multi_level_mbpm_trigger_gen:multi_level_mbpm|sld_mbpmg:\trigger_modules_gen:0:trigger_match|sld_sbpmg:\gen_sbpmg_pipeline_less_than_two:sm0:26:sm1       ; sld_sbpmg                         ; work         ;
;                      |sld_sbpmg:\gen_sbpmg_pipeline_less_than_two:sm0:27:sm1|                                                           ; 1 (1)               ; 2 (2)                     ; 0                 ; 0          ; 0    ; 0            ; |FSOx86|sld_signaltap:auto_signaltap_0|sld_signaltap_impl:sld_signaltap_body|sld_signaltap_implb:sld_signaltap_body|sld_ela_control:ela_control|sld_ela_basic_multi_level_trigger:\basic_multi_level_mbpm_trigger_gen:multi_level_mbpm|sld_mbpmg:\trigger_modules_gen:0:trigger_match|sld_sbpmg:\gen_sbpmg_pipeline_less_than_two:sm0:27:sm1       ; sld_sbpmg                         ; work         ;
;                      |sld_sbpmg:\gen_sbpmg_pipeline_less_than_two:sm0:28:sm1|                                                           ; 1 (1)               ; 2 (2)                     ; 0                 ; 0          ; 0    ; 0            ; |FSOx86|sld_signaltap:auto_signaltap_0|sld_signaltap_impl:sld_signaltap_body|sld_signaltap_implb:sld_signaltap_body|sld_ela_control:ela_control|sld_ela_basic_multi_level_trigger:\basic_multi_level_mbpm_trigger_gen:multi_level_mbpm|sld_mbpmg:\trigger_modules_gen:0:trigger_match|sld_sbpmg:\gen_sbpmg_pipeline_less_than_two:sm0:28:sm1       ; sld_sbpmg                         ; work         ;
;                      |sld_sbpmg:\gen_sbpmg_pipeline_less_than_two:sm0:29:sm1|                                                           ; 1 (1)               ; 2 (2)                     ; 0                 ; 0          ; 0    ; 0            ; |FSOx86|sld_signaltap:auto_signaltap_0|sld_signaltap_impl:sld_signaltap_body|sld_signaltap_implb:sld_signaltap_body|sld_ela_control:ela_control|sld_ela_basic_multi_level_trigger:\basic_multi_level_mbpm_trigger_gen:multi_level_mbpm|sld_mbpmg:\trigger_modules_gen:0:trigger_match|sld_sbpmg:\gen_sbpmg_pipeline_less_than_two:sm0:29:sm1       ; sld_sbpmg                         ; work         ;
;                      |sld_sbpmg:\gen_sbpmg_pipeline_less_than_two:sm0:2:sm1|                                                            ; 1 (1)               ; 2 (2)                     ; 0                 ; 0          ; 0    ; 0            ; |FSOx86|sld_signaltap:auto_signaltap_0|sld_signaltap_impl:sld_signaltap_body|sld_signaltap_implb:sld_signaltap_body|sld_ela_control:ela_control|sld_ela_basic_multi_level_trigger:\basic_multi_level_mbpm_trigger_gen:multi_level_mbpm|sld_mbpmg:\trigger_modules_gen:0:trigger_match|sld_sbpmg:\gen_sbpmg_pipeline_less_than_two:sm0:2:sm1        ; sld_sbpmg                         ; work         ;
;                      |sld_sbpmg:\gen_sbpmg_pipeline_less_than_two:sm0:30:sm1|                                                           ; 1 (1)               ; 2 (2)                     ; 0                 ; 0          ; 0    ; 0            ; |FSOx86|sld_signaltap:auto_signaltap_0|sld_signaltap_impl:sld_signaltap_body|sld_signaltap_implb:sld_signaltap_body|sld_ela_control:ela_control|sld_ela_basic_multi_level_trigger:\basic_multi_level_mbpm_trigger_gen:multi_level_mbpm|sld_mbpmg:\trigger_modules_gen:0:trigger_match|sld_sbpmg:\gen_sbpmg_pipeline_less_than_two:sm0:30:sm1       ; sld_sbpmg                         ; work         ;
;                      |sld_sbpmg:\gen_sbpmg_pipeline_less_than_two:sm0:31:sm1|                                                           ; 1 (1)               ; 2 (2)                     ; 0                 ; 0          ; 0    ; 0            ; |FSOx86|sld_signaltap:auto_signaltap_0|sld_signaltap_impl:sld_signaltap_body|sld_signaltap_implb:sld_signaltap_body|sld_ela_control:ela_control|sld_ela_basic_multi_level_trigger:\basic_multi_level_mbpm_trigger_gen:multi_level_mbpm|sld_mbpmg:\trigger_modules_gen:0:trigger_match|sld_sbpmg:\gen_sbpmg_pipeline_less_than_two:sm0:31:sm1       ; sld_sbpmg                         ; work         ;
;                      |sld_sbpmg:\gen_sbpmg_pipeline_less_than_two:sm0:32:sm1|                                                           ; 1 (1)               ; 2 (2)                     ; 0                 ; 0          ; 0    ; 0            ; |FSOx86|sld_signaltap:auto_signaltap_0|sld_signaltap_impl:sld_signaltap_body|sld_signaltap_implb:sld_signaltap_body|sld_ela_control:ela_control|sld_ela_basic_multi_level_trigger:\basic_multi_level_mbpm_trigger_gen:multi_level_mbpm|sld_mbpmg:\trigger_modules_gen:0:trigger_match|sld_sbpmg:\gen_sbpmg_pipeline_less_than_two:sm0:32:sm1       ; sld_sbpmg                         ; work         ;
;                      |sld_sbpmg:\gen_sbpmg_pipeline_less_than_two:sm0:33:sm1|                                                           ; 1 (1)               ; 2 (2)                     ; 0                 ; 0          ; 0    ; 0            ; |FSOx86|sld_signaltap:auto_signaltap_0|sld_signaltap_impl:sld_signaltap_body|sld_signaltap_implb:sld_signaltap_body|sld_ela_control:ela_control|sld_ela_basic_multi_level_trigger:\basic_multi_level_mbpm_trigger_gen:multi_level_mbpm|sld_mbpmg:\trigger_modules_gen:0:trigger_match|sld_sbpmg:\gen_sbpmg_pipeline_less_than_two:sm0:33:sm1       ; sld_sbpmg                         ; work         ;
;                      |sld_sbpmg:\gen_sbpmg_pipeline_less_than_two:sm0:34:sm1|                                                           ; 1 (1)               ; 2 (2)                     ; 0                 ; 0          ; 0    ; 0            ; |FSOx86|sld_signaltap:auto_signaltap_0|sld_signaltap_impl:sld_signaltap_body|sld_signaltap_implb:sld_signaltap_body|sld_ela_control:ela_control|sld_ela_basic_multi_level_trigger:\basic_multi_level_mbpm_trigger_gen:multi_level_mbpm|sld_mbpmg:\trigger_modules_gen:0:trigger_match|sld_sbpmg:\gen_sbpmg_pipeline_less_than_two:sm0:34:sm1       ; sld_sbpmg                         ; work         ;
;                      |sld_sbpmg:\gen_sbpmg_pipeline_less_than_two:sm0:35:sm1|                                                           ; 1 (1)               ; 2 (2)                     ; 0                 ; 0          ; 0    ; 0            ; |FSOx86|sld_signaltap:auto_signaltap_0|sld_signaltap_impl:sld_signaltap_body|sld_signaltap_implb:sld_signaltap_body|sld_ela_control:ela_control|sld_ela_basic_multi_level_trigger:\basic_multi_level_mbpm_trigger_gen:multi_level_mbpm|sld_mbpmg:\trigger_modules_gen:0:trigger_match|sld_sbpmg:\gen_sbpmg_pipeline_less_than_two:sm0:35:sm1       ; sld_sbpmg                         ; work         ;
;                      |sld_sbpmg:\gen_sbpmg_pipeline_less_than_two:sm0:36:sm1|                                                           ; 1 (1)               ; 2 (2)                     ; 0                 ; 0          ; 0    ; 0            ; |FSOx86|sld_signaltap:auto_signaltap_0|sld_signaltap_impl:sld_signaltap_body|sld_signaltap_implb:sld_signaltap_body|sld_ela_control:ela_control|sld_ela_basic_multi_level_trigger:\basic_multi_level_mbpm_trigger_gen:multi_level_mbpm|sld_mbpmg:\trigger_modules_gen:0:trigger_match|sld_sbpmg:\gen_sbpmg_pipeline_less_than_two:sm0:36:sm1       ; sld_sbpmg                         ; work         ;
;                      |sld_sbpmg:\gen_sbpmg_pipeline_less_than_two:sm0:37:sm1|                                                           ; 1 (1)               ; 2 (2)                     ; 0                 ; 0          ; 0    ; 0            ; |FSOx86|sld_signaltap:auto_signaltap_0|sld_signaltap_impl:sld_signaltap_body|sld_signaltap_implb:sld_signaltap_body|sld_ela_control:ela_control|sld_ela_basic_multi_level_trigger:\basic_multi_level_mbpm_trigger_gen:multi_level_mbpm|sld_mbpmg:\trigger_modules_gen:0:trigger_match|sld_sbpmg:\gen_sbpmg_pipeline_less_than_two:sm0:37:sm1       ; sld_sbpmg                         ; work         ;
;                      |sld_sbpmg:\gen_sbpmg_pipeline_less_than_two:sm0:38:sm1|                                                           ; 1 (1)               ; 2 (2)                     ; 0                 ; 0          ; 0    ; 0            ; |FSOx86|sld_signaltap:auto_signaltap_0|sld_signaltap_impl:sld_signaltap_body|sld_signaltap_implb:sld_signaltap_body|sld_ela_control:ela_control|sld_ela_basic_multi_level_trigger:\basic_multi_level_mbpm_trigger_gen:multi_level_mbpm|sld_mbpmg:\trigger_modules_gen:0:trigger_match|sld_sbpmg:\gen_sbpmg_pipeline_less_than_two:sm0:38:sm1       ; sld_sbpmg                         ; work         ;
;                      |sld_sbpmg:\gen_sbpmg_pipeline_less_than_two:sm0:39:sm1|                                                           ; 1 (1)               ; 2 (2)                     ; 0                 ; 0          ; 0    ; 0            ; |FSOx86|sld_signaltap:auto_signaltap_0|sld_signaltap_impl:sld_signaltap_body|sld_signaltap_implb:sld_signaltap_body|sld_ela_control:ela_control|sld_ela_basic_multi_level_trigger:\basic_multi_level_mbpm_trigger_gen:multi_level_mbpm|sld_mbpmg:\trigger_modules_gen:0:trigger_match|sld_sbpmg:\gen_sbpmg_pipeline_less_than_two:sm0:39:sm1       ; sld_sbpmg                         ; work         ;
;                      |sld_sbpmg:\gen_sbpmg_pipeline_less_than_two:sm0:3:sm1|                                                            ; 1 (1)               ; 2 (2)                     ; 0                 ; 0          ; 0    ; 0            ; |FSOx86|sld_signaltap:auto_signaltap_0|sld_signaltap_impl:sld_signaltap_body|sld_signaltap_implb:sld_signaltap_body|sld_ela_control:ela_control|sld_ela_basic_multi_level_trigger:\basic_multi_level_mbpm_trigger_gen:multi_level_mbpm|sld_mbpmg:\trigger_modules_gen:0:trigger_match|sld_sbpmg:\gen_sbpmg_pipeline_less_than_two:sm0:3:sm1        ; sld_sbpmg                         ; work         ;
;                      |sld_sbpmg:\gen_sbpmg_pipeline_less_than_two:sm0:40:sm1|                                                           ; 1 (1)               ; 2 (2)                     ; 0                 ; 0          ; 0    ; 0            ; |FSOx86|sld_signaltap:auto_signaltap_0|sld_signaltap_impl:sld_signaltap_body|sld_signaltap_implb:sld_signaltap_body|sld_ela_control:ela_control|sld_ela_basic_multi_level_trigger:\basic_multi_level_mbpm_trigger_gen:multi_level_mbpm|sld_mbpmg:\trigger_modules_gen:0:trigger_match|sld_sbpmg:\gen_sbpmg_pipeline_less_than_two:sm0:40:sm1       ; sld_sbpmg                         ; work         ;
;                      |sld_sbpmg:\gen_sbpmg_pipeline_less_than_two:sm0:41:sm1|                                                           ; 1 (1)               ; 2 (2)                     ; 0                 ; 0          ; 0    ; 0            ; |FSOx86|sld_signaltap:auto_signaltap_0|sld_signaltap_impl:sld_signaltap_body|sld_signaltap_implb:sld_signaltap_body|sld_ela_control:ela_control|sld_ela_basic_multi_level_trigger:\basic_multi_level_mbpm_trigger_gen:multi_level_mbpm|sld_mbpmg:\trigger_modules_gen:0:trigger_match|sld_sbpmg:\gen_sbpmg_pipeline_less_than_two:sm0:41:sm1       ; sld_sbpmg                         ; work         ;
;                      |sld_sbpmg:\gen_sbpmg_pipeline_less_than_two:sm0:42:sm1|                                                           ; 1 (1)               ; 2 (2)                     ; 0                 ; 0          ; 0    ; 0            ; |FSOx86|sld_signaltap:auto_signaltap_0|sld_signaltap_impl:sld_signaltap_body|sld_signaltap_implb:sld_signaltap_body|sld_ela_control:ela_control|sld_ela_basic_multi_level_trigger:\basic_multi_level_mbpm_trigger_gen:multi_level_mbpm|sld_mbpmg:\trigger_modules_gen:0:trigger_match|sld_sbpmg:\gen_sbpmg_pipeline_less_than_two:sm0:42:sm1       ; sld_sbpmg                         ; work         ;
;                      |sld_sbpmg:\gen_sbpmg_pipeline_less_than_two:sm0:43:sm1|                                                           ; 1 (1)               ; 2 (2)                     ; 0                 ; 0          ; 0    ; 0            ; |FSOx86|sld_signaltap:auto_signaltap_0|sld_signaltap_impl:sld_signaltap_body|sld_signaltap_implb:sld_signaltap_body|sld_ela_control:ela_control|sld_ela_basic_multi_level_trigger:\basic_multi_level_mbpm_trigger_gen:multi_level_mbpm|sld_mbpmg:\trigger_modules_gen:0:trigger_match|sld_sbpmg:\gen_sbpmg_pipeline_less_than_two:sm0:43:sm1       ; sld_sbpmg                         ; work         ;
;                      |sld_sbpmg:\gen_sbpmg_pipeline_less_than_two:sm0:4:sm1|                                                            ; 1 (1)               ; 2 (2)                     ; 0                 ; 0          ; 0    ; 0            ; |FSOx86|sld_signaltap:auto_signaltap_0|sld_signaltap_impl:sld_signaltap_body|sld_signaltap_implb:sld_signaltap_body|sld_ela_control:ela_control|sld_ela_basic_multi_level_trigger:\basic_multi_level_mbpm_trigger_gen:multi_level_mbpm|sld_mbpmg:\trigger_modules_gen:0:trigger_match|sld_sbpmg:\gen_sbpmg_pipeline_less_than_two:sm0:4:sm1        ; sld_sbpmg                         ; work         ;
;                      |sld_sbpmg:\gen_sbpmg_pipeline_less_than_two:sm0:5:sm1|                                                            ; 1 (1)               ; 2 (2)                     ; 0                 ; 0          ; 0    ; 0            ; |FSOx86|sld_signaltap:auto_signaltap_0|sld_signaltap_impl:sld_signaltap_body|sld_signaltap_implb:sld_signaltap_body|sld_ela_control:ela_control|sld_ela_basic_multi_level_trigger:\basic_multi_level_mbpm_trigger_gen:multi_level_mbpm|sld_mbpmg:\trigger_modules_gen:0:trigger_match|sld_sbpmg:\gen_sbpmg_pipeline_less_than_two:sm0:5:sm1        ; sld_sbpmg                         ; work         ;
;                      |sld_sbpmg:\gen_sbpmg_pipeline_less_than_two:sm0:6:sm1|                                                            ; 1 (1)               ; 2 (2)                     ; 0                 ; 0          ; 0    ; 0            ; |FSOx86|sld_signaltap:auto_signaltap_0|sld_signaltap_impl:sld_signaltap_body|sld_signaltap_implb:sld_signaltap_body|sld_ela_control:ela_control|sld_ela_basic_multi_level_trigger:\basic_multi_level_mbpm_trigger_gen:multi_level_mbpm|sld_mbpmg:\trigger_modules_gen:0:trigger_match|sld_sbpmg:\gen_sbpmg_pipeline_less_than_two:sm0:6:sm1        ; sld_sbpmg                         ; work         ;
;                      |sld_sbpmg:\gen_sbpmg_pipeline_less_than_two:sm0:7:sm1|                                                            ; 1 (1)               ; 2 (2)                     ; 0                 ; 0          ; 0    ; 0            ; |FSOx86|sld_signaltap:auto_signaltap_0|sld_signaltap_impl:sld_signaltap_body|sld_signaltap_implb:sld_signaltap_body|sld_ela_control:ela_control|sld_ela_basic_multi_level_trigger:\basic_multi_level_mbpm_trigger_gen:multi_level_mbpm|sld_mbpmg:\trigger_modules_gen:0:trigger_match|sld_sbpmg:\gen_sbpmg_pipeline_less_than_two:sm0:7:sm1        ; sld_sbpmg                         ; work         ;
;                      |sld_sbpmg:\gen_sbpmg_pipeline_less_than_two:sm0:8:sm1|                                                            ; 1 (1)               ; 2 (2)                     ; 0                 ; 0          ; 0    ; 0            ; |FSOx86|sld_signaltap:auto_signaltap_0|sld_signaltap_impl:sld_signaltap_body|sld_signaltap_implb:sld_signaltap_body|sld_ela_control:ela_control|sld_ela_basic_multi_level_trigger:\basic_multi_level_mbpm_trigger_gen:multi_level_mbpm|sld_mbpmg:\trigger_modules_gen:0:trigger_match|sld_sbpmg:\gen_sbpmg_pipeline_less_than_two:sm0:8:sm1        ; sld_sbpmg                         ; work         ;
;                      |sld_sbpmg:\gen_sbpmg_pipeline_less_than_two:sm0:9:sm1|                                                            ; 1 (1)               ; 2 (2)                     ; 0                 ; 0          ; 0    ; 0            ; |FSOx86|sld_signaltap:auto_signaltap_0|sld_signaltap_impl:sld_signaltap_body|sld_signaltap_implb:sld_signaltap_body|sld_ela_control:ela_control|sld_ela_basic_multi_level_trigger:\basic_multi_level_mbpm_trigger_gen:multi_level_mbpm|sld_mbpmg:\trigger_modules_gen:0:trigger_match|sld_sbpmg:\gen_sbpmg_pipeline_less_than_two:sm0:9:sm1        ; sld_sbpmg                         ; work         ;
;                |sld_ela_trigger_flow_mgr:\builtin:ela_trigger_flow_mgr_entity|                                                          ; 10 (10)             ; 11 (1)                    ; 0                 ; 0          ; 0    ; 0            ; |FSOx86|sld_signaltap:auto_signaltap_0|sld_signaltap_impl:sld_signaltap_body|sld_signaltap_implb:sld_signaltap_body|sld_ela_control:ela_control|sld_ela_trigger_flow_mgr:\builtin:ela_trigger_flow_mgr_entity                                                                                                                                      ; sld_ela_trigger_flow_mgr          ; work         ;
;                   |lpm_shiftreg:trigger_config_deserialize|                                                                             ; 0 (0)               ; 10 (10)                   ; 0                 ; 0          ; 0    ; 0            ; |FSOx86|sld_signaltap:auto_signaltap_0|sld_signaltap_impl:sld_signaltap_body|sld_signaltap_implb:sld_signaltap_body|sld_ela_control:ela_control|sld_ela_trigger_flow_mgr:\builtin:ela_trigger_flow_mgr_entity|lpm_shiftreg:trigger_config_deserialize                                                                                              ; lpm_shiftreg                      ; work         ;
;             |sld_offload_buffer_mgr:\stp_non_zero_depth_offload_gen:stp_offload_buff_mgr_inst|                                          ; 41 (11)             ; 108 (0)                   ; 0                 ; 0          ; 0    ; 0            ; |FSOx86|sld_signaltap:auto_signaltap_0|sld_signaltap_impl:sld_signaltap_body|sld_signaltap_implb:sld_signaltap_body|sld_offload_buffer_mgr:\stp_non_zero_depth_offload_gen:stp_offload_buff_mgr_inst                                                                                                                                               ; sld_offload_buffer_mgr            ; work         ;
;                |lpm_counter:\adv_point_3_and_more:advance_pointer_counter|                                                              ; 8 (0)               ; 6 (0)                     ; 0                 ; 0          ; 0    ; 0            ; |FSOx86|sld_signaltap:auto_signaltap_0|sld_signaltap_impl:sld_signaltap_body|sld_signaltap_implb:sld_signaltap_body|sld_offload_buffer_mgr:\stp_non_zero_depth_offload_gen:stp_offload_buff_mgr_inst|lpm_counter:\adv_point_3_and_more:advance_pointer_counter                                                                                     ; lpm_counter                       ; work         ;
;                   |cntr_49i:auto_generated|                                                                                             ; 8 (8)               ; 6 (6)                     ; 0                 ; 0          ; 0    ; 0            ; |FSOx86|sld_signaltap:auto_signaltap_0|sld_signaltap_impl:sld_signaltap_body|sld_signaltap_implb:sld_signaltap_body|sld_offload_buffer_mgr:\stp_non_zero_depth_offload_gen:stp_offload_buff_mgr_inst|lpm_counter:\adv_point_3_and_more:advance_pointer_counter|cntr_49i:auto_generated                                                             ; cntr_49i                          ; work         ;
;                |lpm_counter:read_pointer_counter|                                                                                       ; 10 (0)              ; 10 (0)                    ; 0                 ; 0          ; 0    ; 0            ; |FSOx86|sld_signaltap:auto_signaltap_0|sld_signaltap_impl:sld_signaltap_body|sld_signaltap_implb:sld_signaltap_body|sld_offload_buffer_mgr:\stp_non_zero_depth_offload_gen:stp_offload_buff_mgr_inst|lpm_counter:read_pointer_counter                                                                                                              ; lpm_counter                       ; work         ;
;                   |cntr_q1j:auto_generated|                                                                                             ; 10 (10)             ; 10 (10)                   ; 0                 ; 0          ; 0    ; 0            ; |FSOx86|sld_signaltap:auto_signaltap_0|sld_signaltap_impl:sld_signaltap_body|sld_signaltap_implb:sld_signaltap_body|sld_offload_buffer_mgr:\stp_non_zero_depth_offload_gen:stp_offload_buff_mgr_inst|lpm_counter:read_pointer_counter|cntr_q1j:auto_generated                                                                                      ; cntr_q1j                          ; work         ;
;                |lpm_counter:status_advance_pointer_counter|                                                                             ; 7 (0)               ; 5 (0)                     ; 0                 ; 0          ; 0    ; 0            ; |FSOx86|sld_signaltap:auto_signaltap_0|sld_signaltap_impl:sld_signaltap_body|sld_signaltap_implb:sld_signaltap_body|sld_offload_buffer_mgr:\stp_non_zero_depth_offload_gen:stp_offload_buff_mgr_inst|lpm_counter:status_advance_pointer_counter                                                                                                    ; lpm_counter                       ; work         ;
;                   |cntr_u8i:auto_generated|                                                                                             ; 7 (7)               ; 5 (5)                     ; 0                 ; 0          ; 0    ; 0            ; |FSOx86|sld_signaltap:auto_signaltap_0|sld_signaltap_impl:sld_signaltap_body|sld_signaltap_implb:sld_signaltap_body|sld_offload_buffer_mgr:\stp_non_zero_depth_offload_gen:stp_offload_buff_mgr_inst|lpm_counter:status_advance_pointer_counter|cntr_u8i:auto_generated                                                                            ; cntr_u8i                          ; work         ;
;                |lpm_counter:status_read_pointer_counter|                                                                                ; 3 (0)               ; 1 (0)                     ; 0                 ; 0          ; 0    ; 0            ; |FSOx86|sld_signaltap:auto_signaltap_0|sld_signaltap_impl:sld_signaltap_body|sld_signaltap_implb:sld_signaltap_body|sld_offload_buffer_mgr:\stp_non_zero_depth_offload_gen:stp_offload_buff_mgr_inst|lpm_counter:status_read_pointer_counter                                                                                                       ; lpm_counter                       ; work         ;
;                   |cntr_kri:auto_generated|                                                                                             ; 3 (3)               ; 1 (1)                     ; 0                 ; 0          ; 0    ; 0            ; |FSOx86|sld_signaltap:auto_signaltap_0|sld_signaltap_impl:sld_signaltap_body|sld_signaltap_implb:sld_signaltap_body|sld_offload_buffer_mgr:\stp_non_zero_depth_offload_gen:stp_offload_buff_mgr_inst|lpm_counter:status_read_pointer_counter|cntr_kri:auto_generated                                                                               ; cntr_kri                          ; work         ;
;                |lpm_shiftreg:info_data_shift_out|                                                                                       ; 0 (0)               ; 21 (21)                   ; 0                 ; 0          ; 0    ; 0            ; |FSOx86|sld_signaltap:auto_signaltap_0|sld_signaltap_impl:sld_signaltap_body|sld_signaltap_implb:sld_signaltap_body|sld_offload_buffer_mgr:\stp_non_zero_depth_offload_gen:stp_offload_buff_mgr_inst|lpm_shiftreg:info_data_shift_out                                                                                                              ; lpm_shiftreg                      ; work         ;
;                |lpm_shiftreg:ram_data_shift_out|                                                                                        ; 1 (1)               ; 44 (44)                   ; 0                 ; 0          ; 0    ; 0            ; |FSOx86|sld_signaltap:auto_signaltap_0|sld_signaltap_impl:sld_signaltap_body|sld_signaltap_implb:sld_signaltap_body|sld_offload_buffer_mgr:\stp_non_zero_depth_offload_gen:stp_offload_buff_mgr_inst|lpm_shiftreg:ram_data_shift_out                                                                                                               ; lpm_shiftreg                      ; work         ;
;                |lpm_shiftreg:status_data_shift_out|                                                                                     ; 1 (1)               ; 21 (21)                   ; 0                 ; 0          ; 0    ; 0            ; |FSOx86|sld_signaltap:auto_signaltap_0|sld_signaltap_impl:sld_signaltap_body|sld_signaltap_implb:sld_signaltap_body|sld_offload_buffer_mgr:\stp_non_zero_depth_offload_gen:stp_offload_buff_mgr_inst|lpm_shiftreg:status_data_shift_out                                                                                                            ; lpm_shiftreg                      ; work         ;
;             |sld_rom_sr:crc_rom_sr|                                                                                                     ; 20 (20)             ; 8 (8)                     ; 0                 ; 0          ; 0    ; 0            ; |FSOx86|sld_signaltap:auto_signaltap_0|sld_signaltap_impl:sld_signaltap_body|sld_signaltap_implb:sld_signaltap_body|sld_rom_sr:crc_rom_sr                                                                                                                                                                                                          ; sld_rom_sr                        ; work         ;
+-----------------------------------------------------------------------------------------------------------------------------------------+---------------------+---------------------------+-------------------+------------+------+--------------+----------------------------------------------------------------------------------------------------------------------------------------------------------------------------------------------------------------------------------------------------------------------------------------------------------------------------------------------------+-----------------------------------+--------------+
Note: For table entries with two numbers listed, the numbers in parentheses indicate the number of resources of the given type used by the specific entity alone. The numbers listed outside of parentheses indicate the total resources of the given type used by the specific entity and all of its sub-entities in the hierarchy.


+------------------------------------------------------------------------------------------------------------------------------------------------------------------------------------------------------------------------------------------------------------------------------------------------------------------+
; Analysis & Synthesis RAM Summary                                                                                                                                                                                                                                                                                 ;
+-------------------------------------------------------------------------------------------------------------------------------------------------------------------------------------------------------+------------+------------------+--------------+--------------+--------------+--------------+-------+------+
; Name                                                                                                                                                                                                  ; Type       ; Mode             ; Port A Depth ; Port A Width ; Port B Depth ; Port B Width ; Size  ; MIF  ;
+-------------------------------------------------------------------------------------------------------------------------------------------------------------------------------------------------------+------------+------------------+--------------+--------------+--------------+--------------+-------+------+
; ExactDivCompare16:quality_compare|altshift_taps:l20s2_rtl_0|shift_taps_suu:auto_generated|altsyncram_hr91:altsyncram4|ALTSYNCRAM                                                                      ; AUTO       ; Simple Dual Port ; 4            ; 32           ; 4            ; 32           ; 128   ; None ;
; FsoDeliveryMonitor:delivery_monitor|altsyncram:reference_record_rtl_0|altsyncram_t0s1:auto_generated|ALTSYNCRAM                                                                                       ; M10K block ; Simple Dual Port ; 128          ; 48           ; 128          ; 48           ; 6144  ; None ;
; altshift_taps:delivery_complete_id_rtl_0|shift_taps_a0v:auto_generated|altsyncram_du91:altsyncram4|ALTSYNCRAM                                                                                         ; AUTO       ; Simple Dual Port ; 3            ; 130          ; 3            ; 130          ; 390   ; None ;
; altshift_taps:delivery_metadata_pipe_rtl_0|shift_taps_3dv:auto_generated|altsyncram_pfc1:altsyncram4|ALTSYNCRAM                                                                                       ; AUTO       ; Simple Dual Port ; 4            ; 37           ; 4            ; 37           ; 148   ; None ;
; sld_signaltap:auto_signaltap_0|sld_signaltap_impl:sld_signaltap_body|sld_signaltap_implb:sld_signaltap_body|altsyncram:\stp_non_zero_ram_gen:stp_buffer_ram|altsyncram_2h84:auto_generated|ALTSYNCRAM ; AUTO       ; Simple Dual Port ; 1024         ; 44           ; 1024         ; 44           ; 45056 ; None ;
+-------------------------------------------------------------------------------------------------------------------------------------------------------------------------------------------------------+------------+------------------+--------------+--------------+--------------+--------------+-------+------+


+-----------------------------------------------+
; Analysis & Synthesis DSP Block Usage Summary  ;
+---------------------------------+-------------+
; Statistic                       ; Number Used ;
+---------------------------------+-------------+
; Two Independent 18x18           ; 8           ;
; Total number of DSP blocks      ; 8           ;
;                                 ;             ;
; Fixed Point Unsigned Multiplier ; 8           ;
+---------------------------------+-------------+


+---------------------------------------------------------------------------------------------------------------------------------------------------------------------------------------------------------------------------------------------------------------------------------------------------------------------------------------------------------------+
; Analysis & Synthesis IP Cores Summary                                                                                                                                                                                                                                                                                                                         ;
+--------+--------------+---------+--------------+--------------+-----------------------------------------------------------------------------------------------------------------------------------------------------------------------------------------------------------------------------------------------------------------------------+-----------------+
; Vendor ; IP Core Name ; Version ; Release Date ; License Type ; Entity Instance                                                                                                                                                                                                                                                             ; IP Include File ;
+--------+--------------+---------+--------------+--------------+-----------------------------------------------------------------------------------------------------------------------------------------------------------------------------------------------------------------------------------------------------------------------------+-----------------+
; Altera ; Signal Tap   ; N/A     ; N/A          ; Licensed     ; |FSOx86|sld_hub:auto_hub|alt_sld_fab_with_jtag_input:\instrumentation_fabric_with_node_gen:fabric_gen_new_way:with_jtag_input_gen:instrumentation_fabric|alt_sld_fab:instrumentation_fabric                                                                                 ;                 ;
; Altera ; Signal Tap   ; N/A     ; N/A          ; Licensed     ; |FSOx86|sld_hub:auto_hub|alt_sld_fab_with_jtag_input:\instrumentation_fabric_with_node_gen:fabric_gen_new_way:with_jtag_input_gen:instrumentation_fabric|alt_sld_fab:instrumentation_fabric|alt_sld_fab_alt_sld_fab:alt_sld_fab                                             ;                 ;
; Altera ; Signal Tap   ; N/A     ; N/A          ; Licensed     ; |FSOx86|sld_hub:auto_hub|alt_sld_fab_with_jtag_input:\instrumentation_fabric_with_node_gen:fabric_gen_new_way:with_jtag_input_gen:instrumentation_fabric|alt_sld_fab:instrumentation_fabric|alt_sld_fab_alt_sld_fab:alt_sld_fab|alt_sld_fab_alt_sld_fab_presplit:presplit   ;                 ;
; Altera ; Signal Tap   ; N/A     ; N/A          ; Licensed     ; |FSOx86|sld_hub:auto_hub|alt_sld_fab_with_jtag_input:\instrumentation_fabric_with_node_gen:fabric_gen_new_way:with_jtag_input_gen:instrumentation_fabric|alt_sld_fab:instrumentation_fabric|alt_sld_fab_alt_sld_fab:alt_sld_fab|alt_sld_fab_alt_sld_fab_sldfabric:sldfabric ;                 ;
; Altera ; Signal Tap   ; N/A     ; N/A          ; Licensed     ; |FSOx86|sld_hub:auto_hub|alt_sld_fab_with_jtag_input:\instrumentation_fabric_with_node_gen:fabric_gen_new_way:with_jtag_input_gen:instrumentation_fabric|alt_sld_fab:instrumentation_fabric|alt_sld_fab_alt_sld_fab:alt_sld_fab|alt_sld_fab_alt_sld_fab_splitter:splitter   ;                 ;
; Altera ; altera_pll   ; 25.1    ; N/A          ; N/A          ; |FSOx86|PLL_x86:pll_250_inst                                                                                                                                                                                                                                                ; PLL_x86.v       ;
+--------+--------------+---------+--------------+--------------+-----------------------------------------------------------------------------------------------------------------------------------------------------------------------------------------------------------------------------------------------------------------------------+-----------------+


Encoding Type:  One-Hot
+-------------------------------------------------------------------------------------------------------------------------------------------+
; State Machine - |FSOx86|text_v23_capture_state                                                                                            ;
+---------------------------+---------------------------+---------------------------+---------------------------+---------------------------+
; Name                      ; text_v23_capture_state.11 ; text_v23_capture_state.10 ; text_v23_capture_state.01 ; text_v23_capture_state.00 ;
+---------------------------+---------------------------+---------------------------+---------------------------+---------------------------+
; text_v23_capture_state.00 ; 0                         ; 0                         ; 0                         ; 0                         ;
; text_v23_capture_state.01 ; 0                         ; 0                         ; 1                         ; 1                         ;
; text_v23_capture_state.10 ; 0                         ; 1                         ; 0                         ; 1                         ;
; text_v23_capture_state.11 ; 1                         ; 0                         ; 0                         ; 1                         ;
+---------------------------+---------------------------+---------------------------+---------------------------+---------------------------+


Encoding Type:  One-Hot
+--------------------------------------------------------------------------------------------------------------------------------------------------------+
; State Machine - |FSOx86|usb_state                                                                                                                      ;
+----------------------------+---------------------------+----------------------+----------------------+--------------------+----------------------------+
; Name                       ; usb_state.USB_STATUS_WAIT ; usb_state.USB_RD_LOW ; usb_state.USB_OE_LOW ; usb_state.USB_IDLE ; usb_state.USB_STATUS_WRITE ;
+----------------------------+---------------------------+----------------------+----------------------+--------------------+----------------------------+
; usb_state.USB_IDLE         ; 0                         ; 0                    ; 0                    ; 0                  ; 0                          ;
; usb_state.USB_OE_LOW       ; 0                         ; 0                    ; 1                    ; 1                  ; 0                          ;
; usb_state.USB_RD_LOW       ; 0                         ; 1                    ; 0                    ; 1                  ; 0                          ;
; usb_state.USB_STATUS_WAIT  ; 1                         ; 0                    ; 0                    ; 1                  ; 0                          ;
; usb_state.USB_STATUS_WRITE ; 0                         ; 0                    ; 0                    ; 1                  ; 1                          ;
+----------------------------+---------------------------+----------------------+----------------------+--------------------+----------------------------+


Encoding Type:  One-Hot
+-------------------------------------------------------------------------------------------------------------------------------------------------------------------------------------------------------+
; State Machine - |FSOx86|ber_query_stage_ft                                                                                                                                                            ;
+------------------------+------------------------+------------------------+------------------------+------------------------+------------------------+------------------------+------------------------+
; Name                   ; ber_query_stage_ft.110 ; ber_query_stage_ft.101 ; ber_query_stage_ft.100 ; ber_query_stage_ft.011 ; ber_query_stage_ft.010 ; ber_query_stage_ft.001 ; ber_query_stage_ft.000 ;
+------------------------+------------------------+------------------------+------------------------+------------------------+------------------------+------------------------+------------------------+
; ber_query_stage_ft.000 ; 0                      ; 0                      ; 0                      ; 0                      ; 0                      ; 0                      ; 0                      ;
; ber_query_stage_ft.001 ; 0                      ; 0                      ; 0                      ; 0                      ; 0                      ; 1                      ; 1                      ;
; ber_query_stage_ft.010 ; 0                      ; 0                      ; 0                      ; 0                      ; 1                      ; 0                      ; 1                      ;
; ber_query_stage_ft.011 ; 0                      ; 0                      ; 0                      ; 1                      ; 0                      ; 0                      ; 1                      ;
; ber_query_stage_ft.100 ; 0                      ; 0                      ; 1                      ; 0                      ; 0                      ; 0                      ; 1                      ;
; ber_query_stage_ft.101 ; 0                      ; 1                      ; 0                      ; 0                      ; 0                      ; 0                      ; 1                      ;
; ber_query_stage_ft.110 ; 1                      ; 0                      ; 0                      ; 0                      ; 0                      ; 0                      ; 1                      ;
+------------------------+------------------------+------------------------+------------------------+------------------------+------------------------+------------------------+------------------------+


Encoding Type:  One-Hot
+------------------------------------------------------------------------------------------------------------------------------------------------------------------------------------------------------------------------------------------------------------------------------------------------------------------------------------------------------------+
; State Machine - |FSOx86|cmd_action_ft                                                                                                                                                                                                                                                                                                                      ;
+------------------------------------+----------------------------------+----------------------------------+------------------------------------+------------------------------------+--------------------------------+----------------------------------+-------------------------------+------------------------------+------------------------------------+
; Name                               ; cmd_action_ft.CMD_ACTION_RX_TUNE ; cmd_action_ft.CMD_ACTION_TEXTLEN ; cmd_action_ft.CMD_ACTION_TEXTWRITE ; cmd_action_ft.CMD_ACTION_SOFTRESET ; cmd_action_ft.CMD_ACTION_START ; cmd_action_ft.CMD_ACTION_RESTART ; cmd_action_ft.CMD_ACTION_STOP ; cmd_action_ft.CMD_ACTION_NOP ; cmd_action_ft.CMD_ACTION_MIMO_MODE ;
+------------------------------------+----------------------------------+----------------------------------+------------------------------------+------------------------------------+--------------------------------+----------------------------------+-------------------------------+------------------------------+------------------------------------+
; cmd_action_ft.CMD_ACTION_NOP       ; 0                                ; 0                                ; 0                                  ; 0                                  ; 0                              ; 0                                ; 0                             ; 0                            ; 0                                  ;
; cmd_action_ft.CMD_ACTION_STOP      ; 0                                ; 0                                ; 0                                  ; 0                                  ; 0                              ; 0                                ; 1                             ; 1                            ; 0                                  ;
; cmd_action_ft.CMD_ACTION_RESTART   ; 0                                ; 0                                ; 0                                  ; 0                                  ; 0                              ; 1                                ; 0                             ; 1                            ; 0                                  ;
; cmd_action_ft.CMD_ACTION_START     ; 0                                ; 0                                ; 0                                  ; 0                                  ; 1                              ; 0                                ; 0                             ; 1                            ; 0                                  ;
; cmd_action_ft.CMD_ACTION_SOFTRESET ; 0                                ; 0                                ; 0                                  ; 1                                  ; 0                              ; 0                                ; 0                             ; 1                            ; 0                                  ;
; cmd_action_ft.CMD_ACTION_TEXTWRITE ; 0                                ; 0                                ; 1                                  ; 0                                  ; 0                              ; 0                                ; 0                             ; 1                            ; 0                                  ;
; cmd_action_ft.CMD_ACTION_TEXTLEN   ; 0                                ; 1                                ; 0                                  ; 0                                  ; 0                              ; 0                                ; 0                             ; 1                            ; 0                                  ;
; cmd_action_ft.CMD_ACTION_RX_TUNE   ; 1                                ; 0                                ; 0                                  ; 0                                  ; 0                              ; 0                                ; 0                             ; 1                            ; 0                                  ;
; cmd_action_ft.CMD_ACTION_MIMO_MODE ; 0                                ; 0                                ; 0                                  ; 0                                  ; 0                              ; 0                                ; 0                             ; 1                            ; 1                                  ;
+------------------------------------+----------------------------------+----------------------------------+------------------------------------+------------------------------------+--------------------------------+----------------------------------+-------------------------------+------------------------------+------------------------------------+


+------------------------------------------------------------------------------------------------------------------------------------------------------------------------------------------------------------------------------+
; Registers Protected by Synthesis                                                                                                                                                                                             ;
+--------------------------------------------------------------------------------------------------------------+------------------------------------------------------------------+--------------------------------------------+
; Register Name                                                                                                ; Protected by Synthesis Attribute or Preserve Register Assignment ; Not to be Touched by Netlist Optimizations ;
+--------------------------------------------------------------------------------------------------------------+------------------------------------------------------------------+--------------------------------------------+
; text_snapshot_word_enable[12]                                                                                ; yes                                                              ; yes                                        ;
; FsoDeliveryMonitor:delivery_monitor|FsoDeliveryCounter64:expected_count|gen_limb[2].gen_align.delay_q[0][0]  ; yes                                                              ; yes                                        ;
; FsoDeliveryMonitor:delivery_monitor|FsoDeliveryCounter64:compared_count|gen_limb[2].gen_align.delay_q[0][0]  ; yes                                                              ; yes                                        ;
; FsoDeliveryMonitor:delivery_monitor|FsoDeliveryCounter64:error_count|gen_limb[2].gen_align.delay_q[0][0]     ; yes                                                              ; yes                                        ;
; FsoDeliveryMonitor:delivery_monitor|FsoDeliveryCounter64:complete_count|gen_limb[2].gen_align.delay_q[0][0]  ; yes                                                              ; yes                                        ;
; FsoDeliveryMonitor:delivery_monitor|FsoDeliveryCounter64:good_count|gen_limb[2].gen_align.delay_q[0][0]      ; yes                                                              ; yes                                        ;
; FsoDeliveryMonitor:delivery_monitor|FsoDeliveryCounter64:rx1_count|gen_limb[2].gen_align.delay_q[0][0]       ; yes                                                              ; yes                                        ;
; FsoDeliveryMonitor:delivery_monitor|FsoDeliveryCounter64:rx2_count|gen_limb[2].gen_align.delay_q[0][0]       ; yes                                                              ; yes                                        ;
; FsoDeliveryMonitor:delivery_monitor|FsoDeliveryCounter64:expected_count|gen_limb[0].gen_align.delay_q[2][0]  ; yes                                                              ; yes                                        ;
; FsoDeliveryMonitor:delivery_monitor|FsoDeliveryCounter64:error_count|gen_limb[0].gen_align.delay_q[2][0]     ; yes                                                              ; yes                                        ;
; FsoDeliveryMonitor:delivery_monitor|FsoDeliveryCounter64:complete_count|gen_limb[0].gen_align.delay_q[2][0]  ; yes                                                              ; yes                                        ;
; FsoDeliveryMonitor:delivery_monitor|FsoDeliveryCounter64:rx1_count|gen_limb[0].gen_align.delay_q[2][0]       ; yes                                                              ; yes                                        ;
; text_snapshot_word_enable[14]                                                                                ; yes                                                              ; yes                                        ;
; FsoDeliveryMonitor:delivery_monitor|FsoDeliveryCounter64:good_count|gen_limb[0].gen_align.delay_q[2][0]      ; yes                                                              ; yes                                        ;
; FsoDeliveryMonitor:delivery_monitor|FsoDeliveryCounter64:rx2_count|gen_limb[0].gen_align.delay_q[2][0]       ; yes                                                              ; yes                                        ;
; FsoDeliveryMonitor:delivery_monitor|FsoDeliveryCounter64:compared_count|gen_limb[0].gen_align.delay_q[2][0]  ; yes                                                              ; yes                                        ;
; text_snapshot_word_enable[9]                                                                                 ; yes                                                              ; yes                                        ;
; text_snapshot_word_enable[11]                                                                                ; yes                                                              ; yes                                        ;
; FsoDeliveryMonitor:delivery_monitor|FsoDeliveryCounter64:compared_count|gen_limb[2].gen_align.delay_q[0][6]  ; yes                                                              ; yes                                        ;
; FsoDeliveryMonitor:delivery_monitor|FsoDeliveryCounter64:error_count|gen_limb[2].gen_align.delay_q[0][6]     ; yes                                                              ; yes                                        ;
; FsoDeliveryMonitor:delivery_monitor|FsoDeliveryCounter64:error_count|gen_limb[0].gen_align.delay_q[2][6]     ; yes                                                              ; yes                                        ;
; FsoDeliveryMonitor:delivery_monitor|FsoDeliveryCounter64:rx1_count|gen_limb[0].gen_align.delay_q[2][6]       ; yes                                                              ; yes                                        ;
; FsoDeliveryMonitor:delivery_monitor|FsoDeliveryCounter64:rx1_count|gen_limb[2].gen_align.delay_q[0][6]       ; yes                                                              ; yes                                        ;
; FsoDeliveryMonitor:delivery_monitor|FsoDeliveryCounter64:rx2_count|gen_limb[2].gen_align.delay_q[0][6]       ; yes                                                              ; yes                                        ;
; FsoDeliveryMonitor:delivery_monitor|FsoDeliveryCounter64:rx2_count|gen_limb[0].gen_align.delay_q[2][6]       ; yes                                                              ; yes                                        ;
; FsoDeliveryMonitor:delivery_monitor|FsoDeliveryCounter64:compared_count|gen_limb[2].gen_align.delay_q[0][7]  ; yes                                                              ; yes                                        ;
; FsoDeliveryMonitor:delivery_monitor|FsoDeliveryCounter64:error_count|gen_limb[2].gen_align.delay_q[0][7]     ; yes                                                              ; yes                                        ;
; FsoDeliveryMonitor:delivery_monitor|FsoDeliveryCounter64:error_count|gen_limb[0].gen_align.delay_q[2][7]     ; yes                                                              ; yes                                        ;
; FsoDeliveryMonitor:delivery_monitor|FsoDeliveryCounter64:rx1_count|gen_limb[0].gen_align.delay_q[2][7]       ; yes                                                              ; yes                                        ;
; FsoDeliveryMonitor:delivery_monitor|FsoDeliveryCounter64:rx1_count|gen_limb[2].gen_align.delay_q[0][7]       ; yes                                                              ; yes                                        ;
; FsoDeliveryMonitor:delivery_monitor|FsoDeliveryCounter64:rx2_count|gen_limb[2].gen_align.delay_q[0][7]       ; yes                                                              ; yes                                        ;
; FsoDeliveryMonitor:delivery_monitor|FsoDeliveryCounter64:rx2_count|gen_limb[0].gen_align.delay_q[2][7]       ; yes                                                              ; yes                                        ;
; FsoDeliveryMonitor:delivery_monitor|FsoDeliveryCounter64:compared_count|gen_limb[2].gen_align.delay_q[0][8]  ; yes                                                              ; yes                                        ;
; FsoDeliveryMonitor:delivery_monitor|FsoDeliveryCounter64:error_count|gen_limb[2].gen_align.delay_q[0][8]     ; yes                                                              ; yes                                        ;
; FsoDeliveryMonitor:delivery_monitor|FsoDeliveryCounter64:error_count|gen_limb[0].gen_align.delay_q[2][8]     ; yes                                                              ; yes                                        ;
; FsoDeliveryMonitor:delivery_monitor|FsoDeliveryCounter64:rx1_count|gen_limb[0].gen_align.delay_q[2][8]       ; yes                                                              ; yes                                        ;
; FsoDeliveryMonitor:delivery_monitor|FsoDeliveryCounter64:rx1_count|gen_limb[2].gen_align.delay_q[0][8]       ; yes                                                              ; yes                                        ;
; FsoDeliveryMonitor:delivery_monitor|FsoDeliveryCounter64:rx2_count|gen_limb[2].gen_align.delay_q[0][8]       ; yes                                                              ; yes                                        ;
; FsoDeliveryMonitor:delivery_monitor|FsoDeliveryCounter64:rx2_count|gen_limb[0].gen_align.delay_q[2][8]       ; yes                                                              ; yes                                        ;
; FsoDeliveryMonitor:delivery_monitor|FsoDeliveryCounter64:compared_count|gen_limb[2].gen_align.delay_q[0][9]  ; yes                                                              ; yes                                        ;
; FsoDeliveryMonitor:delivery_monitor|FsoDeliveryCounter64:error_count|gen_limb[2].gen_align.delay_q[0][9]     ; yes                                                              ; yes                                        ;
; FsoDeliveryMonitor:delivery_monitor|FsoDeliveryCounter64:error_count|gen_limb[0].gen_align.delay_q[2][9]     ; yes                                                              ; yes                                        ;
; FsoDeliveryMonitor:delivery_monitor|FsoDeliveryCounter64:rx1_count|gen_limb[0].gen_align.delay_q[2][9]       ; yes                                                              ; yes                                        ;
; FsoDeliveryMonitor:delivery_monitor|FsoDeliveryCounter64:rx1_count|gen_limb[2].gen_align.delay_q[0][9]       ; yes                                                              ; yes                                        ;
; FsoDeliveryMonitor:delivery_monitor|FsoDeliveryCounter64:rx2_count|gen_limb[2].gen_align.delay_q[0][9]       ; yes                                                              ; yes                                        ;
; FsoDeliveryMonitor:delivery_monitor|FsoDeliveryCounter64:rx2_count|gen_limb[0].gen_align.delay_q[2][9]       ; yes                                                              ; yes                                        ;
; FsoDeliveryMonitor:delivery_monitor|FsoDeliveryCounter64:compared_count|gen_limb[2].gen_align.delay_q[0][10] ; yes                                                              ; yes                                        ;
; FsoDeliveryMonitor:delivery_monitor|FsoDeliveryCounter64:error_count|gen_limb[2].gen_align.delay_q[0][10]    ; yes                                                              ; yes                                        ;
; FsoDeliveryMonitor:delivery_monitor|FsoDeliveryCounter64:error_count|gen_limb[0].gen_align.delay_q[2][10]    ; yes                                                              ; yes                                        ;
; FsoDeliveryMonitor:delivery_monitor|FsoDeliveryCounter64:rx1_count|gen_limb[0].gen_align.delay_q[2][10]      ; yes                                                              ; yes                                        ;
; FsoDeliveryMonitor:delivery_monitor|FsoDeliveryCounter64:rx1_count|gen_limb[2].gen_align.delay_q[0][10]      ; yes                                                              ; yes                                        ;
; FsoDeliveryMonitor:delivery_monitor|FsoDeliveryCounter64:rx2_count|gen_limb[2].gen_align.delay_q[0][10]      ; yes                                                              ; yes                                        ;
; FsoDeliveryMonitor:delivery_monitor|FsoDeliveryCounter64:rx2_count|gen_limb[0].gen_align.delay_q[2][10]      ; yes                                                              ; yes                                        ;
; FsoDeliveryMonitor:delivery_monitor|FsoDeliveryCounter64:compared_count|gen_limb[2].gen_align.delay_q[0][11] ; yes                                                              ; yes                                        ;
; FsoDeliveryMonitor:delivery_monitor|FsoDeliveryCounter64:error_count|gen_limb[2].gen_align.delay_q[0][11]    ; yes                                                              ; yes                                        ;
; FsoDeliveryMonitor:delivery_monitor|FsoDeliveryCounter64:error_count|gen_limb[0].gen_align.delay_q[2][11]    ; yes                                                              ; yes                                        ;
; FsoDeliveryMonitor:delivery_monitor|FsoDeliveryCounter64:rx1_count|gen_limb[0].gen_align.delay_q[2][11]      ; yes                                                              ; yes                                        ;
; FsoDeliveryMonitor:delivery_monitor|FsoDeliveryCounter64:rx1_count|gen_limb[2].gen_align.delay_q[0][11]      ; yes                                                              ; yes                                        ;
; FsoDeliveryMonitor:delivery_monitor|FsoDeliveryCounter64:rx2_count|gen_limb[2].gen_align.delay_q[0][11]      ; yes                                                              ; yes                                        ;
; FsoDeliveryMonitor:delivery_monitor|FsoDeliveryCounter64:rx2_count|gen_limb[0].gen_align.delay_q[2][11]      ; yes                                                              ; yes                                        ;
; FsoDeliveryMonitor:delivery_monitor|FsoDeliveryCounter64:compared_count|gen_limb[2].gen_align.delay_q[0][12] ; yes                                                              ; yes                                        ;
; FsoDeliveryMonitor:delivery_monitor|FsoDeliveryCounter64:error_count|gen_limb[2].gen_align.delay_q[0][12]    ; yes                                                              ; yes                                        ;
; FsoDeliveryMonitor:delivery_monitor|FsoDeliveryCounter64:error_count|gen_limb[0].gen_align.delay_q[2][12]    ; yes                                                              ; yes                                        ;
; FsoDeliveryMonitor:delivery_monitor|FsoDeliveryCounter64:rx1_count|gen_limb[0].gen_align.delay_q[2][12]      ; yes                                                              ; yes                                        ;
; FsoDeliveryMonitor:delivery_monitor|FsoDeliveryCounter64:rx1_count|gen_limb[2].gen_align.delay_q[0][12]      ; yes                                                              ; yes                                        ;
; FsoDeliveryMonitor:delivery_monitor|FsoDeliveryCounter64:rx2_count|gen_limb[2].gen_align.delay_q[0][12]      ; yes                                                              ; yes                                        ;
; FsoDeliveryMonitor:delivery_monitor|FsoDeliveryCounter64:rx2_count|gen_limb[0].gen_align.delay_q[2][12]      ; yes                                                              ; yes                                        ;
; FsoDeliveryMonitor:delivery_monitor|FsoDeliveryCounter64:compared_count|gen_limb[2].gen_align.delay_q[0][13] ; yes                                                              ; yes                                        ;
; FsoDeliveryMonitor:delivery_monitor|FsoDeliveryCounter64:error_count|gen_limb[2].gen_align.delay_q[0][13]    ; yes                                                              ; yes                                        ;
; FsoDeliveryMonitor:delivery_monitor|FsoDeliveryCounter64:error_count|gen_limb[0].gen_align.delay_q[2][13]    ; yes                                                              ; yes                                        ;
; FsoDeliveryMonitor:delivery_monitor|FsoDeliveryCounter64:rx1_count|gen_limb[0].gen_align.delay_q[2][13]      ; yes                                                              ; yes                                        ;
; FsoDeliveryMonitor:delivery_monitor|FsoDeliveryCounter64:rx1_count|gen_limb[2].gen_align.delay_q[0][13]      ; yes                                                              ; yes                                        ;
; FsoDeliveryMonitor:delivery_monitor|FsoDeliveryCounter64:rx2_count|gen_limb[2].gen_align.delay_q[0][13]      ; yes                                                              ; yes                                        ;
; FsoDeliveryMonitor:delivery_monitor|FsoDeliveryCounter64:rx2_count|gen_limb[0].gen_align.delay_q[2][13]      ; yes                                                              ; yes                                        ;
; FsoDeliveryMonitor:delivery_monitor|FsoDeliveryCounter64:compared_count|gen_limb[2].gen_align.delay_q[0][14] ; yes                                                              ; yes                                        ;
; FsoDeliveryMonitor:delivery_monitor|FsoDeliveryCounter64:error_count|gen_limb[2].gen_align.delay_q[0][14]    ; yes                                                              ; yes                                        ;
; FsoDeliveryMonitor:delivery_monitor|FsoDeliveryCounter64:error_count|gen_limb[0].gen_align.delay_q[2][14]    ; yes                                                              ; yes                                        ;
; FsoDeliveryMonitor:delivery_monitor|FsoDeliveryCounter64:rx1_count|gen_limb[0].gen_align.delay_q[2][14]      ; yes                                                              ; yes                                        ;
; FsoDeliveryMonitor:delivery_monitor|FsoDeliveryCounter64:rx1_count|gen_limb[2].gen_align.delay_q[0][14]      ; yes                                                              ; yes                                        ;
; FsoDeliveryMonitor:delivery_monitor|FsoDeliveryCounter64:rx2_count|gen_limb[2].gen_align.delay_q[0][14]      ; yes                                                              ; yes                                        ;
; FsoDeliveryMonitor:delivery_monitor|FsoDeliveryCounter64:rx2_count|gen_limb[0].gen_align.delay_q[2][14]      ; yes                                                              ; yes                                        ;
; FsoDeliveryMonitor:delivery_monitor|FsoDeliveryCounter64:compared_count|gen_limb[2].gen_align.delay_q[0][15] ; yes                                                              ; yes                                        ;
; FsoDeliveryMonitor:delivery_monitor|FsoDeliveryCounter64:error_count|gen_limb[2].gen_align.delay_q[0][15]    ; yes                                                              ; yes                                        ;
; FsoDeliveryMonitor:delivery_monitor|FsoDeliveryCounter64:error_count|gen_limb[0].gen_align.delay_q[2][15]    ; yes                                                              ; yes                                        ;
; FsoDeliveryMonitor:delivery_monitor|FsoDeliveryCounter64:rx1_count|gen_limb[0].gen_align.delay_q[2][15]      ; yes                                                              ; yes                                        ;
; FsoDeliveryMonitor:delivery_monitor|FsoDeliveryCounter64:rx1_count|gen_limb[2].gen_align.delay_q[0][15]      ; yes                                                              ; yes                                        ;
; FsoDeliveryMonitor:delivery_monitor|FsoDeliveryCounter64:rx2_count|gen_limb[2].gen_align.delay_q[0][15]      ; yes                                                              ; yes                                        ;
; FsoDeliveryMonitor:delivery_monitor|FsoDeliveryCounter64:rx2_count|gen_limb[0].gen_align.delay_q[2][15]      ; yes                                                              ; yes                                        ;
; FsoDeliveryMonitor:delivery_monitor|FsoDeliveryCounter64:compared_count|gen_limb[3].q[1]                     ; yes                                                              ; yes                                        ;
; FsoDeliveryMonitor:delivery_monitor|FsoDeliveryCounter64:error_count|gen_limb[3].q[1]                        ; yes                                                              ; yes                                        ;
; FsoDeliveryMonitor:delivery_monitor|FsoDeliveryCounter64:error_count|gen_limb[1].gen_align.delay_q[1][1]     ; yes                                                              ; yes                                        ;
; FsoDeliveryMonitor:delivery_monitor|FsoDeliveryCounter64:rx1_count|gen_limb[1].gen_align.delay_q[1][1]       ; yes                                                              ; yes                                        ;
; FsoDeliveryMonitor:delivery_monitor|FsoDeliveryCounter64:rx2_count|gen_limb[3].q[1]                          ; yes                                                              ; yes                                        ;
; FsoDeliveryMonitor:delivery_monitor|FsoDeliveryCounter64:rx1_count|gen_limb[3].q[1]                          ; yes                                                              ; yes                                        ;
; FsoDeliveryMonitor:delivery_monitor|FsoDeliveryCounter64:rx2_count|gen_limb[1].gen_align.delay_q[1][1]       ; yes                                                              ; yes                                        ;
; FsoDeliveryMonitor:delivery_monitor|FsoDeliveryCounter64:complete_count|gen_limb[3].q[1]                     ; yes                                                              ; yes                                        ;
; FsoDeliveryMonitor:delivery_monitor|FsoDeliveryCounter64:good_count|gen_limb[3].q[1]                         ; yes                                                              ; yes                                        ;
; FsoDeliveryMonitor:delivery_monitor|FsoDeliveryCounter64:good_count|gen_limb[1].gen_align.delay_q[1][1]      ; yes                                                              ; yes                                        ;
; FsoDeliveryMonitor:delivery_monitor|FsoDeliveryCounter64:compared_count|gen_limb[1].gen_align.delay_q[1][1]  ; yes                                                              ; yes                                        ;
; FsoDeliveryMonitor:delivery_monitor|FsoDeliveryCounter64:expected_count|gen_limb[3].q[1]                     ; yes                                                              ; yes                                        ;
; FsoDeliveryMonitor:delivery_monitor|FsoDeliveryCounter64:expected_count|gen_limb[1].gen_align.delay_q[1][1]  ; yes                                                              ; yes                                        ;
; FsoDeliveryMonitor:delivery_monitor|FsoDeliveryCounter64:complete_count|gen_limb[1].gen_align.delay_q[1][1]  ; yes                                                              ; yes                                        ;
; FsoDeliveryMonitor:delivery_monitor|FsoDeliveryCounter64:compared_count|gen_limb[3].q[2]                     ; yes                                                              ; yes                                        ;
; FsoDeliveryMonitor:delivery_monitor|FsoDeliveryCounter64:error_count|gen_limb[3].q[2]                        ; yes                                                              ; yes                                        ;
; FsoDeliveryMonitor:delivery_monitor|FsoDeliveryCounter64:error_count|gen_limb[1].gen_align.delay_q[1][2]     ; yes                                                              ; yes                                        ;
; FsoDeliveryMonitor:delivery_monitor|FsoDeliveryCounter64:rx1_count|gen_limb[1].gen_align.delay_q[1][2]       ; yes                                                              ; yes                                        ;
; FsoDeliveryMonitor:delivery_monitor|FsoDeliveryCounter64:rx2_count|gen_limb[3].q[2]                          ; yes                                                              ; yes                                        ;
; FsoDeliveryMonitor:delivery_monitor|FsoDeliveryCounter64:rx1_count|gen_limb[3].q[2]                          ; yes                                                              ; yes                                        ;
; FsoDeliveryMonitor:delivery_monitor|FsoDeliveryCounter64:rx2_count|gen_limb[1].gen_align.delay_q[1][2]       ; yes                                                              ; yes                                        ;
; FsoDeliveryMonitor:delivery_monitor|FsoDeliveryCounter64:complete_count|gen_limb[3].q[2]                     ; yes                                                              ; yes                                        ;
; FsoDeliveryMonitor:delivery_monitor|FsoDeliveryCounter64:good_count|gen_limb[3].q[2]                         ; yes                                                              ; yes                                        ;
; FsoDeliveryMonitor:delivery_monitor|FsoDeliveryCounter64:good_count|gen_limb[1].gen_align.delay_q[1][2]      ; yes                                                              ; yes                                        ;
; FsoDeliveryMonitor:delivery_monitor|FsoDeliveryCounter64:compared_count|gen_limb[1].gen_align.delay_q[1][2]  ; yes                                                              ; yes                                        ;
; FsoDeliveryMonitor:delivery_monitor|FsoDeliveryCounter64:expected_count|gen_limb[3].q[2]                     ; yes                                                              ; yes                                        ;
; FsoDeliveryMonitor:delivery_monitor|FsoDeliveryCounter64:expected_count|gen_limb[1].gen_align.delay_q[1][2]  ; yes                                                              ; yes                                        ;
; FsoDeliveryMonitor:delivery_monitor|FsoDeliveryCounter64:complete_count|gen_limb[1].gen_align.delay_q[1][2]  ; yes                                                              ; yes                                        ;
; FsoDeliveryMonitor:delivery_monitor|FsoDeliveryCounter64:compared_count|gen_limb[3].q[3]                     ; yes                                                              ; yes                                        ;
; FsoDeliveryMonitor:delivery_monitor|FsoDeliveryCounter64:error_count|gen_limb[3].q[3]                        ; yes                                                              ; yes                                        ;
; FsoDeliveryMonitor:delivery_monitor|FsoDeliveryCounter64:error_count|gen_limb[1].gen_align.delay_q[1][3]     ; yes                                                              ; yes                                        ;
; FsoDeliveryMonitor:delivery_monitor|FsoDeliveryCounter64:rx1_count|gen_limb[1].gen_align.delay_q[1][3]       ; yes                                                              ; yes                                        ;
; FsoDeliveryMonitor:delivery_monitor|FsoDeliveryCounter64:rx1_count|gen_limb[3].q[3]                          ; yes                                                              ; yes                                        ;
; FsoDeliveryMonitor:delivery_monitor|FsoDeliveryCounter64:rx2_count|gen_limb[3].q[3]                          ; yes                                                              ; yes                                        ;
; FsoDeliveryMonitor:delivery_monitor|FsoDeliveryCounter64:rx2_count|gen_limb[1].gen_align.delay_q[1][3]       ; yes                                                              ; yes                                        ;
; FsoDeliveryMonitor:delivery_monitor|FsoDeliveryCounter64:compared_count|gen_limb[3].q[4]                     ; yes                                                              ; yes                                        ;
; FsoDeliveryMonitor:delivery_monitor|FsoDeliveryCounter64:error_count|gen_limb[3].q[4]                        ; yes                                                              ; yes                                        ;
; FsoDeliveryMonitor:delivery_monitor|FsoDeliveryCounter64:error_count|gen_limb[1].gen_align.delay_q[1][4]     ; yes                                                              ; yes                                        ;
; FsoDeliveryMonitor:delivery_monitor|FsoDeliveryCounter64:rx1_count|gen_limb[1].gen_align.delay_q[1][4]       ; yes                                                              ; yes                                        ;
; FsoDeliveryMonitor:delivery_monitor|FsoDeliveryCounter64:rx2_count|gen_limb[3].q[4]                          ; yes                                                              ; yes                                        ;
; FsoDeliveryMonitor:delivery_monitor|FsoDeliveryCounter64:rx1_count|gen_limb[3].q[4]                          ; yes                                                              ; yes                                        ;
; FsoDeliveryMonitor:delivery_monitor|FsoDeliveryCounter64:rx2_count|gen_limb[1].gen_align.delay_q[1][4]       ; yes                                                              ; yes                                        ;
; FsoDeliveryMonitor:delivery_monitor|FsoDeliveryCounter64:complete_count|gen_limb[3].q[4]                     ; yes                                                              ; yes                                        ;
; FsoDeliveryMonitor:delivery_monitor|FsoDeliveryCounter64:good_count|gen_limb[3].q[4]                         ; yes                                                              ; yes                                        ;
; FsoDeliveryMonitor:delivery_monitor|FsoDeliveryCounter64:good_count|gen_limb[1].gen_align.delay_q[1][4]      ; yes                                                              ; yes                                        ;
; FsoDeliveryMonitor:delivery_monitor|FsoDeliveryCounter64:compared_count|gen_limb[1].gen_align.delay_q[1][4]  ; yes                                                              ; yes                                        ;
; FsoDeliveryMonitor:delivery_monitor|FsoDeliveryCounter64:expected_count|gen_limb[3].q[4]                     ; yes                                                              ; yes                                        ;
; FsoDeliveryMonitor:delivery_monitor|FsoDeliveryCounter64:expected_count|gen_limb[1].gen_align.delay_q[1][4]  ; yes                                                              ; yes                                        ;
; FsoDeliveryMonitor:delivery_monitor|FsoDeliveryCounter64:complete_count|gen_limb[1].gen_align.delay_q[1][4]  ; yes                                                              ; yes                                        ;
; FsoDeliveryMonitor:delivery_monitor|FsoDeliveryCounter64:compared_count|gen_limb[3].q[6]                     ; yes                                                              ; yes                                        ;
; FsoDeliveryMonitor:delivery_monitor|FsoDeliveryCounter64:error_count|gen_limb[3].q[6]                        ; yes                                                              ; yes                                        ;
; FsoDeliveryMonitor:delivery_monitor|FsoDeliveryCounter64:error_count|gen_limb[1].gen_align.delay_q[1][6]     ; yes                                                              ; yes                                        ;
; FsoDeliveryMonitor:delivery_monitor|FsoDeliveryCounter64:rx1_count|gen_limb[1].gen_align.delay_q[1][6]       ; yes                                                              ; yes                                        ;
; FsoDeliveryMonitor:delivery_monitor|FsoDeliveryCounter64:rx2_count|gen_limb[3].q[6]                          ; yes                                                              ; yes                                        ;
; FsoDeliveryMonitor:delivery_monitor|FsoDeliveryCounter64:rx1_count|gen_limb[3].q[6]                          ; yes                                                              ; yes                                        ;
; FsoDeliveryMonitor:delivery_monitor|FsoDeliveryCounter64:rx2_count|gen_limb[1].gen_align.delay_q[1][6]       ; yes                                                              ; yes                                        ;
; FsoDeliveryMonitor:delivery_monitor|FsoDeliveryCounter64:complete_count|gen_limb[3].q[6]                     ; yes                                                              ; yes                                        ;
; FsoDeliveryMonitor:delivery_monitor|FsoDeliveryCounter64:good_count|gen_limb[3].q[6]                         ; yes                                                              ; yes                                        ;
; FsoDeliveryMonitor:delivery_monitor|FsoDeliveryCounter64:good_count|gen_limb[1].gen_align.delay_q[1][6]      ; yes                                                              ; yes                                        ;
; FsoDeliveryMonitor:delivery_monitor|FsoDeliveryCounter64:compared_count|gen_limb[1].gen_align.delay_q[1][6]  ; yes                                                              ; yes                                        ;
; FsoDeliveryMonitor:delivery_monitor|FsoDeliveryCounter64:expected_count|gen_limb[3].q[6]                     ; yes                                                              ; yes                                        ;
; FsoDeliveryMonitor:delivery_monitor|FsoDeliveryCounter64:expected_count|gen_limb[1].gen_align.delay_q[1][6]  ; yes                                                              ; yes                                        ;
; FsoDeliveryMonitor:delivery_monitor|FsoDeliveryCounter64:complete_count|gen_limb[1].gen_align.delay_q[1][6]  ; yes                                                              ; yes                                        ;
; FsoDeliveryMonitor:delivery_monitor|FsoDeliveryCounter64:compared_count|gen_limb[3].q[7]                     ; yes                                                              ; yes                                        ;
; FsoDeliveryMonitor:delivery_monitor|FsoDeliveryCounter64:error_count|gen_limb[3].q[7]                        ; yes                                                              ; yes                                        ;
; FsoDeliveryMonitor:delivery_monitor|FsoDeliveryCounter64:error_count|gen_limb[1].gen_align.delay_q[1][7]     ; yes                                                              ; yes                                        ;
; FsoDeliveryMonitor:delivery_monitor|FsoDeliveryCounter64:rx1_count|gen_limb[1].gen_align.delay_q[1][7]       ; yes                                                              ; yes                                        ;
; FsoDeliveryMonitor:delivery_monitor|FsoDeliveryCounter64:rx2_count|gen_limb[3].q[7]                          ; yes                                                              ; yes                                        ;
; FsoDeliveryMonitor:delivery_monitor|FsoDeliveryCounter64:rx1_count|gen_limb[3].q[7]                          ; yes                                                              ; yes                                        ;
; FsoDeliveryMonitor:delivery_monitor|FsoDeliveryCounter64:rx2_count|gen_limb[1].gen_align.delay_q[1][7]       ; yes                                                              ; yes                                        ;
; FsoDeliveryMonitor:delivery_monitor|FsoDeliveryCounter64:complete_count|gen_limb[3].q[7]                     ; yes                                                              ; yes                                        ;
; FsoDeliveryMonitor:delivery_monitor|FsoDeliveryCounter64:good_count|gen_limb[3].q[7]                         ; yes                                                              ; yes                                        ;
; FsoDeliveryMonitor:delivery_monitor|FsoDeliveryCounter64:good_count|gen_limb[1].gen_align.delay_q[1][7]      ; yes                                                              ; yes                                        ;
; FsoDeliveryMonitor:delivery_monitor|FsoDeliveryCounter64:compared_count|gen_limb[1].gen_align.delay_q[1][7]  ; yes                                                              ; yes                                        ;
; FsoDeliveryMonitor:delivery_monitor|FsoDeliveryCounter64:expected_count|gen_limb[3].q[7]                     ; yes                                                              ; yes                                        ;
; FsoDeliveryMonitor:delivery_monitor|FsoDeliveryCounter64:expected_count|gen_limb[1].gen_align.delay_q[1][7]  ; yes                                                              ; yes                                        ;
; FsoDeliveryMonitor:delivery_monitor|FsoDeliveryCounter64:complete_count|gen_limb[1].gen_align.delay_q[1][7]  ; yes                                                              ; yes                                        ;
; FsoDeliveryMonitor:delivery_monitor|FsoDeliveryCounter64:compared_count|gen_limb[3].q[9]                     ; yes                                                              ; yes                                        ;
; FsoDeliveryMonitor:delivery_monitor|FsoDeliveryCounter64:error_count|gen_limb[3].q[9]                        ; yes                                                              ; yes                                        ;
; FsoDeliveryMonitor:delivery_monitor|FsoDeliveryCounter64:error_count|gen_limb[1].gen_align.delay_q[1][9]     ; yes                                                              ; yes                                        ;
; FsoDeliveryMonitor:delivery_monitor|FsoDeliveryCounter64:rx1_count|gen_limb[1].gen_align.delay_q[1][9]       ; yes                                                              ; yes                                        ;
; FsoDeliveryMonitor:delivery_monitor|FsoDeliveryCounter64:rx2_count|gen_limb[3].q[9]                          ; yes                                                              ; yes                                        ;
; FsoDeliveryMonitor:delivery_monitor|FsoDeliveryCounter64:rx1_count|gen_limb[3].q[9]                          ; yes                                                              ; yes                                        ;
; FsoDeliveryMonitor:delivery_monitor|FsoDeliveryCounter64:rx2_count|gen_limb[1].gen_align.delay_q[1][9]       ; yes                                                              ; yes                                        ;
; FsoDeliveryMonitor:delivery_monitor|FsoDeliveryCounter64:complete_count|gen_limb[3].q[9]                     ; yes                                                              ; yes                                        ;
; FsoDeliveryMonitor:delivery_monitor|FsoDeliveryCounter64:good_count|gen_limb[3].q[9]                         ; yes                                                              ; yes                                        ;
; FsoDeliveryMonitor:delivery_monitor|FsoDeliveryCounter64:good_count|gen_limb[1].gen_align.delay_q[1][9]      ; yes                                                              ; yes                                        ;
; FsoDeliveryMonitor:delivery_monitor|FsoDeliveryCounter64:compared_count|gen_limb[1].gen_align.delay_q[1][9]  ; yes                                                              ; yes                                        ;
; FsoDeliveryMonitor:delivery_monitor|FsoDeliveryCounter64:expected_count|gen_limb[3].q[9]                     ; yes                                                              ; yes                                        ;
; FsoDeliveryMonitor:delivery_monitor|FsoDeliveryCounter64:expected_count|gen_limb[1].gen_align.delay_q[1][9]  ; yes                                                              ; yes                                        ;
; FsoDeliveryMonitor:delivery_monitor|FsoDeliveryCounter64:complete_count|gen_limb[1].gen_align.delay_q[1][9]  ; yes                                                              ; yes                                        ;
; FsoDeliveryMonitor:delivery_monitor|FsoDeliveryCounter64:compared_count|gen_limb[3].q[10]                    ; yes                                                              ; yes                                        ;
; FsoDeliveryMonitor:delivery_monitor|FsoDeliveryCounter64:error_count|gen_limb[3].q[10]                       ; yes                                                              ; yes                                        ;
; FsoDeliveryMonitor:delivery_monitor|FsoDeliveryCounter64:error_count|gen_limb[1].gen_align.delay_q[1][10]    ; yes                                                              ; yes                                        ;
; FsoDeliveryMonitor:delivery_monitor|FsoDeliveryCounter64:rx1_count|gen_limb[1].gen_align.delay_q[1][10]      ; yes                                                              ; yes                                        ;
; FsoDeliveryMonitor:delivery_monitor|FsoDeliveryCounter64:rx2_count|gen_limb[3].q[10]                         ; yes                                                              ; yes                                        ;
; FsoDeliveryMonitor:delivery_monitor|FsoDeliveryCounter64:rx1_count|gen_limb[3].q[10]                         ; yes                                                              ; yes                                        ;
; FsoDeliveryMonitor:delivery_monitor|FsoDeliveryCounter64:rx2_count|gen_limb[1].gen_align.delay_q[1][10]      ; yes                                                              ; yes                                        ;
; FsoDeliveryMonitor:delivery_monitor|FsoDeliveryCounter64:complete_count|gen_limb[3].q[10]                    ; yes                                                              ; yes                                        ;
; FsoDeliveryMonitor:delivery_monitor|FsoDeliveryCounter64:good_count|gen_limb[3].q[10]                        ; yes                                                              ; yes                                        ;
; FsoDeliveryMonitor:delivery_monitor|FsoDeliveryCounter64:good_count|gen_limb[1].gen_align.delay_q[1][10]     ; yes                                                              ; yes                                        ;
; FsoDeliveryMonitor:delivery_monitor|FsoDeliveryCounter64:compared_count|gen_limb[1].gen_align.delay_q[1][10] ; yes                                                              ; yes                                        ;
; FsoDeliveryMonitor:delivery_monitor|FsoDeliveryCounter64:expected_count|gen_limb[3].q[10]                    ; yes                                                              ; yes                                        ;
; FsoDeliveryMonitor:delivery_monitor|FsoDeliveryCounter64:expected_count|gen_limb[1].gen_align.delay_q[1][10] ; yes                                                              ; yes                                        ;
; FsoDeliveryMonitor:delivery_monitor|FsoDeliveryCounter64:complete_count|gen_limb[1].gen_align.delay_q[1][10] ; yes                                                              ; yes                                        ;
; FsoDeliveryMonitor:delivery_monitor|FsoDeliveryCounter64:compared_count|gen_limb[3].q[11]                    ; yes                                                              ; yes                                        ;
; FsoDeliveryMonitor:delivery_monitor|FsoDeliveryCounter64:error_count|gen_limb[3].q[11]                       ; yes                                                              ; yes                                        ;
; FsoDeliveryMonitor:delivery_monitor|FsoDeliveryCounter64:error_count|gen_limb[1].gen_align.delay_q[1][11]    ; yes                                                              ; yes                                        ;
; FsoDeliveryMonitor:delivery_monitor|FsoDeliveryCounter64:rx1_count|gen_limb[1].gen_align.delay_q[1][11]      ; yes                                                              ; yes                                        ;
; FsoDeliveryMonitor:delivery_monitor|FsoDeliveryCounter64:rx2_count|gen_limb[3].q[11]                         ; yes                                                              ; yes                                        ;
; FsoDeliveryMonitor:delivery_monitor|FsoDeliveryCounter64:rx1_count|gen_limb[3].q[11]                         ; yes                                                              ; yes                                        ;
; FsoDeliveryMonitor:delivery_monitor|FsoDeliveryCounter64:rx2_count|gen_limb[1].gen_align.delay_q[1][11]      ; yes                                                              ; yes                                        ;
; FsoDeliveryMonitor:delivery_monitor|FsoDeliveryCounter64:complete_count|gen_limb[3].q[11]                    ; yes                                                              ; yes                                        ;
; FsoDeliveryMonitor:delivery_monitor|FsoDeliveryCounter64:good_count|gen_limb[3].q[11]                        ; yes                                                              ; yes                                        ;
; FsoDeliveryMonitor:delivery_monitor|FsoDeliveryCounter64:good_count|gen_limb[1].gen_align.delay_q[1][11]     ; yes                                                              ; yes                                        ;
; FsoDeliveryMonitor:delivery_monitor|FsoDeliveryCounter64:compared_count|gen_limb[1].gen_align.delay_q[1][11] ; yes                                                              ; yes                                        ;
; FsoDeliveryMonitor:delivery_monitor|FsoDeliveryCounter64:expected_count|gen_limb[3].q[11]                    ; yes                                                              ; yes                                        ;
; FsoDeliveryMonitor:delivery_monitor|FsoDeliveryCounter64:expected_count|gen_limb[1].gen_align.delay_q[1][11] ; yes                                                              ; yes                                        ;
; FsoDeliveryMonitor:delivery_monitor|FsoDeliveryCounter64:complete_count|gen_limb[1].gen_align.delay_q[1][11] ; yes                                                              ; yes                                        ;
; FsoDeliveryMonitor:delivery_monitor|FsoDeliveryCounter64:compared_count|gen_limb[3].q[12]                    ; yes                                                              ; yes                                        ;
; FsoDeliveryMonitor:delivery_monitor|FsoDeliveryCounter64:error_count|gen_limb[3].q[12]                       ; yes                                                              ; yes                                        ;
; FsoDeliveryMonitor:delivery_monitor|FsoDeliveryCounter64:error_count|gen_limb[1].gen_align.delay_q[1][12]    ; yes                                                              ; yes                                        ;
; FsoDeliveryMonitor:delivery_monitor|FsoDeliveryCounter64:rx1_count|gen_limb[1].gen_align.delay_q[1][12]      ; yes                                                              ; yes                                        ;
; FsoDeliveryMonitor:delivery_monitor|FsoDeliveryCounter64:rx2_count|gen_limb[3].q[12]                         ; yes                                                              ; yes                                        ;
; FsoDeliveryMonitor:delivery_monitor|FsoDeliveryCounter64:rx1_count|gen_limb[3].q[12]                         ; yes                                                              ; yes                                        ;
; FsoDeliveryMonitor:delivery_monitor|FsoDeliveryCounter64:rx2_count|gen_limb[1].gen_align.delay_q[1][12]      ; yes                                                              ; yes                                        ;
; FsoDeliveryMonitor:delivery_monitor|FsoDeliveryCounter64:complete_count|gen_limb[3].q[12]                    ; yes                                                              ; yes                                        ;
; FsoDeliveryMonitor:delivery_monitor|FsoDeliveryCounter64:good_count|gen_limb[3].q[12]                        ; yes                                                              ; yes                                        ;
; FsoDeliveryMonitor:delivery_monitor|FsoDeliveryCounter64:good_count|gen_limb[1].gen_align.delay_q[1][12]     ; yes                                                              ; yes                                        ;
; FsoDeliveryMonitor:delivery_monitor|FsoDeliveryCounter64:compared_count|gen_limb[1].gen_align.delay_q[1][12] ; yes                                                              ; yes                                        ;
; FsoDeliveryMonitor:delivery_monitor|FsoDeliveryCounter64:expected_count|gen_limb[3].q[12]                    ; yes                                                              ; yes                                        ;
; FsoDeliveryMonitor:delivery_monitor|FsoDeliveryCounter64:expected_count|gen_limb[1].gen_align.delay_q[1][12] ; yes                                                              ; yes                                        ;
; FsoDeliveryMonitor:delivery_monitor|FsoDeliveryCounter64:complete_count|gen_limb[1].gen_align.delay_q[1][12] ; yes                                                              ; yes                                        ;
; FsoDeliveryMonitor:delivery_monitor|FsoDeliveryCounter64:compared_count|gen_limb[3].q[13]                    ; yes                                                              ; yes                                        ;
; FsoDeliveryMonitor:delivery_monitor|FsoDeliveryCounter64:error_count|gen_limb[3].q[13]                       ; yes                                                              ; yes                                        ;
; FsoDeliveryMonitor:delivery_monitor|FsoDeliveryCounter64:error_count|gen_limb[1].gen_align.delay_q[1][13]    ; yes                                                              ; yes                                        ;
; FsoDeliveryMonitor:delivery_monitor|FsoDeliveryCounter64:rx1_count|gen_limb[1].gen_align.delay_q[1][13]      ; yes                                                              ; yes                                        ;
; FsoDeliveryMonitor:delivery_monitor|FsoDeliveryCounter64:rx2_count|gen_limb[3].q[13]                         ; yes                                                              ; yes                                        ;
; FsoDeliveryMonitor:delivery_monitor|FsoDeliveryCounter64:rx1_count|gen_limb[3].q[13]                         ; yes                                                              ; yes                                        ;
; FsoDeliveryMonitor:delivery_monitor|FsoDeliveryCounter64:rx2_count|gen_limb[1].gen_align.delay_q[1][13]      ; yes                                                              ; yes                                        ;
; FsoDeliveryMonitor:delivery_monitor|FsoDeliveryCounter64:complete_count|gen_limb[3].q[13]                    ; yes                                                              ; yes                                        ;
; FsoDeliveryMonitor:delivery_monitor|FsoDeliveryCounter64:good_count|gen_limb[3].q[13]                        ; yes                                                              ; yes                                        ;
; FsoDeliveryMonitor:delivery_monitor|FsoDeliveryCounter64:good_count|gen_limb[1].gen_align.delay_q[1][13]     ; yes                                                              ; yes                                        ;
; FsoDeliveryMonitor:delivery_monitor|FsoDeliveryCounter64:compared_count|gen_limb[1].gen_align.delay_q[1][13] ; yes                                                              ; yes                                        ;
; FsoDeliveryMonitor:delivery_monitor|FsoDeliveryCounter64:expected_count|gen_limb[3].q[13]                    ; yes                                                              ; yes                                        ;
; FsoDeliveryMonitor:delivery_monitor|FsoDeliveryCounter64:expected_count|gen_limb[1].gen_align.delay_q[1][13] ; yes                                                              ; yes                                        ;
; FsoDeliveryMonitor:delivery_monitor|FsoDeliveryCounter64:complete_count|gen_limb[1].gen_align.delay_q[1][13] ; yes                                                              ; yes                                        ;
; FsoDeliveryMonitor:delivery_monitor|FsoDeliveryCounter64:compared_count|gen_limb[3].q[14]                    ; yes                                                              ; yes                                        ;
; FsoDeliveryMonitor:delivery_monitor|FsoDeliveryCounter64:error_count|gen_limb[3].q[14]                       ; yes                                                              ; yes                                        ;
; FsoDeliveryMonitor:delivery_monitor|FsoDeliveryCounter64:error_count|gen_limb[1].gen_align.delay_q[1][14]    ; yes                                                              ; yes                                        ;
; FsoDeliveryMonitor:delivery_monitor|FsoDeliveryCounter64:rx1_count|gen_limb[1].gen_align.delay_q[1][14]      ; yes                                                              ; yes                                        ;
; FsoDeliveryMonitor:delivery_monitor|FsoDeliveryCounter64:rx2_count|gen_limb[3].q[14]                         ; yes                                                              ; yes                                        ;
; FsoDeliveryMonitor:delivery_monitor|FsoDeliveryCounter64:rx1_count|gen_limb[3].q[14]                         ; yes                                                              ; yes                                        ;
; FsoDeliveryMonitor:delivery_monitor|FsoDeliveryCounter64:rx2_count|gen_limb[1].gen_align.delay_q[1][14]      ; yes                                                              ; yes                                        ;
; FsoDeliveryMonitor:delivery_monitor|FsoDeliveryCounter64:complete_count|gen_limb[3].q[14]                    ; yes                                                              ; yes                                        ;
; FsoDeliveryMonitor:delivery_monitor|FsoDeliveryCounter64:good_count|gen_limb[3].q[14]                        ; yes                                                              ; yes                                        ;
; FsoDeliveryMonitor:delivery_monitor|FsoDeliveryCounter64:good_count|gen_limb[1].gen_align.delay_q[1][14]     ; yes                                                              ; yes                                        ;
; FsoDeliveryMonitor:delivery_monitor|FsoDeliveryCounter64:compared_count|gen_limb[1].gen_align.delay_q[1][14] ; yes                                                              ; yes                                        ;
; FsoDeliveryMonitor:delivery_monitor|FsoDeliveryCounter64:expected_count|gen_limb[3].q[14]                    ; yes                                                              ; yes                                        ;
; FsoDeliveryMonitor:delivery_monitor|FsoDeliveryCounter64:expected_count|gen_limb[1].gen_align.delay_q[1][14] ; yes                                                              ; yes                                        ;
; FsoDeliveryMonitor:delivery_monitor|FsoDeliveryCounter64:complete_count|gen_limb[1].gen_align.delay_q[1][14] ; yes                                                              ; yes                                        ;
; FsoDeliveryMonitor:delivery_monitor|FsoDeliveryCounter64:compared_count|gen_limb[3].q[15]                    ; yes                                                              ; yes                                        ;
; FsoDeliveryMonitor:delivery_monitor|FsoDeliveryCounter64:error_count|gen_limb[3].q[15]                       ; yes                                                              ; yes                                        ;
; FsoDeliveryMonitor:delivery_monitor|FsoDeliveryCounter64:error_count|gen_limb[1].gen_align.delay_q[1][15]    ; yes                                                              ; yes                                        ;
; FsoDeliveryMonitor:delivery_monitor|FsoDeliveryCounter64:rx1_count|gen_limb[1].gen_align.delay_q[1][15]      ; yes                                                              ; yes                                        ;
; FsoDeliveryMonitor:delivery_monitor|FsoDeliveryCounter64:rx2_count|gen_limb[3].q[15]                         ; yes                                                              ; yes                                        ;
; FsoDeliveryMonitor:delivery_monitor|FsoDeliveryCounter64:rx1_count|gen_limb[3].q[15]                         ; yes                                                              ; yes                                        ;
; FsoDeliveryMonitor:delivery_monitor|FsoDeliveryCounter64:rx2_count|gen_limb[1].gen_align.delay_q[1][15]      ; yes                                                              ; yes                                        ;
; FsoDeliveryMonitor:delivery_monitor|FsoDeliveryCounter64:complete_count|gen_limb[3].q[15]                    ; yes                                                              ; yes                                        ;
; FsoDeliveryMonitor:delivery_monitor|FsoDeliveryCounter64:good_count|gen_limb[3].q[15]                        ; yes                                                              ; yes                                        ;
; FsoDeliveryMonitor:delivery_monitor|FsoDeliveryCounter64:good_count|gen_limb[1].gen_align.delay_q[1][15]     ; yes                                                              ; yes                                        ;
; FsoDeliveryMonitor:delivery_monitor|FsoDeliveryCounter64:compared_count|gen_limb[1].gen_align.delay_q[1][15] ; yes                                                              ; yes                                        ;
; FsoDeliveryMonitor:delivery_monitor|FsoDeliveryCounter64:expected_count|gen_limb[3].q[15]                    ; yes                                                              ; yes                                        ;
; FsoDeliveryMonitor:delivery_monitor|FsoDeliveryCounter64:expected_count|gen_limb[1].gen_align.delay_q[1][15] ; yes                                                              ; yes                                        ;
; FsoDeliveryMonitor:delivery_monitor|FsoDeliveryCounter64:complete_count|gen_limb[1].gen_align.delay_q[1][15] ; yes                                                              ; yes                                        ;
; FsoDeliveryMonitor:delivery_monitor|FsoDeliveryCounter64:expected_count|gen_limb[0].gen_align.delay_q[1][0]  ; yes                                                              ; yes                                        ;
; FsoDeliveryMonitor:delivery_monitor|FsoDeliveryCounter64:error_count|gen_limb[0].gen_align.delay_q[1][0]     ; yes                                                              ; yes                                        ;
; FsoDeliveryMonitor:delivery_monitor|FsoDeliveryCounter64:complete_count|gen_limb[0].gen_align.delay_q[1][0]  ; yes                                                              ; yes                                        ;
; FsoDeliveryMonitor:delivery_monitor|FsoDeliveryCounter64:rx1_count|gen_limb[0].gen_align.delay_q[1][0]       ; yes                                                              ; yes                                        ;
; FsoDeliveryMonitor:delivery_monitor|FsoDeliveryCounter64:good_count|gen_limb[0].gen_align.delay_q[1][0]      ; yes                                                              ; yes                                        ;
; FsoDeliveryMonitor:delivery_monitor|FsoDeliveryCounter64:rx2_count|gen_limb[0].gen_align.delay_q[1][0]       ; yes                                                              ; yes                                        ;
; FsoDeliveryMonitor:delivery_monitor|FsoDeliveryCounter64:compared_count|gen_limb[0].gen_align.delay_q[1][0]  ; yes                                                              ; yes                                        ;
; FsoDeliveryMonitor:delivery_monitor|FsoDeliveryCounter64:good_count|gen_limb[0].gen_align.delay_q[2][6]      ; yes                                                              ; yes                                        ;
; FsoDeliveryMonitor:delivery_monitor|FsoDeliveryCounter64:compared_count|gen_limb[0].gen_align.delay_q[2][6]  ; yes                                                              ; yes                                        ;
; FsoDeliveryMonitor:delivery_monitor|FsoDeliveryCounter64:complete_count|gen_limb[2].gen_align.delay_q[0][6]  ; yes                                                              ; yes                                        ;
; FsoDeliveryMonitor:delivery_monitor|FsoDeliveryCounter64:good_count|gen_limb[2].gen_align.delay_q[0][6]      ; yes                                                              ; yes                                        ;
; FsoDeliveryMonitor:delivery_monitor|FsoDeliveryCounter64:error_count|gen_limb[0].gen_align.delay_q[1][6]     ; yes                                                              ; yes                                        ;
; FsoDeliveryMonitor:delivery_monitor|FsoDeliveryCounter64:rx1_count|gen_limb[0].gen_align.delay_q[1][6]       ; yes                                                              ; yes                                        ;
; FsoDeliveryMonitor:delivery_monitor|FsoDeliveryCounter64:rx2_count|gen_limb[0].gen_align.delay_q[1][6]       ; yes                                                              ; yes                                        ;
; FsoDeliveryMonitor:delivery_monitor|FsoDeliveryCounter64:good_count|gen_limb[0].gen_align.delay_q[2][7]      ; yes                                                              ; yes                                        ;
; FsoDeliveryMonitor:delivery_monitor|FsoDeliveryCounter64:compared_count|gen_limb[0].gen_align.delay_q[2][7]  ; yes                                                              ; yes                                        ;
; FsoDeliveryMonitor:delivery_monitor|FsoDeliveryCounter64:complete_count|gen_limb[2].gen_align.delay_q[0][7]  ; yes                                                              ; yes                                        ;
; FsoDeliveryMonitor:delivery_monitor|FsoDeliveryCounter64:good_count|gen_limb[2].gen_align.delay_q[0][7]      ; yes                                                              ; yes                                        ;
; FsoDeliveryMonitor:delivery_monitor|FsoDeliveryCounter64:error_count|gen_limb[0].gen_align.delay_q[1][7]     ; yes                                                              ; yes                                        ;
; FsoDeliveryMonitor:delivery_monitor|FsoDeliveryCounter64:rx1_count|gen_limb[0].gen_align.delay_q[1][7]       ; yes                                                              ; yes                                        ;
; FsoDeliveryMonitor:delivery_monitor|FsoDeliveryCounter64:rx2_count|gen_limb[0].gen_align.delay_q[1][7]       ; yes                                                              ; yes                                        ;
; FsoDeliveryMonitor:delivery_monitor|FsoDeliveryCounter64:good_count|gen_limb[0].gen_align.delay_q[2][8]      ; yes                                                              ; yes                                        ;
; FsoDeliveryMonitor:delivery_monitor|FsoDeliveryCounter64:compared_count|gen_limb[0].gen_align.delay_q[2][8]  ; yes                                                              ; yes                                        ;
; FsoDeliveryMonitor:delivery_monitor|FsoDeliveryCounter64:complete_count|gen_limb[2].gen_align.delay_q[0][8]  ; yes                                                              ; yes                                        ;
; FsoDeliveryMonitor:delivery_monitor|FsoDeliveryCounter64:good_count|gen_limb[2].gen_align.delay_q[0][8]      ; yes                                                              ; yes                                        ;
; FsoDeliveryMonitor:delivery_monitor|FsoDeliveryCounter64:error_count|gen_limb[0].gen_align.delay_q[1][8]     ; yes                                                              ; yes                                        ;
; FsoDeliveryMonitor:delivery_monitor|FsoDeliveryCounter64:rx1_count|gen_limb[0].gen_align.delay_q[1][8]       ; yes                                                              ; yes                                        ;
; FsoDeliveryMonitor:delivery_monitor|FsoDeliveryCounter64:rx2_count|gen_limb[0].gen_align.delay_q[1][8]       ; yes                                                              ; yes                                        ;
; FsoDeliveryMonitor:delivery_monitor|FsoDeliveryCounter64:good_count|gen_limb[0].gen_align.delay_q[2][9]      ; yes                                                              ; yes                                        ;
; FsoDeliveryMonitor:delivery_monitor|FsoDeliveryCounter64:compared_count|gen_limb[0].gen_align.delay_q[2][9]  ; yes                                                              ; yes                                        ;
; FsoDeliveryMonitor:delivery_monitor|FsoDeliveryCounter64:complete_count|gen_limb[2].gen_align.delay_q[0][9]  ; yes                                                              ; yes                                        ;
; FsoDeliveryMonitor:delivery_monitor|FsoDeliveryCounter64:good_count|gen_limb[2].gen_align.delay_q[0][9]      ; yes                                                              ; yes                                        ;
; FsoDeliveryMonitor:delivery_monitor|FsoDeliveryCounter64:error_count|gen_limb[0].gen_align.delay_q[1][9]     ; yes                                                              ; yes                                        ;
; FsoDeliveryMonitor:delivery_monitor|FsoDeliveryCounter64:rx1_count|gen_limb[0].gen_align.delay_q[1][9]       ; yes                                                              ; yes                                        ;
; FsoDeliveryMonitor:delivery_monitor|FsoDeliveryCounter64:rx2_count|gen_limb[0].gen_align.delay_q[1][9]       ; yes                                                              ; yes                                        ;
; FsoDeliveryMonitor:delivery_monitor|FsoDeliveryCounter64:good_count|gen_limb[0].gen_align.delay_q[2][10]     ; yes                                                              ; yes                                        ;
; FsoDeliveryMonitor:delivery_monitor|FsoDeliveryCounter64:compared_count|gen_limb[0].gen_align.delay_q[2][10] ; yes                                                              ; yes                                        ;
; FsoDeliveryMonitor:delivery_monitor|FsoDeliveryCounter64:complete_count|gen_limb[2].gen_align.delay_q[0][10] ; yes                                                              ; yes                                        ;
; FsoDeliveryMonitor:delivery_monitor|FsoDeliveryCounter64:good_count|gen_limb[2].gen_align.delay_q[0][10]     ; yes                                                              ; yes                                        ;
; FsoDeliveryMonitor:delivery_monitor|FsoDeliveryCounter64:error_count|gen_limb[0].gen_align.delay_q[1][10]    ; yes                                                              ; yes                                        ;
; FsoDeliveryMonitor:delivery_monitor|FsoDeliveryCounter64:rx1_count|gen_limb[0].gen_align.delay_q[1][10]      ; yes                                                              ; yes                                        ;
; FsoDeliveryMonitor:delivery_monitor|FsoDeliveryCounter64:rx2_count|gen_limb[0].gen_align.delay_q[1][10]      ; yes                                                              ; yes                                        ;
; FsoDeliveryMonitor:delivery_monitor|FsoDeliveryCounter64:good_count|gen_limb[0].gen_align.delay_q[2][11]     ; yes                                                              ; yes                                        ;
; FsoDeliveryMonitor:delivery_monitor|FsoDeliveryCounter64:compared_count|gen_limb[0].gen_align.delay_q[2][11] ; yes                                                              ; yes                                        ;
; FsoDeliveryMonitor:delivery_monitor|FsoDeliveryCounter64:complete_count|gen_limb[2].gen_align.delay_q[0][11] ; yes                                                              ; yes                                        ;
; FsoDeliveryMonitor:delivery_monitor|FsoDeliveryCounter64:good_count|gen_limb[2].gen_align.delay_q[0][11]     ; yes                                                              ; yes                                        ;
; FsoDeliveryMonitor:delivery_monitor|FsoDeliveryCounter64:error_count|gen_limb[0].gen_align.delay_q[1][11]    ; yes                                                              ; yes                                        ;
; FsoDeliveryMonitor:delivery_monitor|FsoDeliveryCounter64:rx1_count|gen_limb[0].gen_align.delay_q[1][11]      ; yes                                                              ; yes                                        ;
; FsoDeliveryMonitor:delivery_monitor|FsoDeliveryCounter64:rx2_count|gen_limb[0].gen_align.delay_q[1][11]      ; yes                                                              ; yes                                        ;
; FsoDeliveryMonitor:delivery_monitor|FsoDeliveryCounter64:good_count|gen_limb[0].gen_align.delay_q[2][12]     ; yes                                                              ; yes                                        ;
; FsoDeliveryMonitor:delivery_monitor|FsoDeliveryCounter64:compared_count|gen_limb[0].gen_align.delay_q[2][12] ; yes                                                              ; yes                                        ;
; FsoDeliveryMonitor:delivery_monitor|FsoDeliveryCounter64:complete_count|gen_limb[2].gen_align.delay_q[0][12] ; yes                                                              ; yes                                        ;
; FsoDeliveryMonitor:delivery_monitor|FsoDeliveryCounter64:good_count|gen_limb[2].gen_align.delay_q[0][12]     ; yes                                                              ; yes                                        ;
; FsoDeliveryMonitor:delivery_monitor|FsoDeliveryCounter64:error_count|gen_limb[0].gen_align.delay_q[1][12]    ; yes                                                              ; yes                                        ;
; FsoDeliveryMonitor:delivery_monitor|FsoDeliveryCounter64:rx1_count|gen_limb[0].gen_align.delay_q[1][12]      ; yes                                                              ; yes                                        ;
; FsoDeliveryMonitor:delivery_monitor|FsoDeliveryCounter64:rx2_count|gen_limb[0].gen_align.delay_q[1][12]      ; yes                                                              ; yes                                        ;
; FsoDeliveryMonitor:delivery_monitor|FsoDeliveryCounter64:good_count|gen_limb[0].gen_align.delay_q[2][13]     ; yes                                                              ; yes                                        ;
; FsoDeliveryMonitor:delivery_monitor|FsoDeliveryCounter64:compared_count|gen_limb[0].gen_align.delay_q[2][13] ; yes                                                              ; yes                                        ;
; FsoDeliveryMonitor:delivery_monitor|FsoDeliveryCounter64:complete_count|gen_limb[2].gen_align.delay_q[0][13] ; yes                                                              ; yes                                        ;
; FsoDeliveryMonitor:delivery_monitor|FsoDeliveryCounter64:good_count|gen_limb[2].gen_align.delay_q[0][13]     ; yes                                                              ; yes                                        ;
; FsoDeliveryMonitor:delivery_monitor|FsoDeliveryCounter64:error_count|gen_limb[0].gen_align.delay_q[1][13]    ; yes                                                              ; yes                                        ;
; FsoDeliveryMonitor:delivery_monitor|FsoDeliveryCounter64:rx1_count|gen_limb[0].gen_align.delay_q[1][13]      ; yes                                                              ; yes                                        ;
; FsoDeliveryMonitor:delivery_monitor|FsoDeliveryCounter64:rx2_count|gen_limb[0].gen_align.delay_q[1][13]      ; yes                                                              ; yes                                        ;
; FsoDeliveryMonitor:delivery_monitor|FsoDeliveryCounter64:good_count|gen_limb[0].gen_align.delay_q[2][14]     ; yes                                                              ; yes                                        ;
; FsoDeliveryMonitor:delivery_monitor|FsoDeliveryCounter64:compared_count|gen_limb[0].gen_align.delay_q[2][14] ; yes                                                              ; yes                                        ;
; FsoDeliveryMonitor:delivery_monitor|FsoDeliveryCounter64:complete_count|gen_limb[2].gen_align.delay_q[0][14] ; yes                                                              ; yes                                        ;
; FsoDeliveryMonitor:delivery_monitor|FsoDeliveryCounter64:good_count|gen_limb[2].gen_align.delay_q[0][14]     ; yes                                                              ; yes                                        ;
; FsoDeliveryMonitor:delivery_monitor|FsoDeliveryCounter64:error_count|gen_limb[0].gen_align.delay_q[1][14]    ; yes                                                              ; yes                                        ;
; FsoDeliveryMonitor:delivery_monitor|FsoDeliveryCounter64:rx1_count|gen_limb[0].gen_align.delay_q[1][14]      ; yes                                                              ; yes                                        ;
; FsoDeliveryMonitor:delivery_monitor|FsoDeliveryCounter64:rx2_count|gen_limb[0].gen_align.delay_q[1][14]      ; yes                                                              ; yes                                        ;
; FsoDeliveryMonitor:delivery_monitor|FsoDeliveryCounter64:good_count|gen_limb[0].gen_align.delay_q[2][15]     ; yes                                                              ; yes                                        ;
; FsoDeliveryMonitor:delivery_monitor|FsoDeliveryCounter64:compared_count|gen_limb[0].gen_align.delay_q[2][15] ; yes                                                              ; yes                                        ;
; FsoDeliveryMonitor:delivery_monitor|FsoDeliveryCounter64:complete_count|gen_limb[2].gen_align.delay_q[0][15] ; yes                                                              ; yes                                        ;
; FsoDeliveryMonitor:delivery_monitor|FsoDeliveryCounter64:good_count|gen_limb[2].gen_align.delay_q[0][15]     ; yes                                                              ; yes                                        ;
; FsoDeliveryMonitor:delivery_monitor|FsoDeliveryCounter64:error_count|gen_limb[0].gen_align.delay_q[1][15]    ; yes                                                              ; yes                                        ;
; FsoDeliveryMonitor:delivery_monitor|FsoDeliveryCounter64:rx1_count|gen_limb[0].gen_align.delay_q[1][15]      ; yes                                                              ; yes                                        ;
; FsoDeliveryMonitor:delivery_monitor|FsoDeliveryCounter64:rx2_count|gen_limb[0].gen_align.delay_q[1][15]      ; yes                                                              ; yes                                        ;
; FsoDeliveryMonitor:delivery_monitor|FsoDeliveryCounter64:compared_count|gen_limb[3].q[0]                     ; yes                                                              ; yes                                        ;
; FsoDeliveryMonitor:delivery_monitor|FsoDeliveryCounter64:complete_count|gen_limb[3].q[0]                     ; yes                                                              ; yes                                        ;
; FsoDeliveryMonitor:delivery_monitor|FsoDeliveryCounter64:rx1_count|gen_limb[3].q[0]                          ; yes                                                              ; yes                                        ;
; FsoDeliveryMonitor:delivery_monitor|FsoDeliveryCounter64:expected_count|gen_limb[3].q[0]                     ; yes                                                              ; yes                                        ;
; FsoDeliveryMonitor:delivery_monitor|FsoDeliveryCounter64:error_count|gen_limb[3].q[0]                        ; yes                                                              ; yes                                        ;
; FsoDeliveryMonitor:delivery_monitor|FsoDeliveryCounter64:good_count|gen_limb[3].q[0]                         ; yes                                                              ; yes                                        ;
; FsoDeliveryMonitor:delivery_monitor|FsoDeliveryCounter64:rx2_count|gen_limb[3].q[0]                          ; yes                                                              ; yes                                        ;
; FsoDeliveryMonitor:delivery_monitor|FsoDeliveryCounter64:expected_count|gen_limb[1].gen_align.delay_q[1][0]  ; yes                                                              ; yes                                        ;
; FsoDeliveryMonitor:delivery_monitor|FsoDeliveryCounter64:error_count|gen_limb[1].gen_align.delay_q[1][0]     ; yes                                                              ; yes                                        ;
; FsoDeliveryMonitor:delivery_monitor|FsoDeliveryCounter64:good_count|gen_limb[1].gen_align.delay_q[1][0]      ; yes                                                              ; yes                                        ;
; FsoDeliveryMonitor:delivery_monitor|FsoDeliveryCounter64:rx2_count|gen_limb[1].gen_align.delay_q[1][0]       ; yes                                                              ; yes                                        ;
; FsoDeliveryMonitor:delivery_monitor|FsoDeliveryCounter64:complete_count|gen_limb[1].gen_align.delay_q[1][0]  ; yes                                                              ; yes                                        ;
; FsoDeliveryMonitor:delivery_monitor|FsoDeliveryCounter64:rx1_count|gen_limb[1].gen_align.delay_q[1][0]       ; yes                                                              ; yes                                        ;
; FsoDeliveryMonitor:delivery_monitor|FsoDeliveryCounter64:compared_count|gen_limb[1].gen_align.delay_q[1][0]  ; yes                                                              ; yes                                        ;
; FsoDeliveryMonitor:delivery_monitor|FsoDeliveryCounter64:error_count|gen_limb[1].gen_align.delay_q[0][1]     ; yes                                                              ; yes                                        ;
; FsoDeliveryMonitor:delivery_monitor|FsoDeliveryCounter64:rx1_count|gen_limb[1].gen_align.delay_q[0][1]       ; yes                                                              ; yes                                        ;
; FsoDeliveryMonitor:delivery_monitor|FsoDeliveryCounter64:rx2_count|gen_limb[1].gen_align.delay_q[0][1]       ; yes                                                              ; yes                                        ;
; FsoDeliveryMonitor:delivery_monitor|FsoDeliveryCounter64:good_count|gen_limb[1].gen_align.delay_q[0][1]      ; yes                                                              ; yes                                        ;
; FsoDeliveryMonitor:delivery_monitor|FsoDeliveryCounter64:compared_count|gen_limb[1].gen_align.delay_q[0][1]  ; yes                                                              ; yes                                        ;
; FsoDeliveryMonitor:delivery_monitor|FsoDeliveryCounter64:expected_count|gen_limb[1].gen_align.delay_q[0][1]  ; yes                                                              ; yes                                        ;
; FsoDeliveryMonitor:delivery_monitor|FsoDeliveryCounter64:complete_count|gen_limb[1].gen_align.delay_q[0][1]  ; yes                                                              ; yes                                        ;
; FsoDeliveryMonitor:delivery_monitor|FsoDeliveryCounter64:error_count|gen_limb[1].gen_align.delay_q[0][2]     ; yes                                                              ; yes                                        ;
; FsoDeliveryMonitor:delivery_monitor|FsoDeliveryCounter64:rx1_count|gen_limb[1].gen_align.delay_q[0][2]       ; yes                                                              ; yes                                        ;
; FsoDeliveryMonitor:delivery_monitor|FsoDeliveryCounter64:rx2_count|gen_limb[1].gen_align.delay_q[0][2]       ; yes                                                              ; yes                                        ;
; FsoDeliveryMonitor:delivery_monitor|FsoDeliveryCounter64:good_count|gen_limb[1].gen_align.delay_q[0][2]      ; yes                                                              ; yes                                        ;
; FsoDeliveryMonitor:delivery_monitor|FsoDeliveryCounter64:compared_count|gen_limb[1].gen_align.delay_q[0][2]  ; yes                                                              ; yes                                        ;
; FsoDeliveryMonitor:delivery_monitor|FsoDeliveryCounter64:expected_count|gen_limb[1].gen_align.delay_q[0][2]  ; yes                                                              ; yes                                        ;
; FsoDeliveryMonitor:delivery_monitor|FsoDeliveryCounter64:complete_count|gen_limb[1].gen_align.delay_q[0][2]  ; yes                                                              ; yes                                        ;
; FsoDeliveryMonitor:delivery_monitor|FsoDeliveryCounter64:good_count|gen_limb[1].gen_align.delay_q[1][3]      ; yes                                                              ; yes                                        ;
; FsoDeliveryMonitor:delivery_monitor|FsoDeliveryCounter64:compared_count|gen_limb[1].gen_align.delay_q[1][3]  ; yes                                                              ; yes                                        ;
; FsoDeliveryMonitor:delivery_monitor|FsoDeliveryCounter64:complete_count|gen_limb[3].q[3]                     ; yes                                                              ; yes                                        ;
; FsoDeliveryMonitor:delivery_monitor|FsoDeliveryCounter64:good_count|gen_limb[3].q[3]                         ; yes                                                              ; yes                                        ;
; FsoDeliveryMonitor:delivery_monitor|FsoDeliveryCounter64:error_count|gen_limb[1].gen_align.delay_q[0][3]     ; yes                                                              ; yes                                        ;
; FsoDeliveryMonitor:delivery_monitor|FsoDeliveryCounter64:rx1_count|gen_limb[1].gen_align.delay_q[0][3]       ; yes                                                              ; yes                                        ;
; FsoDeliveryMonitor:delivery_monitor|FsoDeliveryCounter64:rx2_count|gen_limb[1].gen_align.delay_q[0][3]       ; yes                                                              ; yes                                        ;
; FsoDeliveryMonitor:delivery_monitor|FsoDeliveryCounter64:error_count|gen_limb[1].gen_align.delay_q[0][4]     ; yes                                                              ; yes                                        ;
; FsoDeliveryMonitor:delivery_monitor|FsoDeliveryCounter64:rx1_count|gen_limb[1].gen_align.delay_q[0][4]       ; yes                                                              ; yes                                        ;
; FsoDeliveryMonitor:delivery_monitor|FsoDeliveryCounter64:rx2_count|gen_limb[1].gen_align.delay_q[0][4]       ; yes                                                              ; yes                                        ;
; FsoDeliveryMonitor:delivery_monitor|FsoDeliveryCounter64:good_count|gen_limb[1].gen_align.delay_q[0][4]      ; yes                                                              ; yes                                        ;
; FsoDeliveryMonitor:delivery_monitor|FsoDeliveryCounter64:compared_count|gen_limb[1].gen_align.delay_q[0][4]  ; yes                                                              ; yes                                        ;
; FsoDeliveryMonitor:delivery_monitor|FsoDeliveryCounter64:expected_count|gen_limb[1].gen_align.delay_q[0][4]  ; yes                                                              ; yes                                        ;
; FsoDeliveryMonitor:delivery_monitor|FsoDeliveryCounter64:complete_count|gen_limb[1].gen_align.delay_q[0][4]  ; yes                                                              ; yes                                        ;
; FsoDeliveryMonitor:delivery_monitor|FsoDeliveryCounter64:compared_count|gen_limb[3].q[5]                     ; yes                                                              ; yes                                        ;
; FsoDeliveryMonitor:delivery_monitor|FsoDeliveryCounter64:complete_count|gen_limb[3].q[5]                     ; yes                                                              ; yes                                        ;
; FsoDeliveryMonitor:delivery_monitor|FsoDeliveryCounter64:rx1_count|gen_limb[3].q[5]                          ; yes                                                              ; yes                                        ;
; FsoDeliveryMonitor:delivery_monitor|FsoDeliveryCounter64:expected_count|gen_limb[3].q[5]                     ; yes                                                              ; yes                                        ;
; FsoDeliveryMonitor:delivery_monitor|FsoDeliveryCounter64:error_count|gen_limb[3].q[5]                        ; yes                                                              ; yes                                        ;
; FsoDeliveryMonitor:delivery_monitor|FsoDeliveryCounter64:good_count|gen_limb[3].q[5]                         ; yes                                                              ; yes                                        ;
; FsoDeliveryMonitor:delivery_monitor|FsoDeliveryCounter64:rx2_count|gen_limb[3].q[5]                          ; yes                                                              ; yes                                        ;
; FsoDeliveryMonitor:delivery_monitor|FsoDeliveryCounter64:expected_count|gen_limb[1].gen_align.delay_q[1][5]  ; yes                                                              ; yes                                        ;
; FsoDeliveryMonitor:delivery_monitor|FsoDeliveryCounter64:error_count|gen_limb[1].gen_align.delay_q[1][5]     ; yes                                                              ; yes                                        ;
; FsoDeliveryMonitor:delivery_monitor|FsoDeliveryCounter64:good_count|gen_limb[1].gen_align.delay_q[1][5]      ; yes                                                              ; yes                                        ;
; FsoDeliveryMonitor:delivery_monitor|FsoDeliveryCounter64:rx2_count|gen_limb[1].gen_align.delay_q[1][5]       ; yes                                                              ; yes                                        ;
; FsoDeliveryMonitor:delivery_monitor|FsoDeliveryCounter64:complete_count|gen_limb[1].gen_align.delay_q[1][5]  ; yes                                                              ; yes                                        ;
; FsoDeliveryMonitor:delivery_monitor|FsoDeliveryCounter64:rx1_count|gen_limb[1].gen_align.delay_q[1][5]       ; yes                                                              ; yes                                        ;
; FsoDeliveryMonitor:delivery_monitor|FsoDeliveryCounter64:compared_count|gen_limb[1].gen_align.delay_q[1][5]  ; yes                                                              ; yes                                        ;
; FsoDeliveryMonitor:delivery_monitor|FsoDeliveryCounter64:error_count|gen_limb[1].gen_align.delay_q[0][6]     ; yes                                                              ; yes                                        ;
; FsoDeliveryMonitor:delivery_monitor|FsoDeliveryCounter64:rx1_count|gen_limb[1].gen_align.delay_q[0][6]       ; yes                                                              ; yes                                        ;
; FsoDeliveryMonitor:delivery_monitor|FsoDeliveryCounter64:rx2_count|gen_limb[1].gen_align.delay_q[0][6]       ; yes                                                              ; yes                                        ;
; FsoDeliveryMonitor:delivery_monitor|FsoDeliveryCounter64:good_count|gen_limb[1].gen_align.delay_q[0][6]      ; yes                                                              ; yes                                        ;
; FsoDeliveryMonitor:delivery_monitor|FsoDeliveryCounter64:compared_count|gen_limb[1].gen_align.delay_q[0][6]  ; yes                                                              ; yes                                        ;
; FsoDeliveryMonitor:delivery_monitor|FsoDeliveryCounter64:expected_count|gen_limb[1].gen_align.delay_q[0][6]  ; yes                                                              ; yes                                        ;
; FsoDeliveryMonitor:delivery_monitor|FsoDeliveryCounter64:complete_count|gen_limb[1].gen_align.delay_q[0][6]  ; yes                                                              ; yes                                        ;
; FsoDeliveryMonitor:delivery_monitor|FsoDeliveryCounter64:error_count|gen_limb[1].gen_align.delay_q[0][7]     ; yes                                                              ; yes                                        ;
; FsoDeliveryMonitor:delivery_monitor|FsoDeliveryCounter64:rx1_count|gen_limb[1].gen_align.delay_q[0][7]       ; yes                                                              ; yes                                        ;
; FsoDeliveryMonitor:delivery_monitor|FsoDeliveryCounter64:rx2_count|gen_limb[1].gen_align.delay_q[0][7]       ; yes                                                              ; yes                                        ;
; FsoDeliveryMonitor:delivery_monitor|FsoDeliveryCounter64:good_count|gen_limb[1].gen_align.delay_q[0][7]      ; yes                                                              ; yes                                        ;
; FsoDeliveryMonitor:delivery_monitor|FsoDeliveryCounter64:compared_count|gen_limb[1].gen_align.delay_q[0][7]  ; yes                                                              ; yes                                        ;
; FsoDeliveryMonitor:delivery_monitor|FsoDeliveryCounter64:expected_count|gen_limb[1].gen_align.delay_q[0][7]  ; yes                                                              ; yes                                        ;
; FsoDeliveryMonitor:delivery_monitor|FsoDeliveryCounter64:complete_count|gen_limb[1].gen_align.delay_q[0][7]  ; yes                                                              ; yes                                        ;
; FsoDeliveryMonitor:delivery_monitor|FsoDeliveryCounter64:compared_count|gen_limb[3].q[8]                     ; yes                                                              ; yes                                        ;
; FsoDeliveryMonitor:delivery_monitor|FsoDeliveryCounter64:complete_count|gen_limb[3].q[8]                     ; yes                                                              ; yes                                        ;
; FsoDeliveryMonitor:delivery_monitor|FsoDeliveryCounter64:rx1_count|gen_limb[3].q[8]                          ; yes                                                              ; yes                                        ;
; FsoDeliveryMonitor:delivery_monitor|FsoDeliveryCounter64:expected_count|gen_limb[3].q[8]                     ; yes                                                              ; yes                                        ;
; FsoDeliveryMonitor:delivery_monitor|FsoDeliveryCounter64:error_count|gen_limb[3].q[8]                        ; yes                                                              ; yes                                        ;
; FsoDeliveryMonitor:delivery_monitor|FsoDeliveryCounter64:good_count|gen_limb[3].q[8]                         ; yes                                                              ; yes                                        ;
; FsoDeliveryMonitor:delivery_monitor|FsoDeliveryCounter64:rx2_count|gen_limb[3].q[8]                          ; yes                                                              ; yes                                        ;
; FsoDeliveryMonitor:delivery_monitor|FsoDeliveryCounter64:expected_count|gen_limb[1].gen_align.delay_q[1][8]  ; yes                                                              ; yes                                        ;
; FsoDeliveryMonitor:delivery_monitor|FsoDeliveryCounter64:error_count|gen_limb[1].gen_align.delay_q[1][8]     ; yes                                                              ; yes                                        ;
; FsoDeliveryMonitor:delivery_monitor|FsoDeliveryCounter64:good_count|gen_limb[1].gen_align.delay_q[1][8]      ; yes                                                              ; yes                                        ;
; FsoDeliveryMonitor:delivery_monitor|FsoDeliveryCounter64:rx2_count|gen_limb[1].gen_align.delay_q[1][8]       ; yes                                                              ; yes                                        ;
; FsoDeliveryMonitor:delivery_monitor|FsoDeliveryCounter64:complete_count|gen_limb[1].gen_align.delay_q[1][8]  ; yes                                                              ; yes                                        ;
; FsoDeliveryMonitor:delivery_monitor|FsoDeliveryCounter64:rx1_count|gen_limb[1].gen_align.delay_q[1][8]       ; yes                                                              ; yes                                        ;
; FsoDeliveryMonitor:delivery_monitor|FsoDeliveryCounter64:compared_count|gen_limb[1].gen_align.delay_q[1][8]  ; yes                                                              ; yes                                        ;
; FsoDeliveryMonitor:delivery_monitor|FsoDeliveryCounter64:error_count|gen_limb[1].gen_align.delay_q[0][9]     ; yes                                                              ; yes                                        ;
; FsoDeliveryMonitor:delivery_monitor|FsoDeliveryCounter64:rx1_count|gen_limb[1].gen_align.delay_q[0][9]       ; yes                                                              ; yes                                        ;
; FsoDeliveryMonitor:delivery_monitor|FsoDeliveryCounter64:rx2_count|gen_limb[1].gen_align.delay_q[0][9]       ; yes                                                              ; yes                                        ;
; FsoDeliveryMonitor:delivery_monitor|FsoDeliveryCounter64:good_count|gen_limb[1].gen_align.delay_q[0][9]      ; yes                                                              ; yes                                        ;
; FsoDeliveryMonitor:delivery_monitor|FsoDeliveryCounter64:compared_count|gen_limb[1].gen_align.delay_q[0][9]  ; yes                                                              ; yes                                        ;
; FsoDeliveryMonitor:delivery_monitor|FsoDeliveryCounter64:expected_count|gen_limb[1].gen_align.delay_q[0][9]  ; yes                                                              ; yes                                        ;
; FsoDeliveryMonitor:delivery_monitor|FsoDeliveryCounter64:complete_count|gen_limb[1].gen_align.delay_q[0][9]  ; yes                                                              ; yes                                        ;
; FsoDeliveryMonitor:delivery_monitor|FsoDeliveryCounter64:error_count|gen_limb[1].gen_align.delay_q[0][10]    ; yes                                                              ; yes                                        ;
; FsoDeliveryMonitor:delivery_monitor|FsoDeliveryCounter64:rx1_count|gen_limb[1].gen_align.delay_q[0][10]      ; yes                                                              ; yes                                        ;
; FsoDeliveryMonitor:delivery_monitor|FsoDeliveryCounter64:rx2_count|gen_limb[1].gen_align.delay_q[0][10]      ; yes                                                              ; yes                                        ;
; FsoDeliveryMonitor:delivery_monitor|FsoDeliveryCounter64:good_count|gen_limb[1].gen_align.delay_q[0][10]     ; yes                                                              ; yes                                        ;
; FsoDeliveryMonitor:delivery_monitor|FsoDeliveryCounter64:compared_count|gen_limb[1].gen_align.delay_q[0][10] ; yes                                                              ; yes                                        ;
; FsoDeliveryMonitor:delivery_monitor|FsoDeliveryCounter64:expected_count|gen_limb[1].gen_align.delay_q[0][10] ; yes                                                              ; yes                                        ;
; FsoDeliveryMonitor:delivery_monitor|FsoDeliveryCounter64:complete_count|gen_limb[1].gen_align.delay_q[0][10] ; yes                                                              ; yes                                        ;
; FsoDeliveryMonitor:delivery_monitor|FsoDeliveryCounter64:error_count|gen_limb[1].gen_align.delay_q[0][11]    ; yes                                                              ; yes                                        ;
; FsoDeliveryMonitor:delivery_monitor|FsoDeliveryCounter64:rx1_count|gen_limb[1].gen_align.delay_q[0][11]      ; yes                                                              ; yes                                        ;
; FsoDeliveryMonitor:delivery_monitor|FsoDeliveryCounter64:rx2_count|gen_limb[1].gen_align.delay_q[0][11]      ; yes                                                              ; yes                                        ;
; FsoDeliveryMonitor:delivery_monitor|FsoDeliveryCounter64:good_count|gen_limb[1].gen_align.delay_q[0][11]     ; yes                                                              ; yes                                        ;
; FsoDeliveryMonitor:delivery_monitor|FsoDeliveryCounter64:compared_count|gen_limb[1].gen_align.delay_q[0][11] ; yes                                                              ; yes                                        ;
; FsoDeliveryMonitor:delivery_monitor|FsoDeliveryCounter64:expected_count|gen_limb[1].gen_align.delay_q[0][11] ; yes                                                              ; yes                                        ;
; FsoDeliveryMonitor:delivery_monitor|FsoDeliveryCounter64:complete_count|gen_limb[1].gen_align.delay_q[0][11] ; yes                                                              ; yes                                        ;
; FsoDeliveryMonitor:delivery_monitor|FsoDeliveryCounter64:error_count|gen_limb[1].gen_align.delay_q[0][12]    ; yes                                                              ; yes                                        ;
; FsoDeliveryMonitor:delivery_monitor|FsoDeliveryCounter64:rx1_count|gen_limb[1].gen_align.delay_q[0][12]      ; yes                                                              ; yes                                        ;
; FsoDeliveryMonitor:delivery_monitor|FsoDeliveryCounter64:rx2_count|gen_limb[1].gen_align.delay_q[0][12]      ; yes                                                              ; yes                                        ;
; FsoDeliveryMonitor:delivery_monitor|FsoDeliveryCounter64:good_count|gen_limb[1].gen_align.delay_q[0][12]     ; yes                                                              ; yes                                        ;
; FsoDeliveryMonitor:delivery_monitor|FsoDeliveryCounter64:compared_count|gen_limb[1].gen_align.delay_q[0][12] ; yes                                                              ; yes                                        ;
; FsoDeliveryMonitor:delivery_monitor|FsoDeliveryCounter64:expected_count|gen_limb[1].gen_align.delay_q[0][12] ; yes                                                              ; yes                                        ;
; FsoDeliveryMonitor:delivery_monitor|FsoDeliveryCounter64:complete_count|gen_limb[1].gen_align.delay_q[0][12] ; yes                                                              ; yes                                        ;
; FsoDeliveryMonitor:delivery_monitor|FsoDeliveryCounter64:error_count|gen_limb[1].gen_align.delay_q[0][13]    ; yes                                                              ; yes                                        ;
; FsoDeliveryMonitor:delivery_monitor|FsoDeliveryCounter64:rx1_count|gen_limb[1].gen_align.delay_q[0][13]      ; yes                                                              ; yes                                        ;
; FsoDeliveryMonitor:delivery_monitor|FsoDeliveryCounter64:rx2_count|gen_limb[1].gen_align.delay_q[0][13]      ; yes                                                              ; yes                                        ;
; FsoDeliveryMonitor:delivery_monitor|FsoDeliveryCounter64:good_count|gen_limb[1].gen_align.delay_q[0][13]     ; yes                                                              ; yes                                        ;
; FsoDeliveryMonitor:delivery_monitor|FsoDeliveryCounter64:compared_count|gen_limb[1].gen_align.delay_q[0][13] ; yes                                                              ; yes                                        ;
; FsoDeliveryMonitor:delivery_monitor|FsoDeliveryCounter64:expected_count|gen_limb[1].gen_align.delay_q[0][13] ; yes                                                              ; yes                                        ;
; FsoDeliveryMonitor:delivery_monitor|FsoDeliveryCounter64:complete_count|gen_limb[1].gen_align.delay_q[0][13] ; yes                                                              ; yes                                        ;
; FsoDeliveryMonitor:delivery_monitor|FsoDeliveryCounter64:error_count|gen_limb[1].gen_align.delay_q[0][14]    ; yes                                                              ; yes                                        ;
; FsoDeliveryMonitor:delivery_monitor|FsoDeliveryCounter64:rx1_count|gen_limb[1].gen_align.delay_q[0][14]      ; yes                                                              ; yes                                        ;
; FsoDeliveryMonitor:delivery_monitor|FsoDeliveryCounter64:rx2_count|gen_limb[1].gen_align.delay_q[0][14]      ; yes                                                              ; yes                                        ;
; FsoDeliveryMonitor:delivery_monitor|FsoDeliveryCounter64:good_count|gen_limb[1].gen_align.delay_q[0][14]     ; yes                                                              ; yes                                        ;
; FsoDeliveryMonitor:delivery_monitor|FsoDeliveryCounter64:compared_count|gen_limb[1].gen_align.delay_q[0][14] ; yes                                                              ; yes                                        ;
; FsoDeliveryMonitor:delivery_monitor|FsoDeliveryCounter64:expected_count|gen_limb[1].gen_align.delay_q[0][14] ; yes                                                              ; yes                                        ;
; FsoDeliveryMonitor:delivery_monitor|FsoDeliveryCounter64:complete_count|gen_limb[1].gen_align.delay_q[0][14] ; yes                                                              ; yes                                        ;
; FsoDeliveryMonitor:delivery_monitor|FsoDeliveryCounter64:error_count|gen_limb[1].gen_align.delay_q[0][15]    ; yes                                                              ; yes                                        ;
; FsoDeliveryMonitor:delivery_monitor|FsoDeliveryCounter64:rx1_count|gen_limb[1].gen_align.delay_q[0][15]      ; yes                                                              ; yes                                        ;
; FsoDeliveryMonitor:delivery_monitor|FsoDeliveryCounter64:rx2_count|gen_limb[1].gen_align.delay_q[0][15]      ; yes                                                              ; yes                                        ;
; FsoDeliveryMonitor:delivery_monitor|FsoDeliveryCounter64:good_count|gen_limb[1].gen_align.delay_q[0][15]     ; yes                                                              ; yes                                        ;
; FsoDeliveryMonitor:delivery_monitor|FsoDeliveryCounter64:compared_count|gen_limb[1].gen_align.delay_q[0][15] ; yes                                                              ; yes                                        ;
; FsoDeliveryMonitor:delivery_monitor|FsoDeliveryCounter64:expected_count|gen_limb[1].gen_align.delay_q[0][15] ; yes                                                              ; yes                                        ;
; FsoDeliveryMonitor:delivery_monitor|FsoDeliveryCounter64:complete_count|gen_limb[1].gen_align.delay_q[0][15] ; yes                                                              ; yes                                        ;
; text_history_word_enable[5]                                                                                  ; yes                                                              ; yes                                        ;
; text_history_word_enable[7]                                                                                  ; yes                                                              ; yes                                        ;
; text_history_word_enable[3]                                                                                  ; yes                                                              ; yes                                        ;
; text_snapshot_word_enable[10]                                                                                ; yes                                                              ; yes                                        ;
; text_snapshot_word_enable[13]                                                                                ; yes                                                              ; yes                                        ;
; text_snapshot_word_enable[15]                                                                                ; yes                                                              ; yes                                        ;
; text_history_word_enable[1]                                                                                  ; yes                                                              ; yes                                        ;
; text_snapshot_word_enable[0]                                                                                 ; yes                                                              ; yes                                        ;
; text_snapshot_word_enable[4]                                                                                 ; yes                                                              ; yes                                        ;
; text_snapshot_word_enable[2]                                                                                 ; yes                                                              ; yes                                        ;
; text_snapshot_word_enable[8]                                                                                 ; yes                                                              ; yes                                        ;
; text_snapshot_word_enable[6]                                                                                 ; yes                                                              ; yes                                        ;
; text_history_word_enable[4]                                                                                  ; yes                                                              ; yes                                        ;
; text_history_word_enable[6]                                                                                  ; yes                                                              ; yes                                        ;
; text_history_word_enable[2]                                                                                  ; yes                                                              ; yes                                        ;
; FsoDeliveryMonitor:delivery_monitor|FsoDeliveryCounter64:expected_count|gen_limb[0].gen_align.delay_q[0][0]  ; yes                                                              ; yes                                        ;
; FsoDeliveryMonitor:delivery_monitor|FsoDeliveryCounter64:error_count|gen_limb[0].gen_align.delay_q[0][0]     ; yes                                                              ; yes                                        ;
; FsoDeliveryMonitor:delivery_monitor|FsoDeliveryCounter64:complete_count|gen_limb[0].gen_align.delay_q[0][0]  ; yes                                                              ; yes                                        ;
; FsoDeliveryMonitor:delivery_monitor|FsoDeliveryCounter64:rx1_count|gen_limb[0].gen_align.delay_q[0][0]       ; yes                                                              ; yes                                        ;
; text_snapshot_word_enable[16]                                                                                ; yes                                                              ; yes                                        ;
; FsoDeliveryMonitor:delivery_monitor|FsoDeliveryCounter64:good_count|gen_limb[0].gen_align.delay_q[0][0]      ; yes                                                              ; yes                                        ;
; FsoDeliveryMonitor:delivery_monitor|FsoDeliveryCounter64:rx2_count|gen_limb[0].gen_align.delay_q[0][0]       ; yes                                                              ; yes                                        ;
; FsoDeliveryMonitor:delivery_monitor|FsoDeliveryCounter64:compared_count|gen_limb[0].gen_align.delay_q[0][0]  ; yes                                                              ; yes                                        ;
; text_history_word_enable[0]                                                                                  ; yes                                                              ; yes                                        ;
; text_snapshot_word_enable[1]                                                                                 ; yes                                                              ; yes                                        ;
; text_snapshot_word_enable[5]                                                                                 ; yes                                                              ; yes                                        ;
; text_snapshot_word_enable[3]                                                                                 ; yes                                                              ; yes                                        ;
; text_snapshot_word_enable[7]                                                                                 ; yes                                                              ; yes                                        ;
; FsoDeliveryMonitor:delivery_monitor|FsoDeliveryCounter64:good_count|gen_limb[0].gen_align.delay_q[1][6]      ; yes                                                              ; yes                                        ;
; FsoDeliveryMonitor:delivery_monitor|FsoDeliveryCounter64:compared_count|gen_limb[0].gen_align.delay_q[1][6]  ; yes                                                              ; yes                                        ;
; FsoDeliveryMonitor:delivery_monitor|FsoDeliveryCounter64:expected_count|gen_limb[0].gen_align.delay_q[2][6]  ; yes                                                              ; yes                                        ;
; FsoDeliveryMonitor:delivery_monitor|FsoDeliveryCounter64:complete_count|gen_limb[0].gen_align.delay_q[2][6]  ; yes                                                              ; yes                                        ;
; FsoDeliveryMonitor:delivery_monitor|FsoDeliveryCounter64:expected_count|gen_limb[2].gen_align.delay_q[0][6]  ; yes                                                              ; yes                                        ;
; FsoDeliveryMonitor:delivery_monitor|FsoDeliveryCounter64:error_count|gen_limb[0].gen_align.delay_q[0][6]     ; yes                                                              ; yes                                        ;
; FsoDeliveryMonitor:delivery_monitor|FsoDeliveryCounter64:rx1_count|gen_limb[0].gen_align.delay_q[0][6]       ; yes                                                              ; yes                                        ;
; FsoDeliveryMonitor:delivery_monitor|FsoDeliveryCounter64:rx2_count|gen_limb[0].gen_align.delay_q[0][6]       ; yes                                                              ; yes                                        ;
; FsoDeliveryMonitor:delivery_monitor|FsoDeliveryCounter64:good_count|gen_limb[0].gen_align.delay_q[1][7]      ; yes                                                              ; yes                                        ;
; FsoDeliveryMonitor:delivery_monitor|FsoDeliveryCounter64:compared_count|gen_limb[0].gen_align.delay_q[1][7]  ; yes                                                              ; yes                                        ;
; FsoDeliveryMonitor:delivery_monitor|FsoDeliveryCounter64:expected_count|gen_limb[0].gen_align.delay_q[2][7]  ; yes                                                              ; yes                                        ;
; FsoDeliveryMonitor:delivery_monitor|FsoDeliveryCounter64:complete_count|gen_limb[0].gen_align.delay_q[2][7]  ; yes                                                              ; yes                                        ;
; FsoDeliveryMonitor:delivery_monitor|FsoDeliveryCounter64:expected_count|gen_limb[2].gen_align.delay_q[0][7]  ; yes                                                              ; yes                                        ;
; FsoDeliveryMonitor:delivery_monitor|FsoDeliveryCounter64:error_count|gen_limb[0].gen_align.delay_q[0][7]     ; yes                                                              ; yes                                        ;
; FsoDeliveryMonitor:delivery_monitor|FsoDeliveryCounter64:rx1_count|gen_limb[0].gen_align.delay_q[0][7]       ; yes                                                              ; yes                                        ;
; FsoDeliveryMonitor:delivery_monitor|FsoDeliveryCounter64:rx2_count|gen_limb[0].gen_align.delay_q[0][7]       ; yes                                                              ; yes                                        ;
; FsoDeliveryMonitor:delivery_monitor|FsoDeliveryCounter64:good_count|gen_limb[0].gen_align.delay_q[1][8]      ; yes                                                              ; yes                                        ;
; FsoDeliveryMonitor:delivery_monitor|FsoDeliveryCounter64:compared_count|gen_limb[0].gen_align.delay_q[1][8]  ; yes                                                              ; yes                                        ;
; FsoDeliveryMonitor:delivery_monitor|FsoDeliveryCounter64:expected_count|gen_limb[0].gen_align.delay_q[2][8]  ; yes                                                              ; yes                                        ;
; FsoDeliveryMonitor:delivery_monitor|FsoDeliveryCounter64:complete_count|gen_limb[0].gen_align.delay_q[2][8]  ; yes                                                              ; yes                                        ;
; FsoDeliveryMonitor:delivery_monitor|FsoDeliveryCounter64:expected_count|gen_limb[2].gen_align.delay_q[0][8]  ; yes                                                              ; yes                                        ;
; FsoDeliveryMonitor:delivery_monitor|FsoDeliveryCounter64:error_count|gen_limb[0].gen_align.delay_q[0][8]     ; yes                                                              ; yes                                        ;
; FsoDeliveryMonitor:delivery_monitor|FsoDeliveryCounter64:rx1_count|gen_limb[0].gen_align.delay_q[0][8]       ; yes                                                              ; yes                                        ;
; FsoDeliveryMonitor:delivery_monitor|FsoDeliveryCounter64:rx2_count|gen_limb[0].gen_align.delay_q[0][8]       ; yes                                                              ; yes                                        ;
; FsoDeliveryMonitor:delivery_monitor|FsoDeliveryCounter64:good_count|gen_limb[0].gen_align.delay_q[1][9]      ; yes                                                              ; yes                                        ;
; FsoDeliveryMonitor:delivery_monitor|FsoDeliveryCounter64:compared_count|gen_limb[0].gen_align.delay_q[1][9]  ; yes                                                              ; yes                                        ;
; FsoDeliveryMonitor:delivery_monitor|FsoDeliveryCounter64:expected_count|gen_limb[0].gen_align.delay_q[2][9]  ; yes                                                              ; yes                                        ;
; FsoDeliveryMonitor:delivery_monitor|FsoDeliveryCounter64:complete_count|gen_limb[0].gen_align.delay_q[2][9]  ; yes                                                              ; yes                                        ;
; FsoDeliveryMonitor:delivery_monitor|FsoDeliveryCounter64:expected_count|gen_limb[2].gen_align.delay_q[0][9]  ; yes                                                              ; yes                                        ;
; FsoDeliveryMonitor:delivery_monitor|FsoDeliveryCounter64:error_count|gen_limb[0].gen_align.delay_q[0][9]     ; yes                                                              ; yes                                        ;
; FsoDeliveryMonitor:delivery_monitor|FsoDeliveryCounter64:rx1_count|gen_limb[0].gen_align.delay_q[0][9]       ; yes                                                              ; yes                                        ;
; FsoDeliveryMonitor:delivery_monitor|FsoDeliveryCounter64:rx2_count|gen_limb[0].gen_align.delay_q[0][9]       ; yes                                                              ; yes                                        ;
; FsoDeliveryMonitor:delivery_monitor|FsoDeliveryCounter64:good_count|gen_limb[0].gen_align.delay_q[1][10]     ; yes                                                              ; yes                                        ;
; FsoDeliveryMonitor:delivery_monitor|FsoDeliveryCounter64:compared_count|gen_limb[0].gen_align.delay_q[1][10] ; yes                                                              ; yes                                        ;
; FsoDeliveryMonitor:delivery_monitor|FsoDeliveryCounter64:expected_count|gen_limb[0].gen_align.delay_q[2][10] ; yes                                                              ; yes                                        ;
; FsoDeliveryMonitor:delivery_monitor|FsoDeliveryCounter64:complete_count|gen_limb[0].gen_align.delay_q[2][10] ; yes                                                              ; yes                                        ;
; FsoDeliveryMonitor:delivery_monitor|FsoDeliveryCounter64:expected_count|gen_limb[2].gen_align.delay_q[0][10] ; yes                                                              ; yes                                        ;
; FsoDeliveryMonitor:delivery_monitor|FsoDeliveryCounter64:error_count|gen_limb[0].gen_align.delay_q[0][10]    ; yes                                                              ; yes                                        ;
; FsoDeliveryMonitor:delivery_monitor|FsoDeliveryCounter64:rx1_count|gen_limb[0].gen_align.delay_q[0][10]      ; yes                                                              ; yes                                        ;
; FsoDeliveryMonitor:delivery_monitor|FsoDeliveryCounter64:rx2_count|gen_limb[0].gen_align.delay_q[0][10]      ; yes                                                              ; yes                                        ;
; FsoDeliveryMonitor:delivery_monitor|FsoDeliveryCounter64:good_count|gen_limb[0].gen_align.delay_q[1][11]     ; yes                                                              ; yes                                        ;
; FsoDeliveryMonitor:delivery_monitor|FsoDeliveryCounter64:compared_count|gen_limb[0].gen_align.delay_q[1][11] ; yes                                                              ; yes                                        ;
; FsoDeliveryMonitor:delivery_monitor|FsoDeliveryCounter64:expected_count|gen_limb[0].gen_align.delay_q[2][11] ; yes                                                              ; yes                                        ;
; FsoDeliveryMonitor:delivery_monitor|FsoDeliveryCounter64:complete_count|gen_limb[0].gen_align.delay_q[2][11] ; yes                                                              ; yes                                        ;
; FsoDeliveryMonitor:delivery_monitor|FsoDeliveryCounter64:expected_count|gen_limb[2].gen_align.delay_q[0][11] ; yes                                                              ; yes                                        ;
; FsoDeliveryMonitor:delivery_monitor|FsoDeliveryCounter64:error_count|gen_limb[0].gen_align.delay_q[0][11]    ; yes                                                              ; yes                                        ;
; FsoDeliveryMonitor:delivery_monitor|FsoDeliveryCounter64:rx1_count|gen_limb[0].gen_align.delay_q[0][11]      ; yes                                                              ; yes                                        ;
; FsoDeliveryMonitor:delivery_monitor|FsoDeliveryCounter64:rx2_count|gen_limb[0].gen_align.delay_q[0][11]      ; yes                                                              ; yes                                        ;
; FsoDeliveryMonitor:delivery_monitor|FsoDeliveryCounter64:good_count|gen_limb[0].gen_align.delay_q[1][12]     ; yes                                                              ; yes                                        ;
; FsoDeliveryMonitor:delivery_monitor|FsoDeliveryCounter64:compared_count|gen_limb[0].gen_align.delay_q[1][12] ; yes                                                              ; yes                                        ;
; FsoDeliveryMonitor:delivery_monitor|FsoDeliveryCounter64:expected_count|gen_limb[0].gen_align.delay_q[2][12] ; yes                                                              ; yes                                        ;
; FsoDeliveryMonitor:delivery_monitor|FsoDeliveryCounter64:complete_count|gen_limb[0].gen_align.delay_q[2][12] ; yes                                                              ; yes                                        ;
; FsoDeliveryMonitor:delivery_monitor|FsoDeliveryCounter64:expected_count|gen_limb[2].gen_align.delay_q[0][12] ; yes                                                              ; yes                                        ;
; FsoDeliveryMonitor:delivery_monitor|FsoDeliveryCounter64:error_count|gen_limb[0].gen_align.delay_q[0][12]    ; yes                                                              ; yes                                        ;
; FsoDeliveryMonitor:delivery_monitor|FsoDeliveryCounter64:rx1_count|gen_limb[0].gen_align.delay_q[0][12]      ; yes                                                              ; yes                                        ;
; FsoDeliveryMonitor:delivery_monitor|FsoDeliveryCounter64:rx2_count|gen_limb[0].gen_align.delay_q[0][12]      ; yes                                                              ; yes                                        ;
; FsoDeliveryMonitor:delivery_monitor|FsoDeliveryCounter64:good_count|gen_limb[0].gen_align.delay_q[1][13]     ; yes                                                              ; yes                                        ;
; FsoDeliveryMonitor:delivery_monitor|FsoDeliveryCounter64:compared_count|gen_limb[0].gen_align.delay_q[1][13] ; yes                                                              ; yes                                        ;
; FsoDeliveryMonitor:delivery_monitor|FsoDeliveryCounter64:expected_count|gen_limb[0].gen_align.delay_q[2][13] ; yes                                                              ; yes                                        ;
; FsoDeliveryMonitor:delivery_monitor|FsoDeliveryCounter64:complete_count|gen_limb[0].gen_align.delay_q[2][13] ; yes                                                              ; yes                                        ;
; FsoDeliveryMonitor:delivery_monitor|FsoDeliveryCounter64:expected_count|gen_limb[2].gen_align.delay_q[0][13] ; yes                                                              ; yes                                        ;
; FsoDeliveryMonitor:delivery_monitor|FsoDeliveryCounter64:error_count|gen_limb[0].gen_align.delay_q[0][13]    ; yes                                                              ; yes                                        ;
; FsoDeliveryMonitor:delivery_monitor|FsoDeliveryCounter64:rx1_count|gen_limb[0].gen_align.delay_q[0][13]      ; yes                                                              ; yes                                        ;
; FsoDeliveryMonitor:delivery_monitor|FsoDeliveryCounter64:rx2_count|gen_limb[0].gen_align.delay_q[0][13]      ; yes                                                              ; yes                                        ;
; FsoDeliveryMonitor:delivery_monitor|FsoDeliveryCounter64:good_count|gen_limb[0].gen_align.delay_q[1][14]     ; yes                                                              ; yes                                        ;
; FsoDeliveryMonitor:delivery_monitor|FsoDeliveryCounter64:compared_count|gen_limb[0].gen_align.delay_q[1][14] ; yes                                                              ; yes                                        ;
; FsoDeliveryMonitor:delivery_monitor|FsoDeliveryCounter64:expected_count|gen_limb[0].gen_align.delay_q[2][14] ; yes                                                              ; yes                                        ;
; FsoDeliveryMonitor:delivery_monitor|FsoDeliveryCounter64:complete_count|gen_limb[0].gen_align.delay_q[2][14] ; yes                                                              ; yes                                        ;
; FsoDeliveryMonitor:delivery_monitor|FsoDeliveryCounter64:expected_count|gen_limb[2].gen_align.delay_q[0][14] ; yes                                                              ; yes                                        ;
; FsoDeliveryMonitor:delivery_monitor|FsoDeliveryCounter64:error_count|gen_limb[0].gen_align.delay_q[0][14]    ; yes                                                              ; yes                                        ;
; FsoDeliveryMonitor:delivery_monitor|FsoDeliveryCounter64:rx1_count|gen_limb[0].gen_align.delay_q[0][14]      ; yes                                                              ; yes                                        ;
; FsoDeliveryMonitor:delivery_monitor|FsoDeliveryCounter64:rx2_count|gen_limb[0].gen_align.delay_q[0][14]      ; yes                                                              ; yes                                        ;
; FsoDeliveryMonitor:delivery_monitor|FsoDeliveryCounter64:good_count|gen_limb[0].gen_align.delay_q[1][15]     ; yes                                                              ; yes                                        ;
; FsoDeliveryMonitor:delivery_monitor|FsoDeliveryCounter64:compared_count|gen_limb[0].gen_align.delay_q[1][15] ; yes                                                              ; yes                                        ;
; FsoDeliveryMonitor:delivery_monitor|FsoDeliveryCounter64:expected_count|gen_limb[0].gen_align.delay_q[2][15] ; yes                                                              ; yes                                        ;
; FsoDeliveryMonitor:delivery_monitor|FsoDeliveryCounter64:complete_count|gen_limb[0].gen_align.delay_q[2][15] ; yes                                                              ; yes                                        ;
; FsoDeliveryMonitor:delivery_monitor|FsoDeliveryCounter64:expected_count|gen_limb[2].gen_align.delay_q[0][15] ; yes                                                              ; yes                                        ;
; FsoDeliveryMonitor:delivery_monitor|FsoDeliveryCounter64:error_count|gen_limb[0].gen_align.delay_q[0][15]    ; yes                                                              ; yes                                        ;
; FsoDeliveryMonitor:delivery_monitor|FsoDeliveryCounter64:rx1_count|gen_limb[0].gen_align.delay_q[0][15]      ; yes                                                              ; yes                                        ;
; FsoDeliveryMonitor:delivery_monitor|FsoDeliveryCounter64:rx2_count|gen_limb[0].gen_align.delay_q[0][15]      ; yes                                                              ; yes                                        ;
; FsoDeliveryMonitor:delivery_monitor|FsoDeliveryCounter64:expected_count|gen_limb[1].gen_align.delay_q[0][0]  ; yes                                                              ; yes                                        ;
; FsoDeliveryMonitor:delivery_monitor|FsoDeliveryCounter64:error_count|gen_limb[1].gen_align.delay_q[0][0]     ; yes                                                              ; yes                                        ;
; FsoDeliveryMonitor:delivery_monitor|FsoDeliveryCounter64:good_count|gen_limb[1].gen_align.delay_q[0][0]      ; yes                                                              ; yes                                        ;
; FsoDeliveryMonitor:delivery_monitor|FsoDeliveryCounter64:rx2_count|gen_limb[1].gen_align.delay_q[0][0]       ; yes                                                              ; yes                                        ;
; FsoDeliveryMonitor:delivery_monitor|FsoDeliveryCounter64:complete_count|gen_limb[1].gen_align.delay_q[0][0]  ; yes                                                              ; yes                                        ;
; FsoDeliveryMonitor:delivery_monitor|FsoDeliveryCounter64:rx1_count|gen_limb[1].gen_align.delay_q[0][0]       ; yes                                                              ; yes                                        ;
; FsoDeliveryMonitor:delivery_monitor|FsoDeliveryCounter64:compared_count|gen_limb[1].gen_align.delay_q[0][0]  ; yes                                                              ; yes                                        ;
; FsoDeliveryMonitor:delivery_monitor|FsoDeliveryCounter64:good_count|gen_limb[1].gen_align.delay_q[0][3]      ; yes                                                              ; yes                                        ;
; FsoDeliveryMonitor:delivery_monitor|FsoDeliveryCounter64:compared_count|gen_limb[1].gen_align.delay_q[0][3]  ; yes                                                              ; yes                                        ;
; FsoDeliveryMonitor:delivery_monitor|FsoDeliveryCounter64:expected_count|gen_limb[1].gen_align.delay_q[1][3]  ; yes                                                              ; yes                                        ;
; FsoDeliveryMonitor:delivery_monitor|FsoDeliveryCounter64:complete_count|gen_limb[1].gen_align.delay_q[1][3]  ; yes                                                              ; yes                                        ;
; FsoDeliveryMonitor:delivery_monitor|FsoDeliveryCounter64:expected_count|gen_limb[3].q[3]                     ; yes                                                              ; yes                                        ;
; FsoDeliveryMonitor:delivery_monitor|FsoDeliveryCounter64:expected_count|gen_limb[1].gen_align.delay_q[0][5]  ; yes                                                              ; yes                                        ;
; FsoDeliveryMonitor:delivery_monitor|FsoDeliveryCounter64:error_count|gen_limb[1].gen_align.delay_q[0][5]     ; yes                                                              ; yes                                        ;
; FsoDeliveryMonitor:delivery_monitor|FsoDeliveryCounter64:good_count|gen_limb[1].gen_align.delay_q[0][5]      ; yes                                                              ; yes                                        ;
; FsoDeliveryMonitor:delivery_monitor|FsoDeliveryCounter64:rx2_count|gen_limb[1].gen_align.delay_q[0][5]       ; yes                                                              ; yes                                        ;
; FsoDeliveryMonitor:delivery_monitor|FsoDeliveryCounter64:complete_count|gen_limb[1].gen_align.delay_q[0][5]  ; yes                                                              ; yes                                        ;
; FsoDeliveryMonitor:delivery_monitor|FsoDeliveryCounter64:rx1_count|gen_limb[1].gen_align.delay_q[0][5]       ; yes                                                              ; yes                                        ;
; FsoDeliveryMonitor:delivery_monitor|FsoDeliveryCounter64:compared_count|gen_limb[1].gen_align.delay_q[0][5]  ; yes                                                              ; yes                                        ;
; FsoDeliveryMonitor:delivery_monitor|FsoDeliveryCounter64:expected_count|gen_limb[1].gen_align.delay_q[0][8]  ; yes                                                              ; yes                                        ;
; FsoDeliveryMonitor:delivery_monitor|FsoDeliveryCounter64:error_count|gen_limb[1].gen_align.delay_q[0][8]     ; yes                                                              ; yes                                        ;
; FsoDeliveryMonitor:delivery_monitor|FsoDeliveryCounter64:good_count|gen_limb[1].gen_align.delay_q[0][8]      ; yes                                                              ; yes                                        ;
; FsoDeliveryMonitor:delivery_monitor|FsoDeliveryCounter64:rx2_count|gen_limb[1].gen_align.delay_q[0][8]       ; yes                                                              ; yes                                        ;
; FsoDeliveryMonitor:delivery_monitor|FsoDeliveryCounter64:complete_count|gen_limb[1].gen_align.delay_q[0][8]  ; yes                                                              ; yes                                        ;
; FsoDeliveryMonitor:delivery_monitor|FsoDeliveryCounter64:rx1_count|gen_limb[1].gen_align.delay_q[0][8]       ; yes                                                              ; yes                                        ;
; FsoDeliveryMonitor:delivery_monitor|FsoDeliveryCounter64:compared_count|gen_limb[1].gen_align.delay_q[0][8]  ; yes                                                              ; yes                                        ;
; FsoDeliveryMonitor:delivery_monitor|FsoDeliveryCounter64:compared_count|gen_limb[2].gen_align.delay_q[0][1]  ; yes                                                              ; yes                                        ;
; FsoDeliveryMonitor:delivery_monitor|FsoDeliveryCounter64:error_count|gen_limb[2].gen_align.delay_q[0][1]     ; yes                                                              ; yes                                        ;
; FsoDeliveryMonitor:delivery_monitor|FsoDeliveryCounter64:error_count|gen_limb[0].gen_align.delay_q[2][1]     ; yes                                                              ; yes                                        ;
; FsoDeliveryMonitor:delivery_monitor|FsoDeliveryCounter64:rx1_count|gen_limb[0].gen_align.delay_q[2][1]       ; yes                                                              ; yes                                        ;
; FsoDeliveryMonitor:delivery_monitor|FsoDeliveryCounter64:rx1_count|gen_limb[2].gen_align.delay_q[0][1]       ; yes                                                              ; yes                                        ;
; FsoDeliveryMonitor:delivery_monitor|FsoDeliveryCounter64:rx2_count|gen_limb[2].gen_align.delay_q[0][1]       ; yes                                                              ; yes                                        ;
; FsoDeliveryMonitor:delivery_monitor|FsoDeliveryCounter64:rx2_count|gen_limb[0].gen_align.delay_q[2][1]       ; yes                                                              ; yes                                        ;
; FsoDeliveryMonitor:delivery_monitor|FsoDeliveryCounter64:compared_count|gen_limb[2].gen_align.delay_q[0][2]  ; yes                                                              ; yes                                        ;
; FsoDeliveryMonitor:delivery_monitor|FsoDeliveryCounter64:error_count|gen_limb[2].gen_align.delay_q[0][2]     ; yes                                                              ; yes                                        ;
; FsoDeliveryMonitor:delivery_monitor|FsoDeliveryCounter64:error_count|gen_limb[0].gen_align.delay_q[2][2]     ; yes                                                              ; yes                                        ;
; FsoDeliveryMonitor:delivery_monitor|FsoDeliveryCounter64:rx1_count|gen_limb[0].gen_align.delay_q[2][2]       ; yes                                                              ; yes                                        ;
; FsoDeliveryMonitor:delivery_monitor|FsoDeliveryCounter64:expected_count|gen_limb[2].gen_align.delay_q[0][2]  ; yes                                                              ; yes                                        ;
; FsoDeliveryMonitor:delivery_monitor|FsoDeliveryCounter64:expected_count|gen_limb[0].gen_align.delay_q[2][2]  ; yes                                                              ; yes                                        ;
; FsoDeliveryMonitor:delivery_monitor|FsoDeliveryCounter64:complete_count|gen_limb[0].gen_align.delay_q[2][2]  ; yes                                                              ; yes                                        ;
; FsoDeliveryMonitor:delivery_monitor|FsoDeliveryCounter64:complete_count|gen_limb[2].gen_align.delay_q[0][2]  ; yes                                                              ; yes                                        ;
; FsoDeliveryMonitor:delivery_monitor|FsoDeliveryCounter64:rx1_count|gen_limb[2].gen_align.delay_q[0][2]       ; yes                                                              ; yes                                        ;
; FsoDeliveryMonitor:delivery_monitor|FsoDeliveryCounter64:good_count|gen_limb[2].gen_align.delay_q[0][2]      ; yes                                                              ; yes                                        ;
; FsoDeliveryMonitor:delivery_monitor|FsoDeliveryCounter64:rx2_count|gen_limb[2].gen_align.delay_q[0][2]       ; yes                                                              ; yes                                        ;
; FsoDeliveryMonitor:delivery_monitor|FsoDeliveryCounter64:good_count|gen_limb[0].gen_align.delay_q[2][2]      ; yes                                                              ; yes                                        ;
; FsoDeliveryMonitor:delivery_monitor|FsoDeliveryCounter64:rx2_count|gen_limb[0].gen_align.delay_q[2][2]       ; yes                                                              ; yes                                        ;
; FsoDeliveryMonitor:delivery_monitor|FsoDeliveryCounter64:compared_count|gen_limb[0].gen_align.delay_q[2][2]  ; yes                                                              ; yes                                        ;
; FsoDeliveryMonitor:delivery_monitor|FsoDeliveryCounter64:complete_count|gen_limb[2].gen_align.delay_q[0][3]  ; yes                                                              ; yes                                        ;
; FsoDeliveryMonitor:delivery_monitor|FsoDeliveryCounter64:expected_count|gen_limb[2].gen_align.delay_q[0][3]  ; yes                                                              ; yes                                        ;
; FsoDeliveryMonitor:delivery_monitor|FsoDeliveryCounter64:good_count|gen_limb[2].gen_align.delay_q[0][3]      ; yes                                                              ; yes                                        ;
; FsoDeliveryMonitor:delivery_monitor|FsoDeliveryCounter64:expected_count|gen_limb[0].gen_align.delay_q[2][3]  ; yes                                                              ; yes                                        ;
; FsoDeliveryMonitor:delivery_monitor|FsoDeliveryCounter64:good_count|gen_limb[0].gen_align.delay_q[2][3]      ; yes                                                              ; yes                                        ;
; FsoDeliveryMonitor:delivery_monitor|FsoDeliveryCounter64:complete_count|gen_limb[0].gen_align.delay_q[2][3]  ; yes                                                              ; yes                                        ;
; FsoDeliveryMonitor:delivery_monitor|FsoDeliveryCounter64:compared_count|gen_limb[0].gen_align.delay_q[2][3]  ; yes                                                              ; yes                                        ;
; FsoDeliveryMonitor:delivery_monitor|FsoDeliveryCounter64:compared_count|gen_limb[2].gen_align.delay_q[0][3]  ; yes                                                              ; yes                                        ;
; FsoDeliveryMonitor:delivery_monitor|FsoDeliveryCounter64:error_count|gen_limb[2].gen_align.delay_q[0][3]     ; yes                                                              ; yes                                        ;
; FsoDeliveryMonitor:delivery_monitor|FsoDeliveryCounter64:error_count|gen_limb[0].gen_align.delay_q[2][3]     ; yes                                                              ; yes                                        ;
; FsoDeliveryMonitor:delivery_monitor|FsoDeliveryCounter64:rx1_count|gen_limb[0].gen_align.delay_q[2][3]       ; yes                                                              ; yes                                        ;
; FsoDeliveryMonitor:delivery_monitor|FsoDeliveryCounter64:rx1_count|gen_limb[2].gen_align.delay_q[0][3]       ; yes                                                              ; yes                                        ;
; FsoDeliveryMonitor:delivery_monitor|FsoDeliveryCounter64:rx2_count|gen_limb[2].gen_align.delay_q[0][3]       ; yes                                                              ; yes                                        ;
; FsoDeliveryMonitor:delivery_monitor|FsoDeliveryCounter64:rx2_count|gen_limb[0].gen_align.delay_q[2][3]       ; yes                                                              ; yes                                        ;
; FsoDeliveryMonitor:delivery_monitor|FsoDeliveryCounter64:expected_count|gen_limb[2].gen_align.delay_q[0][5]  ; yes                                                              ; yes                                        ;
; FsoDeliveryMonitor:delivery_monitor|FsoDeliveryCounter64:expected_count|gen_limb[2].gen_align.delay_q[0][4]  ; yes                                                              ; yes                                        ;
; FsoDeliveryMonitor:delivery_monitor|FsoDeliveryCounter64:expected_count|gen_limb[2].gen_align.delay_q[0][1]  ; yes                                                              ; yes                                        ;
; FsoDeliveryMonitor:delivery_monitor|FsoDeliveryCounter64:expected_count|gen_limb[0].gen_align.delay_q[2][5]  ; yes                                                              ; yes                                        ;
; FsoDeliveryMonitor:delivery_monitor|FsoDeliveryCounter64:expected_count|gen_limb[0].gen_align.delay_q[2][4]  ; yes                                                              ; yes                                        ;
; FsoDeliveryMonitor:delivery_monitor|FsoDeliveryCounter64:expected_count|gen_limb[0].gen_align.delay_q[2][1]  ; yes                                                              ; yes                                        ;
; FsoDeliveryMonitor:delivery_monitor|FsoDeliveryCounter64:compared_count|gen_limb[2].gen_align.delay_q[0][5]  ; yes                                                              ; yes                                        ;
; FsoDeliveryMonitor:delivery_monitor|FsoDeliveryCounter64:complete_count|gen_limb[2].gen_align.delay_q[0][5]  ; yes                                                              ; yes                                        ;
; FsoDeliveryMonitor:delivery_monitor|FsoDeliveryCounter64:rx1_count|gen_limb[2].gen_align.delay_q[0][5]       ; yes                                                              ; yes                                        ;
; FsoDeliveryMonitor:delivery_monitor|FsoDeliveryCounter64:error_count|gen_limb[2].gen_align.delay_q[0][5]     ; yes                                                              ; yes                                        ;
; FsoDeliveryMonitor:delivery_monitor|FsoDeliveryCounter64:good_count|gen_limb[2].gen_align.delay_q[0][5]      ; yes                                                              ; yes                                        ;
; FsoDeliveryMonitor:delivery_monitor|FsoDeliveryCounter64:rx2_count|gen_limb[2].gen_align.delay_q[0][5]       ; yes                                                              ; yes                                        ;
; FsoDeliveryMonitor:delivery_monitor|FsoDeliveryCounter64:error_count|gen_limb[0].gen_align.delay_q[2][5]     ; yes                                                              ; yes                                        ;
; FsoDeliveryMonitor:delivery_monitor|FsoDeliveryCounter64:good_count|gen_limb[0].gen_align.delay_q[2][5]      ; yes                                                              ; yes                                        ;
; FsoDeliveryMonitor:delivery_monitor|FsoDeliveryCounter64:rx2_count|gen_limb[0].gen_align.delay_q[2][5]       ; yes                                                              ; yes                                        ;
; FsoDeliveryMonitor:delivery_monitor|FsoDeliveryCounter64:complete_count|gen_limb[0].gen_align.delay_q[2][5]  ; yes                                                              ; yes                                        ;
; FsoDeliveryMonitor:delivery_monitor|FsoDeliveryCounter64:rx1_count|gen_limb[0].gen_align.delay_q[2][5]       ; yes                                                              ; yes                                        ;
; FsoDeliveryMonitor:delivery_monitor|FsoDeliveryCounter64:compared_count|gen_limb[0].gen_align.delay_q[2][5]  ; yes                                                              ; yes                                        ;
; FsoDeliveryMonitor:delivery_monitor|FsoDeliveryCounter64:timer_count|gen_limb[2].gen_align.delay_q[0][0]     ; yes                                                              ; yes                                        ;
; FsoDeliveryMonitor:delivery_monitor|FsoDeliveryCounter64:expected_count|gen_limb[2].q[0]                     ; yes                                                              ; yes                                        ;
; FsoDeliveryMonitor:delivery_monitor|FsoDeliveryCounter64:compared_count|gen_limb[2].q[0]                     ; yes                                                              ; yes                                        ;
; FsoDeliveryMonitor:delivery_monitor|FsoDeliveryCounter64:error_count|gen_limb[2].q[0]                        ; yes                                                              ; yes                                        ;
; FsoDeliveryMonitor:delivery_monitor|FsoDeliveryCounter64:complete_count|gen_limb[2].q[0]                     ; yes                                                              ; yes                                        ;
; FsoDeliveryMonitor:delivery_monitor|FsoDeliveryCounter64:good_count|gen_limb[2].q[0]                         ; yes                                                              ; yes                                        ;
; FsoDeliveryMonitor:delivery_monitor|FsoDeliveryCounter64:rx1_count|gen_limb[2].q[0]                          ; yes                                                              ; yes                                        ;
; FsoDeliveryMonitor:delivery_monitor|FsoDeliveryCounter64:rx2_count|gen_limb[2].q[0]                          ; yes                                                              ; yes                                        ;
; FsoDeliveryMonitor:delivery_monitor|FsoDeliveryCounter64:timer_count|gen_limb[0].gen_align.delay_q[2][0]     ; yes                                                              ; yes                                        ;
; FsoDeliveryMonitor:delivery_monitor|FsoDeliveryCounter64:timer_count|gen_limb[0].gen_align.delay_q[2][6]     ; yes                                                              ; yes                                        ;
; FsoDeliveryMonitor:delivery_monitor|FsoDeliveryCounter64:good_count|gen_limb[0].gen_align.delay_q[0][6]      ; yes                                                              ; yes                                        ;
; FsoDeliveryMonitor:delivery_monitor|FsoDeliveryCounter64:compared_count|gen_limb[0].gen_align.delay_q[0][6]  ; yes                                                              ; yes                                        ;
; FsoDeliveryMonitor:delivery_monitor|FsoDeliveryCounter64:expected_count|gen_limb[0].gen_align.delay_q[1][6]  ; yes                                                              ; yes                                        ;
; FsoDeliveryMonitor:delivery_monitor|FsoDeliveryCounter64:complete_count|gen_limb[0].gen_align.delay_q[1][6]  ; yes                                                              ; yes                                        ;
; FsoDeliveryMonitor:delivery_monitor|FsoDeliveryCounter64:compared_count|gen_limb[2].q[6]                     ; yes                                                              ; yes                                        ;
; FsoDeliveryMonitor:delivery_monitor|FsoDeliveryCounter64:error_count|gen_limb[2].q[6]                        ; yes                                                              ; yes                                        ;
; FsoDeliveryMonitor:delivery_monitor|FsoDeliveryCounter64:rx1_count|gen_limb[2].q[6]                          ; yes                                                              ; yes                                        ;
; FsoDeliveryMonitor:delivery_monitor|FsoDeliveryCounter64:rx2_count|gen_limb[2].q[6]                          ; yes                                                              ; yes                                        ;
; FsoDeliveryMonitor:delivery_monitor|FsoDeliveryCounter64:good_count|gen_limb[0].gen_align.delay_q[0][7]      ; yes                                                              ; yes                                        ;
; FsoDeliveryMonitor:delivery_monitor|FsoDeliveryCounter64:compared_count|gen_limb[0].gen_align.delay_q[0][7]  ; yes                                                              ; yes                                        ;
; FsoDeliveryMonitor:delivery_monitor|FsoDeliveryCounter64:expected_count|gen_limb[0].gen_align.delay_q[1][7]  ; yes                                                              ; yes                                        ;
; FsoDeliveryMonitor:delivery_monitor|FsoDeliveryCounter64:complete_count|gen_limb[0].gen_align.delay_q[1][7]  ; yes                                                              ; yes                                        ;
; FsoDeliveryMonitor:delivery_monitor|FsoDeliveryCounter64:compared_count|gen_limb[2].q[7]                     ; yes                                                              ; yes                                        ;
; FsoDeliveryMonitor:delivery_monitor|FsoDeliveryCounter64:error_count|gen_limb[2].q[7]                        ; yes                                                              ; yes                                        ;
; FsoDeliveryMonitor:delivery_monitor|FsoDeliveryCounter64:rx1_count|gen_limb[2].q[7]                          ; yes                                                              ; yes                                        ;
; FsoDeliveryMonitor:delivery_monitor|FsoDeliveryCounter64:rx2_count|gen_limb[2].q[7]                          ; yes                                                              ; yes                                        ;
; FsoDeliveryMonitor:delivery_monitor|FsoDeliveryCounter64:timer_count|gen_limb[0].gen_align.delay_q[2][7]     ; yes                                                              ; yes                                        ;
; FsoDeliveryMonitor:delivery_monitor|FsoDeliveryCounter64:good_count|gen_limb[0].gen_align.delay_q[0][8]      ; yes                                                              ; yes                                        ;
; FsoDeliveryMonitor:delivery_monitor|FsoDeliveryCounter64:compared_count|gen_limb[0].gen_align.delay_q[0][8]  ; yes                                                              ; yes                                        ;
; FsoDeliveryMonitor:delivery_monitor|FsoDeliveryCounter64:expected_count|gen_limb[0].gen_align.delay_q[1][8]  ; yes                                                              ; yes                                        ;
; FsoDeliveryMonitor:delivery_monitor|FsoDeliveryCounter64:complete_count|gen_limb[0].gen_align.delay_q[1][8]  ; yes                                                              ; yes                                        ;
; FsoDeliveryMonitor:delivery_monitor|FsoDeliveryCounter64:timer_count|gen_limb[0].gen_align.delay_q[2][8]     ; yes                                                              ; yes                                        ;
; FsoDeliveryMonitor:delivery_monitor|FsoDeliveryCounter64:compared_count|gen_limb[2].q[8]                     ; yes                                                              ; yes                                        ;
; FsoDeliveryMonitor:delivery_monitor|FsoDeliveryCounter64:error_count|gen_limb[2].q[8]                        ; yes                                                              ; yes                                        ;
; FsoDeliveryMonitor:delivery_monitor|FsoDeliveryCounter64:rx1_count|gen_limb[2].q[8]                          ; yes                                                              ; yes                                        ;
; FsoDeliveryMonitor:delivery_monitor|FsoDeliveryCounter64:rx2_count|gen_limb[2].q[8]                          ; yes                                                              ; yes                                        ;
; FsoDeliveryMonitor:delivery_monitor|FsoDeliveryCounter64:good_count|gen_limb[0].gen_align.delay_q[0][9]      ; yes                                                              ; yes                                        ;
; FsoDeliveryMonitor:delivery_monitor|FsoDeliveryCounter64:compared_count|gen_limb[0].gen_align.delay_q[0][9]  ; yes                                                              ; yes                                        ;
; FsoDeliveryMonitor:delivery_monitor|FsoDeliveryCounter64:expected_count|gen_limb[0].gen_align.delay_q[1][9]  ; yes                                                              ; yes                                        ;
; FsoDeliveryMonitor:delivery_monitor|FsoDeliveryCounter64:complete_count|gen_limb[0].gen_align.delay_q[1][9]  ; yes                                                              ; yes                                        ;
; FsoDeliveryMonitor:delivery_monitor|FsoDeliveryCounter64:compared_count|gen_limb[2].q[9]                     ; yes                                                              ; yes                                        ;
; FsoDeliveryMonitor:delivery_monitor|FsoDeliveryCounter64:error_count|gen_limb[2].q[9]                        ; yes                                                              ; yes                                        ;
; FsoDeliveryMonitor:delivery_monitor|FsoDeliveryCounter64:rx1_count|gen_limb[2].q[9]                          ; yes                                                              ; yes                                        ;
; FsoDeliveryMonitor:delivery_monitor|FsoDeliveryCounter64:rx2_count|gen_limb[2].q[9]                          ; yes                                                              ; yes                                        ;
; FsoDeliveryMonitor:delivery_monitor|FsoDeliveryCounter64:timer_count|gen_limb[0].gen_align.delay_q[2][9]     ; yes                                                              ; yes                                        ;
; FsoDeliveryMonitor:delivery_monitor|FsoDeliveryCounter64:good_count|gen_limb[0].gen_align.delay_q[0][10]     ; yes                                                              ; yes                                        ;
; FsoDeliveryMonitor:delivery_monitor|FsoDeliveryCounter64:compared_count|gen_limb[0].gen_align.delay_q[0][10] ; yes                                                              ; yes                                        ;
; FsoDeliveryMonitor:delivery_monitor|FsoDeliveryCounter64:expected_count|gen_limb[0].gen_align.delay_q[1][10] ; yes                                                              ; yes                                        ;
; FsoDeliveryMonitor:delivery_monitor|FsoDeliveryCounter64:complete_count|gen_limb[0].gen_align.delay_q[1][10] ; yes                                                              ; yes                                        ;
; FsoDeliveryMonitor:delivery_monitor|FsoDeliveryCounter64:timer_count|gen_limb[0].gen_align.delay_q[2][10]    ; yes                                                              ; yes                                        ;
; FsoDeliveryMonitor:delivery_monitor|FsoDeliveryCounter64:compared_count|gen_limb[2].q[10]                    ; yes                                                              ; yes                                        ;
; FsoDeliveryMonitor:delivery_monitor|FsoDeliveryCounter64:error_count|gen_limb[2].q[10]                       ; yes                                                              ; yes                                        ;
; FsoDeliveryMonitor:delivery_monitor|FsoDeliveryCounter64:rx1_count|gen_limb[2].q[10]                         ; yes                                                              ; yes                                        ;
; FsoDeliveryMonitor:delivery_monitor|FsoDeliveryCounter64:rx2_count|gen_limb[2].q[10]                         ; yes                                                              ; yes                                        ;
; FsoDeliveryMonitor:delivery_monitor|FsoDeliveryCounter64:good_count|gen_limb[0].gen_align.delay_q[0][11]     ; yes                                                              ; yes                                        ;
; FsoDeliveryMonitor:delivery_monitor|FsoDeliveryCounter64:compared_count|gen_limb[0].gen_align.delay_q[0][11] ; yes                                                              ; yes                                        ;
; FsoDeliveryMonitor:delivery_monitor|FsoDeliveryCounter64:expected_count|gen_limb[0].gen_align.delay_q[1][11] ; yes                                                              ; yes                                        ;
; FsoDeliveryMonitor:delivery_monitor|FsoDeliveryCounter64:complete_count|gen_limb[0].gen_align.delay_q[1][11] ; yes                                                              ; yes                                        ;
; FsoDeliveryMonitor:delivery_monitor|FsoDeliveryCounter64:timer_count|gen_limb[0].gen_align.delay_q[2][11]    ; yes                                                              ; yes                                        ;
; FsoDeliveryMonitor:delivery_monitor|FsoDeliveryCounter64:compared_count|gen_limb[2].q[11]                    ; yes                                                              ; yes                                        ;
; FsoDeliveryMonitor:delivery_monitor|FsoDeliveryCounter64:error_count|gen_limb[2].q[11]                       ; yes                                                              ; yes                                        ;
; FsoDeliveryMonitor:delivery_monitor|FsoDeliveryCounter64:rx1_count|gen_limb[2].q[11]                         ; yes                                                              ; yes                                        ;
; FsoDeliveryMonitor:delivery_monitor|FsoDeliveryCounter64:rx2_count|gen_limb[2].q[11]                         ; yes                                                              ; yes                                        ;
; FsoDeliveryMonitor:delivery_monitor|FsoDeliveryCounter64:good_count|gen_limb[0].gen_align.delay_q[0][12]     ; yes                                                              ; yes                                        ;
; FsoDeliveryMonitor:delivery_monitor|FsoDeliveryCounter64:compared_count|gen_limb[0].gen_align.delay_q[0][12] ; yes                                                              ; yes                                        ;
; FsoDeliveryMonitor:delivery_monitor|FsoDeliveryCounter64:expected_count|gen_limb[0].gen_align.delay_q[1][12] ; yes                                                              ; yes                                        ;
; FsoDeliveryMonitor:delivery_monitor|FsoDeliveryCounter64:complete_count|gen_limb[0].gen_align.delay_q[1][12] ; yes                                                              ; yes                                        ;
; FsoDeliveryMonitor:delivery_monitor|FsoDeliveryCounter64:timer_count|gen_limb[0].gen_align.delay_q[2][12]    ; yes                                                              ; yes                                        ;
; FsoDeliveryMonitor:delivery_monitor|FsoDeliveryCounter64:compared_count|gen_limb[2].q[12]                    ; yes                                                              ; yes                                        ;
; FsoDeliveryMonitor:delivery_monitor|FsoDeliveryCounter64:error_count|gen_limb[2].q[12]                       ; yes                                                              ; yes                                        ;
; FsoDeliveryMonitor:delivery_monitor|FsoDeliveryCounter64:rx1_count|gen_limb[2].q[12]                         ; yes                                                              ; yes                                        ;
; FsoDeliveryMonitor:delivery_monitor|FsoDeliveryCounter64:rx2_count|gen_limb[2].q[12]                         ; yes                                                              ; yes                                        ;
; FsoDeliveryMonitor:delivery_monitor|FsoDeliveryCounter64:good_count|gen_limb[0].gen_align.delay_q[0][13]     ; yes                                                              ; yes                                        ;
; FsoDeliveryMonitor:delivery_monitor|FsoDeliveryCounter64:compared_count|gen_limb[0].gen_align.delay_q[0][13] ; yes                                                              ; yes                                        ;
; FsoDeliveryMonitor:delivery_monitor|FsoDeliveryCounter64:expected_count|gen_limb[0].gen_align.delay_q[1][13] ; yes                                                              ; yes                                        ;
; FsoDeliveryMonitor:delivery_monitor|FsoDeliveryCounter64:complete_count|gen_limb[0].gen_align.delay_q[1][13] ; yes                                                              ; yes                                        ;
; FsoDeliveryMonitor:delivery_monitor|FsoDeliveryCounter64:timer_count|gen_limb[0].gen_align.delay_q[2][13]    ; yes                                                              ; yes                                        ;
; FsoDeliveryMonitor:delivery_monitor|FsoDeliveryCounter64:compared_count|gen_limb[2].q[13]                    ; yes                                                              ; yes                                        ;
; FsoDeliveryMonitor:delivery_monitor|FsoDeliveryCounter64:error_count|gen_limb[2].q[13]                       ; yes                                                              ; yes                                        ;
; FsoDeliveryMonitor:delivery_monitor|FsoDeliveryCounter64:rx1_count|gen_limb[2].q[13]                         ; yes                                                              ; yes                                        ;
; FsoDeliveryMonitor:delivery_monitor|FsoDeliveryCounter64:rx2_count|gen_limb[2].q[13]                         ; yes                                                              ; yes                                        ;
; FsoDeliveryMonitor:delivery_monitor|FsoDeliveryCounter64:good_count|gen_limb[0].gen_align.delay_q[0][14]     ; yes                                                              ; yes                                        ;
; FsoDeliveryMonitor:delivery_monitor|FsoDeliveryCounter64:compared_count|gen_limb[0].gen_align.delay_q[0][14] ; yes                                                              ; yes                                        ;
; FsoDeliveryMonitor:delivery_monitor|FsoDeliveryCounter64:expected_count|gen_limb[0].gen_align.delay_q[1][14] ; yes                                                              ; yes                                        ;
; FsoDeliveryMonitor:delivery_monitor|FsoDeliveryCounter64:complete_count|gen_limb[0].gen_align.delay_q[1][14] ; yes                                                              ; yes                                        ;
; FsoDeliveryMonitor:delivery_monitor|FsoDeliveryCounter64:timer_count|gen_limb[0].gen_align.delay_q[2][14]    ; yes                                                              ; yes                                        ;
; FsoDeliveryMonitor:delivery_monitor|FsoDeliveryCounter64:compared_count|gen_limb[2].q[14]                    ; yes                                                              ; yes                                        ;
; FsoDeliveryMonitor:delivery_monitor|FsoDeliveryCounter64:error_count|gen_limb[2].q[14]                       ; yes                                                              ; yes                                        ;
; FsoDeliveryMonitor:delivery_monitor|FsoDeliveryCounter64:rx1_count|gen_limb[2].q[14]                         ; yes                                                              ; yes                                        ;
; FsoDeliveryMonitor:delivery_monitor|FsoDeliveryCounter64:rx2_count|gen_limb[2].q[14]                         ; yes                                                              ; yes                                        ;
; FsoDeliveryMonitor:delivery_monitor|FsoDeliveryCounter64:good_count|gen_limb[0].gen_align.delay_q[0][15]     ; yes                                                              ; yes                                        ;
; FsoDeliveryMonitor:delivery_monitor|FsoDeliveryCounter64:compared_count|gen_limb[0].gen_align.delay_q[0][15] ; yes                                                              ; yes                                        ;
; FsoDeliveryMonitor:delivery_monitor|FsoDeliveryCounter64:expected_count|gen_limb[0].gen_align.delay_q[1][15] ; yes                                                              ; yes                                        ;
; FsoDeliveryMonitor:delivery_monitor|FsoDeliveryCounter64:complete_count|gen_limb[0].gen_align.delay_q[1][15] ; yes                                                              ; yes                                        ;
; FsoDeliveryMonitor:delivery_monitor|FsoDeliveryCounter64:timer_count|gen_limb[0].gen_align.delay_q[2][15]    ; yes                                                              ; yes                                        ;
; FsoDeliveryMonitor:delivery_monitor|FsoDeliveryCounter64:compared_count|gen_limb[2].q[15]                    ; yes                                                              ; yes                                        ;
; FsoDeliveryMonitor:delivery_monitor|FsoDeliveryCounter64:error_count|gen_limb[2].q[15]                       ; yes                                                              ; yes                                        ;
; FsoDeliveryMonitor:delivery_monitor|FsoDeliveryCounter64:rx1_count|gen_limb[2].q[15]                         ; yes                                                              ; yes                                        ;
; FsoDeliveryMonitor:delivery_monitor|FsoDeliveryCounter64:rx2_count|gen_limb[2].q[15]                         ; yes                                                              ; yes                                        ;
; FsoDeliveryMonitor:delivery_monitor|FsoDeliveryCounter64:timer_count|gen_limb[1].gen_align.delay_q[1][1]     ; yes                                                              ; yes                                        ;
; FsoDeliveryMonitor:delivery_monitor|FsoDeliveryCounter64:timer_count|gen_limb[3].q[1]                        ; yes                                                              ; yes                                        ;
; FsoDeliveryMonitor:delivery_monitor|FsoDeliveryCounter64:timer_count|gen_limb[1].gen_align.delay_q[1][2]     ; yes                                                              ; yes                                        ;
; FsoDeliveryMonitor:delivery_monitor|FsoDeliveryCounter64:timer_count|gen_limb[3].q[2]                        ; yes                                                              ; yes                                        ;
; FsoDeliveryMonitor:delivery_monitor|FsoDeliveryCounter64:expected_count|gen_limb[1].gen_align.delay_q[0][3]  ; yes                                                              ; yes                                        ;
; FsoDeliveryMonitor:delivery_monitor|FsoDeliveryCounter64:complete_count|gen_limb[1].gen_align.delay_q[0][3]  ; yes                                                              ; yes                                        ;
; FsoDeliveryMonitor:delivery_monitor|FsoDeliveryCounter64:timer_count|gen_limb[1].gen_align.delay_q[1][3]     ; yes                                                              ; yes                                        ;
; FsoDeliveryMonitor:delivery_monitor|FsoDeliveryCounter64:timer_count|gen_limb[3].q[4]                        ; yes                                                              ; yes                                        ;
; FsoDeliveryMonitor:delivery_monitor|FsoDeliveryCounter64:timer_count|gen_limb[1].gen_align.delay_q[1][4]     ; yes                                                              ; yes                                        ;
; FsoDeliveryMonitor:delivery_monitor|FsoDeliveryCounter64:timer_count|gen_limb[3].q[6]                        ; yes                                                              ; yes                                        ;
; FsoDeliveryMonitor:delivery_monitor|FsoDeliveryCounter64:timer_count|gen_limb[1].gen_align.delay_q[1][6]     ; yes                                                              ; yes                                        ;
; FsoDeliveryMonitor:delivery_monitor|FsoDeliveryCounter64:timer_count|gen_limb[3].q[7]                        ; yes                                                              ; yes                                        ;
; FsoDeliveryMonitor:delivery_monitor|FsoDeliveryCounter64:timer_count|gen_limb[1].gen_align.delay_q[1][7]     ; yes                                                              ; yes                                        ;
; FsoDeliveryMonitor:delivery_monitor|FsoDeliveryCounter64:timer_count|gen_limb[3].q[9]                        ; yes                                                              ; yes                                        ;
; FsoDeliveryMonitor:delivery_monitor|FsoDeliveryCounter64:timer_count|gen_limb[1].gen_align.delay_q[1][9]     ; yes                                                              ; yes                                        ;
; FsoDeliveryMonitor:delivery_monitor|FsoDeliveryCounter64:timer_count|gen_limb[3].q[10]                       ; yes                                                              ; yes                                        ;
; FsoDeliveryMonitor:delivery_monitor|FsoDeliveryCounter64:timer_count|gen_limb[1].gen_align.delay_q[1][10]    ; yes                                                              ; yes                                        ;
; FsoDeliveryMonitor:delivery_monitor|FsoDeliveryCounter64:timer_count|gen_limb[3].q[11]                       ; yes                                                              ; yes                                        ;
; FsoDeliveryMonitor:delivery_monitor|FsoDeliveryCounter64:timer_count|gen_limb[1].gen_align.delay_q[1][11]    ; yes                                                              ; yes                                        ;
; FsoDeliveryMonitor:delivery_monitor|FsoDeliveryCounter64:timer_count|gen_limb[3].q[12]                       ; yes                                                              ; yes                                        ;
; FsoDeliveryMonitor:delivery_monitor|FsoDeliveryCounter64:timer_count|gen_limb[1].gen_align.delay_q[1][12]    ; yes                                                              ; yes                                        ;
; FsoDeliveryMonitor:delivery_monitor|FsoDeliveryCounter64:timer_count|gen_limb[3].q[13]                       ; yes                                                              ; yes                                        ;
; FsoDeliveryMonitor:delivery_monitor|FsoDeliveryCounter64:timer_count|gen_limb[1].gen_align.delay_q[1][13]    ; yes                                                              ; yes                                        ;
; FsoDeliveryMonitor:delivery_monitor|FsoDeliveryCounter64:timer_count|gen_limb[3].q[14]                       ; yes                                                              ; yes                                        ;
; FsoDeliveryMonitor:delivery_monitor|FsoDeliveryCounter64:timer_count|gen_limb[1].gen_align.delay_q[1][14]    ; yes                                                              ; yes                                        ;
; FsoDeliveryMonitor:delivery_monitor|FsoDeliveryCounter64:timer_count|gen_limb[3].q[15]                       ; yes                                                              ; yes                                        ;
; FsoDeliveryMonitor:delivery_monitor|FsoDeliveryCounter64:timer_count|gen_limb[1].gen_align.delay_q[1][15]    ; yes                                                              ; yes                                        ;
; FsoDeliveryMonitor:delivery_monitor|FsoDeliveryCounter64:good_count|gen_limb[0].gen_align.delay_q[2][1]      ; yes                                                              ; yes                                        ;
; FsoDeliveryMonitor:delivery_monitor|FsoDeliveryCounter64:compared_count|gen_limb[0].gen_align.delay_q[2][1]  ; yes                                                              ; yes                                        ;
; FsoDeliveryMonitor:delivery_monitor|FsoDeliveryCounter64:complete_count|gen_limb[2].gen_align.delay_q[0][1]  ; yes                                                              ; yes                                        ;
; FsoDeliveryMonitor:delivery_monitor|FsoDeliveryCounter64:good_count|gen_limb[2].gen_align.delay_q[0][1]      ; yes                                                              ; yes                                        ;
; FsoDeliveryMonitor:delivery_monitor|FsoDeliveryCounter64:error_count|gen_limb[0].gen_align.delay_q[1][1]     ; yes                                                              ; yes                                        ;
; FsoDeliveryMonitor:delivery_monitor|FsoDeliveryCounter64:rx1_count|gen_limb[0].gen_align.delay_q[1][1]       ; yes                                                              ; yes                                        ;
; FsoDeliveryMonitor:delivery_monitor|FsoDeliveryCounter64:rx2_count|gen_limb[0].gen_align.delay_q[1][1]       ; yes                                                              ; yes                                        ;
; FsoDeliveryMonitor:delivery_monitor|FsoDeliveryCounter64:error_count|gen_limb[0].gen_align.delay_q[1][2]     ; yes                                                              ; yes                                        ;
; FsoDeliveryMonitor:delivery_monitor|FsoDeliveryCounter64:rx1_count|gen_limb[0].gen_align.delay_q[1][2]       ; yes                                                              ; yes                                        ;
; FsoDeliveryMonitor:delivery_monitor|FsoDeliveryCounter64:expected_count|gen_limb[0].gen_align.delay_q[1][2]  ; yes                                                              ; yes                                        ;
; FsoDeliveryMonitor:delivery_monitor|FsoDeliveryCounter64:complete_count|gen_limb[0].gen_align.delay_q[1][2]  ; yes                                                              ; yes                                        ;
; FsoDeliveryMonitor:delivery_monitor|FsoDeliveryCounter64:good_count|gen_limb[0].gen_align.delay_q[1][2]      ; yes                                                              ; yes                                        ;
; FsoDeliveryMonitor:delivery_monitor|FsoDeliveryCounter64:rx2_count|gen_limb[0].gen_align.delay_q[1][2]       ; yes                                                              ; yes                                        ;
; FsoDeliveryMonitor:delivery_monitor|FsoDeliveryCounter64:compared_count|gen_limb[0].gen_align.delay_q[1][2]  ; yes                                                              ; yes                                        ;
; FsoDeliveryMonitor:delivery_monitor|FsoDeliveryCounter64:expected_count|gen_limb[0].gen_align.delay_q[1][3]  ; yes                                                              ; yes                                        ;
; FsoDeliveryMonitor:delivery_monitor|FsoDeliveryCounter64:good_count|gen_limb[0].gen_align.delay_q[1][3]      ; yes                                                              ; yes                                        ;
; FsoDeliveryMonitor:delivery_monitor|FsoDeliveryCounter64:complete_count|gen_limb[0].gen_align.delay_q[1][3]  ; yes                                                              ; yes                                        ;
; FsoDeliveryMonitor:delivery_monitor|FsoDeliveryCounter64:compared_count|gen_limb[0].gen_align.delay_q[1][3]  ; yes                                                              ; yes                                        ;
; FsoDeliveryMonitor:delivery_monitor|FsoDeliveryCounter64:error_count|gen_limb[0].gen_align.delay_q[1][3]     ; yes                                                              ; yes                                        ;
; FsoDeliveryMonitor:delivery_monitor|FsoDeliveryCounter64:rx1_count|gen_limb[0].gen_align.delay_q[1][3]       ; yes                                                              ; yes                                        ;
; FsoDeliveryMonitor:delivery_monitor|FsoDeliveryCounter64:rx2_count|gen_limb[0].gen_align.delay_q[1][3]       ; yes                                                              ; yes                                        ;
; FsoDeliveryMonitor:delivery_monitor|FsoDeliveryCounter64:compared_count|gen_limb[2].gen_align.delay_q[0][4]  ; yes                                                              ; yes                                        ;
; FsoDeliveryMonitor:delivery_monitor|FsoDeliveryCounter64:error_count|gen_limb[2].gen_align.delay_q[0][4]     ; yes                                                              ; yes                                        ;
; FsoDeliveryMonitor:delivery_monitor|FsoDeliveryCounter64:error_count|gen_limb[0].gen_align.delay_q[2][4]     ; yes                                                              ; yes                                        ;
; FsoDeliveryMonitor:delivery_monitor|FsoDeliveryCounter64:rx1_count|gen_limb[0].gen_align.delay_q[2][4]       ; yes                                                              ; yes                                        ;
; FsoDeliveryMonitor:delivery_monitor|FsoDeliveryCounter64:rx1_count|gen_limb[2].gen_align.delay_q[0][4]       ; yes                                                              ; yes                                        ;
; FsoDeliveryMonitor:delivery_monitor|FsoDeliveryCounter64:rx2_count|gen_limb[2].gen_align.delay_q[0][4]       ; yes                                                              ; yes                                        ;
; FsoDeliveryMonitor:delivery_monitor|FsoDeliveryCounter64:rx2_count|gen_limb[0].gen_align.delay_q[2][4]       ; yes                                                              ; yes                                        ;
; FsoDeliveryMonitor:delivery_monitor|FsoDeliveryCounter64:expected_count|gen_limb[0].gen_align.delay_q[1][5]  ; yes                                                              ; yes                                        ;
; FsoDeliveryMonitor:delivery_monitor|FsoDeliveryCounter64:expected_count|gen_limb[0].gen_align.delay_q[1][4]  ; yes                                                              ; yes                                        ;
; FsoDeliveryMonitor:delivery_monitor|FsoDeliveryCounter64:expected_count|gen_limb[0].gen_align.delay_q[1][1]  ; yes                                                              ; yes                                        ;
; FsoDeliveryMonitor:delivery_monitor|FsoDeliveryCounter64:error_count|gen_limb[0].gen_align.delay_q[1][5]     ; yes                                                              ; yes                                        ;
; FsoDeliveryMonitor:delivery_monitor|FsoDeliveryCounter64:good_count|gen_limb[0].gen_align.delay_q[1][5]      ; yes                                                              ; yes                                        ;
; FsoDeliveryMonitor:delivery_monitor|FsoDeliveryCounter64:rx2_count|gen_limb[0].gen_align.delay_q[1][5]       ; yes                                                              ; yes                                        ;
; FsoDeliveryMonitor:delivery_monitor|FsoDeliveryCounter64:complete_count|gen_limb[0].gen_align.delay_q[1][5]  ; yes                                                              ; yes                                        ;
; FsoDeliveryMonitor:delivery_monitor|FsoDeliveryCounter64:rx1_count|gen_limb[0].gen_align.delay_q[1][5]       ; yes                                                              ; yes                                        ;
; FsoDeliveryMonitor:delivery_monitor|FsoDeliveryCounter64:compared_count|gen_limb[0].gen_align.delay_q[1][5]  ; yes                                                              ; yes                                        ;
; FsoDeliveryMonitor:delivery_monitor|FsoDeliveryCounter64:timer_count|gen_limb[2].q[0]                        ; yes                                                              ; yes                                        ;
; FsoDeliveryMonitor:delivery_monitor|FsoDeliveryCounter64:timer_count|gen_limb[0].gen_align.delay_q[1][0]     ; yes                                                              ; yes                                        ;
; FsoDeliveryMonitor:delivery_monitor|FsoDeliveryCounter64:timer_count|gen_limb[0].gen_align.delay_q[1][6]     ; yes                                                              ; yes                                        ;
; FsoDeliveryMonitor:delivery_monitor|FsoDeliveryCounter64:complete_count|gen_limb[2].q[6]                     ; yes                                                              ; yes                                        ;
; FsoDeliveryMonitor:delivery_monitor|FsoDeliveryCounter64:expected_count|gen_limb[0].gen_align.delay_q[0][6]  ; yes                                                              ; yes                                        ;
; FsoDeliveryMonitor:delivery_monitor|FsoDeliveryCounter64:complete_count|gen_limb[0].gen_align.delay_q[0][6]  ; yes                                                              ; yes                                        ;
; FsoDeliveryMonitor:delivery_monitor|FsoDeliveryCounter64:good_count|gen_limb[2].q[6]                         ; yes                                                              ; yes                                        ;
; FsoDeliveryMonitor:delivery_monitor|FsoDeliveryCounter64:timer_count|gen_limb[2].gen_align.delay_q[0][6]     ; yes                                                              ; yes                                        ;
; FsoDeliveryMonitor:delivery_monitor|FsoDeliveryCounter64:complete_count|gen_limb[2].q[7]                     ; yes                                                              ; yes                                        ;
; FsoDeliveryMonitor:delivery_monitor|FsoDeliveryCounter64:expected_count|gen_limb[0].gen_align.delay_q[0][7]  ; yes                                                              ; yes                                        ;
; FsoDeliveryMonitor:delivery_monitor|FsoDeliveryCounter64:complete_count|gen_limb[0].gen_align.delay_q[0][7]  ; yes                                                              ; yes                                        ;
; FsoDeliveryMonitor:delivery_monitor|FsoDeliveryCounter64:good_count|gen_limb[2].q[7]                         ; yes                                                              ; yes                                        ;
; FsoDeliveryMonitor:delivery_monitor|FsoDeliveryCounter64:timer_count|gen_limb[2].gen_align.delay_q[0][7]     ; yes                                                              ; yes                                        ;
; FsoDeliveryMonitor:delivery_monitor|FsoDeliveryCounter64:timer_count|gen_limb[0].gen_align.delay_q[1][7]     ; yes                                                              ; yes                                        ;
; FsoDeliveryMonitor:delivery_monitor|FsoDeliveryCounter64:complete_count|gen_limb[2].q[8]                     ; yes                                                              ; yes                                        ;
; FsoDeliveryMonitor:delivery_monitor|FsoDeliveryCounter64:expected_count|gen_limb[0].gen_align.delay_q[0][8]  ; yes                                                              ; yes                                        ;
; FsoDeliveryMonitor:delivery_monitor|FsoDeliveryCounter64:complete_count|gen_limb[0].gen_align.delay_q[0][8]  ; yes                                                              ; yes                                        ;
; FsoDeliveryMonitor:delivery_monitor|FsoDeliveryCounter64:good_count|gen_limb[2].q[8]                         ; yes                                                              ; yes                                        ;
; FsoDeliveryMonitor:delivery_monitor|FsoDeliveryCounter64:timer_count|gen_limb[2].gen_align.delay_q[0][8]     ; yes                                                              ; yes                                        ;
; FsoDeliveryMonitor:delivery_monitor|FsoDeliveryCounter64:timer_count|gen_limb[0].gen_align.delay_q[1][8]     ; yes                                                              ; yes                                        ;
; FsoDeliveryMonitor:delivery_monitor|FsoDeliveryCounter64:complete_count|gen_limb[2].q[9]                     ; yes                                                              ; yes                                        ;
; FsoDeliveryMonitor:delivery_monitor|FsoDeliveryCounter64:expected_count|gen_limb[0].gen_align.delay_q[0][9]  ; yes                                                              ; yes                                        ;
; FsoDeliveryMonitor:delivery_monitor|FsoDeliveryCounter64:complete_count|gen_limb[0].gen_align.delay_q[0][9]  ; yes                                                              ; yes                                        ;
; FsoDeliveryMonitor:delivery_monitor|FsoDeliveryCounter64:good_count|gen_limb[2].q[9]                         ; yes                                                              ; yes                                        ;
; FsoDeliveryMonitor:delivery_monitor|FsoDeliveryCounter64:timer_count|gen_limb[2].gen_align.delay_q[0][9]     ; yes                                                              ; yes                                        ;
; FsoDeliveryMonitor:delivery_monitor|FsoDeliveryCounter64:timer_count|gen_limb[0].gen_align.delay_q[1][9]     ; yes                                                              ; yes                                        ;
; FsoDeliveryMonitor:delivery_monitor|FsoDeliveryCounter64:complete_count|gen_limb[2].q[10]                    ; yes                                                              ; yes                                        ;
; FsoDeliveryMonitor:delivery_monitor|FsoDeliveryCounter64:expected_count|gen_limb[0].gen_align.delay_q[0][10] ; yes                                                              ; yes                                        ;
; FsoDeliveryMonitor:delivery_monitor|FsoDeliveryCounter64:complete_count|gen_limb[0].gen_align.delay_q[0][10] ; yes                                                              ; yes                                        ;
; FsoDeliveryMonitor:delivery_monitor|FsoDeliveryCounter64:good_count|gen_limb[2].q[10]                        ; yes                                                              ; yes                                        ;
; FsoDeliveryMonitor:delivery_monitor|FsoDeliveryCounter64:timer_count|gen_limb[2].gen_align.delay_q[0][10]    ; yes                                                              ; yes                                        ;
; FsoDeliveryMonitor:delivery_monitor|FsoDeliveryCounter64:timer_count|gen_limb[0].gen_align.delay_q[1][10]    ; yes                                                              ; yes                                        ;
; FsoDeliveryMonitor:delivery_monitor|FsoDeliveryCounter64:complete_count|gen_limb[2].q[11]                    ; yes                                                              ; yes                                        ;
; FsoDeliveryMonitor:delivery_monitor|FsoDeliveryCounter64:expected_count|gen_limb[0].gen_align.delay_q[0][11] ; yes                                                              ; yes                                        ;
; FsoDeliveryMonitor:delivery_monitor|FsoDeliveryCounter64:complete_count|gen_limb[0].gen_align.delay_q[0][11] ; yes                                                              ; yes                                        ;
; FsoDeliveryMonitor:delivery_monitor|FsoDeliveryCounter64:good_count|gen_limb[2].q[11]                        ; yes                                                              ; yes                                        ;
; FsoDeliveryMonitor:delivery_monitor|FsoDeliveryCounter64:timer_count|gen_limb[2].gen_align.delay_q[0][11]    ; yes                                                              ; yes                                        ;
; FsoDeliveryMonitor:delivery_monitor|FsoDeliveryCounter64:timer_count|gen_limb[0].gen_align.delay_q[1][11]    ; yes                                                              ; yes                                        ;
; FsoDeliveryMonitor:delivery_monitor|FsoDeliveryCounter64:complete_count|gen_limb[2].q[12]                    ; yes                                                              ; yes                                        ;
; FsoDeliveryMonitor:delivery_monitor|FsoDeliveryCounter64:expected_count|gen_limb[0].gen_align.delay_q[0][12] ; yes                                                              ; yes                                        ;
; FsoDeliveryMonitor:delivery_monitor|FsoDeliveryCounter64:complete_count|gen_limb[0].gen_align.delay_q[0][12] ; yes                                                              ; yes                                        ;
; FsoDeliveryMonitor:delivery_monitor|FsoDeliveryCounter64:good_count|gen_limb[2].q[12]                        ; yes                                                              ; yes                                        ;
; FsoDeliveryMonitor:delivery_monitor|FsoDeliveryCounter64:timer_count|gen_limb[2].gen_align.delay_q[0][12]    ; yes                                                              ; yes                                        ;
; FsoDeliveryMonitor:delivery_monitor|FsoDeliveryCounter64:timer_count|gen_limb[0].gen_align.delay_q[1][12]    ; yes                                                              ; yes                                        ;
; FsoDeliveryMonitor:delivery_monitor|FsoDeliveryCounter64:complete_count|gen_limb[2].q[13]                    ; yes                                                              ; yes                                        ;
; FsoDeliveryMonitor:delivery_monitor|FsoDeliveryCounter64:expected_count|gen_limb[0].gen_align.delay_q[0][13] ; yes                                                              ; yes                                        ;
; FsoDeliveryMonitor:delivery_monitor|FsoDeliveryCounter64:complete_count|gen_limb[0].gen_align.delay_q[0][13] ; yes                                                              ; yes                                        ;
; FsoDeliveryMonitor:delivery_monitor|FsoDeliveryCounter64:good_count|gen_limb[2].q[13]                        ; yes                                                              ; yes                                        ;
; FsoDeliveryMonitor:delivery_monitor|FsoDeliveryCounter64:timer_count|gen_limb[2].gen_align.delay_q[0][13]    ; yes                                                              ; yes                                        ;
; FsoDeliveryMonitor:delivery_monitor|FsoDeliveryCounter64:timer_count|gen_limb[0].gen_align.delay_q[1][13]    ; yes                                                              ; yes                                        ;
; FsoDeliveryMonitor:delivery_monitor|FsoDeliveryCounter64:complete_count|gen_limb[2].q[14]                    ; yes                                                              ; yes                                        ;
; FsoDeliveryMonitor:delivery_monitor|FsoDeliveryCounter64:expected_count|gen_limb[0].gen_align.delay_q[0][14] ; yes                                                              ; yes                                        ;
; FsoDeliveryMonitor:delivery_monitor|FsoDeliveryCounter64:complete_count|gen_limb[0].gen_align.delay_q[0][14] ; yes                                                              ; yes                                        ;
; FsoDeliveryMonitor:delivery_monitor|FsoDeliveryCounter64:good_count|gen_limb[2].q[14]                        ; yes                                                              ; yes                                        ;
; FsoDeliveryMonitor:delivery_monitor|FsoDeliveryCounter64:timer_count|gen_limb[2].gen_align.delay_q[0][14]    ; yes                                                              ; yes                                        ;
; FsoDeliveryMonitor:delivery_monitor|FsoDeliveryCounter64:timer_count|gen_limb[0].gen_align.delay_q[1][14]    ; yes                                                              ; yes                                        ;
; FsoDeliveryMonitor:delivery_monitor|FsoDeliveryCounter64:complete_count|gen_limb[2].q[15]                    ; yes                                                              ; yes                                        ;
; FsoDeliveryMonitor:delivery_monitor|FsoDeliveryCounter64:expected_count|gen_limb[0].gen_align.delay_q[0][15] ; yes                                                              ; yes                                        ;
; FsoDeliveryMonitor:delivery_monitor|FsoDeliveryCounter64:complete_count|gen_limb[0].gen_align.delay_q[0][15] ; yes                                                              ; yes                                        ;
; FsoDeliveryMonitor:delivery_monitor|FsoDeliveryCounter64:good_count|gen_limb[2].q[15]                        ; yes                                                              ; yes                                        ;
; FsoDeliveryMonitor:delivery_monitor|FsoDeliveryCounter64:timer_count|gen_limb[2].gen_align.delay_q[0][15]    ; yes                                                              ; yes                                        ;
; FsoDeliveryMonitor:delivery_monitor|FsoDeliveryCounter64:timer_count|gen_limb[0].gen_align.delay_q[1][15]    ; yes                                                              ; yes                                        ;
; FsoDeliveryMonitor:delivery_monitor|FsoDeliveryCounter64:timer_count|gen_limb[1].gen_align.delay_q[1][0]     ; yes                                                              ; yes                                        ;
; FsoDeliveryMonitor:delivery_monitor|FsoDeliveryCounter64:timer_count|gen_limb[3].q[0]                        ; yes                                                              ; yes                                        ;
; FsoDeliveryMonitor:delivery_monitor|FsoDeliveryCounter64:timer_count|gen_limb[1].gen_align.delay_q[0][1]     ; yes                                                              ; yes                                        ;
; FsoDeliveryMonitor:delivery_monitor|FsoDeliveryCounter64:error_count|gen_limb[1].q[1]                        ; yes                                                              ; yes                                        ;
; FsoDeliveryMonitor:delivery_monitor|FsoDeliveryCounter64:rx1_count|gen_limb[1].q[1]                          ; yes                                                              ; yes                                        ;
; FsoDeliveryMonitor:delivery_monitor|FsoDeliveryCounter64:rx2_count|gen_limb[1].q[1]                          ; yes                                                              ; yes                                        ;
; FsoDeliveryMonitor:delivery_monitor|FsoDeliveryCounter64:good_count|gen_limb[1].q[1]                         ; yes                                                              ; yes                                        ;
; FsoDeliveryMonitor:delivery_monitor|FsoDeliveryCounter64:compared_count|gen_limb[1].q[1]                     ; yes                                                              ; yes                                        ;
; FsoDeliveryMonitor:delivery_monitor|FsoDeliveryCounter64:expected_count|gen_limb[1].q[1]                     ; yes                                                              ; yes                                        ;
; FsoDeliveryMonitor:delivery_monitor|FsoDeliveryCounter64:complete_count|gen_limb[1].q[1]                     ; yes                                                              ; yes                                        ;
; FsoDeliveryMonitor:delivery_monitor|FsoDeliveryCounter64:timer_count|gen_limb[1].gen_align.delay_q[0][2]     ; yes                                                              ; yes                                        ;
; FsoDeliveryMonitor:delivery_monitor|FsoDeliveryCounter64:error_count|gen_limb[1].q[2]                        ; yes                                                              ; yes                                        ;
; FsoDeliveryMonitor:delivery_monitor|FsoDeliveryCounter64:rx1_count|gen_limb[1].q[2]                          ; yes                                                              ; yes                                        ;
; FsoDeliveryMonitor:delivery_monitor|FsoDeliveryCounter64:rx2_count|gen_limb[1].q[2]                          ; yes                                                              ; yes                                        ;
; FsoDeliveryMonitor:delivery_monitor|FsoDeliveryCounter64:good_count|gen_limb[1].q[2]                         ; yes                                                              ; yes                                        ;
; FsoDeliveryMonitor:delivery_monitor|FsoDeliveryCounter64:compared_count|gen_limb[1].q[2]                     ; yes                                                              ; yes                                        ;
; FsoDeliveryMonitor:delivery_monitor|FsoDeliveryCounter64:expected_count|gen_limb[1].q[2]                     ; yes                                                              ; yes                                        ;
; FsoDeliveryMonitor:delivery_monitor|FsoDeliveryCounter64:complete_count|gen_limb[1].q[2]                     ; yes                                                              ; yes                                        ;
; FsoDeliveryMonitor:delivery_monitor|FsoDeliveryCounter64:timer_count|gen_limb[3].q[3]                        ; yes                                                              ; yes                                        ;
; FsoDeliveryMonitor:delivery_monitor|FsoDeliveryCounter64:timer_count|gen_limb[1].gen_align.delay_q[0][3]     ; yes                                                              ; yes                                        ;
; FsoDeliveryMonitor:delivery_monitor|FsoDeliveryCounter64:error_count|gen_limb[1].q[3]                        ; yes                                                              ; yes                                        ;
; FsoDeliveryMonitor:delivery_monitor|FsoDeliveryCounter64:rx1_count|gen_limb[1].q[3]                          ; yes                                                              ; yes                                        ;
; FsoDeliveryMonitor:delivery_monitor|FsoDeliveryCounter64:rx2_count|gen_limb[1].q[3]                          ; yes                                                              ; yes                                        ;
; FsoDeliveryMonitor:delivery_monitor|FsoDeliveryCounter64:error_count|gen_limb[1].q[4]                        ; yes                                                              ; yes                                        ;
; FsoDeliveryMonitor:delivery_monitor|FsoDeliveryCounter64:rx1_count|gen_limb[1].q[4]                          ; yes                                                              ; yes                                        ;
; FsoDeliveryMonitor:delivery_monitor|FsoDeliveryCounter64:rx2_count|gen_limb[1].q[4]                          ; yes                                                              ; yes                                        ;
; FsoDeliveryMonitor:delivery_monitor|FsoDeliveryCounter64:good_count|gen_limb[1].q[4]                         ; yes                                                              ; yes                                        ;
; FsoDeliveryMonitor:delivery_monitor|FsoDeliveryCounter64:compared_count|gen_limb[1].q[4]                     ; yes                                                              ; yes                                        ;
; FsoDeliveryMonitor:delivery_monitor|FsoDeliveryCounter64:expected_count|gen_limb[1].q[4]                     ; yes                                                              ; yes                                        ;
; FsoDeliveryMonitor:delivery_monitor|FsoDeliveryCounter64:complete_count|gen_limb[1].q[4]                     ; yes                                                              ; yes                                        ;
; FsoDeliveryMonitor:delivery_monitor|FsoDeliveryCounter64:timer_count|gen_limb[1].gen_align.delay_q[0][4]     ; yes                                                              ; yes                                        ;
; FsoDeliveryMonitor:delivery_monitor|FsoDeliveryCounter64:timer_count|gen_limb[1].gen_align.delay_q[1][5]     ; yes                                                              ; yes                                        ;
; FsoDeliveryMonitor:delivery_monitor|FsoDeliveryCounter64:timer_count|gen_limb[3].q[5]                        ; yes                                                              ; yes                                        ;
; FsoDeliveryMonitor:delivery_monitor|FsoDeliveryCounter64:error_count|gen_limb[1].q[6]                        ; yes                                                              ; yes                                        ;
; FsoDeliveryMonitor:delivery_monitor|FsoDeliveryCounter64:rx1_count|gen_limb[1].q[6]                          ; yes                                                              ; yes                                        ;
; FsoDeliveryMonitor:delivery_monitor|FsoDeliveryCounter64:rx2_count|gen_limb[1].q[6]                          ; yes                                                              ; yes                                        ;
; FsoDeliveryMonitor:delivery_monitor|FsoDeliveryCounter64:good_count|gen_limb[1].q[6]                         ; yes                                                              ; yes                                        ;
; FsoDeliveryMonitor:delivery_monitor|FsoDeliveryCounter64:compared_count|gen_limb[1].q[6]                     ; yes                                                              ; yes                                        ;
; FsoDeliveryMonitor:delivery_monitor|FsoDeliveryCounter64:expected_count|gen_limb[1].q[6]                     ; yes                                                              ; yes                                        ;
; FsoDeliveryMonitor:delivery_monitor|FsoDeliveryCounter64:complete_count|gen_limb[1].q[6]                     ; yes                                                              ; yes                                        ;
; FsoDeliveryMonitor:delivery_monitor|FsoDeliveryCounter64:timer_count|gen_limb[1].gen_align.delay_q[0][6]     ; yes                                                              ; yes                                        ;
; FsoDeliveryMonitor:delivery_monitor|FsoDeliveryCounter64:error_count|gen_limb[1].q[7]                        ; yes                                                              ; yes                                        ;
; FsoDeliveryMonitor:delivery_monitor|FsoDeliveryCounter64:rx1_count|gen_limb[1].q[7]                          ; yes                                                              ; yes                                        ;
; FsoDeliveryMonitor:delivery_monitor|FsoDeliveryCounter64:rx2_count|gen_limb[1].q[7]                          ; yes                                                              ; yes                                        ;
; FsoDeliveryMonitor:delivery_monitor|FsoDeliveryCounter64:good_count|gen_limb[1].q[7]                         ; yes                                                              ; yes                                        ;
; FsoDeliveryMonitor:delivery_monitor|FsoDeliveryCounter64:compared_count|gen_limb[1].q[7]                     ; yes                                                              ; yes                                        ;
; FsoDeliveryMonitor:delivery_monitor|FsoDeliveryCounter64:expected_count|gen_limb[1].q[7]                     ; yes                                                              ; yes                                        ;
; FsoDeliveryMonitor:delivery_monitor|FsoDeliveryCounter64:complete_count|gen_limb[1].q[7]                     ; yes                                                              ; yes                                        ;
; FsoDeliveryMonitor:delivery_monitor|FsoDeliveryCounter64:timer_count|gen_limb[1].gen_align.delay_q[0][7]     ; yes                                                              ; yes                                        ;
; FsoDeliveryMonitor:delivery_monitor|FsoDeliveryCounter64:timer_count|gen_limb[1].gen_align.delay_q[1][8]     ; yes                                                              ; yes                                        ;
; FsoDeliveryMonitor:delivery_monitor|FsoDeliveryCounter64:timer_count|gen_limb[3].q[8]                        ; yes                                                              ; yes                                        ;
; FsoDeliveryMonitor:delivery_monitor|FsoDeliveryCounter64:error_count|gen_limb[1].q[9]                        ; yes                                                              ; yes                                        ;
; FsoDeliveryMonitor:delivery_monitor|FsoDeliveryCounter64:rx1_count|gen_limb[1].q[9]                          ; yes                                                              ; yes                                        ;
; FsoDeliveryMonitor:delivery_monitor|FsoDeliveryCounter64:rx2_count|gen_limb[1].q[9]                          ; yes                                                              ; yes                                        ;
; FsoDeliveryMonitor:delivery_monitor|FsoDeliveryCounter64:good_count|gen_limb[1].q[9]                         ; yes                                                              ; yes                                        ;
; FsoDeliveryMonitor:delivery_monitor|FsoDeliveryCounter64:compared_count|gen_limb[1].q[9]                     ; yes                                                              ; yes                                        ;
; FsoDeliveryMonitor:delivery_monitor|FsoDeliveryCounter64:expected_count|gen_limb[1].q[9]                     ; yes                                                              ; yes                                        ;
; FsoDeliveryMonitor:delivery_monitor|FsoDeliveryCounter64:complete_count|gen_limb[1].q[9]                     ; yes                                                              ; yes                                        ;
; FsoDeliveryMonitor:delivery_monitor|FsoDeliveryCounter64:timer_count|gen_limb[1].gen_align.delay_q[0][9]     ; yes                                                              ; yes                                        ;
; FsoDeliveryMonitor:delivery_monitor|FsoDeliveryCounter64:error_count|gen_limb[1].q[10]                       ; yes                                                              ; yes                                        ;
; FsoDeliveryMonitor:delivery_monitor|FsoDeliveryCounter64:rx1_count|gen_limb[1].q[10]                         ; yes                                                              ; yes                                        ;
; FsoDeliveryMonitor:delivery_monitor|FsoDeliveryCounter64:rx2_count|gen_limb[1].q[10]                         ; yes                                                              ; yes                                        ;
; FsoDeliveryMonitor:delivery_monitor|FsoDeliveryCounter64:good_count|gen_limb[1].q[10]                        ; yes                                                              ; yes                                        ;
; FsoDeliveryMonitor:delivery_monitor|FsoDeliveryCounter64:compared_count|gen_limb[1].q[10]                    ; yes                                                              ; yes                                        ;
; FsoDeliveryMonitor:delivery_monitor|FsoDeliveryCounter64:expected_count|gen_limb[1].q[10]                    ; yes                                                              ; yes                                        ;
; FsoDeliveryMonitor:delivery_monitor|FsoDeliveryCounter64:complete_count|gen_limb[1].q[10]                    ; yes                                                              ; yes                                        ;
; FsoDeliveryMonitor:delivery_monitor|FsoDeliveryCounter64:timer_count|gen_limb[1].gen_align.delay_q[0][10]    ; yes                                                              ; yes                                        ;
; FsoDeliveryMonitor:delivery_monitor|FsoDeliveryCounter64:error_count|gen_limb[1].q[11]                       ; yes                                                              ; yes                                        ;
; FsoDeliveryMonitor:delivery_monitor|FsoDeliveryCounter64:rx1_count|gen_limb[1].q[11]                         ; yes                                                              ; yes                                        ;
; FsoDeliveryMonitor:delivery_monitor|FsoDeliveryCounter64:rx2_count|gen_limb[1].q[11]                         ; yes                                                              ; yes                                        ;
; FsoDeliveryMonitor:delivery_monitor|FsoDeliveryCounter64:good_count|gen_limb[1].q[11]                        ; yes                                                              ; yes                                        ;
; FsoDeliveryMonitor:delivery_monitor|FsoDeliveryCounter64:compared_count|gen_limb[1].q[11]                    ; yes                                                              ; yes                                        ;
; FsoDeliveryMonitor:delivery_monitor|FsoDeliveryCounter64:expected_count|gen_limb[1].q[11]                    ; yes                                                              ; yes                                        ;
; FsoDeliveryMonitor:delivery_monitor|FsoDeliveryCounter64:complete_count|gen_limb[1].q[11]                    ; yes                                                              ; yes                                        ;
; FsoDeliveryMonitor:delivery_monitor|FsoDeliveryCounter64:timer_count|gen_limb[1].gen_align.delay_q[0][11]    ; yes                                                              ; yes                                        ;
; FsoDeliveryMonitor:delivery_monitor|FsoDeliveryCounter64:error_count|gen_limb[1].q[12]                       ; yes                                                              ; yes                                        ;
; FsoDeliveryMonitor:delivery_monitor|FsoDeliveryCounter64:rx1_count|gen_limb[1].q[12]                         ; yes                                                              ; yes                                        ;
; FsoDeliveryMonitor:delivery_monitor|FsoDeliveryCounter64:rx2_count|gen_limb[1].q[12]                         ; yes                                                              ; yes                                        ;
; FsoDeliveryMonitor:delivery_monitor|FsoDeliveryCounter64:good_count|gen_limb[1].q[12]                        ; yes                                                              ; yes                                        ;
; FsoDeliveryMonitor:delivery_monitor|FsoDeliveryCounter64:compared_count|gen_limb[1].q[12]                    ; yes                                                              ; yes                                        ;
; FsoDeliveryMonitor:delivery_monitor|FsoDeliveryCounter64:expected_count|gen_limb[1].q[12]                    ; yes                                                              ; yes                                        ;
; FsoDeliveryMonitor:delivery_monitor|FsoDeliveryCounter64:complete_count|gen_limb[1].q[12]                    ; yes                                                              ; yes                                        ;
; FsoDeliveryMonitor:delivery_monitor|FsoDeliveryCounter64:timer_count|gen_limb[1].gen_align.delay_q[0][12]    ; yes                                                              ; yes                                        ;
; FsoDeliveryMonitor:delivery_monitor|FsoDeliveryCounter64:error_count|gen_limb[1].q[13]                       ; yes                                                              ; yes                                        ;
; FsoDeliveryMonitor:delivery_monitor|FsoDeliveryCounter64:rx1_count|gen_limb[1].q[13]                         ; yes                                                              ; yes                                        ;
; FsoDeliveryMonitor:delivery_monitor|FsoDeliveryCounter64:rx2_count|gen_limb[1].q[13]                         ; yes                                                              ; yes                                        ;
; FsoDeliveryMonitor:delivery_monitor|FsoDeliveryCounter64:good_count|gen_limb[1].q[13]                        ; yes                                                              ; yes                                        ;
; FsoDeliveryMonitor:delivery_monitor|FsoDeliveryCounter64:compared_count|gen_limb[1].q[13]                    ; yes                                                              ; yes                                        ;
; FsoDeliveryMonitor:delivery_monitor|FsoDeliveryCounter64:expected_count|gen_limb[1].q[13]                    ; yes                                                              ; yes                                        ;
; FsoDeliveryMonitor:delivery_monitor|FsoDeliveryCounter64:complete_count|gen_limb[1].q[13]                    ; yes                                                              ; yes                                        ;
; FsoDeliveryMonitor:delivery_monitor|FsoDeliveryCounter64:timer_count|gen_limb[1].gen_align.delay_q[0][13]    ; yes                                                              ; yes                                        ;
; FsoDeliveryMonitor:delivery_monitor|FsoDeliveryCounter64:error_count|gen_limb[1].q[14]                       ; yes                                                              ; yes                                        ;
; FsoDeliveryMonitor:delivery_monitor|FsoDeliveryCounter64:rx1_count|gen_limb[1].q[14]                         ; yes                                                              ; yes                                        ;
; FsoDeliveryMonitor:delivery_monitor|FsoDeliveryCounter64:rx2_count|gen_limb[1].q[14]                         ; yes                                                              ; yes                                        ;
; FsoDeliveryMonitor:delivery_monitor|FsoDeliveryCounter64:good_count|gen_limb[1].q[14]                        ; yes                                                              ; yes                                        ;
; FsoDeliveryMonitor:delivery_monitor|FsoDeliveryCounter64:compared_count|gen_limb[1].q[14]                    ; yes                                                              ; yes                                        ;
; FsoDeliveryMonitor:delivery_monitor|FsoDeliveryCounter64:expected_count|gen_limb[1].q[14]                    ; yes                                                              ; yes                                        ;
; FsoDeliveryMonitor:delivery_monitor|FsoDeliveryCounter64:complete_count|gen_limb[1].q[14]                    ; yes                                                              ; yes                                        ;
; FsoDeliveryMonitor:delivery_monitor|FsoDeliveryCounter64:timer_count|gen_limb[1].gen_align.delay_q[0][14]    ; yes                                                              ; yes                                        ;
; FsoDeliveryMonitor:delivery_monitor|FsoDeliveryCounter64:error_count|gen_limb[1].q[15]                       ; yes                                                              ; yes                                        ;
; FsoDeliveryMonitor:delivery_monitor|FsoDeliveryCounter64:rx1_count|gen_limb[1].q[15]                         ; yes                                                              ; yes                                        ;
; FsoDeliveryMonitor:delivery_monitor|FsoDeliveryCounter64:rx2_count|gen_limb[1].q[15]                         ; yes                                                              ; yes                                        ;
; FsoDeliveryMonitor:delivery_monitor|FsoDeliveryCounter64:good_count|gen_limb[1].q[15]                        ; yes                                                              ; yes                                        ;
; FsoDeliveryMonitor:delivery_monitor|FsoDeliveryCounter64:compared_count|gen_limb[1].q[15]                    ; yes                                                              ; yes                                        ;
; FsoDeliveryMonitor:delivery_monitor|FsoDeliveryCounter64:expected_count|gen_limb[1].q[15]                    ; yes                                                              ; yes                                        ;
; FsoDeliveryMonitor:delivery_monitor|FsoDeliveryCounter64:complete_count|gen_limb[1].q[15]                    ; yes                                                              ; yes                                        ;
; FsoDeliveryMonitor:delivery_monitor|FsoDeliveryCounter64:timer_count|gen_limb[1].gen_align.delay_q[0][15]    ; yes                                                              ; yes                                        ;
; FsoDeliveryMonitor:delivery_monitor|FsoDeliveryCounter64:good_count|gen_limb[0].gen_align.delay_q[1][1]      ; yes                                                              ; yes                                        ;
; FsoDeliveryMonitor:delivery_monitor|FsoDeliveryCounter64:compared_count|gen_limb[0].gen_align.delay_q[1][1]  ; yes                                                              ; yes                                        ;
; FsoDeliveryMonitor:delivery_monitor|FsoDeliveryCounter64:complete_count|gen_limb[0].gen_align.delay_q[2][1]  ; yes                                                              ; yes                                        ;
; FsoDeliveryMonitor:delivery_monitor|FsoDeliveryCounter64:error_count|gen_limb[0].gen_align.delay_q[0][1]     ; yes                                                              ; yes                                        ;
; FsoDeliveryMonitor:delivery_monitor|FsoDeliveryCounter64:rx1_count|gen_limb[0].gen_align.delay_q[0][1]       ; yes                                                              ; yes                                        ;
; FsoDeliveryMonitor:delivery_monitor|FsoDeliveryCounter64:rx2_count|gen_limb[0].gen_align.delay_q[0][1]       ; yes                                                              ; yes                                        ;
; FsoDeliveryMonitor:delivery_monitor|FsoDeliveryCounter64:error_count|gen_limb[0].gen_align.delay_q[0][2]     ; yes                                                              ; yes                                        ;
; FsoDeliveryMonitor:delivery_monitor|FsoDeliveryCounter64:rx1_count|gen_limb[0].gen_align.delay_q[0][2]       ; yes                                                              ; yes                                        ;
; FsoDeliveryMonitor:delivery_monitor|FsoDeliveryCounter64:expected_count|gen_limb[0].gen_align.delay_q[0][2]  ; yes                                                              ; yes                                        ;
; FsoDeliveryMonitor:delivery_monitor|FsoDeliveryCounter64:complete_count|gen_limb[0].gen_align.delay_q[0][2]  ; yes                                                              ; yes                                        ;
; FsoDeliveryMonitor:delivery_monitor|FsoDeliveryCounter64:good_count|gen_limb[0].gen_align.delay_q[0][2]      ; yes                                                              ; yes                                        ;
; FsoDeliveryMonitor:delivery_monitor|FsoDeliveryCounter64:rx2_count|gen_limb[0].gen_align.delay_q[0][2]       ; yes                                                              ; yes                                        ;
; FsoDeliveryMonitor:delivery_monitor|FsoDeliveryCounter64:compared_count|gen_limb[0].gen_align.delay_q[0][2]  ; yes                                                              ; yes                                        ;
; FsoDeliveryMonitor:delivery_monitor|FsoDeliveryCounter64:expected_count|gen_limb[0].gen_align.delay_q[0][3]  ; yes                                                              ; yes                                        ;
; FsoDeliveryMonitor:delivery_monitor|FsoDeliveryCounter64:good_count|gen_limb[0].gen_align.delay_q[0][3]      ; yes                                                              ; yes                                        ;
; FsoDeliveryMonitor:delivery_monitor|FsoDeliveryCounter64:complete_count|gen_limb[0].gen_align.delay_q[0][3]  ; yes                                                              ; yes                                        ;
; FsoDeliveryMonitor:delivery_monitor|FsoDeliveryCounter64:compared_count|gen_limb[0].gen_align.delay_q[0][3]  ; yes                                                              ; yes                                        ;
; FsoDeliveryMonitor:delivery_monitor|FsoDeliveryCounter64:error_count|gen_limb[0].gen_align.delay_q[0][3]     ; yes                                                              ; yes                                        ;
; FsoDeliveryMonitor:delivery_monitor|FsoDeliveryCounter64:rx1_count|gen_limb[0].gen_align.delay_q[0][3]       ; yes                                                              ; yes                                        ;
; FsoDeliveryMonitor:delivery_monitor|FsoDeliveryCounter64:rx2_count|gen_limb[0].gen_align.delay_q[0][3]       ; yes                                                              ; yes                                        ;
; FsoDeliveryMonitor:delivery_monitor|FsoDeliveryCounter64:error_count|gen_limb[0].gen_align.delay_q[1][4]     ; yes                                                              ; yes                                        ;
; FsoDeliveryMonitor:delivery_monitor|FsoDeliveryCounter64:rx1_count|gen_limb[0].gen_align.delay_q[1][4]       ; yes                                                              ; yes                                        ;
; FsoDeliveryMonitor:delivery_monitor|FsoDeliveryCounter64:rx2_count|gen_limb[0].gen_align.delay_q[1][4]       ; yes                                                              ; yes                                        ;
; FsoDeliveryMonitor:delivery_monitor|FsoDeliveryCounter64:good_count|gen_limb[0].gen_align.delay_q[2][4]      ; yes                                                              ; yes                                        ;
; FsoDeliveryMonitor:delivery_monitor|FsoDeliveryCounter64:compared_count|gen_limb[0].gen_align.delay_q[2][4]  ; yes                                                              ; yes                                        ;
; FsoDeliveryMonitor:delivery_monitor|FsoDeliveryCounter64:complete_count|gen_limb[2].gen_align.delay_q[0][4]  ; yes                                                              ; yes                                        ;
; FsoDeliveryMonitor:delivery_monitor|FsoDeliveryCounter64:good_count|gen_limb[2].gen_align.delay_q[0][4]      ; yes                                                              ; yes                                        ;
; FsoDeliveryMonitor:delivery_monitor|FsoDeliveryCounter64:expected_count|gen_limb[0].gen_align.delay_q[0][5]  ; yes                                                              ; yes                                        ;
; FsoDeliveryMonitor:delivery_monitor|FsoDeliveryCounter64:expected_count|gen_limb[0].gen_align.delay_q[0][4]  ; yes                                                              ; yes                                        ;
; FsoDeliveryMonitor:delivery_monitor|FsoDeliveryCounter64:expected_count|gen_limb[0].gen_align.delay_q[0][1]  ; yes                                                              ; yes                                        ;
; FsoDeliveryMonitor:delivery_monitor|FsoDeliveryCounter64:error_count|gen_limb[0].gen_align.delay_q[0][5]     ; yes                                                              ; yes                                        ;
; FsoDeliveryMonitor:delivery_monitor|FsoDeliveryCounter64:good_count|gen_limb[0].gen_align.delay_q[0][5]      ; yes                                                              ; yes                                        ;
; FsoDeliveryMonitor:delivery_monitor|FsoDeliveryCounter64:rx2_count|gen_limb[0].gen_align.delay_q[0][5]       ; yes                                                              ; yes                                        ;
; FsoDeliveryMonitor:delivery_monitor|FsoDeliveryCounter64:complete_count|gen_limb[0].gen_align.delay_q[0][5]  ; yes                                                              ; yes                                        ;
; FsoDeliveryMonitor:delivery_monitor|FsoDeliveryCounter64:rx1_count|gen_limb[0].gen_align.delay_q[0][5]       ; yes                                                              ; yes                                        ;
; FsoDeliveryMonitor:delivery_monitor|FsoDeliveryCounter64:compared_count|gen_limb[0].gen_align.delay_q[0][5]  ; yes                                                              ; yes                                        ;
; text_capture_running                                                                                         ; yes                                                              ; yes                                        ;
; text_room_available                                                                                          ; yes                                                              ; yes                                        ;
; FsoDeliveryMonitor:delivery_monitor|FsoDeliveryCounter64:expected_count|gen_limb[1].carry_q                  ; yes                                                              ; yes                                        ;
; FsoDeliveryMonitor:delivery_monitor|FsoDeliveryCounter64:compared_count|gen_limb[1].carry_q                  ; yes                                                              ; yes                                        ;
; FsoDeliveryMonitor:delivery_monitor|FsoDeliveryCounter64:error_count|gen_limb[1].carry_q                     ; yes                                                              ; yes                                        ;
; FsoDeliveryMonitor:delivery_monitor|FsoDeliveryCounter64:complete_count|gen_limb[1].carry_q                  ; yes                                                              ; yes                                        ;
; FsoDeliveryMonitor:delivery_monitor|FsoDeliveryCounter64:good_count|gen_limb[1].carry_q                      ; yes                                                              ; yes                                        ;
; FsoDeliveryMonitor:delivery_monitor|FsoDeliveryCounter64:rx1_count|gen_limb[1].carry_q                       ; yes                                                              ; yes                                        ;
; FsoDeliveryMonitor:delivery_monitor|FsoDeliveryCounter64:rx2_count|gen_limb[1].carry_q                       ; yes                                                              ; yes                                        ;
; tx_frame_reset_b0                                                                                            ; yes                                                              ; yes                                        ;
; FsoDeliveryMonitor:delivery_monitor|FsoDeliveryCounter64:expected_count|gen_limb[0].q[0]                     ; yes                                                              ; yes                                        ;
; FsoDeliveryMonitor:delivery_monitor|FsoDeliveryCounter64:error_count|gen_limb[0].q[0]                        ; yes                                                              ; yes                                        ;
; FsoDeliveryMonitor:delivery_monitor|FsoDeliveryCounter64:complete_count|gen_limb[0].q[0]                     ; yes                                                              ; yes                                        ;
; FsoDeliveryMonitor:delivery_monitor|FsoDeliveryCounter64:rx1_count|gen_limb[0].q[0]                          ; yes                                                              ; yes                                        ;
; FsoDeliveryMonitor:delivery_monitor|FsoDeliveryCounter64:good_count|gen_limb[0].q[0]                         ; yes                                                              ; yes                                        ;
; FsoDeliveryMonitor:delivery_monitor|FsoDeliveryCounter64:rx2_count|gen_limb[0].q[0]                          ; yes                                                              ; yes                                        ;
; FsoDeliveryMonitor:delivery_monitor|FsoDeliveryCounter64:compared_count|gen_limb[0].q[0]                     ; yes                                                              ; yes                                        ;
; FsoDeliveryMonitor:delivery_monitor|FsoDeliveryCounter64:timer_count|gen_limb[0].gen_align.delay_q[0][0]     ; yes                                                              ; yes                                        ;
; FsoDeliveryMonitor:delivery_monitor|FsoDeliveryCounter64:timer_count|gen_limb[0].gen_align.delay_q[0][6]     ; yes                                                              ; yes                                        ;
; FsoDeliveryMonitor:delivery_monitor|FsoDeliveryCounter64:expected_count|gen_limb[2].q[6]                     ; yes                                                              ; yes                                        ;
; FsoDeliveryMonitor:delivery_monitor|FsoDeliveryCounter64:timer_count|gen_limb[2].q[6]                        ; yes                                                              ; yes                                        ;
; FsoDeliveryMonitor:delivery_monitor|FsoDeliveryCounter64:error_count|gen_limb[0].q[6]                        ; yes                                                              ; yes                                        ;
; FsoDeliveryMonitor:delivery_monitor|FsoDeliveryCounter64:rx1_count|gen_limb[0].q[6]                          ; yes                                                              ; yes                                        ;
; FsoDeliveryMonitor:delivery_monitor|FsoDeliveryCounter64:rx2_count|gen_limb[0].q[6]                          ; yes                                                              ; yes                                        ;
; FsoDeliveryMonitor:delivery_monitor|FsoDeliveryCounter64:expected_count|gen_limb[2].q[7]                     ; yes                                                              ; yes                                        ;
; FsoDeliveryMonitor:delivery_monitor|FsoDeliveryCounter64:error_count|gen_limb[0].q[7]                        ; yes                                                              ; yes                                        ;
; FsoDeliveryMonitor:delivery_monitor|FsoDeliveryCounter64:rx1_count|gen_limb[0].q[7]                          ; yes                                                              ; yes                                        ;
; FsoDeliveryMonitor:delivery_monitor|FsoDeliveryCounter64:rx2_count|gen_limb[0].q[7]                          ; yes                                                              ; yes                                        ;
; FsoDeliveryMonitor:delivery_monitor|FsoDeliveryCounter64:timer_count|gen_limb[2].q[7]                        ; yes                                                              ; yes                                        ;
; FsoDeliveryMonitor:delivery_monitor|FsoDeliveryCounter64:timer_count|gen_limb[0].gen_align.delay_q[0][7]     ; yes                                                              ; yes                                        ;
; tx_frame_reset_b1                                                                                            ; yes                                                              ; yes                                        ;
; FsoDeliveryMonitor:delivery_monitor|FsoDeliveryCounter64:expected_count|gen_limb[2].q[8]                     ; yes                                                              ; yes                                        ;
; FsoDeliveryMonitor:delivery_monitor|FsoDeliveryCounter64:timer_count|gen_limb[2].q[8]                        ; yes                                                              ; yes                                        ;
; FsoDeliveryMonitor:delivery_monitor|FsoDeliveryCounter64:timer_count|gen_limb[0].gen_align.delay_q[0][8]     ; yes                                                              ; yes                                        ;
; FsoDeliveryMonitor:delivery_monitor|FsoDeliveryCounter64:error_count|gen_limb[0].q[8]                        ; yes                                                              ; yes                                        ;
; FsoDeliveryMonitor:delivery_monitor|FsoDeliveryCounter64:rx1_count|gen_limb[0].q[8]                          ; yes                                                              ; yes                                        ;
; FsoDeliveryMonitor:delivery_monitor|FsoDeliveryCounter64:rx2_count|gen_limb[0].q[8]                          ; yes                                                              ; yes                                        ;
; FsoDeliveryMonitor:delivery_monitor|FsoDeliveryCounter64:expected_count|gen_limb[2].q[9]                     ; yes                                                              ; yes                                        ;
; FsoDeliveryMonitor:delivery_monitor|FsoDeliveryCounter64:error_count|gen_limb[0].q[9]                        ; yes                                                              ; yes                                        ;
; FsoDeliveryMonitor:delivery_monitor|FsoDeliveryCounter64:rx1_count|gen_limb[0].q[9]                          ; yes                                                              ; yes                                        ;
; FsoDeliveryMonitor:delivery_monitor|FsoDeliveryCounter64:rx2_count|gen_limb[0].q[9]                          ; yes                                                              ; yes                                        ;
; FsoDeliveryMonitor:delivery_monitor|FsoDeliveryCounter64:timer_count|gen_limb[2].q[9]                        ; yes                                                              ; yes                                        ;
; FsoDeliveryMonitor:delivery_monitor|FsoDeliveryCounter64:timer_count|gen_limb[0].gen_align.delay_q[0][9]     ; yes                                                              ; yes                                        ;
; FsoDeliveryMonitor:delivery_monitor|FsoDeliveryCounter64:expected_count|gen_limb[2].q[10]                    ; yes                                                              ; yes                                        ;
; FsoDeliveryMonitor:delivery_monitor|FsoDeliveryCounter64:timer_count|gen_limb[2].q[10]                       ; yes                                                              ; yes                                        ;
; FsoDeliveryMonitor:delivery_monitor|FsoDeliveryCounter64:timer_count|gen_limb[0].gen_align.delay_q[0][10]    ; yes                                                              ; yes                                        ;
; FsoDeliveryMonitor:delivery_monitor|FsoDeliveryCounter64:error_count|gen_limb[0].q[10]                       ; yes                                                              ; yes                                        ;
; FsoDeliveryMonitor:delivery_monitor|FsoDeliveryCounter64:rx1_count|gen_limb[0].q[10]                         ; yes                                                              ; yes                                        ;
; FsoDeliveryMonitor:delivery_monitor|FsoDeliveryCounter64:rx2_count|gen_limb[0].q[10]                         ; yes                                                              ; yes                                        ;
; FsoDeliveryMonitor:delivery_monitor|FsoDeliveryCounter64:expected_count|gen_limb[2].q[11]                    ; yes                                                              ; yes                                        ;
; FsoDeliveryMonitor:delivery_monitor|FsoDeliveryCounter64:timer_count|gen_limb[2].q[11]                       ; yes                                                              ; yes                                        ;
; FsoDeliveryMonitor:delivery_monitor|FsoDeliveryCounter64:timer_count|gen_limb[0].gen_align.delay_q[0][11]    ; yes                                                              ; yes                                        ;
; FsoDeliveryMonitor:delivery_monitor|FsoDeliveryCounter64:error_count|gen_limb[0].q[11]                       ; yes                                                              ; yes                                        ;
; FsoDeliveryMonitor:delivery_monitor|FsoDeliveryCounter64:rx1_count|gen_limb[0].q[11]                         ; yes                                                              ; yes                                        ;
; FsoDeliveryMonitor:delivery_monitor|FsoDeliveryCounter64:rx2_count|gen_limb[0].q[11]                         ; yes                                                              ; yes                                        ;
; FsoDeliveryMonitor:delivery_monitor|FsoDeliveryCounter64:expected_count|gen_limb[2].q[12]                    ; yes                                                              ; yes                                        ;
; FsoDeliveryMonitor:delivery_monitor|FsoDeliveryCounter64:timer_count|gen_limb[2].q[12]                       ; yes                                                              ; yes                                        ;
; FsoDeliveryMonitor:delivery_monitor|FsoDeliveryCounter64:timer_count|gen_limb[0].gen_align.delay_q[0][12]    ; yes                                                              ; yes                                        ;
; FsoDeliveryMonitor:delivery_monitor|FsoDeliveryCounter64:error_count|gen_limb[0].q[12]                       ; yes                                                              ; yes                                        ;
; FsoDeliveryMonitor:delivery_monitor|FsoDeliveryCounter64:rx1_count|gen_limb[0].q[12]                         ; yes                                                              ; yes                                        ;
; FsoDeliveryMonitor:delivery_monitor|FsoDeliveryCounter64:rx2_count|gen_limb[0].q[12]                         ; yes                                                              ; yes                                        ;
; FsoDeliveryMonitor:delivery_monitor|FsoDeliveryCounter64:expected_count|gen_limb[2].q[13]                    ; yes                                                              ; yes                                        ;
; FsoDeliveryMonitor:delivery_monitor|FsoDeliveryCounter64:timer_count|gen_limb[2].q[13]                       ; yes                                                              ; yes                                        ;
; FsoDeliveryMonitor:delivery_monitor|FsoDeliveryCounter64:timer_count|gen_limb[0].gen_align.delay_q[0][13]    ; yes                                                              ; yes                                        ;
; FsoDeliveryMonitor:delivery_monitor|FsoDeliveryCounter64:error_count|gen_limb[0].q[13]                       ; yes                                                              ; yes                                        ;
; FsoDeliveryMonitor:delivery_monitor|FsoDeliveryCounter64:rx1_count|gen_limb[0].q[13]                         ; yes                                                              ; yes                                        ;
; FsoDeliveryMonitor:delivery_monitor|FsoDeliveryCounter64:rx2_count|gen_limb[0].q[13]                         ; yes                                                              ; yes                                        ;
; FsoDeliveryMonitor:delivery_monitor|FsoDeliveryCounter64:expected_count|gen_limb[2].q[14]                    ; yes                                                              ; yes                                        ;
; FsoDeliveryMonitor:delivery_monitor|FsoDeliveryCounter64:timer_count|gen_limb[2].q[14]                       ; yes                                                              ; yes                                        ;
; FsoDeliveryMonitor:delivery_monitor|FsoDeliveryCounter64:timer_count|gen_limb[0].gen_align.delay_q[0][14]    ; yes                                                              ; yes                                        ;
; FsoDeliveryMonitor:delivery_monitor|FsoDeliveryCounter64:error_count|gen_limb[0].q[14]                       ; yes                                                              ; yes                                        ;
; FsoDeliveryMonitor:delivery_monitor|FsoDeliveryCounter64:rx1_count|gen_limb[0].q[14]                         ; yes                                                              ; yes                                        ;
; FsoDeliveryMonitor:delivery_monitor|FsoDeliveryCounter64:rx2_count|gen_limb[0].q[14]                         ; yes                                                              ; yes                                        ;
; FsoDeliveryMonitor:delivery_monitor|FsoDeliveryCounter64:expected_count|gen_limb[2].q[15]                    ; yes                                                              ; yes                                        ;
; FsoDeliveryMonitor:delivery_monitor|FsoDeliveryCounter64:timer_count|gen_limb[2].q[15]                       ; yes                                                              ; yes                                        ;
; FsoDeliveryMonitor:delivery_monitor|FsoDeliveryCounter64:timer_count|gen_limb[0].gen_align.delay_q[0][15]    ; yes                                                              ; yes                                        ;
; FsoDeliveryMonitor:delivery_monitor|FsoDeliveryCounter64:error_count|gen_limb[0].q[15]                       ; yes                                                              ; yes                                        ;
; FsoDeliveryMonitor:delivery_monitor|FsoDeliveryCounter64:rx1_count|gen_limb[0].q[15]                         ; yes                                                              ; yes                                        ;
; FsoDeliveryMonitor:delivery_monitor|FsoDeliveryCounter64:rx2_count|gen_limb[0].q[15]                         ; yes                                                              ; yes                                        ;
; FsoDeliveryMonitor:delivery_monitor|FsoDeliveryCounter64:timer_count|gen_limb[1].gen_align.delay_q[0][0]     ; yes                                                              ; yes                                        ;
; FsoDeliveryMonitor:delivery_monitor|FsoDeliveryCounter64:compared_count|gen_limb[2].carry_q                  ; yes                                                              ; yes                                        ;
; FsoDeliveryMonitor:delivery_monitor|FsoDeliveryCounter64:complete_count|gen_limb[2].carry_q                  ; yes                                                              ; yes                                        ;
; FsoDeliveryMonitor:delivery_monitor|FsoDeliveryCounter64:rx1_count|gen_limb[2].carry_q                       ; yes                                                              ; yes                                        ;
; FsoDeliveryMonitor:delivery_monitor|FsoDeliveryCounter64:expected_count|gen_limb[2].carry_q                  ; yes                                                              ; yes                                        ;
; FsoDeliveryMonitor:delivery_monitor|FsoDeliveryCounter64:error_count|gen_limb[2].carry_q                     ; yes                                                              ; yes                                        ;
; FsoDeliveryMonitor:delivery_monitor|FsoDeliveryCounter64:good_count|gen_limb[2].carry_q                      ; yes                                                              ; yes                                        ;
; FsoDeliveryMonitor:delivery_monitor|FsoDeliveryCounter64:rx2_count|gen_limb[2].carry_q                       ; yes                                                              ; yes                                        ;
; FsoDeliveryMonitor:delivery_monitor|FsoDeliveryCounter64:expected_count|gen_limb[1].q[0]                     ; yes                                                              ; yes                                        ;
; FsoDeliveryMonitor:delivery_monitor|FsoDeliveryCounter64:error_count|gen_limb[1].q[0]                        ; yes                                                              ; yes                                        ;
; FsoDeliveryMonitor:delivery_monitor|FsoDeliveryCounter64:good_count|gen_limb[1].q[0]                         ; yes                                                              ; yes                                        ;
; FsoDeliveryMonitor:delivery_monitor|FsoDeliveryCounter64:rx2_count|gen_limb[1].q[0]                          ; yes                                                              ; yes                                        ;
; FsoDeliveryMonitor:delivery_monitor|FsoDeliveryCounter64:complete_count|gen_limb[1].q[0]                     ; yes                                                              ; yes                                        ;
; FsoDeliveryMonitor:delivery_monitor|FsoDeliveryCounter64:rx1_count|gen_limb[1].q[0]                          ; yes                                                              ; yes                                        ;
; FsoDeliveryMonitor:delivery_monitor|FsoDeliveryCounter64:compared_count|gen_limb[1].q[0]                     ; yes                                                              ; yes                                        ;
; FsoDeliveryMonitor:delivery_monitor|FsoDeliveryCounter64:timer_count|gen_limb[1].q[1]                        ; yes                                                              ; yes                                        ;
; tx_frame_reset_b2                                                                                            ; yes                                                              ; yes                                        ;
; FsoDeliveryMonitor:delivery_monitor|FsoDeliveryCounter64:timer_count|gen_limb[1].q[2]                        ; yes                                                              ; yes                                        ;
; FsoDeliveryMonitor:delivery_monitor|FsoDeliveryCounter64:good_count|gen_limb[1].q[3]                         ; yes                                                              ; yes                                        ;
; FsoDeliveryMonitor:delivery_monitor|FsoDeliveryCounter64:compared_count|gen_limb[1].q[3]                     ; yes                                                              ; yes                                        ;
; FsoDeliveryMonitor:delivery_monitor|FsoDeliveryCounter64:timer_count|gen_limb[1].q[3]                        ; yes                                                              ; yes                                        ;
; FsoDeliveryMonitor:delivery_monitor|FsoDeliveryCounter64:timer_count|gen_limb[1].q[4]                        ; yes                                                              ; yes                                        ;
; FsoDeliveryMonitor:delivery_monitor|FsoDeliveryCounter64:timer_count|gen_limb[1].gen_align.delay_q[0][5]     ; yes                                                              ; yes                                        ;
; FsoDeliveryMonitor:delivery_monitor|FsoDeliveryCounter64:expected_count|gen_limb[1].q[5]                     ; yes                                                              ; yes                                        ;
; FsoDeliveryMonitor:delivery_monitor|FsoDeliveryCounter64:error_count|gen_limb[1].q[5]                        ; yes                                                              ; yes                                        ;
; FsoDeliveryMonitor:delivery_monitor|FsoDeliveryCounter64:good_count|gen_limb[1].q[5]                         ; yes                                                              ; yes                                        ;
; FsoDeliveryMonitor:delivery_monitor|FsoDeliveryCounter64:rx2_count|gen_limb[1].q[5]                          ; yes                                                              ; yes                                        ;
; FsoDeliveryMonitor:delivery_monitor|FsoDeliveryCounter64:complete_count|gen_limb[1].q[5]                     ; yes                                                              ; yes                                        ;
; FsoDeliveryMonitor:delivery_monitor|FsoDeliveryCounter64:rx1_count|gen_limb[1].q[5]                          ; yes                                                              ; yes                                        ;
; FsoDeliveryMonitor:delivery_monitor|FsoDeliveryCounter64:compared_count|gen_limb[1].q[5]                     ; yes                                                              ; yes                                        ;
; FsoDeliveryMonitor:delivery_monitor|FsoDeliveryCounter64:timer_count|gen_limb[1].q[6]                        ; yes                                                              ; yes                                        ;
; FsoDeliveryMonitor:delivery_monitor|FsoDeliveryCounter64:timer_count|gen_limb[1].q[7]                        ; yes                                                              ; yes                                        ;
; FsoDeliveryMonitor:delivery_monitor|FsoDeliveryCounter64:timer_count|gen_limb[1].gen_align.delay_q[0][8]     ; yes                                                              ; yes                                        ;
; FsoDeliveryMonitor:delivery_monitor|FsoDeliveryCounter64:expected_count|gen_limb[1].q[8]                     ; yes                                                              ; yes                                        ;
; FsoDeliveryMonitor:delivery_monitor|FsoDeliveryCounter64:error_count|gen_limb[1].q[8]                        ; yes                                                              ; yes                                        ;
; FsoDeliveryMonitor:delivery_monitor|FsoDeliveryCounter64:good_count|gen_limb[1].q[8]                         ; yes                                                              ; yes                                        ;
; FsoDeliveryMonitor:delivery_monitor|FsoDeliveryCounter64:rx2_count|gen_limb[1].q[8]                          ; yes                                                              ; yes                                        ;
; FsoDeliveryMonitor:delivery_monitor|FsoDeliveryCounter64:complete_count|gen_limb[1].q[8]                     ; yes                                                              ; yes                                        ;
; FsoDeliveryMonitor:delivery_monitor|FsoDeliveryCounter64:rx1_count|gen_limb[1].q[8]                          ; yes                                                              ; yes                                        ;
; FsoDeliveryMonitor:delivery_monitor|FsoDeliveryCounter64:compared_count|gen_limb[1].q[8]                     ; yes                                                              ; yes                                        ;
; FsoDeliveryMonitor:delivery_monitor|FsoDeliveryCounter64:timer_count|gen_limb[1].q[9]                        ; yes                                                              ; yes                                        ;
; tx_frame_reset_b3                                                                                            ; yes                                                              ; yes                                        ;
; FsoDeliveryMonitor:delivery_monitor|FsoDeliveryCounter64:timer_count|gen_limb[1].q[10]                       ; yes                                                              ; yes                                        ;
; FsoDeliveryMonitor:delivery_monitor|FsoDeliveryCounter64:timer_count|gen_limb[1].q[11]                       ; yes                                                              ; yes                                        ;
; FsoDeliveryMonitor:delivery_monitor|FsoDeliveryCounter64:timer_count|gen_limb[1].q[12]                       ; yes                                                              ; yes                                        ;
; FsoDeliveryMonitor:delivery_monitor|FsoDeliveryCounter64:timer_count|gen_limb[1].q[13]                       ; yes                                                              ; yes                                        ;
; FsoDeliveryMonitor:delivery_monitor|FsoDeliveryCounter64:timer_count|gen_limb[1].q[14]                       ; yes                                                              ; yes                                        ;
; FsoDeliveryMonitor:delivery_monitor|FsoDeliveryCounter64:timer_count|gen_limb[1].q[15]                       ; yes                                                              ; yes                                        ;
; FsoDeliveryMonitor:delivery_monitor|FsoDeliveryCounter64:good_count|gen_limb[0].gen_align.delay_q[0][1]      ; yes                                                              ; yes                                        ;
; FsoDeliveryMonitor:delivery_monitor|FsoDeliveryCounter64:compared_count|gen_limb[0].gen_align.delay_q[0][1]  ; yes                                                              ; yes                                        ;
; FsoDeliveryMonitor:delivery_monitor|FsoDeliveryCounter64:complete_count|gen_limb[0].gen_align.delay_q[1][1]  ; yes                                                              ; yes                                        ;
; FsoDeliveryMonitor:delivery_monitor|FsoDeliveryCounter64:timer_count|gen_limb[0].gen_align.delay_q[2][1]     ; yes                                                              ; yes                                        ;
; FsoDeliveryMonitor:delivery_monitor|FsoDeliveryCounter64:compared_count|gen_limb[2].q[1]                     ; yes                                                              ; yes                                        ;
; FsoDeliveryMonitor:delivery_monitor|FsoDeliveryCounter64:error_count|gen_limb[2].q[1]                        ; yes                                                              ; yes                                        ;
; FsoDeliveryMonitor:delivery_monitor|FsoDeliveryCounter64:rx1_count|gen_limb[2].q[1]                          ; yes                                                              ; yes                                        ;
; FsoDeliveryMonitor:delivery_monitor|FsoDeliveryCounter64:rx2_count|gen_limb[2].q[1]                          ; yes                                                              ; yes                                        ;
; FsoDeliveryMonitor:delivery_monitor|FsoDeliveryCounter64:compared_count|gen_limb[2].q[2]                     ; yes                                                              ; yes                                        ;
; FsoDeliveryMonitor:delivery_monitor|FsoDeliveryCounter64:error_count|gen_limb[2].q[2]                        ; yes                                                              ; yes                                        ;
; FsoDeliveryMonitor:delivery_monitor|FsoDeliveryCounter64:timer_count|gen_limb[2].gen_align.delay_q[0][2]     ; yes                                                              ; yes                                        ;
; FsoDeliveryMonitor:delivery_monitor|FsoDeliveryCounter64:expected_count|gen_limb[2].q[2]                     ; yes                                                              ; yes                                        ;
; FsoDeliveryMonitor:delivery_monitor|FsoDeliveryCounter64:complete_count|gen_limb[2].q[2]                     ; yes                                                              ; yes                                        ;
; FsoDeliveryMonitor:delivery_monitor|FsoDeliveryCounter64:rx1_count|gen_limb[2].q[2]                          ; yes                                                              ; yes                                        ;
; FsoDeliveryMonitor:delivery_monitor|FsoDeliveryCounter64:good_count|gen_limb[2].q[2]                         ; yes                                                              ; yes                                        ;
; FsoDeliveryMonitor:delivery_monitor|FsoDeliveryCounter64:rx2_count|gen_limb[2].q[2]                          ; yes                                                              ; yes                                        ;
; FsoDeliveryMonitor:delivery_monitor|FsoDeliveryCounter64:timer_count|gen_limb[0].gen_align.delay_q[2][2]     ; yes                                                              ; yes                                        ;
; FsoDeliveryMonitor:delivery_monitor|FsoDeliveryCounter64:timer_count|gen_limb[2].gen_align.delay_q[0][3]     ; yes                                                              ; yes                                        ;
; FsoDeliveryMonitor:delivery_monitor|FsoDeliveryCounter64:complete_count|gen_limb[2].q[3]                     ; yes                                                              ; yes                                        ;
; FsoDeliveryMonitor:delivery_monitor|FsoDeliveryCounter64:expected_count|gen_limb[2].q[3]                     ; yes                                                              ; yes                                        ;
; FsoDeliveryMonitor:delivery_monitor|FsoDeliveryCounter64:good_count|gen_limb[2].q[3]                         ; yes                                                              ; yes                                        ;
; FsoDeliveryMonitor:delivery_monitor|FsoDeliveryCounter64:compared_count|gen_limb[2].q[3]                     ; yes                                                              ; yes                                        ;
; FsoDeliveryMonitor:delivery_monitor|FsoDeliveryCounter64:error_count|gen_limb[2].q[3]                        ; yes                                                              ; yes                                        ;
; FsoDeliveryMonitor:delivery_monitor|FsoDeliveryCounter64:rx1_count|gen_limb[2].q[3]                          ; yes                                                              ; yes                                        ;
; FsoDeliveryMonitor:delivery_monitor|FsoDeliveryCounter64:rx2_count|gen_limb[2].q[3]                          ; yes                                                              ; yes                                        ;
; FsoDeliveryMonitor:delivery_monitor|FsoDeliveryCounter64:timer_count|gen_limb[0].gen_align.delay_q[2][3]     ; yes                                                              ; yes                                        ;
; FsoDeliveryMonitor:delivery_monitor|FsoDeliveryCounter64:error_count|gen_limb[0].gen_align.delay_q[0][4]     ; yes                                                              ; yes                                        ;
; FsoDeliveryMonitor:delivery_monitor|FsoDeliveryCounter64:rx1_count|gen_limb[0].gen_align.delay_q[0][4]       ; yes                                                              ; yes                                        ;
; FsoDeliveryMonitor:delivery_monitor|FsoDeliveryCounter64:rx2_count|gen_limb[0].gen_align.delay_q[0][4]       ; yes                                                              ; yes                                        ;
; FsoDeliveryMonitor:delivery_monitor|FsoDeliveryCounter64:good_count|gen_limb[0].gen_align.delay_q[1][4]      ; yes                                                              ; yes                                        ;
; FsoDeliveryMonitor:delivery_monitor|FsoDeliveryCounter64:compared_count|gen_limb[0].gen_align.delay_q[1][4]  ; yes                                                              ; yes                                        ;
; FsoDeliveryMonitor:delivery_monitor|FsoDeliveryCounter64:complete_count|gen_limb[0].gen_align.delay_q[2][4]  ; yes                                                              ; yes                                        ;
; FsoDeliveryMonitor:delivery_monitor|FsoDeliveryCounter64:timer_count|gen_limb[0].gen_align.delay_q[2][4]     ; yes                                                              ; yes                                        ;
; FsoDeliveryMonitor:delivery_monitor|FsoDeliveryCounter64:expected_count|gen_limb[2].q[5]                     ; yes                                                              ; yes                                        ;
; FsoDeliveryMonitor:delivery_monitor|FsoDeliveryCounter64:expected_count|gen_limb[2].q[4]                     ; yes                                                              ; yes                                        ;
; FsoDeliveryMonitor:delivery_monitor|FsoDeliveryCounter64:expected_count|gen_limb[2].q[1]                     ; yes                                                              ; yes                                        ;
; FsoDeliveryMonitor:delivery_monitor|FsoDeliveryCounter64:timer_count|gen_limb[0].gen_align.delay_q[2][5]     ; yes                                                              ; yes                                        ;
; FsoDeliveryMonitor:delivery_monitor|FsoDeliveryCounter64:timer_count|gen_limb[2].gen_align.delay_q[0][5]     ; yes                                                              ; yes                                        ;
; FsoDeliveryMonitor:delivery_monitor|FsoDeliveryCounter64:compared_count|gen_limb[2].q[5]                     ; yes                                                              ; yes                                        ;
; FsoDeliveryMonitor:delivery_monitor|FsoDeliveryCounter64:complete_count|gen_limb[2].q[5]                     ; yes                                                              ; yes                                        ;
; FsoDeliveryMonitor:delivery_monitor|FsoDeliveryCounter64:rx1_count|gen_limb[2].q[5]                          ; yes                                                              ; yes                                        ;
; FsoDeliveryMonitor:delivery_monitor|FsoDeliveryCounter64:error_count|gen_limb[2].q[5]                        ; yes                                                              ; yes                                        ;
; FsoDeliveryMonitor:delivery_monitor|FsoDeliveryCounter64:good_count|gen_limb[2].q[5]                         ; yes                                                              ; yes                                        ;
; FsoDeliveryMonitor:delivery_monitor|FsoDeliveryCounter64:rx2_count|gen_limb[2].q[5]                          ; yes                                                              ; yes                                        ;
; FsoDeliveryMonitor:delivery_monitor|FsoDeliveryCounter64:timer_count|gen_limb[1].carry_q                     ; yes                                                              ; yes                                        ;
; tx_counter_reset_valid                                                                                       ; yes                                                              ; yes                                        ;
; FsoDeliveryMonitor:delivery_monitor|FsoDeliveryCounter64:timer_count|gen_limb[0].q[0]                        ; yes                                                              ; yes                                        ;
; FsoDeliveryMonitor:delivery_monitor|FsoDeliveryCounter64:timer_count|gen_limb[0].q[6]                        ; yes                                                              ; yes                                        ;
; FsoDeliveryMonitor:delivery_monitor|FsoDeliveryCounter64:good_count|gen_limb[0].q[6]                         ; yes                                                              ; yes                                        ;
; FsoDeliveryMonitor:delivery_monitor|FsoDeliveryCounter64:compared_count|gen_limb[0].q[6]                     ; yes                                                              ; yes                                        ;
; FsoDeliveryMonitor:delivery_monitor|FsoDeliveryCounter64:good_count|gen_limb[0].q[7]                         ; yes                                                              ; yes                                        ;
; FsoDeliveryMonitor:delivery_monitor|FsoDeliveryCounter64:compared_count|gen_limb[0].q[7]                     ; yes                                                              ; yes                                        ;
; FsoDeliveryMonitor:delivery_monitor|FsoDeliveryCounter64:timer_count|gen_limb[0].q[7]                        ; yes                                                              ; yes                                        ;
; FsoDeliveryMonitor:delivery_monitor|FsoDeliveryCounter64:good_count|gen_limb[0].q[8]                         ; yes                                                              ; yes                                        ;
; FsoDeliveryMonitor:delivery_monitor|FsoDeliveryCounter64:compared_count|gen_limb[0].q[8]                     ; yes                                                              ; yes                                        ;
; FsoDeliveryMonitor:delivery_monitor|FsoDeliveryCounter64:timer_count|gen_limb[0].q[8]                        ; yes                                                              ; yes                                        ;
; FsoDeliveryMonitor:delivery_monitor|FsoDeliveryCounter64:good_count|gen_limb[0].q[9]                         ; yes                                                              ; yes                                        ;
; FsoDeliveryMonitor:delivery_monitor|FsoDeliveryCounter64:compared_count|gen_limb[0].q[9]                     ; yes                                                              ; yes                                        ;
; FsoDeliveryMonitor:delivery_monitor|FsoDeliveryCounter64:timer_count|gen_limb[0].q[9]                        ; yes                                                              ; yes                                        ;
; FsoDeliveryMonitor:delivery_monitor|FsoDeliveryCounter64:good_count|gen_limb[0].q[10]                        ; yes                                                              ; yes                                        ;
; FsoDeliveryMonitor:delivery_monitor|FsoDeliveryCounter64:compared_count|gen_limb[0].q[10]                    ; yes                                                              ; yes                                        ;
; FsoDeliveryMonitor:delivery_monitor|FsoDeliveryCounter64:timer_count|gen_limb[0].q[10]                       ; yes                                                              ; yes                                        ;
; FsoDeliveryMonitor:delivery_monitor|FsoDeliveryCounter64:good_count|gen_limb[0].q[11]                        ; yes                                                              ; yes                                        ;
; FsoDeliveryMonitor:delivery_monitor|FsoDeliveryCounter64:compared_count|gen_limb[0].q[11]                    ; yes                                                              ; yes                                        ;
; FsoDeliveryMonitor:delivery_monitor|FsoDeliveryCounter64:timer_count|gen_limb[0].q[11]                       ; yes                                                              ; yes                                        ;
; FsoDeliveryMonitor:delivery_monitor|FsoDeliveryCounter64:good_count|gen_limb[0].q[12]                        ; yes                                                              ; yes                                        ;
; FsoDeliveryMonitor:delivery_monitor|FsoDeliveryCounter64:compared_count|gen_limb[0].q[12]                    ; yes                                                              ; yes                                        ;
; FsoDeliveryMonitor:delivery_monitor|FsoDeliveryCounter64:timer_count|gen_limb[0].q[12]                       ; yes                                                              ; yes                                        ;
; FsoDeliveryMonitor:delivery_monitor|FsoDeliveryCounter64:good_count|gen_limb[0].q[13]                        ; yes                                                              ; yes                                        ;
; FsoDeliveryMonitor:delivery_monitor|FsoDeliveryCounter64:compared_count|gen_limb[0].q[13]                    ; yes                                                              ; yes                                        ;
; FsoDeliveryMonitor:delivery_monitor|FsoDeliveryCounter64:timer_count|gen_limb[0].q[13]                       ; yes                                                              ; yes                                        ;
; FsoDeliveryMonitor:delivery_monitor|FsoDeliveryCounter64:good_count|gen_limb[0].q[14]                        ; yes                                                              ; yes                                        ;
; FsoDeliveryMonitor:delivery_monitor|FsoDeliveryCounter64:compared_count|gen_limb[0].q[14]                    ; yes                                                              ; yes                                        ;
; FsoDeliveryMonitor:delivery_monitor|FsoDeliveryCounter64:timer_count|gen_limb[0].q[14]                       ; yes                                                              ; yes                                        ;
; FsoDeliveryMonitor:delivery_monitor|FsoDeliveryCounter64:good_count|gen_limb[0].q[15]                        ; yes                                                              ; yes                                        ;
; FsoDeliveryMonitor:delivery_monitor|FsoDeliveryCounter64:compared_count|gen_limb[0].q[15]                    ; yes                                                              ; yes                                        ;
; FsoDeliveryMonitor:delivery_monitor|FsoDeliveryCounter64:timer_count|gen_limb[0].q[15]                       ; yes                                                              ; yes                                        ;
; FsoDeliveryMonitor:delivery_monitor|FsoDeliveryCounter64:timer_count|gen_limb[1].q[0]                        ; yes                                                              ; yes                                        ;
; FsoDeliveryMonitor:delivery_monitor|FsoDeliveryCounter64:timer_count|gen_limb[2].carry_q                     ; yes                                                              ; yes                                        ;
; FsoDeliveryMonitor:delivery_monitor|FsoDeliveryCounter64:expected_count|gen_limb[1].q[3]                     ; yes                                                              ; yes                                        ;
; FsoDeliveryMonitor:delivery_monitor|FsoDeliveryCounter64:complete_count|gen_limb[1].q[3]                     ; yes                                                              ; yes                                        ;
; FsoDeliveryMonitor:delivery_monitor|FsoDeliveryCounter64:timer_count|gen_limb[1].q[5]                        ; yes                                                              ; yes                                        ;
; FsoDeliveryMonitor:delivery_monitor|FsoDeliveryCounter64:timer_count|gen_limb[1].q[8]                        ; yes                                                              ; yes                                        ;
; FsoDeliveryMonitor:delivery_monitor|FsoDeliveryCounter64:complete_count|gen_limb[2].q[1]                     ; yes                                                              ; yes                                        ;
; FsoDeliveryMonitor:delivery_monitor|FsoDeliveryCounter64:complete_count|gen_limb[0].gen_align.delay_q[0][1]  ; yes                                                              ; yes                                        ;
; FsoDeliveryMonitor:delivery_monitor|FsoDeliveryCounter64:good_count|gen_limb[2].q[1]                         ; yes                                                              ; yes                                        ;
; FsoDeliveryMonitor:delivery_monitor|FsoDeliveryCounter64:timer_count|gen_limb[2].gen_align.delay_q[0][1]     ; yes                                                              ; yes                                        ;
; FsoDeliveryMonitor:delivery_monitor|FsoDeliveryCounter64:timer_count|gen_limb[0].gen_align.delay_q[1][1]     ; yes                                                              ; yes                                        ;
; FsoDeliveryMonitor:delivery_monitor|FsoDeliveryCounter64:timer_count|gen_limb[2].q[2]                        ; yes                                                              ; yes                                        ;
; FsoDeliveryMonitor:delivery_monitor|FsoDeliveryCounter64:timer_count|gen_limb[0].gen_align.delay_q[1][2]     ; yes                                                              ; yes                                        ;
; FsoDeliveryMonitor:delivery_monitor|FsoDeliveryCounter64:timer_count|gen_limb[2].q[3]                        ; yes                                                              ; yes                                        ;
; FsoDeliveryMonitor:delivery_monitor|FsoDeliveryCounter64:timer_count|gen_limb[0].gen_align.delay_q[1][3]     ; yes                                                              ; yes                                        ;
; FsoDeliveryMonitor:delivery_monitor|FsoDeliveryCounter64:compared_count|gen_limb[2].q[4]                     ; yes                                                              ; yes                                        ;
; FsoDeliveryMonitor:delivery_monitor|FsoDeliveryCounter64:error_count|gen_limb[2].q[4]                        ; yes                                                              ; yes                                        ;
; FsoDeliveryMonitor:delivery_monitor|FsoDeliveryCounter64:rx1_count|gen_limb[2].q[4]                          ; yes                                                              ; yes                                        ;
; FsoDeliveryMonitor:delivery_monitor|FsoDeliveryCounter64:rx2_count|gen_limb[2].q[4]                          ; yes                                                              ; yes                                        ;
; FsoDeliveryMonitor:delivery_monitor|FsoDeliveryCounter64:good_count|gen_limb[0].gen_align.delay_q[0][4]      ; yes                                                              ; yes                                        ;
; FsoDeliveryMonitor:delivery_monitor|FsoDeliveryCounter64:compared_count|gen_limb[0].gen_align.delay_q[0][4]  ; yes                                                              ; yes                                        ;
; FsoDeliveryMonitor:delivery_monitor|FsoDeliveryCounter64:complete_count|gen_limb[0].gen_align.delay_q[1][4]  ; yes                                                              ; yes                                        ;
; FsoDeliveryMonitor:delivery_monitor|FsoDeliveryCounter64:timer_count|gen_limb[0].gen_align.delay_q[1][4]     ; yes                                                              ; yes                                        ;
; FsoDeliveryMonitor:delivery_monitor|FsoDeliveryCounter64:timer_count|gen_limb[2].gen_align.delay_q[0][4]     ; yes                                                              ; yes                                        ;
; FsoDeliveryMonitor:delivery_monitor|FsoDeliveryCounter64:timer_count|gen_limb[0].gen_align.delay_q[1][5]     ; yes                                                              ; yes                                        ;
; FsoDeliveryMonitor:delivery_monitor|FsoDeliveryCounter64:timer_count|gen_limb[2].q[5]                        ; yes                                                              ; yes                                        ;
; tx_line_reset_b0                                                                                             ; yes                                                              ; yes                                        ;
; FsoDeliveryMonitor:delivery_monitor|FsoDeliveryCounter64:expected_count|gen_limb[0].q[6]                     ; yes                                                              ; yes                                        ;
; FsoDeliveryMonitor:delivery_monitor|FsoDeliveryCounter64:complete_count|gen_limb[0].q[6]                     ; yes                                                              ; yes                                        ;
; FsoDeliveryMonitor:delivery_monitor|FsoDeliveryCounter64:expected_count|gen_limb[0].q[7]                     ; yes                                                              ; yes                                        ;
; FsoDeliveryMonitor:delivery_monitor|FsoDeliveryCounter64:complete_count|gen_limb[0].q[7]                     ; yes                                                              ; yes                                        ;
; tx_line_reset_b1                                                                                             ; yes                                                              ; yes                                        ;
; FsoDeliveryMonitor:delivery_monitor|FsoDeliveryCounter64:expected_count|gen_limb[0].q[8]                     ; yes                                                              ; yes                                        ;
; FsoDeliveryMonitor:delivery_monitor|FsoDeliveryCounter64:complete_count|gen_limb[0].q[8]                     ; yes                                                              ; yes                                        ;
; FsoDeliveryMonitor:delivery_monitor|FsoDeliveryCounter64:expected_count|gen_limb[0].q[9]                     ; yes                                                              ; yes                                        ;
; FsoDeliveryMonitor:delivery_monitor|FsoDeliveryCounter64:complete_count|gen_limb[0].q[9]                     ; yes                                                              ; yes                                        ;
; FsoDeliveryMonitor:delivery_monitor|FsoDeliveryCounter64:expected_count|gen_limb[0].q[10]                    ; yes                                                              ; yes                                        ;
; FsoDeliveryMonitor:delivery_monitor|FsoDeliveryCounter64:complete_count|gen_limb[0].q[10]                    ; yes                                                              ; yes                                        ;
; FsoDeliveryMonitor:delivery_monitor|FsoDeliveryCounter64:expected_count|gen_limb[0].q[11]                    ; yes                                                              ; yes                                        ;
; FsoDeliveryMonitor:delivery_monitor|FsoDeliveryCounter64:complete_count|gen_limb[0].q[11]                    ; yes                                                              ; yes                                        ;
; FsoDeliveryMonitor:delivery_monitor|FsoDeliveryCounter64:expected_count|gen_limb[0].q[12]                    ; yes                                                              ; yes                                        ;
; FsoDeliveryMonitor:delivery_monitor|FsoDeliveryCounter64:complete_count|gen_limb[0].q[12]                    ; yes                                                              ; yes                                        ;
; FsoDeliveryMonitor:delivery_monitor|FsoDeliveryCounter64:expected_count|gen_limb[0].q[13]                    ; yes                                                              ; yes                                        ;
; FsoDeliveryMonitor:delivery_monitor|FsoDeliveryCounter64:complete_count|gen_limb[0].q[13]                    ; yes                                                              ; yes                                        ;
; FsoDeliveryMonitor:delivery_monitor|FsoDeliveryCounter64:expected_count|gen_limb[0].q[14]                    ; yes                                                              ; yes                                        ;
; FsoDeliveryMonitor:delivery_monitor|FsoDeliveryCounter64:complete_count|gen_limb[0].q[14]                    ; yes                                                              ; yes                                        ;
; FsoDeliveryMonitor:delivery_monitor|FsoDeliveryCounter64:expected_count|gen_limb[0].q[15]                    ; yes                                                              ; yes                                        ;
; FsoDeliveryMonitor:delivery_monitor|FsoDeliveryCounter64:complete_count|gen_limb[0].q[15]                    ; yes                                                              ; yes                                        ;
; FsoDeliveryMonitor:delivery_monitor|FsoDeliveryCounter64:expected_count|gen_limb[0].carry_q                  ; yes                                                              ; yes                                        ;
; FsoDeliveryMonitor:delivery_monitor|FsoDeliveryCounter64:error_count|gen_limb[0].carry_q                     ; yes                                                              ; yes                                        ;
; FsoDeliveryMonitor:delivery_monitor|FsoDeliveryCounter64:good_count|gen_limb[0].carry_q                      ; yes                                                              ; yes                                        ;
; FsoDeliveryMonitor:delivery_monitor|FsoDeliveryCounter64:rx2_count|gen_limb[0].carry_q                       ; yes                                                              ; yes                                        ;
; FsoDeliveryMonitor:delivery_monitor|FsoDeliveryCounter64:complete_count|gen_limb[0].carry_q                  ; yes                                                              ; yes                                        ;
; FsoDeliveryMonitor:delivery_monitor|FsoDeliveryCounter64:rx1_count|gen_limb[0].carry_q                       ; yes                                                              ; yes                                        ;
; FsoDeliveryMonitor:delivery_monitor|FsoDeliveryCounter64:compared_count|gen_limb[0].carry_q                  ; yes                                                              ; yes                                        ;
; tx_line_reset_b2                                                                                             ; yes                                                              ; yes                                        ;
; tx_line_reset_b3                                                                                             ; yes                                                              ; yes                                        ;
; FsoDeliveryMonitor:delivery_monitor|FsoDeliveryCounter64:timer_count|gen_limb[2].q[1]                        ; yes                                                              ; yes                                        ;
; FsoDeliveryMonitor:delivery_monitor|FsoDeliveryCounter64:timer_count|gen_limb[0].gen_align.delay_q[0][1]     ; yes                                                              ; yes                                        ;
; FsoDeliveryMonitor:delivery_monitor|FsoDeliveryCounter64:error_count|gen_limb[0].q[1]                        ; yes                                                              ; yes                                        ;
; FsoDeliveryMonitor:delivery_monitor|FsoDeliveryCounter64:rx1_count|gen_limb[0].q[1]                          ; yes                                                              ; yes                                        ;
; FsoDeliveryMonitor:delivery_monitor|FsoDeliveryCounter64:rx2_count|gen_limb[0].q[1]                          ; yes                                                              ; yes                                        ;
; FsoDeliveryMonitor:delivery_monitor|FsoDeliveryCounter64:error_count|gen_limb[0].q[2]                        ; yes                                                              ; yes                                        ;
; FsoDeliveryMonitor:delivery_monitor|FsoDeliveryCounter64:rx1_count|gen_limb[0].q[2]                          ; yes                                                              ; yes                                        ;
; FsoDeliveryMonitor:delivery_monitor|FsoDeliveryCounter64:expected_count|gen_limb[0].q[2]                     ; yes                                                              ; yes                                        ;
; FsoDeliveryMonitor:delivery_monitor|FsoDeliveryCounter64:complete_count|gen_limb[0].q[2]                     ; yes                                                              ; yes                                        ;
; FsoDeliveryMonitor:delivery_monitor|FsoDeliveryCounter64:good_count|gen_limb[0].q[2]                         ; yes                                                              ; yes                                        ;
; FsoDeliveryMonitor:delivery_monitor|FsoDeliveryCounter64:rx2_count|gen_limb[0].q[2]                          ; yes                                                              ; yes                                        ;
; FsoDeliveryMonitor:delivery_monitor|FsoDeliveryCounter64:compared_count|gen_limb[0].q[2]                     ; yes                                                              ; yes                                        ;
; FsoDeliveryMonitor:delivery_monitor|FsoDeliveryCounter64:timer_count|gen_limb[0].gen_align.delay_q[0][2]     ; yes                                                              ; yes                                        ;
; FsoDeliveryMonitor:delivery_monitor|FsoDeliveryCounter64:expected_count|gen_limb[0].q[3]                     ; yes                                                              ; yes                                        ;
; FsoDeliveryMonitor:delivery_monitor|FsoDeliveryCounter64:good_count|gen_limb[0].q[3]                         ; yes                                                              ; yes                                        ;
; FsoDeliveryMonitor:delivery_monitor|FsoDeliveryCounter64:complete_count|gen_limb[0].q[3]                     ; yes                                                              ; yes                                        ;
; FsoDeliveryMonitor:delivery_monitor|FsoDeliveryCounter64:compared_count|gen_limb[0].q[3]                     ; yes                                                              ; yes                                        ;
; FsoDeliveryMonitor:delivery_monitor|FsoDeliveryCounter64:error_count|gen_limb[0].q[3]                        ; yes                                                              ; yes                                        ;
; FsoDeliveryMonitor:delivery_monitor|FsoDeliveryCounter64:rx1_count|gen_limb[0].q[3]                          ; yes                                                              ; yes                                        ;
; FsoDeliveryMonitor:delivery_monitor|FsoDeliveryCounter64:rx2_count|gen_limb[0].q[3]                          ; yes                                                              ; yes                                        ;
; FsoDeliveryMonitor:delivery_monitor|FsoDeliveryCounter64:timer_count|gen_limb[0].gen_align.delay_q[0][3]     ; yes                                                              ; yes                                        ;
; FsoDeliveryMonitor:delivery_monitor|FsoDeliveryCounter64:complete_count|gen_limb[2].q[4]                     ; yes                                                              ; yes                                        ;
; FsoDeliveryMonitor:delivery_monitor|FsoDeliveryCounter64:complete_count|gen_limb[0].gen_align.delay_q[0][4]  ; yes                                                              ; yes                                        ;
; FsoDeliveryMonitor:delivery_monitor|FsoDeliveryCounter64:good_count|gen_limb[2].q[4]                         ; yes                                                              ; yes                                        ;
; FsoDeliveryMonitor:delivery_monitor|FsoDeliveryCounter64:timer_count|gen_limb[0].gen_align.delay_q[0][4]     ; yes                                                              ; yes                                        ;
; FsoDeliveryMonitor:delivery_monitor|FsoDeliveryCounter64:timer_count|gen_limb[2].q[4]                        ; yes                                                              ; yes                                        ;
; FsoDeliveryMonitor:delivery_monitor|FsoDeliveryCounter64:expected_count|gen_limb[0].q[5]                     ; yes                                                              ; yes                                        ;
; FsoDeliveryMonitor:delivery_monitor|FsoDeliveryCounter64:expected_count|gen_limb[0].q[4]                     ; yes                                                              ; yes                                        ;
; FsoDeliveryMonitor:delivery_monitor|FsoDeliveryCounter64:expected_count|gen_limb[0].q[1]                     ; yes                                                              ; yes                                        ;
; FsoDeliveryMonitor:delivery_monitor|FsoDeliveryCounter64:timer_count|gen_limb[0].gen_align.delay_q[0][5]     ; yes                                                              ; yes                                        ;
; FsoDeliveryMonitor:delivery_monitor|FsoDeliveryCounter64:error_count|gen_limb[0].q[5]                        ; yes                                                              ; yes                                        ;
; FsoDeliveryMonitor:delivery_monitor|FsoDeliveryCounter64:good_count|gen_limb[0].q[5]                         ; yes                                                              ; yes                                        ;
; FsoDeliveryMonitor:delivery_monitor|FsoDeliveryCounter64:rx2_count|gen_limb[0].q[5]                          ; yes                                                              ; yes                                        ;
; FsoDeliveryMonitor:delivery_monitor|FsoDeliveryCounter64:complete_count|gen_limb[0].q[5]                     ; yes                                                              ; yes                                        ;
; FsoDeliveryMonitor:delivery_monitor|FsoDeliveryCounter64:rx1_count|gen_limb[0].q[5]                          ; yes                                                              ; yes                                        ;
; FsoDeliveryMonitor:delivery_monitor|FsoDeliveryCounter64:compared_count|gen_limb[0].q[5]                     ; yes                                                              ; yes                                        ;
; smp_bank_clear[4]                                                                                            ; yes                                                              ; yes                                        ;
; smp_bank_write[4]                                                                                            ; yes                                                              ; yes                                        ;
; smp_bank_clear[0]                                                                                            ; yes                                                              ; yes                                        ;
; smp_bank_write[0]                                                                                            ; yes                                                              ; yes                                        ;
; smp_bank_clear[8]                                                                                            ; yes                                                              ; yes                                        ;
; smp_bank_write[8]                                                                                            ; yes                                                              ; yes                                        ;
; smp_bank_clear[12]                                                                                           ; yes                                                              ; yes                                        ;
; smp_bank_write[12]                                                                                           ; yes                                                              ; yes                                        ;
; smp_bank_clear[6]                                                                                            ; yes                                                              ; yes                                        ;
; smp_bank_write[6]                                                                                            ; yes                                                              ; yes                                        ;
; smp_bank_clear[2]                                                                                            ; yes                                                              ; yes                                        ;
; smp_bank_write[2]                                                                                            ; yes                                                              ; yes                                        ;
; smp_bank_clear[10]                                                                                           ; yes                                                              ; yes                                        ;
; smp_bank_write[10]                                                                                           ; yes                                                              ; yes                                        ;
; smp_bank_clear[14]                                                                                           ; yes                                                              ; yes                                        ;
; smp_bank_write[14]                                                                                           ; yes                                                              ; yes                                        ;
; FsoDeliveryMonitor:delivery_monitor|FsoDeliveryCounter64:timer_count|gen_limb[0].carry_q                     ; yes                                                              ; yes                                        ;
; smp_bank_clear[13]                                                                                           ; yes                                                              ; yes                                        ;
; smp_bank_write[13]                                                                                           ; yes                                                              ; yes                                        ;
; smp_bank_clear[15]                                                                                           ; yes                                                              ; yes                                        ;
; smp_bank_write[15]                                                                                           ; yes                                                              ; yes                                        ;
; smp_bank_clear[1]                                                                                            ; yes                                                              ; yes                                        ;
; smp_bank_write[1]                                                                                            ; yes                                                              ; yes                                        ;
; smp_bank_clear[3]                                                                                            ; yes                                                              ; yes                                        ;
; smp_bank_write[3]                                                                                            ; yes                                                              ; yes                                        ;
; smp_bank_clear[5]                                                                                            ; yes                                                              ; yes                                        ;
; smp_bank_write[5]                                                                                            ; yes                                                              ; yes                                        ;
; smp_bank_clear[9]                                                                                            ; yes                                                              ; yes                                        ;
; smp_bank_write[9]                                                                                            ; yes                                                              ; yes                                        ;
; smp_bank_clear[7]                                                                                            ; yes                                                              ; yes                                        ;
; smp_bank_write[7]                                                                                            ; yes                                                              ; yes                                        ;
; smp_bank_clear[11]                                                                                           ; yes                                                              ; yes                                        ;
; smp_bank_write[11]                                                                                           ; yes                                                              ; yes                                        ;
; FsoDeliveryMonitor:delivery_monitor|FsoDeliveryCounter64:good_count|gen_limb[0].q[1]                         ; yes                                                              ; yes                                        ;
; FsoDeliveryMonitor:delivery_monitor|FsoDeliveryCounter64:compared_count|gen_limb[0].q[1]                     ; yes                                                              ; yes                                        ;
; FsoDeliveryMonitor:delivery_monitor|FsoDeliveryCounter64:timer_count|gen_limb[0].q[1]                        ; yes                                                              ; yes                                        ;
; FsoDeliveryMonitor:delivery_monitor|FsoDeliveryCounter64:timer_count|gen_limb[0].q[2]                        ; yes                                                              ; yes                                        ;
; FsoDeliveryMonitor:delivery_monitor|FsoDeliveryCounter64:timer_count|gen_limb[0].q[3]                        ; yes                                                              ; yes                                        ;
; FsoDeliveryMonitor:delivery_monitor|FsoDeliveryCounter64:error_count|gen_limb[0].q[4]                        ; yes                                                              ; yes                                        ;
; FsoDeliveryMonitor:delivery_monitor|FsoDeliveryCounter64:rx1_count|gen_limb[0].q[4]                          ; yes                                                              ; yes                                        ;
; FsoDeliveryMonitor:delivery_monitor|FsoDeliveryCounter64:rx2_count|gen_limb[0].q[4]                          ; yes                                                              ; yes                                        ;
; FsoDeliveryMonitor:delivery_monitor|FsoDeliveryCounter64:timer_count|gen_limb[0].q[4]                        ; yes                                                              ; yes                                        ;
; FsoDeliveryMonitor:delivery_monitor|FsoDeliveryCounter64:timer_count|gen_limb[0].q[5]                        ; yes                                                              ; yes                                        ;
; FsoDeliveryMonitor:delivery_monitor|rx1_event_q                                                              ; yes                                                              ; yes                                        ;
; FsoDeliveryMonitor:delivery_monitor|rx2_event_q                                                              ; yes                                                              ; yes                                        ;
; FsoDeliveryMonitor:delivery_monitor|FsoDeliveryCounter64:complete_count|gen_limb[0].q[1]                     ; yes                                                              ; yes                                        ;
; FsoDeliveryMonitor:delivery_monitor|FsoDeliveryCounter64:good_count|gen_limb[0].q[4]                         ; yes                                                              ; yes                                        ;
; FsoDeliveryMonitor:delivery_monitor|FsoDeliveryCounter64:compared_count|gen_limb[0].q[4]                     ; yes                                                              ; yes                                        ;
; FsoDeliveryMonitor:delivery_monitor|FsoDeliveryCounter64:complete_count|gen_limb[0].q[4]                     ; yes                                                              ; yes                                        ;
; Total number of protected registers is 1374                                                                  ;                                                                  ;                                            ;
+--------------------------------------------------------------------------------------------------------------+------------------------------------------------------------------+--------------------------------------------+


+-----------------------------------------------------------------------------------------------------------------------------------------------------+
; Registers Removed During Synthesis                                                                                                                  ;
+------------------------------------------------------------------------------+----------------------------------------------------------------------+
; Register name                                                                ; Reason for Removal                                                   ;
+------------------------------------------------------------------------------+----------------------------------------------------------------------+
; payload_rx_bits[0..2]                                                        ; Stuck at GND due to stuck port data_in                               ;
; delivery_bank_tx[38..63]                                                     ; Stuck at GND due to stuck port data_in                               ;
; delivery_bank_ft[38..63]                                                     ; Stuck at GND due to stuck port data_in                               ;
; text_diag_flags_tx[4..31]                                                    ; Stuck at GND due to stuck port data_in                               ;
; text_v23_payload_bits_tx[0..2]                                               ; Stuck at GND due to stuck port data_in                               ;
; text_v23_status_tx[6,7]                                                      ; Stuck at GND due to stuck port data_in                               ;
; text_v23_status_tx[8,13]                                                     ; Stuck at VCC due to stuck port data_in                               ;
; text_v23_status_tx[14,15]                                                    ; Stuck at GND due to stuck port data_in                               ;
; text_v23_status_tx[16]                                                       ; Stuck at VCC due to stuck port data_in                               ;
; text_v23_status_tx[17..23]                                                   ; Stuck at GND due to stuck port data_in                               ;
; text_v23_status_tx[24,25]                                                    ; Stuck at VCC due to stuck port data_in                               ;
; text_v23_status_tx[26..28]                                                   ; Stuck at GND due to stuck port data_in                               ;
; text_v23_status_tx[29]                                                       ; Stuck at VCC due to stuck port data_in                               ;
; text_v23_status_tx[30,31]                                                    ; Stuck at GND due to stuck port data_in                               ;
; status_word_query_ft[0,2,3,5,7]                                              ; Stuck at GND due to stuck port data_in                               ;
; text_v23_status_ft[6,7,14,15,17..23,26..28,30,31]                            ; Stuck at GND due to stuck port data_in                               ;
; text_v23_payload_bits_ft[0..2]                                               ; Stuck at GND due to stuck port data_in                               ;
; text_diag_flags_ft[4..31]                                                    ; Stuck at GND due to stuck port data_in                               ;
; FsoDeliveryMonitor:delivery_monitor|event_block[28..31]                      ; Stuck at GND due to stuck port data_in                               ;
; FsoDeliveryMonitor:delivery_monitor|event_byte_count[2..5]                   ; Stuck at GND due to stuck port data_in                               ;
; smp_wait_high[1][16]                                                         ; Lost fanout                                                          ;
; smp_wait_high[0][16]                                                         ; Lost fanout                                                          ;
; smp_status_snapshot_tx[19..21,23..30]                                        ; Merged with smp_status_snapshot_tx[31]                               ;
; smp_diag_snapshot_tx[191]                                                    ; Merged with smp_status_snapshot_tx[31]                               ;
; smp_status_snapshot_tx[18]                                                   ; Merged with smp_status_snapshot_tx[31]                               ;
; smp_diag_snapshot_tx[187]                                                    ; Merged with smp_status_snapshot_tx[31]                               ;
; smp_status_snapshot_tx[17]                                                   ; Merged with smp_status_snapshot_tx[31]                               ;
; smp_diag_snapshot_tx[183]                                                    ; Merged with smp_status_snapshot_tx[31]                               ;
; smp_status_snapshot_tx[16]                                                   ; Merged with smp_status_snapshot_tx[31]                               ;
; smp_diag_snapshot_tx[179]                                                    ; Merged with smp_status_snapshot_tx[31]                               ;
; smp_status_snapshot_tx[14,15]                                                ; Merged with smp_status_snapshot_tx[31]                               ;
; smp_diag_snapshot_tx[217]                                                    ; Merged with smp_status_snapshot_tx[31]                               ;
; smp_status_snapshot_tx[11..13]                                               ; Merged with smp_status_snapshot_tx[22]                               ;
; smp_diag_snapshot_tx[120..127,144..159]                                      ; Merged with smp_status_snapshot_tx[22]                               ;
; smp_diag_snapshot_tx[215,219]                                                ; Merged with smp_diag_snapshot_tx[223]                                ;
; smp_diag_snapshot_tx[188,212..214,216,218,220,221]                           ; Merged with smp_diag_snapshot_tx[222]                                ;
; smp_diag_snapshot_tx[25,27,29..31,92,94,112,181,182,184,186,189]             ; Merged with smp_diag_snapshot_tx[190]                                ;
; smp_diag_snapshot_tx[81,83,85,87,89,91,93,95,113..119]                       ; Merged with smp_diag_snapshot_tx[185]                                ;
; smp_diag_snapshot_tx[17,19,21,23,48,52,54,56,58,60,62,80,82,84,86,88,90]     ; Merged with smp_diag_snapshot_tx[180]                                ;
; smp_diag_snapshot_tx[176]                                                    ; Merged with smp_diag_snapshot_tx[177]                                ;
; smp_diag_snapshot_tx[49..51,53,55,57,59,61]                                  ; Merged with smp_diag_snapshot_tx[63]                                 ;
; smp_diag_snapshot_tx[16,18,20,22,24,26]                                      ; Merged with smp_diag_snapshot_tx[28]                                 ;
; smp_sample_id[0][31]                                                         ; Merged with delivery_id_d[0][31]                                     ;
; smp_sample_id[0][30]                                                         ; Merged with delivery_id_d[0][30]                                     ;
; smp_sample_id[0][29]                                                         ; Merged with delivery_id_d[0][29]                                     ;
; smp_sample_id[0][28]                                                         ; Merged with delivery_id_d[0][28]                                     ;
; smp_sample_id[0][27]                                                         ; Merged with delivery_id_d[0][27]                                     ;
; smp_sample_id[0][26]                                                         ; Merged with delivery_id_d[0][26]                                     ;
; smp_sample_id[0][25]                                                         ; Merged with delivery_id_d[0][25]                                     ;
; smp_sample_id[0][24]                                                         ; Merged with delivery_id_d[0][24]                                     ;
; smp_sample_id[0][23]                                                         ; Merged with delivery_id_d[0][23]                                     ;
; smp_sample_id[0][22]                                                         ; Merged with delivery_id_d[0][22]                                     ;
; smp_sample_id[0][21]                                                         ; Merged with delivery_id_d[0][21]                                     ;
; smp_sample_id[0][20]                                                         ; Merged with delivery_id_d[0][20]                                     ;
; smp_sample_id[0][19]                                                         ; Merged with delivery_id_d[0][19]                                     ;
; smp_sample_id[0][18]                                                         ; Merged with delivery_id_d[0][18]                                     ;
; smp_sample_id[0][17]                                                         ; Merged with delivery_id_d[0][17]                                     ;
; smp_sample_id[0][16]                                                         ; Merged with delivery_id_d[0][16]                                     ;
; smp_sample_id[0][15]                                                         ; Merged with delivery_id_d[0][15]                                     ;
; smp_sample_id[0][14]                                                         ; Merged with delivery_id_d[0][14]                                     ;
; smp_sample_id[0][13]                                                         ; Merged with delivery_id_d[0][13]                                     ;
; smp_sample_id[0][12]                                                         ; Merged with delivery_id_d[0][12]                                     ;
; smp_sample_id[0][11]                                                         ; Merged with delivery_id_d[0][11]                                     ;
; smp_sample_id[0][10]                                                         ; Merged with delivery_id_d[0][10]                                     ;
; smp_sample_id[0][9]                                                          ; Merged with delivery_id_d[0][9]                                      ;
; smp_sample_id[0][8]                                                          ; Merged with delivery_id_d[0][8]                                      ;
; smp_sample_id[0][7]                                                          ; Merged with delivery_id_d[0][7]                                      ;
; smp_sample_id[0][6]                                                          ; Merged with delivery_id_d[0][6]                                      ;
; smp_sample_id[0][5]                                                          ; Merged with delivery_id_d[0][5]                                      ;
; smp_sample_id[0][4]                                                          ; Merged with delivery_id_d[0][4]                                      ;
; smp_sample_id[0][3]                                                          ; Merged with delivery_id_d[0][3]                                      ;
; smp_sample_id[0][2]                                                          ; Merged with delivery_id_d[0][2]                                      ;
; smp_sample_id[0][1]                                                          ; Merged with delivery_id_d[0][1]                                      ;
; smp_sample_id[0][0]                                                          ; Merged with delivery_id_d[0][0]                                      ;
; smp_sample_id[1][31]                                                         ; Merged with delivery_id_d[1][31]                                     ;
; smp_sample_id[1][30]                                                         ; Merged with delivery_id_d[1][30]                                     ;
; smp_sample_id[1][29]                                                         ; Merged with delivery_id_d[1][29]                                     ;
; smp_sample_id[1][28]                                                         ; Merged with delivery_id_d[1][28]                                     ;
; smp_sample_id[1][27]                                                         ; Merged with delivery_id_d[1][27]                                     ;
; smp_sample_id[1][26]                                                         ; Merged with delivery_id_d[1][26]                                     ;
; smp_sample_id[1][25]                                                         ; Merged with delivery_id_d[1][25]                                     ;
; smp_sample_id[1][24]                                                         ; Merged with delivery_id_d[1][24]                                     ;
; smp_sample_id[1][23]                                                         ; Merged with delivery_id_d[1][23]                                     ;
; smp_sample_id[1][22]                                                         ; Merged with delivery_id_d[1][22]                                     ;
; smp_sample_id[1][21]                                                         ; Merged with delivery_id_d[1][21]                                     ;
; smp_sample_id[1][20]                                                         ; Merged with delivery_id_d[1][20]                                     ;
; smp_sample_id[1][19]                                                         ; Merged with delivery_id_d[1][19]                                     ;
; smp_sample_id[1][18]                                                         ; Merged with delivery_id_d[1][18]                                     ;
; smp_sample_id[1][17]                                                         ; Merged with delivery_id_d[1][17]                                     ;
; smp_sample_id[1][16]                                                         ; Merged with delivery_id_d[1][16]                                     ;
; smp_sample_id[1][15]                                                         ; Merged with delivery_id_d[1][15]                                     ;
; smp_sample_id[1][14]                                                         ; Merged with delivery_id_d[1][14]                                     ;
; smp_sample_id[1][13]                                                         ; Merged with delivery_id_d[1][13]                                     ;
; smp_sample_id[1][12]                                                         ; Merged with delivery_id_d[1][12]                                     ;
; smp_sample_id[1][11]                                                         ; Merged with delivery_id_d[1][11]                                     ;
; smp_sample_id[1][10]                                                         ; Merged with delivery_id_d[1][10]                                     ;
; smp_sample_id[1][9]                                                          ; Merged with delivery_id_d[1][9]                                      ;
; smp_sample_id[1][8]                                                          ; Merged with delivery_id_d[1][8]                                      ;
; smp_sample_id[1][7]                                                          ; Merged with delivery_id_d[1][7]                                      ;
; smp_sample_id[1][6]                                                          ; Merged with delivery_id_d[1][6]                                      ;
; smp_sample_id[1][5]                                                          ; Merged with delivery_id_d[1][5]                                      ;
; smp_sample_id[1][4]                                                          ; Merged with delivery_id_d[1][4]                                      ;
; smp_sample_id[1][3]                                                          ; Merged with delivery_id_d[1][3]                                      ;
; smp_sample_id[1][2]                                                          ; Merged with delivery_id_d[1][2]                                      ;
; smp_sample_id[1][1]                                                          ; Merged with delivery_id_d[1][1]                                      ;
; smp_sample_id[1][0]                                                          ; Merged with delivery_id_d[1][0]                                      ;
; enc_shift2[6]                                                                ; Merged with enc_shift2[7]                                            ;
; enc_shift2[3,4]                                                              ; Merged with enc_shift2[5]                                            ;
; enc_shift2[0,1]                                                              ; Merged with enc_shift2[2]                                            ;
; enc_shift[6]                                                                 ; Merged with enc_shift[7]                                             ;
; enc_shift[3,4]                                                               ; Merged with enc_shift[5]                                             ;
; enc_shift[0,1]                                                               ; Merged with enc_shift[2]                                             ;
; frame_len_latched[4]                                                         ; Merged with enc_len[4]                                               ;
; frame_len_latched[3]                                                         ; Merged with enc_len[3]                                               ;
; enc_len[1]                                                                   ; Merged with enc_len[2]                                               ;
; frame_len_latched[1,2]                                                       ; Merged with enc_len[2]                                               ;
; frame_len_latched[0]                                                         ; Merged with enc_len[0]                                               ;
; smp_decode_a_none[1][0]                                                      ; Merged with smp_decode_a_hamming[1][0]                               ;
; smp_decode_a_none[1][1]                                                      ; Merged with smp_decode_a_hamming[1][1]                               ;
; smp_decode_a_none[1][2]                                                      ; Merged with smp_decode_a_hamming[1][2]                               ;
; smp_decode_a_none[1][4]                                                      ; Merged with smp_decode_a_hamming[1][3]                               ;
; smp_decode_a_none[1][7]                                                      ; Merged with smp_decode_a_hamming[1][4]                               ;
; smp_decode_a_crc[1][0]                                                       ; Merged with smp_decode_a_hamming[1][5]                               ;
; smp_decode_a_crc[1][1]                                                       ; Merged with smp_decode_a_hamming[1][6]                               ;
; smp_decode_a_crc[1][3]                                                       ; Merged with smp_decode_a_hamming[1][7]                               ;
; smp_decode_a_none[0][0]                                                      ; Merged with smp_decode_a_hamming[0][0]                               ;
; smp_decode_a_none[0][1]                                                      ; Merged with smp_decode_a_hamming[0][1]                               ;
; smp_decode_a_none[0][2]                                                      ; Merged with smp_decode_a_hamming[0][2]                               ;
; smp_decode_a_none[0][4]                                                      ; Merged with smp_decode_a_hamming[0][3]                               ;
; smp_decode_a_none[0][7]                                                      ; Merged with smp_decode_a_hamming[0][4]                               ;
; smp_decode_a_crc[0][0]                                                       ; Merged with smp_decode_a_hamming[0][5]                               ;
; smp_decode_a_crc[0][1]                                                       ; Merged with smp_decode_a_hamming[0][6]                               ;
; smp_decode_a_crc[0][3]                                                       ; Merged with smp_decode_a_hamming[0][7]                               ;
; payload_decode_a_none[0]                                                     ; Merged with payload_decode_a_hamming_data[0]                         ;
; payload_decode_a_none[1]                                                     ; Merged with payload_decode_a_hamming_data[1]                         ;
; payload_decode_a_none[2]                                                     ; Merged with payload_decode_a_hamming_data[2]                         ;
; payload_decode_a_none[4]                                                     ; Merged with payload_decode_a_hamming_data[3]                         ;
; payload_decode_a_none[7]                                                     ; Merged with payload_decode_a_hamming_data[4]                         ;
; payload_decode_a_crc[0]                                                      ; Merged with payload_decode_a_hamming_data[5]                         ;
; payload_decode_a_crc[1]                                                      ; Merged with payload_decode_a_hamming_data[6]                         ;
; payload_decode_a_crc[3]                                                      ; Merged with payload_decode_a_hamming_data[7]                         ;
; payload_decode_a_none[8]                                                     ; Merged with payload_decode_a_hamming_data[8]                         ;
; payload_decode_a_none[9]                                                     ; Merged with payload_decode_a_hamming_data[9]                         ;
; payload_decode_a_none[10]                                                    ; Merged with payload_decode_a_hamming_data[10]                        ;
; payload_decode_a_none[12]                                                    ; Merged with payload_decode_a_hamming_data[11]                        ;
; payload_decode_a_none[15]                                                    ; Merged with payload_decode_a_hamming_data[12]                        ;
; payload_decode_a_crc[8]                                                      ; Merged with payload_decode_a_hamming_data[13]                        ;
; payload_decode_a_crc[9]                                                      ; Merged with payload_decode_a_hamming_data[14]                        ;
; payload_decode_a_crc[11]                                                     ; Merged with payload_decode_a_hamming_data[15]                        ;
; FsoDeliveryMonitor:delivery_monitor|cohort_tag[0][29]                        ; Merged with FsoDeliveryMonitor:delivery_monitor|cohort_tag[0][31]    ;
; FsoDeliveryMonitor:delivery_monitor|cohort_tag[1][29]                        ; Merged with FsoDeliveryMonitor:delivery_monitor|cohort_tag[1][31]    ;
; FsoDeliveryMonitor:delivery_monitor|cohort_tag[2][29]                        ; Merged with FsoDeliveryMonitor:delivery_monitor|cohort_tag[2][30]    ;
; FsoDeliveryMonitor:delivery_monitor|cohort_tag[3][29]                        ; Merged with FsoDeliveryMonitor:delivery_monitor|cohort_tag[3][31]    ;
; FsoDeliveryMonitor:delivery_monitor|cohort_tag[4][29]                        ; Merged with FsoDeliveryMonitor:delivery_monitor|cohort_tag[4][31]    ;
; FsoDeliveryMonitor:delivery_monitor|cohort_tag[5][29]                        ; Merged with FsoDeliveryMonitor:delivery_monitor|cohort_tag[5][31]    ;
; FsoDeliveryMonitor:delivery_monitor|cohort_tag[6][29]                        ; Merged with FsoDeliveryMonitor:delivery_monitor|cohort_tag[6][31]    ;
; payload_rx_supported_snapshot_tx                                             ; Merged with rx_supported_snapshot_tx                                 ;
; smp_status_snapshot_tx[3]                                                    ; Merged with run_mode_snapshot_tx[0]                                  ;
; smp_diag_snapshot_tx[222,223]                                                ; Merged with smp_status_snapshot_tx[31]                               ;
; smp_status_snapshot_tx[22]                                                   ; Merged with smp_status_snapshot_tx[31]                               ;
; smp_diag_snapshot_tx[180,190]                                                ; Merged with smp_status_snapshot_tx[31]                               ;
; smp_diag_snapshot_tx[211]                                                    ; Merged with smp_status_snapshot_tx[10]                               ;
; smp_diag_snapshot_tx[209]                                                    ; Merged with smp_status_snapshot_tx[8]                                ;
; smp_diag_snapshot_tx[208]                                                    ; Merged with smp_status_snapshot_tx[7]                                ;
; smp_diag_snapshot_tx[207]                                                    ; Merged with smp_status_snapshot_tx[6]                                ;
; smp_diag_snapshot_tx[177]                                                    ; Merged with smp_diag_snapshot_tx[178]                                ;
; frame_len_latched_previous[1]                                                ; Merged with frame_len_latched_previous[2]                            ;
; tx_last_frame_len[1]                                                         ; Merged with tx_last_frame_len[2]                                     ;
; FsoDeliveryMonitor:delivery_monitor|cohort_tag[0][28]                        ; Merged with FsoDeliveryMonitor:delivery_monitor|cohort_tag[0][31]    ;
; FsoDeliveryMonitor:delivery_monitor|cohort_tag[1][30]                        ; Merged with FsoDeliveryMonitor:delivery_monitor|cohort_tag[1][31]    ;
; FsoDeliveryMonitor:delivery_monitor|cohort_tag[2][28]                        ; Merged with FsoDeliveryMonitor:delivery_monitor|cohort_tag[2][31]    ;
; FsoDeliveryMonitor:delivery_monitor|cohort_tag[4][28]                        ; Merged with FsoDeliveryMonitor:delivery_monitor|cohort_tag[4][31]    ;
; FsoDeliveryMonitor:delivery_monitor|cohort_tag[6][28]                        ; Merged with FsoDeliveryMonitor:delivery_monitor|cohort_tag[6][31]    ;
; smp_diag_snapshot_tx[185]                                                    ; Merged with smp_status_snapshot_tx[31]                               ;
; smp_diag_snapshot_tx[210]                                                    ; Merged with smp_status_snapshot_tx[9]                                ;
; smp_diag_snapshot_tx[63]                                                     ; Merged with smp_diag_snapshot_tx[178]                                ;
; tx_frame_done_len[1]                                                         ; Merged with tx_frame_done_len[2]                                     ;
; FsoDeliveryMonitor:delivery_monitor|retire_compared_q[0,1]                   ; Merged with FsoDeliveryMonitor:delivery_monitor|retire_compared_q[2] ;
; FsoDeliveryMonitor:delivery_monitor|cohort_tag[3][28]                        ; Merged with FsoDeliveryMonitor:delivery_monitor|cohort_tag[3][31]    ;
; FsoDeliveryMonitor:delivery_monitor|cohort_tag[7][29]                        ; Merged with FsoDeliveryMonitor:delivery_monitor|cohort_tag[7][31]    ;
; smp_status_snapshot_tx[4]                                                    ; Merged with run_mode_snapshot_tx[1]                                  ;
; smp_diag_snapshot_tx[178]                                                    ; Merged with smp_status_snapshot_tx[31]                               ;
; FsoDeliveryMonitor:delivery_monitor|cohort_tag[5][28]                        ; Merged with FsoDeliveryMonitor:delivery_monitor|cohort_tag[5][31]    ;
; smp_diag_snapshot_tx[206]                                                    ; Merged with smp_status_snapshot_tx[5]                                ;
; FsoDeliveryMonitor:delivery_monitor|cohort_tag[7][28]                        ; Merged with FsoDeliveryMonitor:delivery_monitor|cohort_tag[7][31]    ;
; tx_enable_ft                                                                 ; Merged with got_command_ft                                           ;
; active_last_phase[3]                                                         ; Merged with active_bit_ticks[3]                                      ;
; active_last_phase[0]                                                         ; Merged with active_bit_ticks[1]                                      ;
; active_last_phase[1,8]                                                       ; Merged with active_bit_ticks[8]                                      ;
; active_penultimate_phase[8]                                                  ; Merged with active_bit_ticks[8]                                      ;
; active_last_phase[7]                                                         ; Merged with active_bit_ticks[7]                                      ;
; active_penultimate_phase[7]                                                  ; Merged with active_bit_ticks[7]                                      ;
; active_last_phase[6]                                                         ; Merged with active_bit_ticks[6]                                      ;
; active_penultimate_phase[6]                                                  ; Merged with active_bit_ticks[6]                                      ;
; active_last_phase[5]                                                         ; Merged with active_bit_ticks[5]                                      ;
; active_penultimate_phase[5]                                                  ; Merged with active_bit_ticks[5]                                      ;
; active_last_phase[4]                                                         ; Merged with active_bit_ticks[4]                                      ;
; active_penultimate_phase[4]                                                  ; Merged with active_bit_ticks[4]                                      ;
; active_last_phase[2]                                                         ; Merged with active_bit_ticks[2]                                      ;
; active_penultimate_phase[0,1]                                                ; Merged with active_bit_ticks[0]                                      ;
; status_word_query_ft[4,6]                                                    ; Merged with status_word_query_ft[1]                                  ;
; smp_status_status_ft[1]                                                      ; Merged with rx_locked_status_ft                                      ;
; smp_status_status_ft[2]                                                      ; Merged with rx2_locked_status_ft                                     ;
; smp_status_status_ft[3]                                                      ; Merged with run_mode_status_ft[0]                                    ;
; smp_status_status_ft[4]                                                      ; Merged with run_mode_status_ft[1]                                    ;
; smp_status_status_ft[5]                                                      ; Merged with smp_diag_status_ft[206]                                  ;
; smp_status_status_ft[6]                                                      ; Merged with smp_diag_status_ft[207]                                  ;
; smp_status_status_ft[7]                                                      ; Merged with smp_diag_status_ft[208]                                  ;
; text_v23_status_ft[8,16,24,25,29]                                            ; Merged with text_v23_status_ft[13]                                   ;
; smp_status_status_ft[8]                                                      ; Merged with smp_diag_status_ft[209]                                  ;
; smp_status_status_ft[9]                                                      ; Merged with smp_diag_status_ft[210]                                  ;
; rx_supported_status_ft                                                       ; Merged with payload_rx_supported_status_ft                           ;
; status_word_query_ft[12]                                                     ; Merged with status_word_query_ft[10]                                 ;
; smp_status_status_ft[10]                                                     ; Merged with smp_diag_status_ft[211]                                  ;
; smp_diag_status_ft[16..31,48..63,80..95,113..127,144..159,176..191,212..223] ; Merged with smp_diag_status_ft[112]                                  ;
; smp_status_status_ft[11..31]                                                 ; Merged with smp_diag_status_ft[112]                                  ;
; smp_diag_query_ft[16..31,48..63,80..95,113..127,144..159,176..191,212..223]  ; Merged with smp_diag_query_ft[112]                                   ;
; smp_status_sync_ft[1]                                                        ; Merged with rx_locked_sync_ft                                        ;
; smp_status_sync_ft[2]                                                        ; Merged with rx2_locked_sync_ft                                       ;
; smp_status_sync_ft[3]                                                        ; Merged with run_mode_sync_ft[0]                                      ;
; smp_status_sync_ft[4]                                                        ; Merged with run_mode_sync_ft[1]                                      ;
; smp_status_sync_ft[5]                                                        ; Merged with smp_diag_sync_ft[206]                                    ;
; smp_status_sync_ft[6]                                                        ; Merged with smp_diag_sync_ft[207]                                    ;
; smp_status_sync_ft[7]                                                        ; Merged with smp_diag_sync_ft[208]                                    ;
; smp_status_sync_ft[8]                                                        ; Merged with smp_diag_sync_ft[209]                                    ;
; smp_status_sync_ft[9]                                                        ; Merged with smp_diag_sync_ft[210]                                    ;
; rx_supported_sync_ft                                                         ; Merged with payload_rx_supported_sync_ft                             ;
; smp_status_sync_ft[10]                                                       ; Merged with smp_diag_sync_ft[211]                                    ;
; smp_diag_sync_ft[16..31,48..63,80..95,113..127,144..159,176..191,212..223]   ; Merged with smp_diag_sync_ft[112]                                    ;
; smp_status_sync_ft[11..31]                                                   ; Merged with smp_diag_sync_ft[112]                                    ;
; smp_status_meta_ft[1]                                                        ; Merged with rx_locked_meta_ft                                        ;
; smp_status_meta_ft[2]                                                        ; Merged with rx2_locked_meta_ft                                       ;
; smp_status_meta_ft[3]                                                        ; Merged with run_mode_meta_ft[0]                                      ;
; smp_status_meta_ft[4]                                                        ; Merged with run_mode_meta_ft[1]                                      ;
; smp_status_meta_ft[5]                                                        ; Merged with smp_diag_meta_ft[206]                                    ;
; smp_status_meta_ft[6]                                                        ; Merged with smp_diag_meta_ft[207]                                    ;
; smp_status_meta_ft[7]                                                        ; Merged with smp_diag_meta_ft[208]                                    ;
; smp_status_meta_ft[8]                                                        ; Merged with smp_diag_meta_ft[209]                                    ;
; smp_status_meta_ft[9]                                                        ; Merged with smp_diag_meta_ft[210]                                    ;
; rx_supported_meta_ft                                                         ; Merged with payload_rx_supported_meta_ft                             ;
; smp_status_meta_ft[10]                                                       ; Merged with smp_diag_meta_ft[211]                                    ;
; smp_diag_meta_ft[16..31,48..63,80..95,113..127,144..159,176..191,212..223]   ; Merged with smp_diag_meta_ft[112]                                    ;
; smp_status_meta_ft[11..31]                                                   ; Merged with smp_diag_meta_ft[112]                                    ;
; smp_status_snapshot_tx[1]                                                    ; Merged with rx_locked_snapshot_tx                                    ;
; smp_status_snapshot_tx[2]                                                    ; Merged with rx2_locked_snapshot_tx                                   ;
; smp_status_snapshot_tx[31]                                                   ; Merged with smp_diag_snapshot_tx[28]                                 ;
; smp_frame_len[0][2]                                                          ; Merged with smp_frame_len[0][1]                                      ;
; smp_frame_len[1][2]                                                          ; Merged with smp_frame_len[1][1]                                      ;
; smp_sample_len[0][2]                                                         ; Merged with smp_sample_len[0][1]                                     ;
; smp_sample_len[1][2]                                                         ; Merged with smp_sample_len[1][1]                                     ;
; payload_local_sample[12]                                                     ; Merged with payload_local_sample[11]                                 ;
; FsoDeliveryMonitor:delivery_monitor|event_slot[2]                            ; Merged with FsoDeliveryMonitor:delivery_monitor|event_block[2]       ;
; FsoDeliveryMonitor:delivery_monitor|cohort_tag[0][31]                        ; Merged with FsoDeliveryMonitor:delivery_monitor|cohort_tag[0][30]    ;
; FsoDeliveryMonitor:delivery_monitor|cohort_tag[1][31]                        ; Merged with FsoDeliveryMonitor:delivery_monitor|cohort_tag[1][28]    ;
; FsoDeliveryMonitor:delivery_monitor|cohort_tag[2][31]                        ; Merged with FsoDeliveryMonitor:delivery_monitor|cohort_tag[2][30]    ;
; FsoDeliveryMonitor:delivery_monitor|cohort_tag[3][31]                        ; Merged with FsoDeliveryMonitor:delivery_monitor|cohort_tag[3][30]    ;
; FsoDeliveryMonitor:delivery_monitor|cohort_tag[4][31]                        ; Merged with FsoDeliveryMonitor:delivery_monitor|cohort_tag[4][30]    ;
; FsoDeliveryMonitor:delivery_monitor|cohort_tag[5][31]                        ; Merged with FsoDeliveryMonitor:delivery_monitor|cohort_tag[5][30]    ;
; FsoDeliveryMonitor:delivery_monitor|cohort_tag[6][31]                        ; Merged with FsoDeliveryMonitor:delivery_monitor|cohort_tag[6][30]    ;
; FsoDeliveryMonitor:delivery_monitor|cohort_tag[7][31]                        ; Merged with FsoDeliveryMonitor:delivery_monitor|cohort_tag[7][30]    ;
; frame_len_latched_previous3[2]                                               ; Merged with frame_len_latched_previous3[1]                           ;
; frame_len_latched_previous2[2]                                               ; Merged with frame_len_latched_previous2[1]                           ;
; text_event_len[2]                                                            ; Merged with text_event_len[1]                                        ;
; text_len_d[0][2]                                                             ; Merged with text_len_d[0][1]                                         ;
; text_len_d[1][2]                                                             ; Merged with text_len_d[1][1]                                         ;
; FsoDeliveryMonitor:delivery_monitor|event_slot[1]                            ; Merged with FsoDeliveryMonitor:delivery_monitor|event_block[1]       ;
; FsoDeliveryMonitor:delivery_monitor|event_slot[0]                            ; Merged with FsoDeliveryMonitor:delivery_monitor|event_block[0]       ;
; smp_diag_snapshot_tx[28]                                                     ; Stuck at GND due to stuck port data_in                               ;
; smp_diag_meta_ft[112]                                                        ; Stuck at GND due to stuck port data_in                               ;
; smp_diag_sync_ft[112]                                                        ; Stuck at GND due to stuck port data_in                               ;
; smp_diag_status_ft[112]                                                      ; Stuck at GND due to stuck port data_in                               ;
; smp_diag_query_ft[112]                                                       ; Stuck at GND due to stuck port data_in                               ;
; FsoDeliveryMonitor:delivery_monitor|retire_compared_q[2]                     ; Stuck at GND due to stuck port data_in                               ;
; FsoDeliveryMonitor:delivery_monitor|cohort_tag[0][30]                        ; Stuck at GND due to stuck port data_in                               ;
; FsoDeliveryMonitor:delivery_monitor|cohort_tag[1][28]                        ; Stuck at GND due to stuck port data_in                               ;
; FsoDeliveryMonitor:delivery_monitor|cohort_tag[2][30]                        ; Stuck at GND due to stuck port data_in                               ;
; FsoDeliveryMonitor:delivery_monitor|cohort_tag[3][30]                        ; Stuck at GND due to stuck port data_in                               ;
; FsoDeliveryMonitor:delivery_monitor|cohort_tag[4][30]                        ; Stuck at GND due to stuck port data_in                               ;
; FsoDeliveryMonitor:delivery_monitor|cohort_tag[5][30]                        ; Stuck at GND due to stuck port data_in                               ;
; FsoDeliveryMonitor:delivery_monitor|cohort_tag[6][30]                        ; Stuck at GND due to stuck port data_in                               ;
; FsoDeliveryMonitor:delivery_monitor|cohort_tag[7][30]                        ; Stuck at GND due to stuck port data_in                               ;
; active_bit_ticks[8]                                                          ; Stuck at GND due to stuck port data_in                               ;
; nrz_phase_tx[8]                                                              ; Stuck at GND due to stuck port data_in                               ;
; nrz_phase2_tx[8]                                                             ; Stuck at GND due to stuck port data_in                               ;
; smp_next_low[0]                                                              ; Merged with smp_commit_id[0]                                         ;
; tx_frame_b3_base_s1[0]                                                       ; Merged with tx_frame_b3_inc_s1[0]                                    ;
; tx_frame_b2_base_s1[0]                                                       ; Merged with tx_frame_b2_inc_s1[0]                                    ;
; tx_frame_b1_base_s1[0]                                                       ; Merged with tx_frame_b1_inc_s1[0]                                    ;
; nrz_tune_phase_ft[8]                                                         ; Stuck at GND due to stuck port data_in                               ;
; tx_line_b3_base_s1[0]                                                        ; Merged with tx_line_b3_inc_s1[0]                                     ;
; tx_line_b2_base_s1[0]                                                        ; Merged with tx_line_b2_inc_s1[0]                                     ;
; tx_line_b1_base_s1[0]                                                        ; Merged with tx_line_b1_inc_s1[0]                                     ;
; enc_len[0]                                                                   ; Stuck at GND due to stuck port data_in                               ;
; tx_last_frame_len[0]                                                         ; Stuck at GND due to stuck port data_in                               ;
; frame_len_latched_previous[0]                                                ; Stuck at GND due to stuck port data_in                               ;
; frame_len_latched_previous2[0]                                               ; Stuck at GND due to stuck port data_in                               ;
; frame_len_latched_previous3[0]                                               ; Stuck at GND due to stuck port data_in                               ;
; tx_frame_done_len[0]                                                         ; Stuck at GND due to stuck port data_in                               ;
; smp_sample_len[0][0]                                                         ; Stuck at GND due to stuck port data_in                               ;
; smp_sample_len[1][0]                                                         ; Stuck at GND due to stuck port data_in                               ;
; text_len_d[0][0]                                                             ; Stuck at GND due to stuck port data_in                               ;
; text_len_d[1][0]                                                             ; Stuck at GND due to stuck port data_in                               ;
; smp_frame_len[0][0]                                                          ; Stuck at GND due to stuck port data_in                               ;
; smp_frame_len[1][0]                                                          ; Stuck at GND due to stuck port data_in                               ;
; text_event_len[0]                                                            ; Stuck at GND due to stuck port data_in                               ;
; payload_local_sample[10]                                                     ; Stuck at GND due to stuck port data_in                               ;
; payload_last_bit[0,2]                                                        ; Stuck at GND due to stuck port data_in                               ;
; text_v23_capture_state~5                                                     ; Lost fanout                                                          ;
; text_v23_capture_state~6                                                     ; Lost fanout                                                          ;
; usb_state~9                                                                  ; Lost fanout                                                          ;
; usb_state~10                                                                 ; Lost fanout                                                          ;
; ber_query_stage_ft~11                                                        ; Lost fanout                                                          ;
; ber_query_stage_ft~12                                                        ; Lost fanout                                                          ;
; ber_query_stage_ft~13                                                        ; Lost fanout                                                          ;
; cmd_action_ft~13                                                             ; Lost fanout                                                          ;
; cmd_action_ft~14                                                             ; Lost fanout                                                          ;
; cmd_action_ft~15                                                             ; Lost fanout                                                          ;
; ber_query_stage_ft.000                                                       ; Lost fanout                                                          ;
; cmd_action_ft.CMD_ACTION_NOP                                                 ; Lost fanout                                                          ;
; cmd_action_ft.CMD_ACTION_RESTART                                             ; Stuck at GND due to stuck port data_in                               ;
; Total Number of Removed Registers = 1066                                     ;                                                                      ;
+------------------------------------------------------------------------------+----------------------------------------------------------------------+


+----------------------------------------------------------------------------------------------------------------------------------------------------+
; Removed Registers Triggering Further Register Optimizations                                                                                        ;
+-------------------------------+---------------------------+----------------------------------------------------------------------------------------+
; Register name                 ; Reason for Removal        ; Registers Removed due to This Register                                                 ;
+-------------------------------+---------------------------+----------------------------------------------------------------------------------------+
; frame_len_latched_previous[0] ; Stuck at GND              ; smp_sample_len[0][0], smp_sample_len[1][0], text_len_d[0][0], text_len_d[1][0],        ;
;                               ; due to stuck port data_in ; smp_frame_len[0][0], smp_frame_len[1][0], text_event_len[0], payload_local_sample[10], ;
;                               ;                           ; payload_last_bit[2], payload_last_bit[0]                                               ;
; smp_diag_snapshot_tx[28]      ; Stuck at GND              ; smp_diag_meta_ft[112], smp_diag_sync_ft[112], smp_diag_status_ft[112],                 ;
;                               ; due to stuck port data_in ; smp_diag_query_ft[112]                                                                 ;
; payload_rx_bits[2]            ; Stuck at GND              ; text_v23_payload_bits_tx[2], text_v23_payload_bits_ft[2]                               ;
;                               ; due to stuck port data_in ;                                                                                        ;
; payload_rx_bits[1]            ; Stuck at GND              ; text_v23_payload_bits_tx[1], text_v23_payload_bits_ft[1]                               ;
;                               ; due to stuck port data_in ;                                                                                        ;
; payload_rx_bits[0]            ; Stuck at GND              ; text_v23_payload_bits_tx[0], text_v23_payload_bits_ft[0]                               ;
;                               ; due to stuck port data_in ;                                                                                        ;
; active_bit_ticks[8]           ; Stuck at GND              ; nrz_phase_tx[8], nrz_phase2_tx[8]                                                      ;
;                               ; due to stuck port data_in ;                                                                                        ;
; delivery_bank_tx[60]          ; Stuck at GND              ; delivery_bank_ft[60]                                                                   ;
;                               ; due to stuck port data_in ;                                                                                        ;
; delivery_bank_tx[59]          ; Stuck at GND              ; delivery_bank_ft[59]                                                                   ;
;                               ; due to stuck port data_in ;                                                                                        ;
; delivery_bank_tx[58]          ; Stuck at GND              ; delivery_bank_ft[58]                                                                   ;
;                               ; due to stuck port data_in ;                                                                                        ;
; delivery_bank_tx[57]          ; Stuck at GND              ; delivery_bank_ft[57]                                                                   ;
;                               ; due to stuck port data_in ;                                                                                        ;
; delivery_bank_tx[56]          ; Stuck at GND              ; delivery_bank_ft[56]                                                                   ;
;                               ; due to stuck port data_in ;                                                                                        ;
; delivery_bank_tx[55]          ; Stuck at GND              ; delivery_bank_ft[55]                                                                   ;
;                               ; due to stuck port data_in ;                                                                                        ;
; delivery_bank_tx[54]          ; Stuck at GND              ; delivery_bank_ft[54]                                                                   ;
;                               ; due to stuck port data_in ;                                                                                        ;
; delivery_bank_tx[53]          ; Stuck at GND              ; delivery_bank_ft[53]                                                                   ;
;                               ; due to stuck port data_in ;                                                                                        ;
; delivery_bank_tx[52]          ; Stuck at GND              ; delivery_bank_ft[52]                                                                   ;
;                               ; due to stuck port data_in ;                                                                                        ;
; delivery_bank_tx[51]          ; Stuck at GND              ; delivery_bank_ft[51]                                                                   ;
;                               ; due to stuck port data_in ;                                                                                        ;
; delivery_bank_tx[50]          ; Stuck at GND              ; delivery_bank_ft[50]                                                                   ;
;                               ; due to stuck port data_in ;                                                                                        ;
; delivery_bank_tx[49]          ; Stuck at GND              ; delivery_bank_ft[49]                                                                   ;
;                               ; due to stuck port data_in ;                                                                                        ;
; delivery_bank_tx[48]          ; Stuck at GND              ; delivery_bank_ft[48]                                                                   ;
;                               ; due to stuck port data_in ;                                                                                        ;
; delivery_bank_tx[47]          ; Stuck at GND              ; delivery_bank_ft[47]                                                                   ;
;                               ; due to stuck port data_in ;                                                                                        ;
; delivery_bank_tx[46]          ; Stuck at GND              ; delivery_bank_ft[46]                                                                   ;
;                               ; due to stuck port data_in ;                                                                                        ;
; delivery_bank_tx[45]          ; Stuck at GND              ; delivery_bank_ft[45]                                                                   ;
;                               ; due to stuck port data_in ;                                                                                        ;
; delivery_bank_tx[44]          ; Stuck at GND              ; delivery_bank_ft[44]                                                                   ;
;                               ; due to stuck port data_in ;                                                                                        ;
; delivery_bank_tx[43]          ; Stuck at GND              ; delivery_bank_ft[43]                                                                   ;
;                               ; due to stuck port data_in ;                                                                                        ;
; delivery_bank_tx[42]          ; Stuck at GND              ; delivery_bank_ft[42]                                                                   ;
;                               ; due to stuck port data_in ;                                                                                        ;
; delivery_bank_tx[41]          ; Stuck at GND              ; delivery_bank_ft[41]                                                                   ;
;                               ; due to stuck port data_in ;                                                                                        ;
; delivery_bank_tx[40]          ; Stuck at GND              ; delivery_bank_ft[40]                                                                   ;
;                               ; due to stuck port data_in ;                                                                                        ;
; delivery_bank_tx[39]          ; Stuck at GND              ; delivery_bank_ft[39]                                                                   ;
;                               ; due to stuck port data_in ;                                                                                        ;
; delivery_bank_tx[38]          ; Stuck at GND              ; delivery_bank_ft[38]                                                                   ;
;                               ; due to stuck port data_in ;                                                                                        ;
; text_diag_flags_tx[4]         ; Stuck at GND              ; text_diag_flags_ft[4]                                                                  ;
;                               ; due to stuck port data_in ;                                                                                        ;
; text_diag_flags_tx[5]         ; Stuck at GND              ; text_diag_flags_ft[5]                                                                  ;
;                               ; due to stuck port data_in ;                                                                                        ;
; text_diag_flags_tx[6]         ; Stuck at GND              ; text_diag_flags_ft[6]                                                                  ;
;                               ; due to stuck port data_in ;                                                                                        ;
; text_diag_flags_tx[7]         ; Stuck at GND              ; text_diag_flags_ft[7]                                                                  ;
;                               ; due to stuck port data_in ;                                                                                        ;
; text_diag_flags_tx[8]         ; Stuck at GND              ; text_diag_flags_ft[8]                                                                  ;
;                               ; due to stuck port data_in ;                                                                                        ;
; text_diag_flags_tx[9]         ; Stuck at GND              ; text_diag_flags_ft[9]                                                                  ;
;                               ; due to stuck port data_in ;                                                                                        ;
; text_diag_flags_tx[10]        ; Stuck at GND              ; text_diag_flags_ft[10]                                                                 ;
;                               ; due to stuck port data_in ;                                                                                        ;
; text_diag_flags_tx[11]        ; Stuck at GND              ; text_diag_flags_ft[11]                                                                 ;
;                               ; due to stuck port data_in ;                                                                                        ;
; text_diag_flags_tx[12]        ; Stuck at GND              ; text_diag_flags_ft[12]                                                                 ;
;                               ; due to stuck port data_in ;                                                                                        ;
; text_diag_flags_tx[13]        ; Stuck at GND              ; text_diag_flags_ft[13]                                                                 ;
;                               ; due to stuck port data_in ;                                                                                        ;
; text_diag_flags_tx[14]        ; Stuck at GND              ; text_diag_flags_ft[14]                                                                 ;
;                               ; due to stuck port data_in ;                                                                                        ;
; text_diag_flags_tx[15]        ; Stuck at GND              ; text_diag_flags_ft[15]                                                                 ;
;                               ; due to stuck port data_in ;                                                                                        ;
; text_diag_flags_tx[16]        ; Stuck at GND              ; text_diag_flags_ft[16]                                                                 ;
;                               ; due to stuck port data_in ;                                                                                        ;
; text_diag_flags_tx[17]        ; Stuck at GND              ; text_diag_flags_ft[17]                                                                 ;
;                               ; due to stuck port data_in ;                                                                                        ;
; text_diag_flags_tx[18]        ; Stuck at GND              ; text_diag_flags_ft[18]                                                                 ;
;                               ; due to stuck port data_in ;                                                                                        ;
; text_diag_flags_tx[19]        ; Stuck at GND              ; text_diag_flags_ft[19]                                                                 ;
;                               ; due to stuck port data_in ;                                                                                        ;
; text_diag_flags_tx[20]        ; Stuck at GND              ; text_diag_flags_ft[20]                                                                 ;
;                               ; due to stuck port data_in ;                                                                                        ;
; text_diag_flags_tx[21]        ; Stuck at GND              ; text_diag_flags_ft[21]                                                                 ;
;                               ; due to stuck port data_in ;                                                                                        ;
; text_diag_flags_tx[22]        ; Stuck at GND              ; text_diag_flags_ft[22]                                                                 ;
;                               ; due to stuck port data_in ;                                                                                        ;
; text_diag_flags_tx[23]        ; Stuck at GND              ; text_diag_flags_ft[23]                                                                 ;
;                               ; due to stuck port data_in ;                                                                                        ;
; text_diag_flags_tx[24]        ; Stuck at GND              ; text_diag_flags_ft[24]                                                                 ;
;                               ; due to stuck port data_in ;                                                                                        ;
; text_diag_flags_tx[25]        ; Stuck at GND              ; text_diag_flags_ft[25]                                                                 ;
;                               ; due to stuck port data_in ;                                                                                        ;
; text_diag_flags_tx[26]        ; Stuck at GND              ; text_diag_flags_ft[26]                                                                 ;
;                               ; due to stuck port data_in ;                                                                                        ;
; text_diag_flags_tx[27]        ; Stuck at GND              ; text_diag_flags_ft[27]                                                                 ;
;                               ; due to stuck port data_in ;                                                                                        ;
; text_diag_flags_tx[28]        ; Stuck at GND              ; text_diag_flags_ft[28]                                                                 ;
;                               ; due to stuck port data_in ;                                                                                        ;
; text_diag_flags_tx[29]        ; Stuck at GND              ; text_diag_flags_ft[29]                                                                 ;
;                               ; due to stuck port data_in ;                                                                                        ;
; text_diag_flags_tx[30]        ; Stuck at GND              ; text_diag_flags_ft[30]                                                                 ;
;                               ; due to stuck port data_in ;                                                                                        ;
; text_diag_flags_tx[31]        ; Stuck at GND              ; text_diag_flags_ft[31]                                                                 ;
;                               ; due to stuck port data_in ;                                                                                        ;
; text_v23_status_tx[6]         ; Stuck at GND              ; text_v23_status_ft[6]                                                                  ;
;                               ; due to stuck port data_in ;                                                                                        ;
; delivery_bank_tx[63]          ; Stuck at GND              ; delivery_bank_ft[63]                                                                   ;
;                               ; due to stuck port data_in ;                                                                                        ;
; text_v23_status_tx[14]        ; Stuck at GND              ; text_v23_status_ft[14]                                                                 ;
;                               ; due to stuck port data_in ;                                                                                        ;
; text_v23_status_tx[15]        ; Stuck at GND              ; text_v23_status_ft[15]                                                                 ;
;                               ; due to stuck port data_in ;                                                                                        ;
; text_v23_status_tx[17]        ; Stuck at GND              ; text_v23_status_ft[17]                                                                 ;
;                               ; due to stuck port data_in ;                                                                                        ;
; text_v23_status_tx[18]        ; Stuck at GND              ; text_v23_status_ft[18]                                                                 ;
;                               ; due to stuck port data_in ;                                                                                        ;
; text_v23_status_tx[19]        ; Stuck at GND              ; text_v23_status_ft[19]                                                                 ;
;                               ; due to stuck port data_in ;                                                                                        ;
; text_v23_status_tx[20]        ; Stuck at GND              ; text_v23_status_ft[20]                                                                 ;
;                               ; due to stuck port data_in ;                                                                                        ;
; text_v23_status_tx[21]        ; Stuck at GND              ; text_v23_status_ft[21]                                                                 ;
;                               ; due to stuck port data_in ;                                                                                        ;
; text_v23_status_tx[22]        ; Stuck at GND              ; text_v23_status_ft[22]                                                                 ;
;                               ; due to stuck port data_in ;                                                                                        ;
; text_v23_status_tx[7]         ; Stuck at GND              ; text_v23_status_ft[7]                                                                  ;
;                               ; due to stuck port data_in ;                                                                                        ;
; text_v23_status_tx[26]        ; Stuck at GND              ; text_v23_status_ft[26]                                                                 ;
;                               ; due to stuck port data_in ;                                                                                        ;
; text_v23_status_tx[27]        ; Stuck at GND              ; text_v23_status_ft[27]                                                                 ;
;                               ; due to stuck port data_in ;                                                                                        ;
; text_v23_status_tx[28]        ; Stuck at GND              ; text_v23_status_ft[28]                                                                 ;
;                               ; due to stuck port data_in ;                                                                                        ;
; text_v23_status_tx[30]        ; Stuck at GND              ; text_v23_status_ft[30]                                                                 ;
;                               ; due to stuck port data_in ;                                                                                        ;
; text_v23_status_tx[31]        ; Stuck at GND              ; text_v23_status_ft[31]                                                                 ;
;                               ; due to stuck port data_in ;                                                                                        ;
; delivery_bank_tx[62]          ; Stuck at GND              ; delivery_bank_ft[62]                                                                   ;
;                               ; due to stuck port data_in ;                                                                                        ;
; delivery_bank_tx[61]          ; Stuck at GND              ; delivery_bank_ft[61]                                                                   ;
;                               ; due to stuck port data_in ;                                                                                        ;
; tx_last_frame_len[0]          ; Stuck at GND              ; tx_frame_done_len[0]                                                                   ;
;                               ; due to stuck port data_in ;                                                                                        ;
; text_v23_status_tx[23]        ; Stuck at GND              ; text_v23_status_ft[23]                                                                 ;
;                               ; due to stuck port data_in ;                                                                                        ;
+-------------------------------+---------------------------+----------------------------------------------------------------------------------------+


+------------------------------------------------------+
; General Register Statistics                          ;
+----------------------------------------------+-------+
; Statistic                                    ; Value ;
+----------------------------------------------+-------+
; Total registers                              ; 13994 ;
; Number of registers using Synchronous Clear  ; 4490  ;
; Number of registers using Synchronous Load   ; 339   ;
; Number of registers using Asynchronous Clear ; 9957  ;
; Number of registers using Asynchronous Load  ; 0     ;
; Number of registers using Clock Enable       ; 8467  ;
; Number of registers using Preset             ; 0     ;
+----------------------------------------------+-------+


+------------------------------------------------------------------------------------------+
; Inverted Register Statistics                                                             ;
+--------------------------------------------------------------------------------+---------+
; Inverted Register                                                              ; Fan out ;
+--------------------------------------------------------------------------------+---------+
; user_text_mem[0][4]                                                            ; 3       ;
; user_text_mem[0][6]                                                            ; 3       ;
; user_text_mem[16][5]                                                           ; 3       ;
; user_text_mem[24][5]                                                           ; 3       ;
; user_text_mem[17][5]                                                           ; 3       ;
; user_text_mem[25][5]                                                           ; 3       ;
; user_text_mem[20][5]                                                           ; 3       ;
; user_text_mem[28][5]                                                           ; 3       ;
; user_text_mem[21][5]                                                           ; 3       ;
; user_text_mem[29][5]                                                           ; 3       ;
; user_text_mem[18][5]                                                           ; 3       ;
; user_text_mem[26][5]                                                           ; 3       ;
; user_text_mem[19][5]                                                           ; 3       ;
; user_text_mem[27][5]                                                           ; 3       ;
; user_text_mem[22][5]                                                           ; 3       ;
; user_text_mem[30][5]                                                           ; 3       ;
; user_text_mem[23][5]                                                           ; 3       ;
; user_text_mem[31][5]                                                           ; 3       ;
; user_text_mem[2][5]                                                            ; 3       ;
; user_text_mem[4][5]                                                            ; 3       ;
; user_text_mem[6][5]                                                            ; 3       ;
; user_text_mem[8][5]                                                            ; 3       ;
; user_text_mem[10][5]                                                           ; 3       ;
; user_text_mem[12][5]                                                           ; 3       ;
; user_text_mem[14][5]                                                           ; 3       ;
; user_text_mem[1][5]                                                            ; 3       ;
; user_text_mem[3][5]                                                            ; 3       ;
; user_text_mem[5][5]                                                            ; 3       ;
; user_text_mem[7][5]                                                            ; 3       ;
; user_text_mem[9][5]                                                            ; 3       ;
; user_text_mem[11][5]                                                           ; 3       ;
; user_text_mem[13][5]                                                           ; 3       ;
; user_text_mem[15][5]                                                           ; 3       ;
; user_text_mem[0][1]                                                            ; 3       ;
; user_text_mem[0][0]                                                            ; 3       ;
; active_bit_ticks[5]                                                            ; 33      ;
; active_bit_ticks[4]                                                            ; 32      ;
; active_bit_ticks[1]                                                            ; 28      ;
; active_bit_ticks[7]                                                            ; 30      ;
; active_bit_ticks[6]                                                            ; 31      ;
; active_bit_ticks[3]                                                            ; 30      ;
; ft_oe_n~reg0                                                                   ; 2       ;
; ft_rd_n~reg0                                                                   ; 2       ;
; ft_wr_n~reg0                                                                   ; 2       ;
; bit_start_tick                                                                 ; 28      ;
; nrz_phase_tx[1]                                                                ; 2       ;
; nrz_phase_tx[2]                                                                ; 2       ;
; nrz_phase_tx[0]                                                                ; 2       ;
; nrz_phase_tx[3]                                                                ; 2       ;
; nrz_phase_tx[6]                                                                ; 2       ;
; nrz_phase_tx[4]                                                                ; 2       ;
; nrz_phase_tx[5]                                                                ; 2       ;
; active_mode[1]                                                                 ; 23      ;
; prbs15[14]                                                                     ; 3       ;
; prbs7[6]                                                                       ; 5       ;
; prbs15[11]                                                                     ; 5       ;
; prbs7[3]                                                                       ; 8       ;
; prbs15[13]                                                                     ; 4       ;
; prbs7[5]                                                                       ; 8       ;
; user_text_len[0]                                                               ; 14      ;
; prbs15[5]                                                                      ; 4       ;
; prbs7[4]                                                                       ; 9       ;
; prbs15[6]                                                                      ; 6       ;
; prbs15[3]                                                                      ; 4       ;
; prbs7[2]                                                                       ; 7       ;
; prbs7[1]                                                                       ; 6       ;
; active_penultimate_phase[3]                                                    ; 1       ;
; prbs15[10]                                                                     ; 5       ;
; prbs15[9]                                                                      ; 5       ;
; prbs15[12]                                                                     ; 6       ;
; prbs15[8]                                                                      ; 5       ;
; prbs7[0]                                                                       ; 6       ;
; prbs15[7]                                                                      ; 5       ;
; enc_len[3]                                                                     ; 5       ;
; prbs15[4]                                                                      ; 4       ;
; prbs15[2]                                                                      ; 4       ;
; prbs15[1]                                                                      ; 4       ;
; prbs15[0]                                                                      ; 4       ;
; text_len_ft[0]                                                                 ; 1       ;
; nrz_phase2_tx[0]                                                               ; 2       ;
; text_char_ft[5]                                                                ; 32      ;
; nrz_phase2_tx[1]                                                               ; 2       ;
; nrz_phase2_tx[2]                                                               ; 2       ;
; nrz_phase2_tx[3]                                                               ; 2       ;
; nrz_phase2_tx[5]                                                               ; 2       ;
; nrz_phase2_tx[6]                                                               ; 2       ;
; nrz_phase2_tx[4]                                                               ; 2       ;
; text_capture_flush                                                             ; 54      ;
; text_room_available                                                            ; 2       ;
; payload_local_flush                                                            ; 15      ;
; payload_local_restart                                                          ; 65      ;
; text_capture_restart                                                           ; 2       ;
; altshift_taps:delivery_metadata_pipe_rtl_0|shift_taps_3dv:auto_generated|dffe6 ; 37      ;
; tx_line_reset_b0                                                               ; 9       ;
; tx_frame_reset_b0                                                              ; 9       ;
; tx_line_reset_b1                                                               ; 9       ;
; tx_frame_reset_b1                                                              ; 9       ;
; tx_line_reset_b2                                                               ; 9       ;
; tx_frame_reset_b2                                                              ; 9       ;
; tx_line_reset_b3                                                               ; 9       ;
; Total number of inverted registers = 139*                                      ;         ;
+--------------------------------------------------------------------------------+---------+
* Table truncated at 100 items. To change the number of inverted registers reported, set the "Number of Inverted Registers Reported" option under Assignments->Settings->Analysis and Synthesis Settings->More Settings


+----------------------------------------------------------------------------------------------------------------------------------------+
; Registers Packed Into Inferred Megafunctions                                                                                           ;
+--------------------------------------------------------------+------------------------------------------------------------+------------+
; Register Name                                                ; Megafunction                                               ; Type       ;
+--------------------------------------------------------------+------------------------------------------------------------+------------+
; FsoDeliveryMonitor:delivery_monitor|compare_reference[0..47] ; FsoDeliveryMonitor:delivery_monitor|reference_record_rtl_0 ; RAM        ;
; delivery_metadata_pipe[0..3][0..36]                          ; delivery_metadata_pipe_rtl_0                               ; SHIFT_TAPS ;
; ExactDivCompare16:quality_compare|product2[0..15]            ; ExactDivCompare16:quality_compare|l20s2_rtl_0              ; SHIFT_TAPS ;
; ExactDivCompare16:quality_compare|l20s4[0..15]               ; ExactDivCompare16:quality_compare|l20s2_rtl_0              ; SHIFT_TAPS ;
; ExactDivCompare16:quality_compare|l20s3[0..15]               ; ExactDivCompare16:quality_compare|l20s2_rtl_0              ; SHIFT_TAPS ;
; ExactDivCompare16:quality_compare|l20s2[0..15]               ; ExactDivCompare16:quality_compare|l20s2_rtl_0              ; SHIFT_TAPS ;
; ExactDivCompare16:quality_compare|product1[0..15]            ; ExactDivCompare16:quality_compare|l20s2_rtl_0              ; SHIFT_TAPS ;
; ExactDivCompare16:quality_compare|l10s4[0..15]               ; ExactDivCompare16:quality_compare|l20s2_rtl_0              ; SHIFT_TAPS ;
; ExactDivCompare16:quality_compare|l10s3[0..15]               ; ExactDivCompare16:quality_compare|l20s2_rtl_0              ; SHIFT_TAPS ;
; ExactDivCompare16:quality_compare|l10s2[0..15]               ; ExactDivCompare16:quality_compare|l20s2_rtl_0              ; SHIFT_TAPS ;
; delivery_decode_b_id[0..31]                                  ; delivery_complete_id_rtl_0                                 ; SHIFT_TAPS ;
; delivery_decode_a_id[0..31]                                  ; delivery_complete_id_rtl_0                                 ; SHIFT_TAPS ;
; delivery_complete_id[0..31]                                  ; delivery_complete_id_rtl_0                                 ; SHIFT_TAPS ;
; smp_decoded_id[0,1][0..31]                                   ; delivery_complete_id_rtl_0                                 ; SHIFT_TAPS ;
; smp_decode_b_id[0,1][0..31]                                  ; delivery_complete_id_rtl_0                                 ; SHIFT_TAPS ;
; smp_decode_a_id[0,1][0..31]                                  ; delivery_complete_id_rtl_0                                 ; SHIFT_TAPS ;
; payload_decode_b_code[0,1]                                   ; delivery_complete_id_rtl_0                                 ; SHIFT_TAPS ;
; payload_decode_a_code[0,1]                                   ; delivery_complete_id_rtl_0                                 ; SHIFT_TAPS ;
; payload_complete_tuple[48,49]                                ; delivery_complete_id_rtl_0                                 ; SHIFT_TAPS ;
; ExactDivCompare16:quality_compare|l23s4[0..15]               ; delivery_complete_id_rtl_0                                 ; SHIFT_TAPS ;
; ExactDivCompare16:quality_compare|l23s3[0..15]               ; delivery_complete_id_rtl_0                                 ; SHIFT_TAPS ;
; ExactDivCompare16:quality_compare|l23s2[0..15]               ; delivery_complete_id_rtl_0                                 ; SHIFT_TAPS ;
; ExactDivCompare16:quality_compare|l13s4[0..15]               ; delivery_complete_id_rtl_0                                 ; SHIFT_TAPS ;
; ExactDivCompare16:quality_compare|l13s3[0..15]               ; delivery_complete_id_rtl_0                                 ; SHIFT_TAPS ;
; ExactDivCompare16:quality_compare|l13s2[0..15]               ; delivery_complete_id_rtl_0                                 ; SHIFT_TAPS ;
+--------------------------------------------------------------+------------------------------------------------------------+------------+


+--------------------------------------------------------------------------------------------------------------------------------------------------------------------------------+
; Multiplexer Restructuring Statistics (Restructuring Performed)                                                                                                                 ;
+--------------------+-----------+---------------+----------------------+------------------------+------------+------------------------------------------------------------------+
; Multiplexer Inputs ; Bus Width ; Baseline Area ; Area if Restructured ; Saving if Restructured ; Registered ; Example Multiplexer Output                                       ;
+--------------------+-----------+---------------+----------------------+------------------------+------------+------------------------------------------------------------------+
; 3:1                ; 2 bits    ; 4 LEs         ; 4 LEs                ; 0 LEs                  ; Yes        ; |FSOx86|text_event_locked                                        ;
; 3:1                ; 4 bits    ; 8 LEs         ; 4 LEs                ; 4 LEs                  ; Yes        ; |FSOx86|tx_frame_done_len[0]                                     ;
; 3:1                ; 32 bits   ; 64 LEs        ; 0 LEs                ; 64 LEs                 ; Yes        ; |FSOx86|rx_error_bits[18]                                        ;
; 3:1                ; 28 bits   ; 56 LEs        ; 0 LEs                ; 56 LEs                 ; Yes        ; |FSOx86|quality_window_count[6]                                  ;
; 3:1                ; 6 bits    ; 12 LEs        ; 12 LEs               ; 0 LEs                  ; Yes        ; |FSOx86|text_rx_index[2]                                         ;
; 3:1                ; 8 bits    ; 16 LEs        ; 0 LEs                ; 16 LEs                 ; Yes        ; |FSOx86|text_last_committed[3]                                   ;
; 4:1                ; 16 bits   ; 32 LEs        ; 32 LEs               ; 0 LEs                  ; Yes        ; |FSOx86|payload_decoded_pair[3]                                  ;
; 3:1                ; 8 bits    ; 16 LEs        ; 0 LEs                ; 16 LEs                 ; Yes        ; |FSOx86|count_byte[5]                                            ;
; 3:1                ; 22 bits   ; 44 LEs        ; 0 LEs                ; 44 LEs                 ; Yes        ; |FSOx86|smp_rx_shift[0][7]                                       ;
; 3:1                ; 22 bits   ; 44 LEs        ; 0 LEs                ; 44 LEs                 ; Yes        ; |FSOx86|smp_rx_shift[1][1]                                       ;
; 3:1                ; 4 bits    ; 8 LEs         ; 4 LEs                ; 4 LEs                  ; Yes        ; |FSOx86|tx_last_frame_len[3]                                     ;
; 3:1                ; 8 bits    ; 16 LEs        ; 0 LEs                ; 16 LEs                 ; Yes        ; |FSOx86|text_last_loaded_tx[7]                                   ;
; 3:1                ; 30 bits   ; 60 LEs        ; 0 LEs                ; 60 LEs                 ; Yes        ; |FSOx86|run_mode_snapshot_tx[27]                                 ;
; 3:1                ; 601 bits  ; 1202 LEs      ; 0 LEs                ; 1202 LEs               ; Yes        ; |FSOx86|smp_data_snapshot_tx[199]                                ;
; 3:1                ; 18 bits   ; 36 LEs        ; 0 LEs                ; 36 LEs                 ; Yes        ; |FSOx86|status_snapshot_div[8]                                   ;
; 3:1                ; 32 bits   ; 64 LEs        ; 0 LEs                ; 64 LEs                 ; Yes        ; |FSOx86|rx_total_bits[11]                                        ;
; 3:1                ; 32 bits   ; 64 LEs        ; 0 LEs                ; 64 LEs                 ; Yes        ; |FSOx86|rx2_total_bits[19]                                       ;
; 3:1                ; 32 bits   ; 64 LEs        ; 0 LEs                ; 64 LEs                 ; Yes        ; |FSOx86|rx2_error_bits[23]                                       ;
; 3:1                ; 16 bits   ; 32 LEs        ; 0 LEs                ; 32 LEs                 ; Yes        ; |FSOx86|smp_diag_resets[5]                                       ;
; 3:1                ; 16 bits   ; 32 LEs        ; 0 LEs                ; 32 LEs                 ; Yes        ; |FSOx86|smp_diag_timeouts[13]                                    ;
; 3:1                ; 16 bits   ; 32 LEs        ; 0 LEs                ; 32 LEs                 ; Yes        ; |FSOx86|smp_diag_mismatches[8]                                   ;
; 3:1                ; 16 bits   ; 32 LEs        ; 0 LEs                ; 32 LEs                 ; Yes        ; |FSOx86|smp_diag_pairs[12]                                       ;
; 3:1                ; 16 bits   ; 32 LEs        ; 0 LEs                ; 32 LEs                 ; Yes        ; |FSOx86|smp_diag_decoded2[15]                                    ;
; 3:1                ; 16 bits   ; 32 LEs        ; 0 LEs                ; 32 LEs                 ; Yes        ; |FSOx86|smp_diag_decoded1[15]                                    ;
; 4:1                ; 32 bits   ; 64 LEs        ; 0 LEs                ; 64 LEs                 ; Yes        ; |FSOx86|smp_capture_floor[24]                                    ;
; 4:1                ; 32 bits   ; 64 LEs        ; 64 LEs               ; 0 LEs                  ; Yes        ; |FSOx86|delivery_id_d[0][3]                                      ;
; 4:1                ; 32 bits   ; 64 LEs        ; 64 LEs               ; 0 LEs                  ; Yes        ; |FSOx86|delivery_id_d[1][8]                                      ;
; 4:1                ; 16 bits   ; 32 LEs        ; 0 LEs                ; 32 LEs                 ; Yes        ; |FSOx86|cmd_mod_tx[4]                                            ;
; 4:1                ; 32 bits   ; 64 LEs        ; 0 LEs                ; 64 LEs                 ; Yes        ; |FSOx86|rx1_window_bits[23]                                      ;
; 4:1                ; 32 bits   ; 64 LEs        ; 0 LEs                ; 64 LEs                 ; Yes        ; |FSOx86|rx2_window_bits[7]                                       ;
; 4:1                ; 32 bits   ; 64 LEs        ; 0 LEs                ; 64 LEs                 ; Yes        ; |FSOx86|rx2_window_errors[23]                                    ;
; 4:1                ; 32 bits   ; 64 LEs        ; 0 LEs                ; 64 LEs                 ; Yes        ; |FSOx86|rx1_window_errors[8]                                     ;
; 5:1                ; 2 bits    ; 6 LEs         ; 6 LEs                ; 0 LEs                  ; Yes        ; |FSOx86|smp_commit_valid                                         ;
; 5:1                ; 6 bits    ; 18 LEs        ; 12 LEs               ; 6 LEs                  ; Yes        ; |FSOx86|user_text_tx_index[5]                                    ;
; 5:1                ; 5 bits    ; 15 LEs        ; 10 LEs               ; 5 LEs                  ; Yes        ; |FSOx86|smp_bit_count[0][4]                                      ;
; 5:1                ; 5 bits    ; 15 LEs        ; 10 LEs               ; 5 LEs                  ; Yes        ; |FSOx86|smp_bit_count[1][1]                                      ;
; 5:1                ; 32 bits   ; 96 LEs        ; 0 LEs                ; 96 LEs                 ; Yes        ; |FSOx86|smp_first_pair_id[4]                                     ;
; 6:1                ; 6 bits    ; 24 LEs        ; 18 LEs               ; 6 LEs                  ; Yes        ; |FSOx86|rx_health_count[2]                                       ;
; 6:1                ; 6 bits    ; 24 LEs        ; 18 LEs               ; 6 LEs                  ; Yes        ; |FSOx86|rx2_health_count[1]                                      ;
; 6:1                ; 6 bits    ; 24 LEs        ; 12 LEs               ; 12 LEs                 ; Yes        ; |FSOx86|smp_pair_count[3]                                        ;
; 7:1                ; 6 bits    ; 24 LEs        ; 18 LEs               ; 6 LEs                  ; Yes        ; |FSOx86|rx_health_errors[2]                                      ;
; 7:1                ; 6 bits    ; 24 LEs        ; 18 LEs               ; 6 LEs                  ; Yes        ; |FSOx86|rx2_health_errors[5]                                     ;
; 8:1                ; 5 bits    ; 25 LEs        ; 20 LEs               ; 5 LEs                  ; Yes        ; |FSOx86|rx_match_count[1]                                        ;
; 8:1                ; 5 bits    ; 25 LEs        ; 20 LEs               ; 5 LEs                  ; Yes        ; |FSOx86|rx2_match_count[3]                                       ;
; 8:1                ; 4 bits    ; 20 LEs        ; 20 LEs               ; 0 LEs                  ; Yes        ; |FSOx86|smp_bank_write[14]                                       ;
; 8:1                ; 4 bits    ; 20 LEs        ; 20 LEs               ; 0 LEs                  ; Yes        ; |FSOx86|smp_bank_write[11]                                       ;
; 8:1                ; 4 bits    ; 20 LEs        ; 20 LEs               ; 0 LEs                  ; Yes        ; |FSOx86|smp_bank_write[6]                                        ;
; 8:1                ; 4 bits    ; 20 LEs        ; 20 LEs               ; 0 LEs                  ; Yes        ; |FSOx86|smp_bank_write[2]                                        ;
; 3:1                ; 4 bits    ; 8 LEs         ; 4 LEs                ; 4 LEs                  ; Yes        ; |FSOx86|prbs7[6]                                                 ;
; 4:1                ; 3 bits    ; 6 LEs         ; 6 LEs                ; 0 LEs                  ; Yes        ; |FSOx86|prbs7[1]                                                 ;
; 4:1                ; 15 bits   ; 30 LEs        ; 30 LEs               ; 0 LEs                  ; Yes        ; |FSOx86|prbs15[13]                                               ;
; 4:1                ; 8 bits    ; 16 LEs        ; 16 LEs               ; 0 LEs                  ; No         ; |FSOx86|aligned_frame_code[0]                                    ;
; 4:1                ; 7 bits    ; 14 LEs        ; 14 LEs               ; 0 LEs                  ; No         ; |FSOx86|aligned2_frame_len[4]                                    ;
; 6:1                ; 3 bits    ; 12 LEs        ; 12 LEs               ; 0 LEs                  ; No         ; |FSOx86|rx_sample_phase[6]                                       ;
; 6:1                ; 4 bits    ; 16 LEs        ; 16 LEs               ; 0 LEs                  ; No         ; |FSOx86|pwm_sample_phase                                         ;
; 39:1               ; 8 bits    ; 208 LEs       ; 200 LEs              ; 8 LEs                  ; No         ; |FSOx86|raw_byte[0]                                              ;
; 39:1               ; 8 bits    ; 208 LEs       ; 200 LEs              ; 8 LEs                  ; No         ; |FSOx86|raw_byte2[1]                                             ;
; 3:1                ; 11 bits   ; 22 LEs        ; 0 LEs                ; 22 LEs                 ; Yes        ; |FSOx86|FsoDeliveryMonitor:delivery_monitor|retire_errors_q[1]   ;
; 3:1                ; 2 bits    ; 4 LEs         ; 2 LEs                ; 2 LEs                  ; Yes        ; |FSOx86|FsoDeliveryMonitor:delivery_monitor|started_blocks[1]    ;
; 3:1                ; 64 bits   ; 128 LEs       ; 0 LEs                ; 128 LEs                ; Yes        ; |FSOx86|FsoDeliveryMonitor:delivery_monitor|retired_ticks[27]    ;
; 3:1                ; 28 bits   ; 56 LEs        ; 0 LEs                ; 56 LEs                 ; Yes        ; |FSOx86|FsoDeliveryMonitor:delivery_monitor|cohort_tag[0][27]    ;
; 3:1                ; 28 bits   ; 56 LEs        ; 0 LEs                ; 56 LEs                 ; Yes        ; |FSOx86|FsoDeliveryMonitor:delivery_monitor|cohort_tag[1][19]    ;
; 3:1                ; 28 bits   ; 56 LEs        ; 0 LEs                ; 56 LEs                 ; Yes        ; |FSOx86|FsoDeliveryMonitor:delivery_monitor|cohort_tag[2][18]    ;
; 3:1                ; 28 bits   ; 56 LEs        ; 0 LEs                ; 56 LEs                 ; Yes        ; |FSOx86|FsoDeliveryMonitor:delivery_monitor|cohort_tag[3][10]    ;
; 3:1                ; 28 bits   ; 56 LEs        ; 0 LEs                ; 56 LEs                 ; Yes        ; |FSOx86|FsoDeliveryMonitor:delivery_monitor|cohort_tag[4][21]    ;
; 3:1                ; 28 bits   ; 56 LEs        ; 0 LEs                ; 56 LEs                 ; Yes        ; |FSOx86|FsoDeliveryMonitor:delivery_monitor|cohort_tag[5][10]    ;
; 3:1                ; 28 bits   ; 56 LEs        ; 0 LEs                ; 56 LEs                 ; Yes        ; |FSOx86|FsoDeliveryMonitor:delivery_monitor|cohort_tag[6][8]     ;
; 3:1                ; 28 bits   ; 56 LEs        ; 0 LEs                ; 56 LEs                 ; Yes        ; |FSOx86|FsoDeliveryMonitor:delivery_monitor|cohort_tag[7][18]    ;
; 4:1                ; 32 bits   ; 64 LEs        ; 0 LEs                ; 64 LEs                 ; Yes        ; |FSOx86|FsoDeliveryMonitor:delivery_monitor|cohort_mask[0][24]   ;
; 4:1                ; 32 bits   ; 64 LEs        ; 0 LEs                ; 64 LEs                 ; Yes        ; |FSOx86|FsoDeliveryMonitor:delivery_monitor|cohort_mask[1][0]    ;
; 4:1                ; 32 bits   ; 64 LEs        ; 0 LEs                ; 64 LEs                 ; Yes        ; |FSOx86|FsoDeliveryMonitor:delivery_monitor|cohort_mask[2][1]    ;
; 4:1                ; 32 bits   ; 64 LEs        ; 0 LEs                ; 64 LEs                 ; Yes        ; |FSOx86|FsoDeliveryMonitor:delivery_monitor|cohort_mask[3][19]   ;
; 4:1                ; 32 bits   ; 64 LEs        ; 0 LEs                ; 64 LEs                 ; Yes        ; |FSOx86|FsoDeliveryMonitor:delivery_monitor|cohort_mask[4][1]    ;
; 4:1                ; 32 bits   ; 64 LEs        ; 0 LEs                ; 64 LEs                 ; Yes        ; |FSOx86|FsoDeliveryMonitor:delivery_monitor|cohort_mask[5][6]    ;
; 4:1                ; 32 bits   ; 64 LEs        ; 0 LEs                ; 64 LEs                 ; Yes        ; |FSOx86|FsoDeliveryMonitor:delivery_monitor|cohort_mask[6][29]   ;
; 4:1                ; 32 bits   ; 64 LEs        ; 0 LEs                ; 64 LEs                 ; Yes        ; |FSOx86|FsoDeliveryMonitor:delivery_monitor|cohort_mask[7][3]    ;
; 5:1                ; 15 bits   ; 45 LEs        ; 0 LEs                ; 45 LEs                 ; Yes        ; |FSOx86|FsoDeliveryMonitor:delivery_monitor|cohort_errors[0][7]  ;
; 5:1                ; 15 bits   ; 45 LEs        ; 0 LEs                ; 45 LEs                 ; Yes        ; |FSOx86|FsoDeliveryMonitor:delivery_monitor|cohort_bytes[1][0]   ;
; 5:1                ; 15 bits   ; 45 LEs        ; 0 LEs                ; 45 LEs                 ; Yes        ; |FSOx86|FsoDeliveryMonitor:delivery_monitor|cohort_errors[2][6]  ;
; 5:1                ; 15 bits   ; 45 LEs        ; 0 LEs                ; 45 LEs                 ; Yes        ; |FSOx86|FsoDeliveryMonitor:delivery_monitor|cohort_bytes[3][0]   ;
; 5:1                ; 15 bits   ; 45 LEs        ; 0 LEs                ; 45 LEs                 ; Yes        ; |FSOx86|FsoDeliveryMonitor:delivery_monitor|cohort_errors[4][8]  ;
; 5:1                ; 15 bits   ; 45 LEs        ; 0 LEs                ; 45 LEs                 ; Yes        ; |FSOx86|FsoDeliveryMonitor:delivery_monitor|cohort_bytes[5][1]   ;
; 5:1                ; 15 bits   ; 45 LEs        ; 0 LEs                ; 45 LEs                 ; Yes        ; |FSOx86|FsoDeliveryMonitor:delivery_monitor|cohort_errors[6][7]  ;
; 5:1                ; 15 bits   ; 45 LEs        ; 0 LEs                ; 45 LEs                 ; Yes        ; |FSOx86|FsoDeliveryMonitor:delivery_monitor|cohort_bytes[7][2]   ;
; 10:1               ; 6 bits    ; 36 LEs        ; 36 LEs               ; 0 LEs                  ; Yes        ; |FSOx86|FsoDeliveryMonitor:delivery_monitor|retire_compared_q[7] ;
; 8:1                ; 42 bits   ; 210 LEs       ; 210 LEs              ; 0 LEs                  ; No         ; |FSOx86|FsoDeliveryMonitor:delivery_monitor|Mux15                ;
; 3:1                ; 21 bits   ; 42 LEs        ; 0 LEs                ; 42 LEs                 ; Yes        ; |FSOx86|frame_len_latched_previous2[4]                           ;
; 3:1                ; 5 bits    ; 10 LEs        ; 5 LEs                ; 5 LEs                  ; Yes        ; |FSOx86|user_text_len[4]                                         ;
; 5:1                ; 9 bits    ; 27 LEs        ; 0 LEs                ; 27 LEs                 ; Yes        ; |FSOx86|bit_phase[8]                                             ;
; 7:1                ; 5 bits    ; 20 LEs        ; 20 LEs               ; 0 LEs                  ; Yes        ; |FSOx86|enc_index[2]                                             ;
; 3:1                ; 3 bits    ; 6 LEs         ; 3 LEs                ; 3 LEs                  ; Yes        ; |FSOx86|frame_len_latched_previous[3]                            ;
; 113:1              ; 2 bits    ; 150 LEs       ; 140 LEs              ; 10 LEs                 ; Yes        ; |FSOx86|usb_tx_word[31]                                          ;
; 113:1              ; 6 bits    ; 450 LEs       ; 420 LEs              ; 30 LEs                 ; Yes        ; |FSOx86|usb_tx_word[23]                                          ;
; 113:1              ; 2 bits    ; 150 LEs       ; 140 LEs              ; 10 LEs                 ; Yes        ; |FSOx86|usb_tx_word[25]                                          ;
; 115:1              ; 2 bits    ; 152 LEs       ; 140 LEs              ; 12 LEs                 ; Yes        ; |FSOx86|usb_tx_word[18]                                          ;
; 3:1                ; 2 bits    ; 4 LEs         ; 2 LEs                ; 2 LEs                  ; No         ; |FSOx86|Mux27                                                    ;
; 3:1                ; 4 bits    ; 8 LEs         ; 4 LEs                ; 4 LEs                  ; Yes        ; |FSOx86|user_text_mem[0][0]                                      ;
; 3:1                ; 5 bits    ; 10 LEs        ; 5 LEs                ; 5 LEs                  ; Yes        ; |FSOx86|text_slots_reserved[2]                                   ;
; 3:1                ; 32 bits   ; 64 LEs        ; 0 LEs                ; 64 LEs                 ; Yes        ; |FSOx86|text_commit_count[30]                                    ;
; 3:1                ; 61 bits   ; 122 LEs       ; 0 LEs                ; 122 LEs                ; Yes        ; |FSOx86|payload_rx_bits[4]                                       ;
; 6:1                ; 5 bits    ; 20 LEs        ; 10 LEs               ; 10 LEs                 ; Yes        ; |FSOx86|payload_bit_count[3]                                     ;
; 3:1                ; 2 bits    ; 4 LEs         ; 4 LEs                ; 0 LEs                  ; No         ; |FSOx86|text_v23_capture_state                                   ;
; 4:1                ; 8 bits    ; 16 LEs        ; 0 LEs                ; 16 LEs                 ; Yes        ; |FSOx86|ppm_early_count[7]                                       ;
; 4:1                ; 8 bits    ; 16 LEs        ; 0 LEs                ; 16 LEs                 ; Yes        ; |FSOx86|ppm_late_count[8]                                        ;
; 4:1                ; 28 bits   ; 56 LEs        ; 0 LEs                ; 56 LEs                 ; Yes        ; |FSOx86|blink_counter[18]                                        ;
; 4:1                ; 3 bits    ; 6 LEs         ; 6 LEs                ; 0 LEs                  ; Yes        ; |FSOx86|active_penultimate_phase[2]                              ;
; 5:1                ; 2 bits    ; 6 LEs         ; 4 LEs                ; 2 LEs                  ; Yes        ; |FSOx86|nrz_phase_tx[8]                                          ;
; 5:1                ; 2 bits    ; 6 LEs         ; 4 LEs                ; 2 LEs                  ; Yes        ; |FSOx86|nrz_delay_tx[0]                                          ;
; 5:1                ; 2 bits    ; 6 LEs         ; 4 LEs                ; 2 LEs                  ; Yes        ; |FSOx86|nrz_phase2_tx[7]                                         ;
; 5:1                ; 2 bits    ; 6 LEs         ; 4 LEs                ; 2 LEs                  ; Yes        ; |FSOx86|nrz_delay2_tx[0]                                         ;
; 4:1                ; 7 bits    ; 14 LEs        ; 14 LEs               ; 0 LEs                  ; Yes        ; |FSOx86|active_bit_ticks[7]                                      ;
; 5:1                ; 7 bits    ; 21 LEs        ; 14 LEs               ; 7 LEs                  ; Yes        ; |FSOx86|nrz_phase_tx[4]                                          ;
; 5:1                ; 7 bits    ; 21 LEs        ; 14 LEs               ; 7 LEs                  ; Yes        ; |FSOx86|nrz_phase2_tx[0]                                         ;
; 3:1                ; 6 bits    ; 12 LEs        ; 12 LEs               ; 0 LEs                  ; No         ; |FSOx86|led                                                      ;
; 4:1                ; 8 bits    ; 16 LEs        ; 16 LEs               ; 0 LEs                  ; Yes        ; |FSOx86|smp_decoded_byte[0][0]                                   ;
; 4:1                ; 8 bits    ; 16 LEs        ; 16 LEs               ; 0 LEs                  ; Yes        ; |FSOx86|smp_decoded_byte[1][7]                                   ;
; 10:1               ; 3 bits    ; 18 LEs        ; 12 LEs               ; 6 LEs                  ; Yes        ; |FSOx86|smp_pair_state[2]                                        ;
; 3:1                ; 16 bits   ; 32 LEs        ; 0 LEs                ; 32 LEs                 ; Yes        ; |FSOx86|smp_capture_data[147]                                    ;
; 3:1                ; 16 bits   ; 32 LEs        ; 0 LEs                ; 32 LEs                 ; Yes        ; |FSOx86|smp_capture_data[174]                                    ;
; 3:1                ; 16 bits   ; 32 LEs        ; 0 LEs                ; 32 LEs                 ; Yes        ; |FSOx86|smp_capture_data[180]                                    ;
; 3:1                ; 16 bits   ; 32 LEs        ; 0 LEs                ; 32 LEs                 ; Yes        ; |FSOx86|smp_capture_data[193]                                    ;
; 3:1                ; 16 bits   ; 32 LEs        ; 0 LEs                ; 32 LEs                 ; Yes        ; |FSOx86|smp_capture_data[211]                                    ;
; 3:1                ; 16 bits   ; 32 LEs        ; 0 LEs                ; 32 LEs                 ; Yes        ; |FSOx86|smp_capture_data[233]                                    ;
; 3:1                ; 16 bits   ; 32 LEs        ; 0 LEs                ; 32 LEs                 ; Yes        ; |FSOx86|smp_capture_data[255]                                    ;
; 3:1                ; 8 bits    ; 16 LEs        ; 0 LEs                ; 16 LEs                 ; Yes        ; |FSOx86|tx_frame_bits_b0[7]                                      ;
; 3:1                ; 16 bits   ; 32 LEs        ; 0 LEs                ; 32 LEs                 ; Yes        ; |FSOx86|smp_capture_data[11]                                     ;
; 3:1                ; 16 bits   ; 32 LEs        ; 0 LEs                ; 32 LEs                 ; Yes        ; |FSOx86|smp_capture_data[19]                                     ;
; 3:1                ; 16 bits   ; 32 LEs        ; 0 LEs                ; 32 LEs                 ; Yes        ; |FSOx86|smp_capture_data[35]                                     ;
; 3:1                ; 16 bits   ; 32 LEs        ; 0 LEs                ; 32 LEs                 ; Yes        ; |FSOx86|smp_capture_data[55]                                     ;
; 3:1                ; 16 bits   ; 32 LEs        ; 0 LEs                ; 32 LEs                 ; Yes        ; |FSOx86|smp_capture_data[68]                                     ;
; 3:1                ; 16 bits   ; 32 LEs        ; 0 LEs                ; 32 LEs                 ; Yes        ; |FSOx86|smp_capture_data[88]                                     ;
; 3:1                ; 16 bits   ; 32 LEs        ; 0 LEs                ; 32 LEs                 ; Yes        ; |FSOx86|smp_capture_data[109]                                    ;
; 3:1                ; 16 bits   ; 32 LEs        ; 0 LEs                ; 32 LEs                 ; Yes        ; |FSOx86|smp_capture_data[118]                                    ;
; 3:1                ; 16 bits   ; 32 LEs        ; 0 LEs                ; 32 LEs                 ; Yes        ; |FSOx86|smp_capture_data[128]                                    ;
; 4:1                ; 8 bits    ; 16 LEs        ; 8 LEs                ; 8 LEs                  ; Yes        ; |FSOx86|tx_frame_bits_b1[5]                                      ;
; 4:1                ; 8 bits    ; 16 LEs        ; 8 LEs                ; 8 LEs                  ; Yes        ; |FSOx86|tx_frame_bits_b2[5]                                      ;
; 4:1                ; 8 bits    ; 16 LEs        ; 8 LEs                ; 8 LEs                  ; Yes        ; |FSOx86|tx_frame_bits_b3[0]                                      ;
; 3:1                ; 2 bits    ; 4 LEs         ; 2 LEs                ; 2 LEs                  ; Yes        ; |FSOx86|mimo_mode_tx[1]                                          ;
; 3:1                ; 9 bits    ; 18 LEs        ; 0 LEs                ; 18 LEs                 ; Yes        ; |FSOx86|nrz_tune_phase_ft[2]                                     ;
; 3:1                ; 5 bits    ; 10 LEs        ; 10 LEs               ; 0 LEs                  ; Yes        ; |FSOx86|text_len_ft[1]                                           ;
; 4:1                ; 32 bits   ; 64 LEs        ; 0 LEs                ; 64 LEs                 ; Yes        ; |FSOx86|cmd_mod_ft[6]                                            ;
; 4:1                ; 2 bits    ; 4 LEs         ; 4 LEs                ; 0 LEs                  ; Yes        ; |FSOx86|nrz_tune_delay_ft[1]                                     ;
; 4:1                ; 6 bits    ; 12 LEs        ; 12 LEs               ; 0 LEs                  ; Yes        ; |FSOx86|active_mode[2]                                           ;
; 4:1                ; 2 bits    ; 4 LEs         ; 4 LEs                ; 0 LEs                  ; Yes        ; |FSOx86|mimo_mode_ft[1]                                          ;
; 3:1                ; 16 bits   ; 32 LEs        ; 32 LEs               ; 0 LEs                  ; No         ; |FSOx86|HEX2                                                     ;
; 9:1                ; 2 bits    ; 12 LEs        ; 12 LEs               ; 0 LEs                  ; No         ; |FSOx86|cmd_action_ft                                            ;
; 3:1                ; 8 bits    ; 16 LEs        ; 0 LEs                ; 16 LEs                 ; Yes        ; |FSOx86|tx_line_bits_b0[7]                                       ;
; 4:1                ; 8 bits    ; 16 LEs        ; 8 LEs                ; 8 LEs                  ; Yes        ; |FSOx86|tx_line_bits_b1[7]                                       ;
; 4:1                ; 8 bits    ; 16 LEs        ; 8 LEs                ; 8 LEs                  ; Yes        ; |FSOx86|tx_line_bits_b2[7]                                       ;
; 4:1                ; 8 bits    ; 16 LEs        ; 8 LEs                ; 8 LEs                  ; Yes        ; |FSOx86|tx_line_bits_b3[7]                                       ;
; 3:1                ; 131 bits  ; 262 LEs       ; 0 LEs                ; 262 LEs                ; Yes        ; |FSOx86|next_pair_id[7]                                          ;
; 3:1                ; 33 bits   ; 66 LEs        ; 0 LEs                ; 66 LEs                 ; Yes        ; |FSOx86|frame_pair_id[8]                                         ;
; 3:1                ; 3 bits    ; 6 LEs         ; 3 LEs                ; 3 LEs                  ; Yes        ; |FSOx86|frame_code_latched[1]                                    ;
; 4:1                ; 2 bits    ; 4 LEs         ; 4 LEs                ; 0 LEs                  ; Yes        ; |FSOx86|enc_shift2[19]                                           ;
; 4:1                ; 2 bits    ; 4 LEs         ; 4 LEs                ; 0 LEs                  ; Yes        ; |FSOx86|enc_shift[21]                                            ;
; 5:1                ; 2 bits    ; 6 LEs         ; 4 LEs                ; 2 LEs                  ; Yes        ; |FSOx86|enc_len[4]                                               ;
; 5:1                ; 5 bits    ; 15 LEs        ; 10 LEs               ; 5 LEs                  ; Yes        ; |FSOx86|enc_shift2[16]                                           ;
; 6:1                ; 2 bits    ; 8 LEs         ; 6 LEs                ; 2 LEs                  ; Yes        ; |FSOx86|enc_shift2[5]                                            ;
; 6:1                ; 2 bits    ; 8 LEs         ; 6 LEs                ; 2 LEs                  ; Yes        ; |FSOx86|enc_shift[5]                                             ;
; 6:1                ; 4 bits    ; 16 LEs        ; 8 LEs                ; 8 LEs                  ; Yes        ; |FSOx86|enc_shift[16]                                            ;
; 26:1               ; 2 bits    ; 34 LEs        ; 28 LEs               ; 6 LEs                  ; No         ; |FSOx86|bit_for_mod                                              ;
+--------------------+-----------+---------------+----------------------+------------------------+------------+------------------------------------------------------------------+


+--------------------------------------------------------------------+
; Source assignments for Top-level Entity: |FSOx86                   ;
+---------------------+-------+------+-------------------------------+
; Assignment          ; Value ; From ; To                            ;
+---------------------+-------+------+-------------------------------+
; PRESERVE_REGISTER   ; on    ; -    ; tx_counter_reset_valid        ;
; DONT_MERGE_REGISTER ; on    ; -    ; tx_counter_reset_valid        ;
; PRESERVE_REGISTER   ; on    ; -    ; tx_frame_reset_b0             ;
; DONT_MERGE_REGISTER ; on    ; -    ; tx_frame_reset_b0             ;
; PRESERVE_REGISTER   ; on    ; -    ; tx_frame_reset_b1             ;
; DONT_MERGE_REGISTER ; on    ; -    ; tx_frame_reset_b1             ;
; PRESERVE_REGISTER   ; on    ; -    ; tx_frame_reset_b2             ;
; DONT_MERGE_REGISTER ; on    ; -    ; tx_frame_reset_b2             ;
; PRESERVE_REGISTER   ; on    ; -    ; tx_frame_reset_b3             ;
; DONT_MERGE_REGISTER ; on    ; -    ; tx_frame_reset_b3             ;
; PRESERVE_REGISTER   ; on    ; -    ; tx_line_reset_b0              ;
; DONT_MERGE_REGISTER ; on    ; -    ; tx_line_reset_b0              ;
; PRESERVE_REGISTER   ; on    ; -    ; tx_line_reset_b1              ;
; DONT_MERGE_REGISTER ; on    ; -    ; tx_line_reset_b1              ;
; PRESERVE_REGISTER   ; on    ; -    ; tx_line_reset_b2              ;
; DONT_MERGE_REGISTER ; on    ; -    ; tx_line_reset_b2              ;
; PRESERVE_REGISTER   ; on    ; -    ; tx_line_reset_b3              ;
; DONT_MERGE_REGISTER ; on    ; -    ; tx_line_reset_b3              ;
; PRESERVE_REGISTER   ; on    ; -    ; text_capture_running          ;
; PRESERVE_REGISTER   ; on    ; -    ; text_room_available           ;
; PRESERVE_REGISTER   ; on    ; -    ; text_history_word_enable[0]   ;
; DONT_MERGE_REGISTER ; on    ; -    ; text_history_word_enable[0]   ;
; PRESERVE_REGISTER   ; on    ; -    ; text_history_word_enable[1]   ;
; DONT_MERGE_REGISTER ; on    ; -    ; text_history_word_enable[1]   ;
; PRESERVE_REGISTER   ; on    ; -    ; text_history_word_enable[2]   ;
; DONT_MERGE_REGISTER ; on    ; -    ; text_history_word_enable[2]   ;
; PRESERVE_REGISTER   ; on    ; -    ; text_history_word_enable[3]   ;
; DONT_MERGE_REGISTER ; on    ; -    ; text_history_word_enable[3]   ;
; PRESERVE_REGISTER   ; on    ; -    ; text_history_word_enable[4]   ;
; DONT_MERGE_REGISTER ; on    ; -    ; text_history_word_enable[4]   ;
; PRESERVE_REGISTER   ; on    ; -    ; text_history_word_enable[5]   ;
; DONT_MERGE_REGISTER ; on    ; -    ; text_history_word_enable[5]   ;
; PRESERVE_REGISTER   ; on    ; -    ; text_history_word_enable[6]   ;
; DONT_MERGE_REGISTER ; on    ; -    ; text_history_word_enable[6]   ;
; PRESERVE_REGISTER   ; on    ; -    ; text_history_word_enable[7]   ;
; DONT_MERGE_REGISTER ; on    ; -    ; text_history_word_enable[7]   ;
; PRESERVE_REGISTER   ; on    ; -    ; text_snapshot_word_enable[0]  ;
; DONT_MERGE_REGISTER ; on    ; -    ; text_snapshot_word_enable[0]  ;
; PRESERVE_REGISTER   ; on    ; -    ; text_snapshot_word_enable[1]  ;
; DONT_MERGE_REGISTER ; on    ; -    ; text_snapshot_word_enable[1]  ;
; PRESERVE_REGISTER   ; on    ; -    ; text_snapshot_word_enable[2]  ;
; DONT_MERGE_REGISTER ; on    ; -    ; text_snapshot_word_enable[2]  ;
; PRESERVE_REGISTER   ; on    ; -    ; text_snapshot_word_enable[3]  ;
; DONT_MERGE_REGISTER ; on    ; -    ; text_snapshot_word_enable[3]  ;
; PRESERVE_REGISTER   ; on    ; -    ; text_snapshot_word_enable[4]  ;
; DONT_MERGE_REGISTER ; on    ; -    ; text_snapshot_word_enable[4]  ;
; PRESERVE_REGISTER   ; on    ; -    ; text_snapshot_word_enable[5]  ;
; DONT_MERGE_REGISTER ; on    ; -    ; text_snapshot_word_enable[5]  ;
; PRESERVE_REGISTER   ; on    ; -    ; text_snapshot_word_enable[6]  ;
; DONT_MERGE_REGISTER ; on    ; -    ; text_snapshot_word_enable[6]  ;
; PRESERVE_REGISTER   ; on    ; -    ; text_snapshot_word_enable[7]  ;
; DONT_MERGE_REGISTER ; on    ; -    ; text_snapshot_word_enable[7]  ;
; PRESERVE_REGISTER   ; on    ; -    ; text_snapshot_word_enable[8]  ;
; DONT_MERGE_REGISTER ; on    ; -    ; text_snapshot_word_enable[8]  ;
; PRESERVE_REGISTER   ; on    ; -    ; text_snapshot_word_enable[9]  ;
; DONT_MERGE_REGISTER ; on    ; -    ; text_snapshot_word_enable[9]  ;
; PRESERVE_REGISTER   ; on    ; -    ; text_snapshot_word_enable[10] ;
; DONT_MERGE_REGISTER ; on    ; -    ; text_snapshot_word_enable[10] ;
; PRESERVE_REGISTER   ; on    ; -    ; text_snapshot_word_enable[11] ;
; DONT_MERGE_REGISTER ; on    ; -    ; text_snapshot_word_enable[11] ;
; PRESERVE_REGISTER   ; on    ; -    ; text_snapshot_word_enable[12] ;
; DONT_MERGE_REGISTER ; on    ; -    ; text_snapshot_word_enable[12] ;
; PRESERVE_REGISTER   ; on    ; -    ; text_snapshot_word_enable[13] ;
; DONT_MERGE_REGISTER ; on    ; -    ; text_snapshot_word_enable[13] ;
; PRESERVE_REGISTER   ; on    ; -    ; text_snapshot_word_enable[14] ;
; DONT_MERGE_REGISTER ; on    ; -    ; text_snapshot_word_enable[14] ;
; PRESERVE_REGISTER   ; on    ; -    ; text_snapshot_word_enable[15] ;
; DONT_MERGE_REGISTER ; on    ; -    ; text_snapshot_word_enable[15] ;
; PRESERVE_REGISTER   ; on    ; -    ; text_snapshot_word_enable[16] ;
; DONT_MERGE_REGISTER ; on    ; -    ; text_snapshot_word_enable[16] ;
; PRESERVE_REGISTER   ; on    ; -    ; smp_bank_clear[0]             ;
; DONT_MERGE_REGISTER ; on    ; -    ; smp_bank_clear[0]             ;
; PRESERVE_REGISTER   ; on    ; -    ; smp_bank_clear[1]             ;
; DONT_MERGE_REGISTER ; on    ; -    ; smp_bank_clear[1]             ;
; PRESERVE_REGISTER   ; on    ; -    ; smp_bank_clear[2]             ;
; DONT_MERGE_REGISTER ; on    ; -    ; smp_bank_clear[2]             ;
; PRESERVE_REGISTER   ; on    ; -    ; smp_bank_clear[3]             ;
; DONT_MERGE_REGISTER ; on    ; -    ; smp_bank_clear[3]             ;
; PRESERVE_REGISTER   ; on    ; -    ; smp_bank_clear[4]             ;
; DONT_MERGE_REGISTER ; on    ; -    ; smp_bank_clear[4]             ;
; PRESERVE_REGISTER   ; on    ; -    ; smp_bank_clear[5]             ;
; DONT_MERGE_REGISTER ; on    ; -    ; smp_bank_clear[5]             ;
; PRESERVE_REGISTER   ; on    ; -    ; smp_bank_clear[6]             ;
; DONT_MERGE_REGISTER ; on    ; -    ; smp_bank_clear[6]             ;
; PRESERVE_REGISTER   ; on    ; -    ; smp_bank_clear[7]             ;
; DONT_MERGE_REGISTER ; on    ; -    ; smp_bank_clear[7]             ;
; PRESERVE_REGISTER   ; on    ; -    ; smp_bank_clear[8]             ;
; DONT_MERGE_REGISTER ; on    ; -    ; smp_bank_clear[8]             ;
; PRESERVE_REGISTER   ; on    ; -    ; smp_bank_clear[9]             ;
; DONT_MERGE_REGISTER ; on    ; -    ; smp_bank_clear[9]             ;
; PRESERVE_REGISTER   ; on    ; -    ; smp_bank_clear[10]            ;
; DONT_MERGE_REGISTER ; on    ; -    ; smp_bank_clear[10]            ;
; PRESERVE_REGISTER   ; on    ; -    ; smp_bank_clear[11]            ;
; DONT_MERGE_REGISTER ; on    ; -    ; smp_bank_clear[11]            ;
; PRESERVE_REGISTER   ; on    ; -    ; smp_bank_clear[12]            ;
; DONT_MERGE_REGISTER ; on    ; -    ; smp_bank_clear[12]            ;
; PRESERVE_REGISTER   ; on    ; -    ; smp_bank_clear[13]            ;
; DONT_MERGE_REGISTER ; on    ; -    ; smp_bank_clear[13]            ;
; PRESERVE_REGISTER   ; on    ; -    ; smp_bank_clear[14]            ;
; DONT_MERGE_REGISTER ; on    ; -    ; smp_bank_clear[14]            ;
; PRESERVE_REGISTER   ; on    ; -    ; smp_bank_clear[15]            ;
; DONT_MERGE_REGISTER ; on    ; -    ; smp_bank_clear[15]            ;
; PRESERVE_REGISTER   ; on    ; -    ; smp_bank_write[15]            ;
; DONT_MERGE_REGISTER ; on    ; -    ; smp_bank_write[15]            ;
; PRESERVE_REGISTER   ; on    ; -    ; smp_bank_write[14]            ;
; DONT_MERGE_REGISTER ; on    ; -    ; smp_bank_write[14]            ;
; PRESERVE_REGISTER   ; on    ; -    ; smp_bank_write[13]            ;
; DONT_MERGE_REGISTER ; on    ; -    ; smp_bank_write[13]            ;
; PRESERVE_REGISTER   ; on    ; -    ; smp_bank_write[12]            ;
; DONT_MERGE_REGISTER ; on    ; -    ; smp_bank_write[12]            ;
; PRESERVE_REGISTER   ; on    ; -    ; smp_bank_write[11]            ;
; DONT_MERGE_REGISTER ; on    ; -    ; smp_bank_write[11]            ;
; PRESERVE_REGISTER   ; on    ; -    ; smp_bank_write[10]            ;
; DONT_MERGE_REGISTER ; on    ; -    ; smp_bank_write[10]            ;
; PRESERVE_REGISTER   ; on    ; -    ; smp_bank_write[9]             ;
; DONT_MERGE_REGISTER ; on    ; -    ; smp_bank_write[9]             ;
; PRESERVE_REGISTER   ; on    ; -    ; smp_bank_write[8]             ;
; DONT_MERGE_REGISTER ; on    ; -    ; smp_bank_write[8]             ;
; PRESERVE_REGISTER   ; on    ; -    ; smp_bank_write[7]             ;
; DONT_MERGE_REGISTER ; on    ; -    ; smp_bank_write[7]             ;
; PRESERVE_REGISTER   ; on    ; -    ; smp_bank_write[6]             ;
; DONT_MERGE_REGISTER ; on    ; -    ; smp_bank_write[6]             ;
; PRESERVE_REGISTER   ; on    ; -    ; smp_bank_write[5]             ;
; DONT_MERGE_REGISTER ; on    ; -    ; smp_bank_write[5]             ;
; PRESERVE_REGISTER   ; on    ; -    ; smp_bank_write[4]             ;
; DONT_MERGE_REGISTER ; on    ; -    ; smp_bank_write[4]             ;
; PRESERVE_REGISTER   ; on    ; -    ; smp_bank_write[3]             ;
; DONT_MERGE_REGISTER ; on    ; -    ; smp_bank_write[3]             ;
; PRESERVE_REGISTER   ; on    ; -    ; smp_bank_write[2]             ;
; DONT_MERGE_REGISTER ; on    ; -    ; smp_bank_write[2]             ;
; PRESERVE_REGISTER   ; on    ; -    ; smp_bank_write[1]             ;
; DONT_MERGE_REGISTER ; on    ; -    ; smp_bank_write[1]             ;
; PRESERVE_REGISTER   ; on    ; -    ; smp_bank_write[0]             ;
; DONT_MERGE_REGISTER ; on    ; -    ; smp_bank_write[0]             ;
+---------------------+-------+------+-------------------------------+


+------------------------------------------------------------+
; Source assignments for FsoDeliveryMonitor:delivery_monitor ;
+---------------------+-------+------+-----------------------+
; Assignment          ; Value ; From ; To                    ;
+---------------------+-------+------+-----------------------+
; PRESERVE_REGISTER   ; on    ; -    ; rx1_event_q           ;
; DONT_MERGE_REGISTER ; on    ; -    ; rx1_event_q           ;
; PRESERVE_REGISTER   ; on    ; -    ; rx2_event_q           ;
; DONT_MERGE_REGISTER ; on    ; -    ; rx2_event_q           ;
+---------------------+-------+------+-----------------------+


+---------------------------------------------------------------------------------------------+
; Source assignments for FsoDeliveryMonitor:delivery_monitor|FsoDeliveryCounter64:timer_count ;
+---------------------+-------+------+--------------------------------------------------------+
; Assignment          ; Value ; From ; To                                                     ;
+---------------------+-------+------+--------------------------------------------------------+
; PRESERVE_REGISTER   ; on    ; -    ; gen_limb[0].q[15]                                      ;
; DONT_MERGE_REGISTER ; on    ; -    ; gen_limb[0].q[15]                                      ;
; PRESERVE_REGISTER   ; on    ; -    ; gen_limb[0].q[14]                                      ;
; DONT_MERGE_REGISTER ; on    ; -    ; gen_limb[0].q[14]                                      ;
; PRESERVE_REGISTER   ; on    ; -    ; gen_limb[0].q[13]                                      ;
; DONT_MERGE_REGISTER ; on    ; -    ; gen_limb[0].q[13]                                      ;
; PRESERVE_REGISTER   ; on    ; -    ; gen_limb[0].q[12]                                      ;
; DONT_MERGE_REGISTER ; on    ; -    ; gen_limb[0].q[12]                                      ;
; PRESERVE_REGISTER   ; on    ; -    ; gen_limb[0].q[11]                                      ;
; DONT_MERGE_REGISTER ; on    ; -    ; gen_limb[0].q[11]                                      ;
; PRESERVE_REGISTER   ; on    ; -    ; gen_limb[0].q[10]                                      ;
; DONT_MERGE_REGISTER ; on    ; -    ; gen_limb[0].q[10]                                      ;
; PRESERVE_REGISTER   ; on    ; -    ; gen_limb[0].q[9]                                       ;
; DONT_MERGE_REGISTER ; on    ; -    ; gen_limb[0].q[9]                                       ;
; PRESERVE_REGISTER   ; on    ; -    ; gen_limb[0].q[8]                                       ;
; DONT_MERGE_REGISTER ; on    ; -    ; gen_limb[0].q[8]                                       ;
; PRESERVE_REGISTER   ; on    ; -    ; gen_limb[0].q[7]                                       ;
; DONT_MERGE_REGISTER ; on    ; -    ; gen_limb[0].q[7]                                       ;
; PRESERVE_REGISTER   ; on    ; -    ; gen_limb[0].q[6]                                       ;
; DONT_MERGE_REGISTER ; on    ; -    ; gen_limb[0].q[6]                                       ;
; PRESERVE_REGISTER   ; on    ; -    ; gen_limb[0].q[5]                                       ;
; DONT_MERGE_REGISTER ; on    ; -    ; gen_limb[0].q[5]                                       ;
; PRESERVE_REGISTER   ; on    ; -    ; gen_limb[0].q[4]                                       ;
; DONT_MERGE_REGISTER ; on    ; -    ; gen_limb[0].q[4]                                       ;
; PRESERVE_REGISTER   ; on    ; -    ; gen_limb[0].q[3]                                       ;
; DONT_MERGE_REGISTER ; on    ; -    ; gen_limb[0].q[3]                                       ;
; PRESERVE_REGISTER   ; on    ; -    ; gen_limb[0].q[2]                                       ;
; DONT_MERGE_REGISTER ; on    ; -    ; gen_limb[0].q[2]                                       ;
; PRESERVE_REGISTER   ; on    ; -    ; gen_limb[0].q[1]                                       ;
; DONT_MERGE_REGISTER ; on    ; -    ; gen_limb[0].q[1]                                       ;
; PRESERVE_REGISTER   ; on    ; -    ; gen_limb[0].q[0]                                       ;
; DONT_MERGE_REGISTER ; on    ; -    ; gen_limb[0].q[0]                                       ;
; PRESERVE_REGISTER   ; on    ; -    ; gen_limb[0].carry_q                                    ;
; DONT_MERGE_REGISTER ; on    ; -    ; gen_limb[0].carry_q                                    ;
; PRESERVE_REGISTER   ; on    ; -    ; gen_limb[0].gen_align.delay_q[0][15]                   ;
; DONT_MERGE_REGISTER ; on    ; -    ; gen_limb[0].gen_align.delay_q[0][15]                   ;
; PRESERVE_REGISTER   ; on    ; -    ; gen_limb[0].gen_align.delay_q[0][14]                   ;
; DONT_MERGE_REGISTER ; on    ; -    ; gen_limb[0].gen_align.delay_q[0][14]                   ;
; PRESERVE_REGISTER   ; on    ; -    ; gen_limb[0].gen_align.delay_q[0][13]                   ;
; DONT_MERGE_REGISTER ; on    ; -    ; gen_limb[0].gen_align.delay_q[0][13]                   ;
; PRESERVE_REGISTER   ; on    ; -    ; gen_limb[0].gen_align.delay_q[0][12]                   ;
; DONT_MERGE_REGISTER ; on    ; -    ; gen_limb[0].gen_align.delay_q[0][12]                   ;
; PRESERVE_REGISTER   ; on    ; -    ; gen_limb[0].gen_align.delay_q[0][11]                   ;
; DONT_MERGE_REGISTER ; on    ; -    ; gen_limb[0].gen_align.delay_q[0][11]                   ;
; PRESERVE_REGISTER   ; on    ; -    ; gen_limb[0].gen_align.delay_q[0][10]                   ;
; DONT_MERGE_REGISTER ; on    ; -    ; gen_limb[0].gen_align.delay_q[0][10]                   ;
; PRESERVE_REGISTER   ; on    ; -    ; gen_limb[0].gen_align.delay_q[0][9]                    ;
; DONT_MERGE_REGISTER ; on    ; -    ; gen_limb[0].gen_align.delay_q[0][9]                    ;
; PRESERVE_REGISTER   ; on    ; -    ; gen_limb[0].gen_align.delay_q[0][8]                    ;
; DONT_MERGE_REGISTER ; on    ; -    ; gen_limb[0].gen_align.delay_q[0][8]                    ;
; PRESERVE_REGISTER   ; on    ; -    ; gen_limb[0].gen_align.delay_q[0][7]                    ;
; DONT_MERGE_REGISTER ; on    ; -    ; gen_limb[0].gen_align.delay_q[0][7]                    ;
; PRESERVE_REGISTER   ; on    ; -    ; gen_limb[0].gen_align.delay_q[0][6]                    ;
; DONT_MERGE_REGISTER ; on    ; -    ; gen_limb[0].gen_align.delay_q[0][6]                    ;
; PRESERVE_REGISTER   ; on    ; -    ; gen_limb[0].gen_align.delay_q[0][5]                    ;
; DONT_MERGE_REGISTER ; on    ; -    ; gen_limb[0].gen_align.delay_q[0][5]                    ;
; PRESERVE_REGISTER   ; on    ; -    ; gen_limb[0].gen_align.delay_q[0][4]                    ;
; DONT_MERGE_REGISTER ; on    ; -    ; gen_limb[0].gen_align.delay_q[0][4]                    ;
; PRESERVE_REGISTER   ; on    ; -    ; gen_limb[0].gen_align.delay_q[0][3]                    ;
; DONT_MERGE_REGISTER ; on    ; -    ; gen_limb[0].gen_align.delay_q[0][3]                    ;
; PRESERVE_REGISTER   ; on    ; -    ; gen_limb[0].gen_align.delay_q[0][2]                    ;
; DONT_MERGE_REGISTER ; on    ; -    ; gen_limb[0].gen_align.delay_q[0][2]                    ;
; PRESERVE_REGISTER   ; on    ; -    ; gen_limb[0].gen_align.delay_q[0][1]                    ;
; DONT_MERGE_REGISTER ; on    ; -    ; gen_limb[0].gen_align.delay_q[0][1]                    ;
; PRESERVE_REGISTER   ; on    ; -    ; gen_limb[0].gen_align.delay_q[0][0]                    ;
; DONT_MERGE_REGISTER ; on    ; -    ; gen_limb[0].gen_align.delay_q[0][0]                    ;
; PRESERVE_REGISTER   ; on    ; -    ; gen_limb[0].gen_align.delay_q[1][15]                   ;
; DONT_MERGE_REGISTER ; on    ; -    ; gen_limb[0].gen_align.delay_q[1][15]                   ;
; PRESERVE_REGISTER   ; on    ; -    ; gen_limb[0].gen_align.delay_q[1][14]                   ;
; DONT_MERGE_REGISTER ; on    ; -    ; gen_limb[0].gen_align.delay_q[1][14]                   ;
; PRESERVE_REGISTER   ; on    ; -    ; gen_limb[0].gen_align.delay_q[1][13]                   ;
; DONT_MERGE_REGISTER ; on    ; -    ; gen_limb[0].gen_align.delay_q[1][13]                   ;
; PRESERVE_REGISTER   ; on    ; -    ; gen_limb[0].gen_align.delay_q[1][12]                   ;
; DONT_MERGE_REGISTER ; on    ; -    ; gen_limb[0].gen_align.delay_q[1][12]                   ;
; PRESERVE_REGISTER   ; on    ; -    ; gen_limb[0].gen_align.delay_q[1][11]                   ;
; DONT_MERGE_REGISTER ; on    ; -    ; gen_limb[0].gen_align.delay_q[1][11]                   ;
; PRESERVE_REGISTER   ; on    ; -    ; gen_limb[0].gen_align.delay_q[1][10]                   ;
; DONT_MERGE_REGISTER ; on    ; -    ; gen_limb[0].gen_align.delay_q[1][10]                   ;
; PRESERVE_REGISTER   ; on    ; -    ; gen_limb[0].gen_align.delay_q[1][9]                    ;
; DONT_MERGE_REGISTER ; on    ; -    ; gen_limb[0].gen_align.delay_q[1][9]                    ;
; PRESERVE_REGISTER   ; on    ; -    ; gen_limb[0].gen_align.delay_q[1][8]                    ;
; DONT_MERGE_REGISTER ; on    ; -    ; gen_limb[0].gen_align.delay_q[1][8]                    ;
; PRESERVE_REGISTER   ; on    ; -    ; gen_limb[0].gen_align.delay_q[1][7]                    ;
; DONT_MERGE_REGISTER ; on    ; -    ; gen_limb[0].gen_align.delay_q[1][7]                    ;
; PRESERVE_REGISTER   ; on    ; -    ; gen_limb[0].gen_align.delay_q[1][6]                    ;
; DONT_MERGE_REGISTER ; on    ; -    ; gen_limb[0].gen_align.delay_q[1][6]                    ;
; PRESERVE_REGISTER   ; on    ; -    ; gen_limb[0].gen_align.delay_q[1][5]                    ;
; DONT_MERGE_REGISTER ; on    ; -    ; gen_limb[0].gen_align.delay_q[1][5]                    ;
; PRESERVE_REGISTER   ; on    ; -    ; gen_limb[0].gen_align.delay_q[1][4]                    ;
; DONT_MERGE_REGISTER ; on    ; -    ; gen_limb[0].gen_align.delay_q[1][4]                    ;
; PRESERVE_REGISTER   ; on    ; -    ; gen_limb[0].gen_align.delay_q[1][3]                    ;
; DONT_MERGE_REGISTER ; on    ; -    ; gen_limb[0].gen_align.delay_q[1][3]                    ;
; PRESERVE_REGISTER   ; on    ; -    ; gen_limb[0].gen_align.delay_q[1][2]                    ;
; DONT_MERGE_REGISTER ; on    ; -    ; gen_limb[0].gen_align.delay_q[1][2]                    ;
; PRESERVE_REGISTER   ; on    ; -    ; gen_limb[0].gen_align.delay_q[1][1]                    ;
; DONT_MERGE_REGISTER ; on    ; -    ; gen_limb[0].gen_align.delay_q[1][1]                    ;
; PRESERVE_REGISTER   ; on    ; -    ; gen_limb[0].gen_align.delay_q[1][0]                    ;
; DONT_MERGE_REGISTER ; on    ; -    ; gen_limb[0].gen_align.delay_q[1][0]                    ;
; PRESERVE_REGISTER   ; on    ; -    ; gen_limb[0].gen_align.delay_q[2][15]                   ;
; DONT_MERGE_REGISTER ; on    ; -    ; gen_limb[0].gen_align.delay_q[2][15]                   ;
; PRESERVE_REGISTER   ; on    ; -    ; gen_limb[0].gen_align.delay_q[2][14]                   ;
; DONT_MERGE_REGISTER ; on    ; -    ; gen_limb[0].gen_align.delay_q[2][14]                   ;
; PRESERVE_REGISTER   ; on    ; -    ; gen_limb[0].gen_align.delay_q[2][13]                   ;
; DONT_MERGE_REGISTER ; on    ; -    ; gen_limb[0].gen_align.delay_q[2][13]                   ;
; PRESERVE_REGISTER   ; on    ; -    ; gen_limb[0].gen_align.delay_q[2][12]                   ;
; DONT_MERGE_REGISTER ; on    ; -    ; gen_limb[0].gen_align.delay_q[2][12]                   ;
; PRESERVE_REGISTER   ; on    ; -    ; gen_limb[0].gen_align.delay_q[2][11]                   ;
; DONT_MERGE_REGISTER ; on    ; -    ; gen_limb[0].gen_align.delay_q[2][11]                   ;
; PRESERVE_REGISTER   ; on    ; -    ; gen_limb[0].gen_align.delay_q[2][10]                   ;
; DONT_MERGE_REGISTER ; on    ; -    ; gen_limb[0].gen_align.delay_q[2][10]                   ;
; PRESERVE_REGISTER   ; on    ; -    ; gen_limb[0].gen_align.delay_q[2][9]                    ;
; DONT_MERGE_REGISTER ; on    ; -    ; gen_limb[0].gen_align.delay_q[2][9]                    ;
; PRESERVE_REGISTER   ; on    ; -    ; gen_limb[0].gen_align.delay_q[2][8]                    ;
; DONT_MERGE_REGISTER ; on    ; -    ; gen_limb[0].gen_align.delay_q[2][8]                    ;
; PRESERVE_REGISTER   ; on    ; -    ; gen_limb[0].gen_align.delay_q[2][7]                    ;
; DONT_MERGE_REGISTER ; on    ; -    ; gen_limb[0].gen_align.delay_q[2][7]                    ;
; PRESERVE_REGISTER   ; on    ; -    ; gen_limb[0].gen_align.delay_q[2][6]                    ;
; DONT_MERGE_REGISTER ; on    ; -    ; gen_limb[0].gen_align.delay_q[2][6]                    ;
; PRESERVE_REGISTER   ; on    ; -    ; gen_limb[0].gen_align.delay_q[2][5]                    ;
; DONT_MERGE_REGISTER ; on    ; -    ; gen_limb[0].gen_align.delay_q[2][5]                    ;
; PRESERVE_REGISTER   ; on    ; -    ; gen_limb[0].gen_align.delay_q[2][4]                    ;
; DONT_MERGE_REGISTER ; on    ; -    ; gen_limb[0].gen_align.delay_q[2][4]                    ;
; PRESERVE_REGISTER   ; on    ; -    ; gen_limb[0].gen_align.delay_q[2][3]                    ;
; DONT_MERGE_REGISTER ; on    ; -    ; gen_limb[0].gen_align.delay_q[2][3]                    ;
; PRESERVE_REGISTER   ; on    ; -    ; gen_limb[0].gen_align.delay_q[2][2]                    ;
; DONT_MERGE_REGISTER ; on    ; -    ; gen_limb[0].gen_align.delay_q[2][2]                    ;
; PRESERVE_REGISTER   ; on    ; -    ; gen_limb[0].gen_align.delay_q[2][1]                    ;
; DONT_MERGE_REGISTER ; on    ; -    ; gen_limb[0].gen_align.delay_q[2][1]                    ;
; PRESERVE_REGISTER   ; on    ; -    ; gen_limb[0].gen_align.delay_q[2][0]                    ;
; DONT_MERGE_REGISTER ; on    ; -    ; gen_limb[0].gen_align.delay_q[2][0]                    ;
; PRESERVE_REGISTER   ; on    ; -    ; gen_limb[1].q[15]                                      ;
; DONT_MERGE_REGISTER ; on    ; -    ; gen_limb[1].q[15]                                      ;
; PRESERVE_REGISTER   ; on    ; -    ; gen_limb[1].q[14]                                      ;
; DONT_MERGE_REGISTER ; on    ; -    ; gen_limb[1].q[14]                                      ;
; PRESERVE_REGISTER   ; on    ; -    ; gen_limb[1].q[13]                                      ;
; DONT_MERGE_REGISTER ; on    ; -    ; gen_limb[1].q[13]                                      ;
; PRESERVE_REGISTER   ; on    ; -    ; gen_limb[1].q[12]                                      ;
; DONT_MERGE_REGISTER ; on    ; -    ; gen_limb[1].q[12]                                      ;
; PRESERVE_REGISTER   ; on    ; -    ; gen_limb[1].q[11]                                      ;
; DONT_MERGE_REGISTER ; on    ; -    ; gen_limb[1].q[11]                                      ;
; PRESERVE_REGISTER   ; on    ; -    ; gen_limb[1].q[10]                                      ;
; DONT_MERGE_REGISTER ; on    ; -    ; gen_limb[1].q[10]                                      ;
; PRESERVE_REGISTER   ; on    ; -    ; gen_limb[1].q[9]                                       ;
; DONT_MERGE_REGISTER ; on    ; -    ; gen_limb[1].q[9]                                       ;
; PRESERVE_REGISTER   ; on    ; -    ; gen_limb[1].q[8]                                       ;
; DONT_MERGE_REGISTER ; on    ; -    ; gen_limb[1].q[8]                                       ;
; PRESERVE_REGISTER   ; on    ; -    ; gen_limb[1].q[7]                                       ;
; DONT_MERGE_REGISTER ; on    ; -    ; gen_limb[1].q[7]                                       ;
; PRESERVE_REGISTER   ; on    ; -    ; gen_limb[1].q[6]                                       ;
; DONT_MERGE_REGISTER ; on    ; -    ; gen_limb[1].q[6]                                       ;
; PRESERVE_REGISTER   ; on    ; -    ; gen_limb[1].q[5]                                       ;
; DONT_MERGE_REGISTER ; on    ; -    ; gen_limb[1].q[5]                                       ;
; PRESERVE_REGISTER   ; on    ; -    ; gen_limb[1].q[4]                                       ;
; DONT_MERGE_REGISTER ; on    ; -    ; gen_limb[1].q[4]                                       ;
; PRESERVE_REGISTER   ; on    ; -    ; gen_limb[1].q[3]                                       ;
; DONT_MERGE_REGISTER ; on    ; -    ; gen_limb[1].q[3]                                       ;
; PRESERVE_REGISTER   ; on    ; -    ; gen_limb[1].q[2]                                       ;
; DONT_MERGE_REGISTER ; on    ; -    ; gen_limb[1].q[2]                                       ;
; PRESERVE_REGISTER   ; on    ; -    ; gen_limb[1].q[1]                                       ;
; DONT_MERGE_REGISTER ; on    ; -    ; gen_limb[1].q[1]                                       ;
; PRESERVE_REGISTER   ; on    ; -    ; gen_limb[1].q[0]                                       ;
; DONT_MERGE_REGISTER ; on    ; -    ; gen_limb[1].q[0]                                       ;
; PRESERVE_REGISTER   ; on    ; -    ; gen_limb[1].carry_q                                    ;
; DONT_MERGE_REGISTER ; on    ; -    ; gen_limb[1].carry_q                                    ;
; PRESERVE_REGISTER   ; on    ; -    ; gen_limb[1].gen_align.delay_q[0][15]                   ;
; DONT_MERGE_REGISTER ; on    ; -    ; gen_limb[1].gen_align.delay_q[0][15]                   ;
; PRESERVE_REGISTER   ; on    ; -    ; gen_limb[1].gen_align.delay_q[0][14]                   ;
; DONT_MERGE_REGISTER ; on    ; -    ; gen_limb[1].gen_align.delay_q[0][14]                   ;
; PRESERVE_REGISTER   ; on    ; -    ; gen_limb[1].gen_align.delay_q[0][13]                   ;
; DONT_MERGE_REGISTER ; on    ; -    ; gen_limb[1].gen_align.delay_q[0][13]                   ;
; PRESERVE_REGISTER   ; on    ; -    ; gen_limb[1].gen_align.delay_q[0][12]                   ;
; DONT_MERGE_REGISTER ; on    ; -    ; gen_limb[1].gen_align.delay_q[0][12]                   ;
; PRESERVE_REGISTER   ; on    ; -    ; gen_limb[1].gen_align.delay_q[0][11]                   ;
; DONT_MERGE_REGISTER ; on    ; -    ; gen_limb[1].gen_align.delay_q[0][11]                   ;
; PRESERVE_REGISTER   ; on    ; -    ; gen_limb[1].gen_align.delay_q[0][10]                   ;
; DONT_MERGE_REGISTER ; on    ; -    ; gen_limb[1].gen_align.delay_q[0][10]                   ;
; PRESERVE_REGISTER   ; on    ; -    ; gen_limb[1].gen_align.delay_q[0][9]                    ;
; DONT_MERGE_REGISTER ; on    ; -    ; gen_limb[1].gen_align.delay_q[0][9]                    ;
; PRESERVE_REGISTER   ; on    ; -    ; gen_limb[1].gen_align.delay_q[0][8]                    ;
; DONT_MERGE_REGISTER ; on    ; -    ; gen_limb[1].gen_align.delay_q[0][8]                    ;
; PRESERVE_REGISTER   ; on    ; -    ; gen_limb[1].gen_align.delay_q[0][7]                    ;
; DONT_MERGE_REGISTER ; on    ; -    ; gen_limb[1].gen_align.delay_q[0][7]                    ;
; PRESERVE_REGISTER   ; on    ; -    ; gen_limb[1].gen_align.delay_q[0][6]                    ;
; DONT_MERGE_REGISTER ; on    ; -    ; gen_limb[1].gen_align.delay_q[0][6]                    ;
; PRESERVE_REGISTER   ; on    ; -    ; gen_limb[1].gen_align.delay_q[0][5]                    ;
; DONT_MERGE_REGISTER ; on    ; -    ; gen_limb[1].gen_align.delay_q[0][5]                    ;
; PRESERVE_REGISTER   ; on    ; -    ; gen_limb[1].gen_align.delay_q[0][4]                    ;
; DONT_MERGE_REGISTER ; on    ; -    ; gen_limb[1].gen_align.delay_q[0][4]                    ;
; PRESERVE_REGISTER   ; on    ; -    ; gen_limb[1].gen_align.delay_q[0][3]                    ;
; DONT_MERGE_REGISTER ; on    ; -    ; gen_limb[1].gen_align.delay_q[0][3]                    ;
; PRESERVE_REGISTER   ; on    ; -    ; gen_limb[1].gen_align.delay_q[0][2]                    ;
; DONT_MERGE_REGISTER ; on    ; -    ; gen_limb[1].gen_align.delay_q[0][2]                    ;
; PRESERVE_REGISTER   ; on    ; -    ; gen_limb[1].gen_align.delay_q[0][1]                    ;
; DONT_MERGE_REGISTER ; on    ; -    ; gen_limb[1].gen_align.delay_q[0][1]                    ;
; PRESERVE_REGISTER   ; on    ; -    ; gen_limb[1].gen_align.delay_q[0][0]                    ;
; DONT_MERGE_REGISTER ; on    ; -    ; gen_limb[1].gen_align.delay_q[0][0]                    ;
; PRESERVE_REGISTER   ; on    ; -    ; gen_limb[1].gen_align.delay_q[1][15]                   ;
; DONT_MERGE_REGISTER ; on    ; -    ; gen_limb[1].gen_align.delay_q[1][15]                   ;
; PRESERVE_REGISTER   ; on    ; -    ; gen_limb[1].gen_align.delay_q[1][14]                   ;
; DONT_MERGE_REGISTER ; on    ; -    ; gen_limb[1].gen_align.delay_q[1][14]                   ;
; PRESERVE_REGISTER   ; on    ; -    ; gen_limb[1].gen_align.delay_q[1][13]                   ;
; DONT_MERGE_REGISTER ; on    ; -    ; gen_limb[1].gen_align.delay_q[1][13]                   ;
; PRESERVE_REGISTER   ; on    ; -    ; gen_limb[1].gen_align.delay_q[1][12]                   ;
; DONT_MERGE_REGISTER ; on    ; -    ; gen_limb[1].gen_align.delay_q[1][12]                   ;
; PRESERVE_REGISTER   ; on    ; -    ; gen_limb[1].gen_align.delay_q[1][11]                   ;
; DONT_MERGE_REGISTER ; on    ; -    ; gen_limb[1].gen_align.delay_q[1][11]                   ;
; PRESERVE_REGISTER   ; on    ; -    ; gen_limb[1].gen_align.delay_q[1][10]                   ;
; DONT_MERGE_REGISTER ; on    ; -    ; gen_limb[1].gen_align.delay_q[1][10]                   ;
; PRESERVE_REGISTER   ; on    ; -    ; gen_limb[1].gen_align.delay_q[1][9]                    ;
; DONT_MERGE_REGISTER ; on    ; -    ; gen_limb[1].gen_align.delay_q[1][9]                    ;
; PRESERVE_REGISTER   ; on    ; -    ; gen_limb[1].gen_align.delay_q[1][8]                    ;
; DONT_MERGE_REGISTER ; on    ; -    ; gen_limb[1].gen_align.delay_q[1][8]                    ;
; PRESERVE_REGISTER   ; on    ; -    ; gen_limb[1].gen_align.delay_q[1][7]                    ;
; DONT_MERGE_REGISTER ; on    ; -    ; gen_limb[1].gen_align.delay_q[1][7]                    ;
; PRESERVE_REGISTER   ; on    ; -    ; gen_limb[1].gen_align.delay_q[1][6]                    ;
; DONT_MERGE_REGISTER ; on    ; -    ; gen_limb[1].gen_align.delay_q[1][6]                    ;
; PRESERVE_REGISTER   ; on    ; -    ; gen_limb[1].gen_align.delay_q[1][5]                    ;
; DONT_MERGE_REGISTER ; on    ; -    ; gen_limb[1].gen_align.delay_q[1][5]                    ;
; PRESERVE_REGISTER   ; on    ; -    ; gen_limb[1].gen_align.delay_q[1][4]                    ;
; DONT_MERGE_REGISTER ; on    ; -    ; gen_limb[1].gen_align.delay_q[1][4]                    ;
; PRESERVE_REGISTER   ; on    ; -    ; gen_limb[1].gen_align.delay_q[1][3]                    ;
; DONT_MERGE_REGISTER ; on    ; -    ; gen_limb[1].gen_align.delay_q[1][3]                    ;
; PRESERVE_REGISTER   ; on    ; -    ; gen_limb[1].gen_align.delay_q[1][2]                    ;
; DONT_MERGE_REGISTER ; on    ; -    ; gen_limb[1].gen_align.delay_q[1][2]                    ;
; PRESERVE_REGISTER   ; on    ; -    ; gen_limb[1].gen_align.delay_q[1][1]                    ;
; DONT_MERGE_REGISTER ; on    ; -    ; gen_limb[1].gen_align.delay_q[1][1]                    ;
; PRESERVE_REGISTER   ; on    ; -    ; gen_limb[1].gen_align.delay_q[1][0]                    ;
; DONT_MERGE_REGISTER ; on    ; -    ; gen_limb[1].gen_align.delay_q[1][0]                    ;
; PRESERVE_REGISTER   ; on    ; -    ; gen_limb[2].q[15]                                      ;
; DONT_MERGE_REGISTER ; on    ; -    ; gen_limb[2].q[15]                                      ;
; PRESERVE_REGISTER   ; on    ; -    ; gen_limb[2].q[14]                                      ;
; DONT_MERGE_REGISTER ; on    ; -    ; gen_limb[2].q[14]                                      ;
; PRESERVE_REGISTER   ; on    ; -    ; gen_limb[2].q[13]                                      ;
; DONT_MERGE_REGISTER ; on    ; -    ; gen_limb[2].q[13]                                      ;
; PRESERVE_REGISTER   ; on    ; -    ; gen_limb[2].q[12]                                      ;
; DONT_MERGE_REGISTER ; on    ; -    ; gen_limb[2].q[12]                                      ;
; PRESERVE_REGISTER   ; on    ; -    ; gen_limb[2].q[11]                                      ;
; DONT_MERGE_REGISTER ; on    ; -    ; gen_limb[2].q[11]                                      ;
; PRESERVE_REGISTER   ; on    ; -    ; gen_limb[2].q[10]                                      ;
; DONT_MERGE_REGISTER ; on    ; -    ; gen_limb[2].q[10]                                      ;
; PRESERVE_REGISTER   ; on    ; -    ; gen_limb[2].q[9]                                       ;
; DONT_MERGE_REGISTER ; on    ; -    ; gen_limb[2].q[9]                                       ;
; PRESERVE_REGISTER   ; on    ; -    ; gen_limb[2].q[8]                                       ;
; DONT_MERGE_REGISTER ; on    ; -    ; gen_limb[2].q[8]                                       ;
; PRESERVE_REGISTER   ; on    ; -    ; gen_limb[2].q[7]                                       ;
; DONT_MERGE_REGISTER ; on    ; -    ; gen_limb[2].q[7]                                       ;
; PRESERVE_REGISTER   ; on    ; -    ; gen_limb[2].q[6]                                       ;
; DONT_MERGE_REGISTER ; on    ; -    ; gen_limb[2].q[6]                                       ;
; PRESERVE_REGISTER   ; on    ; -    ; gen_limb[2].q[5]                                       ;
; DONT_MERGE_REGISTER ; on    ; -    ; gen_limb[2].q[5]                                       ;
; PRESERVE_REGISTER   ; on    ; -    ; gen_limb[2].q[4]                                       ;
; DONT_MERGE_REGISTER ; on    ; -    ; gen_limb[2].q[4]                                       ;
; PRESERVE_REGISTER   ; on    ; -    ; gen_limb[2].q[3]                                       ;
; DONT_MERGE_REGISTER ; on    ; -    ; gen_limb[2].q[3]                                       ;
; PRESERVE_REGISTER   ; on    ; -    ; gen_limb[2].q[2]                                       ;
; DONT_MERGE_REGISTER ; on    ; -    ; gen_limb[2].q[2]                                       ;
; PRESERVE_REGISTER   ; on    ; -    ; gen_limb[2].q[1]                                       ;
; DONT_MERGE_REGISTER ; on    ; -    ; gen_limb[2].q[1]                                       ;
; PRESERVE_REGISTER   ; on    ; -    ; gen_limb[2].q[0]                                       ;
; DONT_MERGE_REGISTER ; on    ; -    ; gen_limb[2].q[0]                                       ;
; PRESERVE_REGISTER   ; on    ; -    ; gen_limb[2].carry_q                                    ;
; DONT_MERGE_REGISTER ; on    ; -    ; gen_limb[2].carry_q                                    ;
; PRESERVE_REGISTER   ; on    ; -    ; gen_limb[2].gen_align.delay_q[0][15]                   ;
; DONT_MERGE_REGISTER ; on    ; -    ; gen_limb[2].gen_align.delay_q[0][15]                   ;
; PRESERVE_REGISTER   ; on    ; -    ; gen_limb[2].gen_align.delay_q[0][14]                   ;
; DONT_MERGE_REGISTER ; on    ; -    ; gen_limb[2].gen_align.delay_q[0][14]                   ;
; PRESERVE_REGISTER   ; on    ; -    ; gen_limb[2].gen_align.delay_q[0][13]                   ;
; DONT_MERGE_REGISTER ; on    ; -    ; gen_limb[2].gen_align.delay_q[0][13]                   ;
; PRESERVE_REGISTER   ; on    ; -    ; gen_limb[2].gen_align.delay_q[0][12]                   ;
; DONT_MERGE_REGISTER ; on    ; -    ; gen_limb[2].gen_align.delay_q[0][12]                   ;
; PRESERVE_REGISTER   ; on    ; -    ; gen_limb[2].gen_align.delay_q[0][11]                   ;
; DONT_MERGE_REGISTER ; on    ; -    ; gen_limb[2].gen_align.delay_q[0][11]                   ;
; PRESERVE_REGISTER   ; on    ; -    ; gen_limb[2].gen_align.delay_q[0][10]                   ;
; DONT_MERGE_REGISTER ; on    ; -    ; gen_limb[2].gen_align.delay_q[0][10]                   ;
; PRESERVE_REGISTER   ; on    ; -    ; gen_limb[2].gen_align.delay_q[0][9]                    ;
; DONT_MERGE_REGISTER ; on    ; -    ; gen_limb[2].gen_align.delay_q[0][9]                    ;
; PRESERVE_REGISTER   ; on    ; -    ; gen_limb[2].gen_align.delay_q[0][8]                    ;
; DONT_MERGE_REGISTER ; on    ; -    ; gen_limb[2].gen_align.delay_q[0][8]                    ;
; PRESERVE_REGISTER   ; on    ; -    ; gen_limb[2].gen_align.delay_q[0][7]                    ;
; DONT_MERGE_REGISTER ; on    ; -    ; gen_limb[2].gen_align.delay_q[0][7]                    ;
; PRESERVE_REGISTER   ; on    ; -    ; gen_limb[2].gen_align.delay_q[0][6]                    ;
; DONT_MERGE_REGISTER ; on    ; -    ; gen_limb[2].gen_align.delay_q[0][6]                    ;
; PRESERVE_REGISTER   ; on    ; -    ; gen_limb[2].gen_align.delay_q[0][5]                    ;
; DONT_MERGE_REGISTER ; on    ; -    ; gen_limb[2].gen_align.delay_q[0][5]                    ;
; PRESERVE_REGISTER   ; on    ; -    ; gen_limb[2].gen_align.delay_q[0][4]                    ;
; DONT_MERGE_REGISTER ; on    ; -    ; gen_limb[2].gen_align.delay_q[0][4]                    ;
; PRESERVE_REGISTER   ; on    ; -    ; gen_limb[2].gen_align.delay_q[0][3]                    ;
; DONT_MERGE_REGISTER ; on    ; -    ; gen_limb[2].gen_align.delay_q[0][3]                    ;
; PRESERVE_REGISTER   ; on    ; -    ; gen_limb[2].gen_align.delay_q[0][2]                    ;
; DONT_MERGE_REGISTER ; on    ; -    ; gen_limb[2].gen_align.delay_q[0][2]                    ;
; PRESERVE_REGISTER   ; on    ; -    ; gen_limb[2].gen_align.delay_q[0][1]                    ;
; DONT_MERGE_REGISTER ; on    ; -    ; gen_limb[2].gen_align.delay_q[0][1]                    ;
; PRESERVE_REGISTER   ; on    ; -    ; gen_limb[2].gen_align.delay_q[0][0]                    ;
; DONT_MERGE_REGISTER ; on    ; -    ; gen_limb[2].gen_align.delay_q[0][0]                    ;
; PRESERVE_REGISTER   ; on    ; -    ; gen_limb[3].q[0]                                       ;
; DONT_MERGE_REGISTER ; on    ; -    ; gen_limb[3].q[0]                                       ;
; PRESERVE_REGISTER   ; on    ; -    ; gen_limb[3].q[15]                                      ;
; DONT_MERGE_REGISTER ; on    ; -    ; gen_limb[3].q[15]                                      ;
; PRESERVE_REGISTER   ; on    ; -    ; gen_limb[3].q[14]                                      ;
; DONT_MERGE_REGISTER ; on    ; -    ; gen_limb[3].q[14]                                      ;
; PRESERVE_REGISTER   ; on    ; -    ; gen_limb[3].q[13]                                      ;
; DONT_MERGE_REGISTER ; on    ; -    ; gen_limb[3].q[13]                                      ;
; PRESERVE_REGISTER   ; on    ; -    ; gen_limb[3].q[12]                                      ;
; DONT_MERGE_REGISTER ; on    ; -    ; gen_limb[3].q[12]                                      ;
; PRESERVE_REGISTER   ; on    ; -    ; gen_limb[3].q[11]                                      ;
; DONT_MERGE_REGISTER ; on    ; -    ; gen_limb[3].q[11]                                      ;
; PRESERVE_REGISTER   ; on    ; -    ; gen_limb[3].q[10]                                      ;
; DONT_MERGE_REGISTER ; on    ; -    ; gen_limb[3].q[10]                                      ;
; PRESERVE_REGISTER   ; on    ; -    ; gen_limb[3].q[9]                                       ;
; DONT_MERGE_REGISTER ; on    ; -    ; gen_limb[3].q[9]                                       ;
; PRESERVE_REGISTER   ; on    ; -    ; gen_limb[3].q[8]                                       ;
; DONT_MERGE_REGISTER ; on    ; -    ; gen_limb[3].q[8]                                       ;
; PRESERVE_REGISTER   ; on    ; -    ; gen_limb[3].q[7]                                       ;
; DONT_MERGE_REGISTER ; on    ; -    ; gen_limb[3].q[7]                                       ;
; PRESERVE_REGISTER   ; on    ; -    ; gen_limb[3].q[6]                                       ;
; DONT_MERGE_REGISTER ; on    ; -    ; gen_limb[3].q[6]                                       ;
; PRESERVE_REGISTER   ; on    ; -    ; gen_limb[3].q[5]                                       ;
; DONT_MERGE_REGISTER ; on    ; -    ; gen_limb[3].q[5]                                       ;
; PRESERVE_REGISTER   ; on    ; -    ; gen_limb[3].q[4]                                       ;
; DONT_MERGE_REGISTER ; on    ; -    ; gen_limb[3].q[4]                                       ;
; PRESERVE_REGISTER   ; on    ; -    ; gen_limb[3].q[3]                                       ;
; DONT_MERGE_REGISTER ; on    ; -    ; gen_limb[3].q[3]                                       ;
; PRESERVE_REGISTER   ; on    ; -    ; gen_limb[3].q[2]                                       ;
; DONT_MERGE_REGISTER ; on    ; -    ; gen_limb[3].q[2]                                       ;
; PRESERVE_REGISTER   ; on    ; -    ; gen_limb[3].q[1]                                       ;
; DONT_MERGE_REGISTER ; on    ; -    ; gen_limb[3].q[1]                                       ;
+---------------------+-------+------+--------------------------------------------------------+


+-------------------------------------------------------------------------------------------+
; Source assignments for FsoDeliveryMonitor:delivery_monitor|FsoDeliveryCounter64:rx1_count ;
+---------------------+-------+------+------------------------------------------------------+
; Assignment          ; Value ; From ; To                                                   ;
+---------------------+-------+------+------------------------------------------------------+
; PRESERVE_REGISTER   ; on    ; -    ; gen_limb[0].q[15]                                    ;
; DONT_MERGE_REGISTER ; on    ; -    ; gen_limb[0].q[15]                                    ;
; PRESERVE_REGISTER   ; on    ; -    ; gen_limb[0].q[14]                                    ;
; DONT_MERGE_REGISTER ; on    ; -    ; gen_limb[0].q[14]                                    ;
; PRESERVE_REGISTER   ; on    ; -    ; gen_limb[0].q[13]                                    ;
; DONT_MERGE_REGISTER ; on    ; -    ; gen_limb[0].q[13]                                    ;
; PRESERVE_REGISTER   ; on    ; -    ; gen_limb[0].q[12]                                    ;
; DONT_MERGE_REGISTER ; on    ; -    ; gen_limb[0].q[12]                                    ;
; PRESERVE_REGISTER   ; on    ; -    ; gen_limb[0].q[11]                                    ;
; DONT_MERGE_REGISTER ; on    ; -    ; gen_limb[0].q[11]                                    ;
; PRESERVE_REGISTER   ; on    ; -    ; gen_limb[0].q[10]                                    ;
; DONT_MERGE_REGISTER ; on    ; -    ; gen_limb[0].q[10]                                    ;
; PRESERVE_REGISTER   ; on    ; -    ; gen_limb[0].q[9]                                     ;
; DONT_MERGE_REGISTER ; on    ; -    ; gen_limb[0].q[9]                                     ;
; PRESERVE_REGISTER   ; on    ; -    ; gen_limb[0].q[8]                                     ;
; DONT_MERGE_REGISTER ; on    ; -    ; gen_limb[0].q[8]                                     ;
; PRESERVE_REGISTER   ; on    ; -    ; gen_limb[0].q[7]                                     ;
; DONT_MERGE_REGISTER ; on    ; -    ; gen_limb[0].q[7]                                     ;
; PRESERVE_REGISTER   ; on    ; -    ; gen_limb[0].q[6]                                     ;
; DONT_MERGE_REGISTER ; on    ; -    ; gen_limb[0].q[6]                                     ;
; PRESERVE_REGISTER   ; on    ; -    ; gen_limb[0].q[5]                                     ;
; DONT_MERGE_REGISTER ; on    ; -    ; gen_limb[0].q[5]                                     ;
; PRESERVE_REGISTER   ; on    ; -    ; gen_limb[0].q[4]                                     ;
; DONT_MERGE_REGISTER ; on    ; -    ; gen_limb[0].q[4]                                     ;
; PRESERVE_REGISTER   ; on    ; -    ; gen_limb[0].q[3]                                     ;
; DONT_MERGE_REGISTER ; on    ; -    ; gen_limb[0].q[3]                                     ;
; PRESERVE_REGISTER   ; on    ; -    ; gen_limb[0].q[2]                                     ;
; DONT_MERGE_REGISTER ; on    ; -    ; gen_limb[0].q[2]                                     ;
; PRESERVE_REGISTER   ; on    ; -    ; gen_limb[0].q[1]                                     ;
; DONT_MERGE_REGISTER ; on    ; -    ; gen_limb[0].q[1]                                     ;
; PRESERVE_REGISTER   ; on    ; -    ; gen_limb[0].q[0]                                     ;
; DONT_MERGE_REGISTER ; on    ; -    ; gen_limb[0].q[0]                                     ;
; PRESERVE_REGISTER   ; on    ; -    ; gen_limb[0].carry_q                                  ;
; DONT_MERGE_REGISTER ; on    ; -    ; gen_limb[0].carry_q                                  ;
; PRESERVE_REGISTER   ; on    ; -    ; gen_limb[0].gen_align.delay_q[0][15]                 ;
; DONT_MERGE_REGISTER ; on    ; -    ; gen_limb[0].gen_align.delay_q[0][15]                 ;
; PRESERVE_REGISTER   ; on    ; -    ; gen_limb[0].gen_align.delay_q[0][14]                 ;
; DONT_MERGE_REGISTER ; on    ; -    ; gen_limb[0].gen_align.delay_q[0][14]                 ;
; PRESERVE_REGISTER   ; on    ; -    ; gen_limb[0].gen_align.delay_q[0][13]                 ;
; DONT_MERGE_REGISTER ; on    ; -    ; gen_limb[0].gen_align.delay_q[0][13]                 ;
; PRESERVE_REGISTER   ; on    ; -    ; gen_limb[0].gen_align.delay_q[0][12]                 ;
; DONT_MERGE_REGISTER ; on    ; -    ; gen_limb[0].gen_align.delay_q[0][12]                 ;
; PRESERVE_REGISTER   ; on    ; -    ; gen_limb[0].gen_align.delay_q[0][11]                 ;
; DONT_MERGE_REGISTER ; on    ; -    ; gen_limb[0].gen_align.delay_q[0][11]                 ;
; PRESERVE_REGISTER   ; on    ; -    ; gen_limb[0].gen_align.delay_q[0][10]                 ;
; DONT_MERGE_REGISTER ; on    ; -    ; gen_limb[0].gen_align.delay_q[0][10]                 ;
; PRESERVE_REGISTER   ; on    ; -    ; gen_limb[0].gen_align.delay_q[0][9]                  ;
; DONT_MERGE_REGISTER ; on    ; -    ; gen_limb[0].gen_align.delay_q[0][9]                  ;
; PRESERVE_REGISTER   ; on    ; -    ; gen_limb[0].gen_align.delay_q[0][8]                  ;
; DONT_MERGE_REGISTER ; on    ; -    ; gen_limb[0].gen_align.delay_q[0][8]                  ;
; PRESERVE_REGISTER   ; on    ; -    ; gen_limb[0].gen_align.delay_q[0][7]                  ;
; DONT_MERGE_REGISTER ; on    ; -    ; gen_limb[0].gen_align.delay_q[0][7]                  ;
; PRESERVE_REGISTER   ; on    ; -    ; gen_limb[0].gen_align.delay_q[0][6]                  ;
; DONT_MERGE_REGISTER ; on    ; -    ; gen_limb[0].gen_align.delay_q[0][6]                  ;
; PRESERVE_REGISTER   ; on    ; -    ; gen_limb[0].gen_align.delay_q[0][5]                  ;
; DONT_MERGE_REGISTER ; on    ; -    ; gen_limb[0].gen_align.delay_q[0][5]                  ;
; PRESERVE_REGISTER   ; on    ; -    ; gen_limb[0].gen_align.delay_q[0][4]                  ;
; DONT_MERGE_REGISTER ; on    ; -    ; gen_limb[0].gen_align.delay_q[0][4]                  ;
; PRESERVE_REGISTER   ; on    ; -    ; gen_limb[0].gen_align.delay_q[0][3]                  ;
; DONT_MERGE_REGISTER ; on    ; -    ; gen_limb[0].gen_align.delay_q[0][3]                  ;
; PRESERVE_REGISTER   ; on    ; -    ; gen_limb[0].gen_align.delay_q[0][2]                  ;
; DONT_MERGE_REGISTER ; on    ; -    ; gen_limb[0].gen_align.delay_q[0][2]                  ;
; PRESERVE_REGISTER   ; on    ; -    ; gen_limb[0].gen_align.delay_q[0][1]                  ;
; DONT_MERGE_REGISTER ; on    ; -    ; gen_limb[0].gen_align.delay_q[0][1]                  ;
; PRESERVE_REGISTER   ; on    ; -    ; gen_limb[0].gen_align.delay_q[0][0]                  ;
; DONT_MERGE_REGISTER ; on    ; -    ; gen_limb[0].gen_align.delay_q[0][0]                  ;
; PRESERVE_REGISTER   ; on    ; -    ; gen_limb[0].gen_align.delay_q[1][15]                 ;
; DONT_MERGE_REGISTER ; on    ; -    ; gen_limb[0].gen_align.delay_q[1][15]                 ;
; PRESERVE_REGISTER   ; on    ; -    ; gen_limb[0].gen_align.delay_q[1][14]                 ;
; DONT_MERGE_REGISTER ; on    ; -    ; gen_limb[0].gen_align.delay_q[1][14]                 ;
; PRESERVE_REGISTER   ; on    ; -    ; gen_limb[0].gen_align.delay_q[1][13]                 ;
; DONT_MERGE_REGISTER ; on    ; -    ; gen_limb[0].gen_align.delay_q[1][13]                 ;
; PRESERVE_REGISTER   ; on    ; -    ; gen_limb[0].gen_align.delay_q[1][12]                 ;
; DONT_MERGE_REGISTER ; on    ; -    ; gen_limb[0].gen_align.delay_q[1][12]                 ;
; PRESERVE_REGISTER   ; on    ; -    ; gen_limb[0].gen_align.delay_q[1][11]                 ;
; DONT_MERGE_REGISTER ; on    ; -    ; gen_limb[0].gen_align.delay_q[1][11]                 ;
; PRESERVE_REGISTER   ; on    ; -    ; gen_limb[0].gen_align.delay_q[1][10]                 ;
; DONT_MERGE_REGISTER ; on    ; -    ; gen_limb[0].gen_align.delay_q[1][10]                 ;
; PRESERVE_REGISTER   ; on    ; -    ; gen_limb[0].gen_align.delay_q[1][9]                  ;
; DONT_MERGE_REGISTER ; on    ; -    ; gen_limb[0].gen_align.delay_q[1][9]                  ;
; PRESERVE_REGISTER   ; on    ; -    ; gen_limb[0].gen_align.delay_q[1][8]                  ;
; DONT_MERGE_REGISTER ; on    ; -    ; gen_limb[0].gen_align.delay_q[1][8]                  ;
; PRESERVE_REGISTER   ; on    ; -    ; gen_limb[0].gen_align.delay_q[1][7]                  ;
; DONT_MERGE_REGISTER ; on    ; -    ; gen_limb[0].gen_align.delay_q[1][7]                  ;
; PRESERVE_REGISTER   ; on    ; -    ; gen_limb[0].gen_align.delay_q[1][6]                  ;
; DONT_MERGE_REGISTER ; on    ; -    ; gen_limb[0].gen_align.delay_q[1][6]                  ;
; PRESERVE_REGISTER   ; on    ; -    ; gen_limb[0].gen_align.delay_q[1][5]                  ;
; DONT_MERGE_REGISTER ; on    ; -    ; gen_limb[0].gen_align.delay_q[1][5]                  ;
; PRESERVE_REGISTER   ; on    ; -    ; gen_limb[0].gen_align.delay_q[1][4]                  ;
; DONT_MERGE_REGISTER ; on    ; -    ; gen_limb[0].gen_align.delay_q[1][4]                  ;
; PRESERVE_REGISTER   ; on    ; -    ; gen_limb[0].gen_align.delay_q[1][3]                  ;
; DONT_MERGE_REGISTER ; on    ; -    ; gen_limb[0].gen_align.delay_q[1][3]                  ;
; PRESERVE_REGISTER   ; on    ; -    ; gen_limb[0].gen_align.delay_q[1][2]                  ;
; DONT_MERGE_REGISTER ; on    ; -    ; gen_limb[0].gen_align.delay_q[1][2]                  ;
; PRESERVE_REGISTER   ; on    ; -    ; gen_limb[0].gen_align.delay_q[1][1]                  ;
; DONT_MERGE_REGISTER ; on    ; -    ; gen_limb[0].gen_align.delay_q[1][1]                  ;
; PRESERVE_REGISTER   ; on    ; -    ; gen_limb[0].gen_align.delay_q[1][0]                  ;
; DONT_MERGE_REGISTER ; on    ; -    ; gen_limb[0].gen_align.delay_q[1][0]                  ;
; PRESERVE_REGISTER   ; on    ; -    ; gen_limb[0].gen_align.delay_q[2][15]                 ;
; DONT_MERGE_REGISTER ; on    ; -    ; gen_limb[0].gen_align.delay_q[2][15]                 ;
; PRESERVE_REGISTER   ; on    ; -    ; gen_limb[0].gen_align.delay_q[2][14]                 ;
; DONT_MERGE_REGISTER ; on    ; -    ; gen_limb[0].gen_align.delay_q[2][14]                 ;
; PRESERVE_REGISTER   ; on    ; -    ; gen_limb[0].gen_align.delay_q[2][13]                 ;
; DONT_MERGE_REGISTER ; on    ; -    ; gen_limb[0].gen_align.delay_q[2][13]                 ;
; PRESERVE_REGISTER   ; on    ; -    ; gen_limb[0].gen_align.delay_q[2][12]                 ;
; DONT_MERGE_REGISTER ; on    ; -    ; gen_limb[0].gen_align.delay_q[2][12]                 ;
; PRESERVE_REGISTER   ; on    ; -    ; gen_limb[0].gen_align.delay_q[2][11]                 ;
; DONT_MERGE_REGISTER ; on    ; -    ; gen_limb[0].gen_align.delay_q[2][11]                 ;
; PRESERVE_REGISTER   ; on    ; -    ; gen_limb[0].gen_align.delay_q[2][10]                 ;
; DONT_MERGE_REGISTER ; on    ; -    ; gen_limb[0].gen_align.delay_q[2][10]                 ;
; PRESERVE_REGISTER   ; on    ; -    ; gen_limb[0].gen_align.delay_q[2][9]                  ;
; DONT_MERGE_REGISTER ; on    ; -    ; gen_limb[0].gen_align.delay_q[2][9]                  ;
; PRESERVE_REGISTER   ; on    ; -    ; gen_limb[0].gen_align.delay_q[2][8]                  ;
; DONT_MERGE_REGISTER ; on    ; -    ; gen_limb[0].gen_align.delay_q[2][8]                  ;
; PRESERVE_REGISTER   ; on    ; -    ; gen_limb[0].gen_align.delay_q[2][7]                  ;
; DONT_MERGE_REGISTER ; on    ; -    ; gen_limb[0].gen_align.delay_q[2][7]                  ;
; PRESERVE_REGISTER   ; on    ; -    ; gen_limb[0].gen_align.delay_q[2][6]                  ;
; DONT_MERGE_REGISTER ; on    ; -    ; gen_limb[0].gen_align.delay_q[2][6]                  ;
; PRESERVE_REGISTER   ; on    ; -    ; gen_limb[0].gen_align.delay_q[2][5]                  ;
; DONT_MERGE_REGISTER ; on    ; -    ; gen_limb[0].gen_align.delay_q[2][5]                  ;
; PRESERVE_REGISTER   ; on    ; -    ; gen_limb[0].gen_align.delay_q[2][4]                  ;
; DONT_MERGE_REGISTER ; on    ; -    ; gen_limb[0].gen_align.delay_q[2][4]                  ;
; PRESERVE_REGISTER   ; on    ; -    ; gen_limb[0].gen_align.delay_q[2][3]                  ;
; DONT_MERGE_REGISTER ; on    ; -    ; gen_limb[0].gen_align.delay_q[2][3]                  ;
; PRESERVE_REGISTER   ; on    ; -    ; gen_limb[0].gen_align.delay_q[2][2]                  ;
; DONT_MERGE_REGISTER ; on    ; -    ; gen_limb[0].gen_align.delay_q[2][2]                  ;
; PRESERVE_REGISTER   ; on    ; -    ; gen_limb[0].gen_align.delay_q[2][1]                  ;
; DONT_MERGE_REGISTER ; on    ; -    ; gen_limb[0].gen_align.delay_q[2][1]                  ;
; PRESERVE_REGISTER   ; on    ; -    ; gen_limb[0].gen_align.delay_q[2][0]                  ;
; DONT_MERGE_REGISTER ; on    ; -    ; gen_limb[0].gen_align.delay_q[2][0]                  ;
; PRESERVE_REGISTER   ; on    ; -    ; gen_limb[1].q[15]                                    ;
; DONT_MERGE_REGISTER ; on    ; -    ; gen_limb[1].q[15]                                    ;
; PRESERVE_REGISTER   ; on    ; -    ; gen_limb[1].q[14]                                    ;
; DONT_MERGE_REGISTER ; on    ; -    ; gen_limb[1].q[14]                                    ;
; PRESERVE_REGISTER   ; on    ; -    ; gen_limb[1].q[13]                                    ;
; DONT_MERGE_REGISTER ; on    ; -    ; gen_limb[1].q[13]                                    ;
; PRESERVE_REGISTER   ; on    ; -    ; gen_limb[1].q[12]                                    ;
; DONT_MERGE_REGISTER ; on    ; -    ; gen_limb[1].q[12]                                    ;
; PRESERVE_REGISTER   ; on    ; -    ; gen_limb[1].q[11]                                    ;
; DONT_MERGE_REGISTER ; on    ; -    ; gen_limb[1].q[11]                                    ;
; PRESERVE_REGISTER   ; on    ; -    ; gen_limb[1].q[10]                                    ;
; DONT_MERGE_REGISTER ; on    ; -    ; gen_limb[1].q[10]                                    ;
; PRESERVE_REGISTER   ; on    ; -    ; gen_limb[1].q[9]                                     ;
; DONT_MERGE_REGISTER ; on    ; -    ; gen_limb[1].q[9]                                     ;
; PRESERVE_REGISTER   ; on    ; -    ; gen_limb[1].q[8]                                     ;
; DONT_MERGE_REGISTER ; on    ; -    ; gen_limb[1].q[8]                                     ;
; PRESERVE_REGISTER   ; on    ; -    ; gen_limb[1].q[7]                                     ;
; DONT_MERGE_REGISTER ; on    ; -    ; gen_limb[1].q[7]                                     ;
; PRESERVE_REGISTER   ; on    ; -    ; gen_limb[1].q[6]                                     ;
; DONT_MERGE_REGISTER ; on    ; -    ; gen_limb[1].q[6]                                     ;
; PRESERVE_REGISTER   ; on    ; -    ; gen_limb[1].q[5]                                     ;
; DONT_MERGE_REGISTER ; on    ; -    ; gen_limb[1].q[5]                                     ;
; PRESERVE_REGISTER   ; on    ; -    ; gen_limb[1].q[4]                                     ;
; DONT_MERGE_REGISTER ; on    ; -    ; gen_limb[1].q[4]                                     ;
; PRESERVE_REGISTER   ; on    ; -    ; gen_limb[1].q[3]                                     ;
; DONT_MERGE_REGISTER ; on    ; -    ; gen_limb[1].q[3]                                     ;
; PRESERVE_REGISTER   ; on    ; -    ; gen_limb[1].q[2]                                     ;
; DONT_MERGE_REGISTER ; on    ; -    ; gen_limb[1].q[2]                                     ;
; PRESERVE_REGISTER   ; on    ; -    ; gen_limb[1].q[1]                                     ;
; DONT_MERGE_REGISTER ; on    ; -    ; gen_limb[1].q[1]                                     ;
; PRESERVE_REGISTER   ; on    ; -    ; gen_limb[1].q[0]                                     ;
; DONT_MERGE_REGISTER ; on    ; -    ; gen_limb[1].q[0]                                     ;
; PRESERVE_REGISTER   ; on    ; -    ; gen_limb[1].carry_q                                  ;
; DONT_MERGE_REGISTER ; on    ; -    ; gen_limb[1].carry_q                                  ;
; PRESERVE_REGISTER   ; on    ; -    ; gen_limb[1].gen_align.delay_q[0][15]                 ;
; DONT_MERGE_REGISTER ; on    ; -    ; gen_limb[1].gen_align.delay_q[0][15]                 ;
; PRESERVE_REGISTER   ; on    ; -    ; gen_limb[1].gen_align.delay_q[0][14]                 ;
; DONT_MERGE_REGISTER ; on    ; -    ; gen_limb[1].gen_align.delay_q[0][14]                 ;
; PRESERVE_REGISTER   ; on    ; -    ; gen_limb[1].gen_align.delay_q[0][13]                 ;
; DONT_MERGE_REGISTER ; on    ; -    ; gen_limb[1].gen_align.delay_q[0][13]                 ;
; PRESERVE_REGISTER   ; on    ; -    ; gen_limb[1].gen_align.delay_q[0][12]                 ;
; DONT_MERGE_REGISTER ; on    ; -    ; gen_limb[1].gen_align.delay_q[0][12]                 ;
; PRESERVE_REGISTER   ; on    ; -    ; gen_limb[1].gen_align.delay_q[0][11]                 ;
; DONT_MERGE_REGISTER ; on    ; -    ; gen_limb[1].gen_align.delay_q[0][11]                 ;
; PRESERVE_REGISTER   ; on    ; -    ; gen_limb[1].gen_align.delay_q[0][10]                 ;
; DONT_MERGE_REGISTER ; on    ; -    ; gen_limb[1].gen_align.delay_q[0][10]                 ;
; PRESERVE_REGISTER   ; on    ; -    ; gen_limb[1].gen_align.delay_q[0][9]                  ;
; DONT_MERGE_REGISTER ; on    ; -    ; gen_limb[1].gen_align.delay_q[0][9]                  ;
; PRESERVE_REGISTER   ; on    ; -    ; gen_limb[1].gen_align.delay_q[0][8]                  ;
; DONT_MERGE_REGISTER ; on    ; -    ; gen_limb[1].gen_align.delay_q[0][8]                  ;
; PRESERVE_REGISTER   ; on    ; -    ; gen_limb[1].gen_align.delay_q[0][7]                  ;
; DONT_MERGE_REGISTER ; on    ; -    ; gen_limb[1].gen_align.delay_q[0][7]                  ;
; PRESERVE_REGISTER   ; on    ; -    ; gen_limb[1].gen_align.delay_q[0][6]                  ;
; DONT_MERGE_REGISTER ; on    ; -    ; gen_limb[1].gen_align.delay_q[0][6]                  ;
; PRESERVE_REGISTER   ; on    ; -    ; gen_limb[1].gen_align.delay_q[0][5]                  ;
; DONT_MERGE_REGISTER ; on    ; -    ; gen_limb[1].gen_align.delay_q[0][5]                  ;
; PRESERVE_REGISTER   ; on    ; -    ; gen_limb[1].gen_align.delay_q[0][4]                  ;
; DONT_MERGE_REGISTER ; on    ; -    ; gen_limb[1].gen_align.delay_q[0][4]                  ;
; PRESERVE_REGISTER   ; on    ; -    ; gen_limb[1].gen_align.delay_q[0][3]                  ;
; DONT_MERGE_REGISTER ; on    ; -    ; gen_limb[1].gen_align.delay_q[0][3]                  ;
; PRESERVE_REGISTER   ; on    ; -    ; gen_limb[1].gen_align.delay_q[0][2]                  ;
; DONT_MERGE_REGISTER ; on    ; -    ; gen_limb[1].gen_align.delay_q[0][2]                  ;
; PRESERVE_REGISTER   ; on    ; -    ; gen_limb[1].gen_align.delay_q[0][1]                  ;
; DONT_MERGE_REGISTER ; on    ; -    ; gen_limb[1].gen_align.delay_q[0][1]                  ;
; PRESERVE_REGISTER   ; on    ; -    ; gen_limb[1].gen_align.delay_q[0][0]                  ;
; DONT_MERGE_REGISTER ; on    ; -    ; gen_limb[1].gen_align.delay_q[0][0]                  ;
; PRESERVE_REGISTER   ; on    ; -    ; gen_limb[1].gen_align.delay_q[1][15]                 ;
; DONT_MERGE_REGISTER ; on    ; -    ; gen_limb[1].gen_align.delay_q[1][15]                 ;
; PRESERVE_REGISTER   ; on    ; -    ; gen_limb[1].gen_align.delay_q[1][14]                 ;
; DONT_MERGE_REGISTER ; on    ; -    ; gen_limb[1].gen_align.delay_q[1][14]                 ;
; PRESERVE_REGISTER   ; on    ; -    ; gen_limb[1].gen_align.delay_q[1][13]                 ;
; DONT_MERGE_REGISTER ; on    ; -    ; gen_limb[1].gen_align.delay_q[1][13]                 ;
; PRESERVE_REGISTER   ; on    ; -    ; gen_limb[1].gen_align.delay_q[1][12]                 ;
; DONT_MERGE_REGISTER ; on    ; -    ; gen_limb[1].gen_align.delay_q[1][12]                 ;
; PRESERVE_REGISTER   ; on    ; -    ; gen_limb[1].gen_align.delay_q[1][11]                 ;
; DONT_MERGE_REGISTER ; on    ; -    ; gen_limb[1].gen_align.delay_q[1][11]                 ;
; PRESERVE_REGISTER   ; on    ; -    ; gen_limb[1].gen_align.delay_q[1][10]                 ;
; DONT_MERGE_REGISTER ; on    ; -    ; gen_limb[1].gen_align.delay_q[1][10]                 ;
; PRESERVE_REGISTER   ; on    ; -    ; gen_limb[1].gen_align.delay_q[1][9]                  ;
; DONT_MERGE_REGISTER ; on    ; -    ; gen_limb[1].gen_align.delay_q[1][9]                  ;
; PRESERVE_REGISTER   ; on    ; -    ; gen_limb[1].gen_align.delay_q[1][8]                  ;
; DONT_MERGE_REGISTER ; on    ; -    ; gen_limb[1].gen_align.delay_q[1][8]                  ;
; PRESERVE_REGISTER   ; on    ; -    ; gen_limb[1].gen_align.delay_q[1][7]                  ;
; DONT_MERGE_REGISTER ; on    ; -    ; gen_limb[1].gen_align.delay_q[1][7]                  ;
; PRESERVE_REGISTER   ; on    ; -    ; gen_limb[1].gen_align.delay_q[1][6]                  ;
; DONT_MERGE_REGISTER ; on    ; -    ; gen_limb[1].gen_align.delay_q[1][6]                  ;
; PRESERVE_REGISTER   ; on    ; -    ; gen_limb[1].gen_align.delay_q[1][5]                  ;
; DONT_MERGE_REGISTER ; on    ; -    ; gen_limb[1].gen_align.delay_q[1][5]                  ;
; PRESERVE_REGISTER   ; on    ; -    ; gen_limb[1].gen_align.delay_q[1][4]                  ;
; DONT_MERGE_REGISTER ; on    ; -    ; gen_limb[1].gen_align.delay_q[1][4]                  ;
; PRESERVE_REGISTER   ; on    ; -    ; gen_limb[1].gen_align.delay_q[1][3]                  ;
; DONT_MERGE_REGISTER ; on    ; -    ; gen_limb[1].gen_align.delay_q[1][3]                  ;
; PRESERVE_REGISTER   ; on    ; -    ; gen_limb[1].gen_align.delay_q[1][2]                  ;
; DONT_MERGE_REGISTER ; on    ; -    ; gen_limb[1].gen_align.delay_q[1][2]                  ;
; PRESERVE_REGISTER   ; on    ; -    ; gen_limb[1].gen_align.delay_q[1][1]                  ;
; DONT_MERGE_REGISTER ; on    ; -    ; gen_limb[1].gen_align.delay_q[1][1]                  ;
; PRESERVE_REGISTER   ; on    ; -    ; gen_limb[1].gen_align.delay_q[1][0]                  ;
; DONT_MERGE_REGISTER ; on    ; -    ; gen_limb[1].gen_align.delay_q[1][0]                  ;
; PRESERVE_REGISTER   ; on    ; -    ; gen_limb[2].q[15]                                    ;
; DONT_MERGE_REGISTER ; on    ; -    ; gen_limb[2].q[15]                                    ;
; PRESERVE_REGISTER   ; on    ; -    ; gen_limb[2].q[14]                                    ;
; DONT_MERGE_REGISTER ; on    ; -    ; gen_limb[2].q[14]                                    ;
; PRESERVE_REGISTER   ; on    ; -    ; gen_limb[2].q[13]                                    ;
; DONT_MERGE_REGISTER ; on    ; -    ; gen_limb[2].q[13]                                    ;
; PRESERVE_REGISTER   ; on    ; -    ; gen_limb[2].q[12]                                    ;
; DONT_MERGE_REGISTER ; on    ; -    ; gen_limb[2].q[12]                                    ;
; PRESERVE_REGISTER   ; on    ; -    ; gen_limb[2].q[11]                                    ;
; DONT_MERGE_REGISTER ; on    ; -    ; gen_limb[2].q[11]                                    ;
; PRESERVE_REGISTER   ; on    ; -    ; gen_limb[2].q[10]                                    ;
; DONT_MERGE_REGISTER ; on    ; -    ; gen_limb[2].q[10]                                    ;
; PRESERVE_REGISTER   ; on    ; -    ; gen_limb[2].q[9]                                     ;
; DONT_MERGE_REGISTER ; on    ; -    ; gen_limb[2].q[9]                                     ;
; PRESERVE_REGISTER   ; on    ; -    ; gen_limb[2].q[8]                                     ;
; DONT_MERGE_REGISTER ; on    ; -    ; gen_limb[2].q[8]                                     ;
; PRESERVE_REGISTER   ; on    ; -    ; gen_limb[2].q[7]                                     ;
; DONT_MERGE_REGISTER ; on    ; -    ; gen_limb[2].q[7]                                     ;
; PRESERVE_REGISTER   ; on    ; -    ; gen_limb[2].q[6]                                     ;
; DONT_MERGE_REGISTER ; on    ; -    ; gen_limb[2].q[6]                                     ;
; PRESERVE_REGISTER   ; on    ; -    ; gen_limb[2].q[5]                                     ;
; DONT_MERGE_REGISTER ; on    ; -    ; gen_limb[2].q[5]                                     ;
; PRESERVE_REGISTER   ; on    ; -    ; gen_limb[2].q[4]                                     ;
; DONT_MERGE_REGISTER ; on    ; -    ; gen_limb[2].q[4]                                     ;
; PRESERVE_REGISTER   ; on    ; -    ; gen_limb[2].q[3]                                     ;
; DONT_MERGE_REGISTER ; on    ; -    ; gen_limb[2].q[3]                                     ;
; PRESERVE_REGISTER   ; on    ; -    ; gen_limb[2].q[2]                                     ;
; DONT_MERGE_REGISTER ; on    ; -    ; gen_limb[2].q[2]                                     ;
; PRESERVE_REGISTER   ; on    ; -    ; gen_limb[2].q[1]                                     ;
; DONT_MERGE_REGISTER ; on    ; -    ; gen_limb[2].q[1]                                     ;
; PRESERVE_REGISTER   ; on    ; -    ; gen_limb[2].q[0]                                     ;
; DONT_MERGE_REGISTER ; on    ; -    ; gen_limb[2].q[0]                                     ;
; PRESERVE_REGISTER   ; on    ; -    ; gen_limb[2].carry_q                                  ;
; DONT_MERGE_REGISTER ; on    ; -    ; gen_limb[2].carry_q                                  ;
; PRESERVE_REGISTER   ; on    ; -    ; gen_limb[2].gen_align.delay_q[0][15]                 ;
; DONT_MERGE_REGISTER ; on    ; -    ; gen_limb[2].gen_align.delay_q[0][15]                 ;
; PRESERVE_REGISTER   ; on    ; -    ; gen_limb[2].gen_align.delay_q[0][14]                 ;
; DONT_MERGE_REGISTER ; on    ; -    ; gen_limb[2].gen_align.delay_q[0][14]                 ;
; PRESERVE_REGISTER   ; on    ; -    ; gen_limb[2].gen_align.delay_q[0][13]                 ;
; DONT_MERGE_REGISTER ; on    ; -    ; gen_limb[2].gen_align.delay_q[0][13]                 ;
; PRESERVE_REGISTER   ; on    ; -    ; gen_limb[2].gen_align.delay_q[0][12]                 ;
; DONT_MERGE_REGISTER ; on    ; -    ; gen_limb[2].gen_align.delay_q[0][12]                 ;
; PRESERVE_REGISTER   ; on    ; -    ; gen_limb[2].gen_align.delay_q[0][11]                 ;
; DONT_MERGE_REGISTER ; on    ; -    ; gen_limb[2].gen_align.delay_q[0][11]                 ;
; PRESERVE_REGISTER   ; on    ; -    ; gen_limb[2].gen_align.delay_q[0][10]                 ;
; DONT_MERGE_REGISTER ; on    ; -    ; gen_limb[2].gen_align.delay_q[0][10]                 ;
; PRESERVE_REGISTER   ; on    ; -    ; gen_limb[2].gen_align.delay_q[0][9]                  ;
; DONT_MERGE_REGISTER ; on    ; -    ; gen_limb[2].gen_align.delay_q[0][9]                  ;
; PRESERVE_REGISTER   ; on    ; -    ; gen_limb[2].gen_align.delay_q[0][8]                  ;
; DONT_MERGE_REGISTER ; on    ; -    ; gen_limb[2].gen_align.delay_q[0][8]                  ;
; PRESERVE_REGISTER   ; on    ; -    ; gen_limb[2].gen_align.delay_q[0][7]                  ;
; DONT_MERGE_REGISTER ; on    ; -    ; gen_limb[2].gen_align.delay_q[0][7]                  ;
; PRESERVE_REGISTER   ; on    ; -    ; gen_limb[2].gen_align.delay_q[0][6]                  ;
; DONT_MERGE_REGISTER ; on    ; -    ; gen_limb[2].gen_align.delay_q[0][6]                  ;
; PRESERVE_REGISTER   ; on    ; -    ; gen_limb[2].gen_align.delay_q[0][5]                  ;
; DONT_MERGE_REGISTER ; on    ; -    ; gen_limb[2].gen_align.delay_q[0][5]                  ;
; PRESERVE_REGISTER   ; on    ; -    ; gen_limb[2].gen_align.delay_q[0][4]                  ;
; DONT_MERGE_REGISTER ; on    ; -    ; gen_limb[2].gen_align.delay_q[0][4]                  ;
; PRESERVE_REGISTER   ; on    ; -    ; gen_limb[2].gen_align.delay_q[0][3]                  ;
; DONT_MERGE_REGISTER ; on    ; -    ; gen_limb[2].gen_align.delay_q[0][3]                  ;
; PRESERVE_REGISTER   ; on    ; -    ; gen_limb[2].gen_align.delay_q[0][2]                  ;
; DONT_MERGE_REGISTER ; on    ; -    ; gen_limb[2].gen_align.delay_q[0][2]                  ;
; PRESERVE_REGISTER   ; on    ; -    ; gen_limb[2].gen_align.delay_q[0][1]                  ;
; DONT_MERGE_REGISTER ; on    ; -    ; gen_limb[2].gen_align.delay_q[0][1]                  ;
; PRESERVE_REGISTER   ; on    ; -    ; gen_limb[2].gen_align.delay_q[0][0]                  ;
; DONT_MERGE_REGISTER ; on    ; -    ; gen_limb[2].gen_align.delay_q[0][0]                  ;
; PRESERVE_REGISTER   ; on    ; -    ; gen_limb[3].q[0]                                     ;
; DONT_MERGE_REGISTER ; on    ; -    ; gen_limb[3].q[0]                                     ;
; PRESERVE_REGISTER   ; on    ; -    ; gen_limb[3].q[15]                                    ;
; DONT_MERGE_REGISTER ; on    ; -    ; gen_limb[3].q[15]                                    ;
; PRESERVE_REGISTER   ; on    ; -    ; gen_limb[3].q[14]                                    ;
; DONT_MERGE_REGISTER ; on    ; -    ; gen_limb[3].q[14]                                    ;
; PRESERVE_REGISTER   ; on    ; -    ; gen_limb[3].q[13]                                    ;
; DONT_MERGE_REGISTER ; on    ; -    ; gen_limb[3].q[13]                                    ;
; PRESERVE_REGISTER   ; on    ; -    ; gen_limb[3].q[12]                                    ;
; DONT_MERGE_REGISTER ; on    ; -    ; gen_limb[3].q[12]                                    ;
; PRESERVE_REGISTER   ; on    ; -    ; gen_limb[3].q[11]                                    ;
; DONT_MERGE_REGISTER ; on    ; -    ; gen_limb[3].q[11]                                    ;
; PRESERVE_REGISTER   ; on    ; -    ; gen_limb[3].q[10]                                    ;
; DONT_MERGE_REGISTER ; on    ; -    ; gen_limb[3].q[10]                                    ;
; PRESERVE_REGISTER   ; on    ; -    ; gen_limb[3].q[9]                                     ;
; DONT_MERGE_REGISTER ; on    ; -    ; gen_limb[3].q[9]                                     ;
; PRESERVE_REGISTER   ; on    ; -    ; gen_limb[3].q[8]                                     ;
; DONT_MERGE_REGISTER ; on    ; -    ; gen_limb[3].q[8]                                     ;
; PRESERVE_REGISTER   ; on    ; -    ; gen_limb[3].q[7]                                     ;
; DONT_MERGE_REGISTER ; on    ; -    ; gen_limb[3].q[7]                                     ;
; PRESERVE_REGISTER   ; on    ; -    ; gen_limb[3].q[6]                                     ;
; DONT_MERGE_REGISTER ; on    ; -    ; gen_limb[3].q[6]                                     ;
; PRESERVE_REGISTER   ; on    ; -    ; gen_limb[3].q[5]                                     ;
; DONT_MERGE_REGISTER ; on    ; -    ; gen_limb[3].q[5]                                     ;
; PRESERVE_REGISTER   ; on    ; -    ; gen_limb[3].q[4]                                     ;
; DONT_MERGE_REGISTER ; on    ; -    ; gen_limb[3].q[4]                                     ;
; PRESERVE_REGISTER   ; on    ; -    ; gen_limb[3].q[3]                                     ;
; DONT_MERGE_REGISTER ; on    ; -    ; gen_limb[3].q[3]                                     ;
; PRESERVE_REGISTER   ; on    ; -    ; gen_limb[3].q[2]                                     ;
; DONT_MERGE_REGISTER ; on    ; -    ; gen_limb[3].q[2]                                     ;
; PRESERVE_REGISTER   ; on    ; -    ; gen_limb[3].q[1]                                     ;
; DONT_MERGE_REGISTER ; on    ; -    ; gen_limb[3].q[1]                                     ;
+---------------------+-------+------+------------------------------------------------------+


+-------------------------------------------------------------------------------------------+
; Source assignments for FsoDeliveryMonitor:delivery_monitor|FsoDeliveryCounter64:rx2_count ;
+---------------------+-------+------+------------------------------------------------------+
; Assignment          ; Value ; From ; To                                                   ;
+---------------------+-------+------+------------------------------------------------------+
; PRESERVE_REGISTER   ; on    ; -    ; gen_limb[0].q[15]                                    ;
; DONT_MERGE_REGISTER ; on    ; -    ; gen_limb[0].q[15]                                    ;
; PRESERVE_REGISTER   ; on    ; -    ; gen_limb[0].q[14]                                    ;
; DONT_MERGE_REGISTER ; on    ; -    ; gen_limb[0].q[14]                                    ;
; PRESERVE_REGISTER   ; on    ; -    ; gen_limb[0].q[13]                                    ;
; DONT_MERGE_REGISTER ; on    ; -    ; gen_limb[0].q[13]                                    ;
; PRESERVE_REGISTER   ; on    ; -    ; gen_limb[0].q[12]                                    ;
; DONT_MERGE_REGISTER ; on    ; -    ; gen_limb[0].q[12]                                    ;
; PRESERVE_REGISTER   ; on    ; -    ; gen_limb[0].q[11]                                    ;
; DONT_MERGE_REGISTER ; on    ; -    ; gen_limb[0].q[11]                                    ;
; PRESERVE_REGISTER   ; on    ; -    ; gen_limb[0].q[10]                                    ;
; DONT_MERGE_REGISTER ; on    ; -    ; gen_limb[0].q[10]                                    ;
; PRESERVE_REGISTER   ; on    ; -    ; gen_limb[0].q[9]                                     ;
; DONT_MERGE_REGISTER ; on    ; -    ; gen_limb[0].q[9]                                     ;
; PRESERVE_REGISTER   ; on    ; -    ; gen_limb[0].q[8]                                     ;
; DONT_MERGE_REGISTER ; on    ; -    ; gen_limb[0].q[8]                                     ;
; PRESERVE_REGISTER   ; on    ; -    ; gen_limb[0].q[7]                                     ;
; DONT_MERGE_REGISTER ; on    ; -    ; gen_limb[0].q[7]                                     ;
; PRESERVE_REGISTER   ; on    ; -    ; gen_limb[0].q[6]                                     ;
; DONT_MERGE_REGISTER ; on    ; -    ; gen_limb[0].q[6]                                     ;
; PRESERVE_REGISTER   ; on    ; -    ; gen_limb[0].q[5]                                     ;
; DONT_MERGE_REGISTER ; on    ; -    ; gen_limb[0].q[5]                                     ;
; PRESERVE_REGISTER   ; on    ; -    ; gen_limb[0].q[4]                                     ;
; DONT_MERGE_REGISTER ; on    ; -    ; gen_limb[0].q[4]                                     ;
; PRESERVE_REGISTER   ; on    ; -    ; gen_limb[0].q[3]                                     ;
; DONT_MERGE_REGISTER ; on    ; -    ; gen_limb[0].q[3]                                     ;
; PRESERVE_REGISTER   ; on    ; -    ; gen_limb[0].q[2]                                     ;
; DONT_MERGE_REGISTER ; on    ; -    ; gen_limb[0].q[2]                                     ;
; PRESERVE_REGISTER   ; on    ; -    ; gen_limb[0].q[1]                                     ;
; DONT_MERGE_REGISTER ; on    ; -    ; gen_limb[0].q[1]                                     ;
; PRESERVE_REGISTER   ; on    ; -    ; gen_limb[0].q[0]                                     ;
; DONT_MERGE_REGISTER ; on    ; -    ; gen_limb[0].q[0]                                     ;
; PRESERVE_REGISTER   ; on    ; -    ; gen_limb[0].carry_q                                  ;
; DONT_MERGE_REGISTER ; on    ; -    ; gen_limb[0].carry_q                                  ;
; PRESERVE_REGISTER   ; on    ; -    ; gen_limb[0].gen_align.delay_q[0][15]                 ;
; DONT_MERGE_REGISTER ; on    ; -    ; gen_limb[0].gen_align.delay_q[0][15]                 ;
; PRESERVE_REGISTER   ; on    ; -    ; gen_limb[0].gen_align.delay_q[0][14]                 ;
; DONT_MERGE_REGISTER ; on    ; -    ; gen_limb[0].gen_align.delay_q[0][14]                 ;
; PRESERVE_REGISTER   ; on    ; -    ; gen_limb[0].gen_align.delay_q[0][13]                 ;
; DONT_MERGE_REGISTER ; on    ; -    ; gen_limb[0].gen_align.delay_q[0][13]                 ;
; PRESERVE_REGISTER   ; on    ; -    ; gen_limb[0].gen_align.delay_q[0][12]                 ;
; DONT_MERGE_REGISTER ; on    ; -    ; gen_limb[0].gen_align.delay_q[0][12]                 ;
; PRESERVE_REGISTER   ; on    ; -    ; gen_limb[0].gen_align.delay_q[0][11]                 ;
; DONT_MERGE_REGISTER ; on    ; -    ; gen_limb[0].gen_align.delay_q[0][11]                 ;
; PRESERVE_REGISTER   ; on    ; -    ; gen_limb[0].gen_align.delay_q[0][10]                 ;
; DONT_MERGE_REGISTER ; on    ; -    ; gen_limb[0].gen_align.delay_q[0][10]                 ;
; PRESERVE_REGISTER   ; on    ; -    ; gen_limb[0].gen_align.delay_q[0][9]                  ;
; DONT_MERGE_REGISTER ; on    ; -    ; gen_limb[0].gen_align.delay_q[0][9]                  ;
; PRESERVE_REGISTER   ; on    ; -    ; gen_limb[0].gen_align.delay_q[0][8]                  ;
; DONT_MERGE_REGISTER ; on    ; -    ; gen_limb[0].gen_align.delay_q[0][8]                  ;
; PRESERVE_REGISTER   ; on    ; -    ; gen_limb[0].gen_align.delay_q[0][7]                  ;
; DONT_MERGE_REGISTER ; on    ; -    ; gen_limb[0].gen_align.delay_q[0][7]                  ;
; PRESERVE_REGISTER   ; on    ; -    ; gen_limb[0].gen_align.delay_q[0][6]                  ;
; DONT_MERGE_REGISTER ; on    ; -    ; gen_limb[0].gen_align.delay_q[0][6]                  ;
; PRESERVE_REGISTER   ; on    ; -    ; gen_limb[0].gen_align.delay_q[0][5]                  ;
; DONT_MERGE_REGISTER ; on    ; -    ; gen_limb[0].gen_align.delay_q[0][5]                  ;
; PRESERVE_REGISTER   ; on    ; -    ; gen_limb[0].gen_align.delay_q[0][4]                  ;
; DONT_MERGE_REGISTER ; on    ; -    ; gen_limb[0].gen_align.delay_q[0][4]                  ;
; PRESERVE_REGISTER   ; on    ; -    ; gen_limb[0].gen_align.delay_q[0][3]                  ;
; DONT_MERGE_REGISTER ; on    ; -    ; gen_limb[0].gen_align.delay_q[0][3]                  ;
; PRESERVE_REGISTER   ; on    ; -    ; gen_limb[0].gen_align.delay_q[0][2]                  ;
; DONT_MERGE_REGISTER ; on    ; -    ; gen_limb[0].gen_align.delay_q[0][2]                  ;
; PRESERVE_REGISTER   ; on    ; -    ; gen_limb[0].gen_align.delay_q[0][1]                  ;
; DONT_MERGE_REGISTER ; on    ; -    ; gen_limb[0].gen_align.delay_q[0][1]                  ;
; PRESERVE_REGISTER   ; on    ; -    ; gen_limb[0].gen_align.delay_q[0][0]                  ;
; DONT_MERGE_REGISTER ; on    ; -    ; gen_limb[0].gen_align.delay_q[0][0]                  ;
; PRESERVE_REGISTER   ; on    ; -    ; gen_limb[0].gen_align.delay_q[1][15]                 ;
; DONT_MERGE_REGISTER ; on    ; -    ; gen_limb[0].gen_align.delay_q[1][15]                 ;
; PRESERVE_REGISTER   ; on    ; -    ; gen_limb[0].gen_align.delay_q[1][14]                 ;
; DONT_MERGE_REGISTER ; on    ; -    ; gen_limb[0].gen_align.delay_q[1][14]                 ;
; PRESERVE_REGISTER   ; on    ; -    ; gen_limb[0].gen_align.delay_q[1][13]                 ;
; DONT_MERGE_REGISTER ; on    ; -    ; gen_limb[0].gen_align.delay_q[1][13]                 ;
; PRESERVE_REGISTER   ; on    ; -    ; gen_limb[0].gen_align.delay_q[1][12]                 ;
; DONT_MERGE_REGISTER ; on    ; -    ; gen_limb[0].gen_align.delay_q[1][12]                 ;
; PRESERVE_REGISTER   ; on    ; -    ; gen_limb[0].gen_align.delay_q[1][11]                 ;
; DONT_MERGE_REGISTER ; on    ; -    ; gen_limb[0].gen_align.delay_q[1][11]                 ;
; PRESERVE_REGISTER   ; on    ; -    ; gen_limb[0].gen_align.delay_q[1][10]                 ;
; DONT_MERGE_REGISTER ; on    ; -    ; gen_limb[0].gen_align.delay_q[1][10]                 ;
; PRESERVE_REGISTER   ; on    ; -    ; gen_limb[0].gen_align.delay_q[1][9]                  ;
; DONT_MERGE_REGISTER ; on    ; -    ; gen_limb[0].gen_align.delay_q[1][9]                  ;
; PRESERVE_REGISTER   ; on    ; -    ; gen_limb[0].gen_align.delay_q[1][8]                  ;
; DONT_MERGE_REGISTER ; on    ; -    ; gen_limb[0].gen_align.delay_q[1][8]                  ;
; PRESERVE_REGISTER   ; on    ; -    ; gen_limb[0].gen_align.delay_q[1][7]                  ;
; DONT_MERGE_REGISTER ; on    ; -    ; gen_limb[0].gen_align.delay_q[1][7]                  ;
; PRESERVE_REGISTER   ; on    ; -    ; gen_limb[0].gen_align.delay_q[1][6]                  ;
; DONT_MERGE_REGISTER ; on    ; -    ; gen_limb[0].gen_align.delay_q[1][6]                  ;
; PRESERVE_REGISTER   ; on    ; -    ; gen_limb[0].gen_align.delay_q[1][5]                  ;
; DONT_MERGE_REGISTER ; on    ; -    ; gen_limb[0].gen_align.delay_q[1][5]                  ;
; PRESERVE_REGISTER   ; on    ; -    ; gen_limb[0].gen_align.delay_q[1][4]                  ;
; DONT_MERGE_REGISTER ; on    ; -    ; gen_limb[0].gen_align.delay_q[1][4]                  ;
; PRESERVE_REGISTER   ; on    ; -    ; gen_limb[0].gen_align.delay_q[1][3]                  ;
; DONT_MERGE_REGISTER ; on    ; -    ; gen_limb[0].gen_align.delay_q[1][3]                  ;
; PRESERVE_REGISTER   ; on    ; -    ; gen_limb[0].gen_align.delay_q[1][2]                  ;
; DONT_MERGE_REGISTER ; on    ; -    ; gen_limb[0].gen_align.delay_q[1][2]                  ;
; PRESERVE_REGISTER   ; on    ; -    ; gen_limb[0].gen_align.delay_q[1][1]                  ;
; DONT_MERGE_REGISTER ; on    ; -    ; gen_limb[0].gen_align.delay_q[1][1]                  ;
; PRESERVE_REGISTER   ; on    ; -    ; gen_limb[0].gen_align.delay_q[1][0]                  ;
; DONT_MERGE_REGISTER ; on    ; -    ; gen_limb[0].gen_align.delay_q[1][0]                  ;
; PRESERVE_REGISTER   ; on    ; -    ; gen_limb[0].gen_align.delay_q[2][15]                 ;
; DONT_MERGE_REGISTER ; on    ; -    ; gen_limb[0].gen_align.delay_q[2][15]                 ;
; PRESERVE_REGISTER   ; on    ; -    ; gen_limb[0].gen_align.delay_q[2][14]                 ;
; DONT_MERGE_REGISTER ; on    ; -    ; gen_limb[0].gen_align.delay_q[2][14]                 ;
; PRESERVE_REGISTER   ; on    ; -    ; gen_limb[0].gen_align.delay_q[2][13]                 ;
; DONT_MERGE_REGISTER ; on    ; -    ; gen_limb[0].gen_align.delay_q[2][13]                 ;
; PRESERVE_REGISTER   ; on    ; -    ; gen_limb[0].gen_align.delay_q[2][12]                 ;
; DONT_MERGE_REGISTER ; on    ; -    ; gen_limb[0].gen_align.delay_q[2][12]                 ;
; PRESERVE_REGISTER   ; on    ; -    ; gen_limb[0].gen_align.delay_q[2][11]                 ;
; DONT_MERGE_REGISTER ; on    ; -    ; gen_limb[0].gen_align.delay_q[2][11]                 ;
; PRESERVE_REGISTER   ; on    ; -    ; gen_limb[0].gen_align.delay_q[2][10]                 ;
; DONT_MERGE_REGISTER ; on    ; -    ; gen_limb[0].gen_align.delay_q[2][10]                 ;
; PRESERVE_REGISTER   ; on    ; -    ; gen_limb[0].gen_align.delay_q[2][9]                  ;
; DONT_MERGE_REGISTER ; on    ; -    ; gen_limb[0].gen_align.delay_q[2][9]                  ;
; PRESERVE_REGISTER   ; on    ; -    ; gen_limb[0].gen_align.delay_q[2][8]                  ;
; DONT_MERGE_REGISTER ; on    ; -    ; gen_limb[0].gen_align.delay_q[2][8]                  ;
; PRESERVE_REGISTER   ; on    ; -    ; gen_limb[0].gen_align.delay_q[2][7]                  ;
; DONT_MERGE_REGISTER ; on    ; -    ; gen_limb[0].gen_align.delay_q[2][7]                  ;
; PRESERVE_REGISTER   ; on    ; -    ; gen_limb[0].gen_align.delay_q[2][6]                  ;
; DONT_MERGE_REGISTER ; on    ; -    ; gen_limb[0].gen_align.delay_q[2][6]                  ;
; PRESERVE_REGISTER   ; on    ; -    ; gen_limb[0].gen_align.delay_q[2][5]                  ;
; DONT_MERGE_REGISTER ; on    ; -    ; gen_limb[0].gen_align.delay_q[2][5]                  ;
; PRESERVE_REGISTER   ; on    ; -    ; gen_limb[0].gen_align.delay_q[2][4]                  ;
; DONT_MERGE_REGISTER ; on    ; -    ; gen_limb[0].gen_align.delay_q[2][4]                  ;
; PRESERVE_REGISTER   ; on    ; -    ; gen_limb[0].gen_align.delay_q[2][3]                  ;
; DONT_MERGE_REGISTER ; on    ; -    ; gen_limb[0].gen_align.delay_q[2][3]                  ;
; PRESERVE_REGISTER   ; on    ; -    ; gen_limb[0].gen_align.delay_q[2][2]                  ;
; DONT_MERGE_REGISTER ; on    ; -    ; gen_limb[0].gen_align.delay_q[2][2]                  ;
; PRESERVE_REGISTER   ; on    ; -    ; gen_limb[0].gen_align.delay_q[2][1]                  ;
; DONT_MERGE_REGISTER ; on    ; -    ; gen_limb[0].gen_align.delay_q[2][1]                  ;
; PRESERVE_REGISTER   ; on    ; -    ; gen_limb[0].gen_align.delay_q[2][0]                  ;
; DONT_MERGE_REGISTER ; on    ; -    ; gen_limb[0].gen_align.delay_q[2][0]                  ;
; PRESERVE_REGISTER   ; on    ; -    ; gen_limb[1].q[15]                                    ;
; DONT_MERGE_REGISTER ; on    ; -    ; gen_limb[1].q[15]                                    ;
; PRESERVE_REGISTER   ; on    ; -    ; gen_limb[1].q[14]                                    ;
; DONT_MERGE_REGISTER ; on    ; -    ; gen_limb[1].q[14]                                    ;
; PRESERVE_REGISTER   ; on    ; -    ; gen_limb[1].q[13]                                    ;
; DONT_MERGE_REGISTER ; on    ; -    ; gen_limb[1].q[13]                                    ;
; PRESERVE_REGISTER   ; on    ; -    ; gen_limb[1].q[12]                                    ;
; DONT_MERGE_REGISTER ; on    ; -    ; gen_limb[1].q[12]                                    ;
; PRESERVE_REGISTER   ; on    ; -    ; gen_limb[1].q[11]                                    ;
; DONT_MERGE_REGISTER ; on    ; -    ; gen_limb[1].q[11]                                    ;
; PRESERVE_REGISTER   ; on    ; -    ; gen_limb[1].q[10]                                    ;
; DONT_MERGE_REGISTER ; on    ; -    ; gen_limb[1].q[10]                                    ;
; PRESERVE_REGISTER   ; on    ; -    ; gen_limb[1].q[9]                                     ;
; DONT_MERGE_REGISTER ; on    ; -    ; gen_limb[1].q[9]                                     ;
; PRESERVE_REGISTER   ; on    ; -    ; gen_limb[1].q[8]                                     ;
; DONT_MERGE_REGISTER ; on    ; -    ; gen_limb[1].q[8]                                     ;
; PRESERVE_REGISTER   ; on    ; -    ; gen_limb[1].q[7]                                     ;
; DONT_MERGE_REGISTER ; on    ; -    ; gen_limb[1].q[7]                                     ;
; PRESERVE_REGISTER   ; on    ; -    ; gen_limb[1].q[6]                                     ;
; DONT_MERGE_REGISTER ; on    ; -    ; gen_limb[1].q[6]                                     ;
; PRESERVE_REGISTER   ; on    ; -    ; gen_limb[1].q[5]                                     ;
; DONT_MERGE_REGISTER ; on    ; -    ; gen_limb[1].q[5]                                     ;
; PRESERVE_REGISTER   ; on    ; -    ; gen_limb[1].q[4]                                     ;
; DONT_MERGE_REGISTER ; on    ; -    ; gen_limb[1].q[4]                                     ;
; PRESERVE_REGISTER   ; on    ; -    ; gen_limb[1].q[3]                                     ;
; DONT_MERGE_REGISTER ; on    ; -    ; gen_limb[1].q[3]                                     ;
; PRESERVE_REGISTER   ; on    ; -    ; gen_limb[1].q[2]                                     ;
; DONT_MERGE_REGISTER ; on    ; -    ; gen_limb[1].q[2]                                     ;
; PRESERVE_REGISTER   ; on    ; -    ; gen_limb[1].q[1]                                     ;
; DONT_MERGE_REGISTER ; on    ; -    ; gen_limb[1].q[1]                                     ;
; PRESERVE_REGISTER   ; on    ; -    ; gen_limb[1].q[0]                                     ;
; DONT_MERGE_REGISTER ; on    ; -    ; gen_limb[1].q[0]                                     ;
; PRESERVE_REGISTER   ; on    ; -    ; gen_limb[1].carry_q                                  ;
; DONT_MERGE_REGISTER ; on    ; -    ; gen_limb[1].carry_q                                  ;
; PRESERVE_REGISTER   ; on    ; -    ; gen_limb[1].gen_align.delay_q[0][15]                 ;
; DONT_MERGE_REGISTER ; on    ; -    ; gen_limb[1].gen_align.delay_q[0][15]                 ;
; PRESERVE_REGISTER   ; on    ; -    ; gen_limb[1].gen_align.delay_q[0][14]                 ;
; DONT_MERGE_REGISTER ; on    ; -    ; gen_limb[1].gen_align.delay_q[0][14]                 ;
; PRESERVE_REGISTER   ; on    ; -    ; gen_limb[1].gen_align.delay_q[0][13]                 ;
; DONT_MERGE_REGISTER ; on    ; -    ; gen_limb[1].gen_align.delay_q[0][13]                 ;
; PRESERVE_REGISTER   ; on    ; -    ; gen_limb[1].gen_align.delay_q[0][12]                 ;
; DONT_MERGE_REGISTER ; on    ; -    ; gen_limb[1].gen_align.delay_q[0][12]                 ;
; PRESERVE_REGISTER   ; on    ; -    ; gen_limb[1].gen_align.delay_q[0][11]                 ;
; DONT_MERGE_REGISTER ; on    ; -    ; gen_limb[1].gen_align.delay_q[0][11]                 ;
; PRESERVE_REGISTER   ; on    ; -    ; gen_limb[1].gen_align.delay_q[0][10]                 ;
; DONT_MERGE_REGISTER ; on    ; -    ; gen_limb[1].gen_align.delay_q[0][10]                 ;
; PRESERVE_REGISTER   ; on    ; -    ; gen_limb[1].gen_align.delay_q[0][9]                  ;
; DONT_MERGE_REGISTER ; on    ; -    ; gen_limb[1].gen_align.delay_q[0][9]                  ;
; PRESERVE_REGISTER   ; on    ; -    ; gen_limb[1].gen_align.delay_q[0][8]                  ;
; DONT_MERGE_REGISTER ; on    ; -    ; gen_limb[1].gen_align.delay_q[0][8]                  ;
; PRESERVE_REGISTER   ; on    ; -    ; gen_limb[1].gen_align.delay_q[0][7]                  ;
; DONT_MERGE_REGISTER ; on    ; -    ; gen_limb[1].gen_align.delay_q[0][7]                  ;
; PRESERVE_REGISTER   ; on    ; -    ; gen_limb[1].gen_align.delay_q[0][6]                  ;
; DONT_MERGE_REGISTER ; on    ; -    ; gen_limb[1].gen_align.delay_q[0][6]                  ;
; PRESERVE_REGISTER   ; on    ; -    ; gen_limb[1].gen_align.delay_q[0][5]                  ;
; DONT_MERGE_REGISTER ; on    ; -    ; gen_limb[1].gen_align.delay_q[0][5]                  ;
; PRESERVE_REGISTER   ; on    ; -    ; gen_limb[1].gen_align.delay_q[0][4]                  ;
; DONT_MERGE_REGISTER ; on    ; -    ; gen_limb[1].gen_align.delay_q[0][4]                  ;
; PRESERVE_REGISTER   ; on    ; -    ; gen_limb[1].gen_align.delay_q[0][3]                  ;
; DONT_MERGE_REGISTER ; on    ; -    ; gen_limb[1].gen_align.delay_q[0][3]                  ;
; PRESERVE_REGISTER   ; on    ; -    ; gen_limb[1].gen_align.delay_q[0][2]                  ;
; DONT_MERGE_REGISTER ; on    ; -    ; gen_limb[1].gen_align.delay_q[0][2]                  ;
; PRESERVE_REGISTER   ; on    ; -    ; gen_limb[1].gen_align.delay_q[0][1]                  ;
; DONT_MERGE_REGISTER ; on    ; -    ; gen_limb[1].gen_align.delay_q[0][1]                  ;
; PRESERVE_REGISTER   ; on    ; -    ; gen_limb[1].gen_align.delay_q[0][0]                  ;
; DONT_MERGE_REGISTER ; on    ; -    ; gen_limb[1].gen_align.delay_q[0][0]                  ;
; PRESERVE_REGISTER   ; on    ; -    ; gen_limb[1].gen_align.delay_q[1][15]                 ;
; DONT_MERGE_REGISTER ; on    ; -    ; gen_limb[1].gen_align.delay_q[1][15]                 ;
; PRESERVE_REGISTER   ; on    ; -    ; gen_limb[1].gen_align.delay_q[1][14]                 ;
; DONT_MERGE_REGISTER ; on    ; -    ; gen_limb[1].gen_align.delay_q[1][14]                 ;
; PRESERVE_REGISTER   ; on    ; -    ; gen_limb[1].gen_align.delay_q[1][13]                 ;
; DONT_MERGE_REGISTER ; on    ; -    ; gen_limb[1].gen_align.delay_q[1][13]                 ;
; PRESERVE_REGISTER   ; on    ; -    ; gen_limb[1].gen_align.delay_q[1][12]                 ;
; DONT_MERGE_REGISTER ; on    ; -    ; gen_limb[1].gen_align.delay_q[1][12]                 ;
; PRESERVE_REGISTER   ; on    ; -    ; gen_limb[1].gen_align.delay_q[1][11]                 ;
; DONT_MERGE_REGISTER ; on    ; -    ; gen_limb[1].gen_align.delay_q[1][11]                 ;
; PRESERVE_REGISTER   ; on    ; -    ; gen_limb[1].gen_align.delay_q[1][10]                 ;
; DONT_MERGE_REGISTER ; on    ; -    ; gen_limb[1].gen_align.delay_q[1][10]                 ;
; PRESERVE_REGISTER   ; on    ; -    ; gen_limb[1].gen_align.delay_q[1][9]                  ;
; DONT_MERGE_REGISTER ; on    ; -    ; gen_limb[1].gen_align.delay_q[1][9]                  ;
; PRESERVE_REGISTER   ; on    ; -    ; gen_limb[1].gen_align.delay_q[1][8]                  ;
; DONT_MERGE_REGISTER ; on    ; -    ; gen_limb[1].gen_align.delay_q[1][8]                  ;
; PRESERVE_REGISTER   ; on    ; -    ; gen_limb[1].gen_align.delay_q[1][7]                  ;
; DONT_MERGE_REGISTER ; on    ; -    ; gen_limb[1].gen_align.delay_q[1][7]                  ;
; PRESERVE_REGISTER   ; on    ; -    ; gen_limb[1].gen_align.delay_q[1][6]                  ;
; DONT_MERGE_REGISTER ; on    ; -    ; gen_limb[1].gen_align.delay_q[1][6]                  ;
; PRESERVE_REGISTER   ; on    ; -    ; gen_limb[1].gen_align.delay_q[1][5]                  ;
; DONT_MERGE_REGISTER ; on    ; -    ; gen_limb[1].gen_align.delay_q[1][5]                  ;
; PRESERVE_REGISTER   ; on    ; -    ; gen_limb[1].gen_align.delay_q[1][4]                  ;
; DONT_MERGE_REGISTER ; on    ; -    ; gen_limb[1].gen_align.delay_q[1][4]                  ;
; PRESERVE_REGISTER   ; on    ; -    ; gen_limb[1].gen_align.delay_q[1][3]                  ;
; DONT_MERGE_REGISTER ; on    ; -    ; gen_limb[1].gen_align.delay_q[1][3]                  ;
; PRESERVE_REGISTER   ; on    ; -    ; gen_limb[1].gen_align.delay_q[1][2]                  ;
; DONT_MERGE_REGISTER ; on    ; -    ; gen_limb[1].gen_align.delay_q[1][2]                  ;
; PRESERVE_REGISTER   ; on    ; -    ; gen_limb[1].gen_align.delay_q[1][1]                  ;
; DONT_MERGE_REGISTER ; on    ; -    ; gen_limb[1].gen_align.delay_q[1][1]                  ;
; PRESERVE_REGISTER   ; on    ; -    ; gen_limb[1].gen_align.delay_q[1][0]                  ;
; DONT_MERGE_REGISTER ; on    ; -    ; gen_limb[1].gen_align.delay_q[1][0]                  ;
; PRESERVE_REGISTER   ; on    ; -    ; gen_limb[2].q[15]                                    ;
; DONT_MERGE_REGISTER ; on    ; -    ; gen_limb[2].q[15]                                    ;
; PRESERVE_REGISTER   ; on    ; -    ; gen_limb[2].q[14]                                    ;
; DONT_MERGE_REGISTER ; on    ; -    ; gen_limb[2].q[14]                                    ;
; PRESERVE_REGISTER   ; on    ; -    ; gen_limb[2].q[13]                                    ;
; DONT_MERGE_REGISTER ; on    ; -    ; gen_limb[2].q[13]                                    ;
; PRESERVE_REGISTER   ; on    ; -    ; gen_limb[2].q[12]                                    ;
; DONT_MERGE_REGISTER ; on    ; -    ; gen_limb[2].q[12]                                    ;
; PRESERVE_REGISTER   ; on    ; -    ; gen_limb[2].q[11]                                    ;
; DONT_MERGE_REGISTER ; on    ; -    ; gen_limb[2].q[11]                                    ;
; PRESERVE_REGISTER   ; on    ; -    ; gen_limb[2].q[10]                                    ;
; DONT_MERGE_REGISTER ; on    ; -    ; gen_limb[2].q[10]                                    ;
; PRESERVE_REGISTER   ; on    ; -    ; gen_limb[2].q[9]                                     ;
; DONT_MERGE_REGISTER ; on    ; -    ; gen_limb[2].q[9]                                     ;
; PRESERVE_REGISTER   ; on    ; -    ; gen_limb[2].q[8]                                     ;
; DONT_MERGE_REGISTER ; on    ; -    ; gen_limb[2].q[8]                                     ;
; PRESERVE_REGISTER   ; on    ; -    ; gen_limb[2].q[7]                                     ;
; DONT_MERGE_REGISTER ; on    ; -    ; gen_limb[2].q[7]                                     ;
; PRESERVE_REGISTER   ; on    ; -    ; gen_limb[2].q[6]                                     ;
; DONT_MERGE_REGISTER ; on    ; -    ; gen_limb[2].q[6]                                     ;
; PRESERVE_REGISTER   ; on    ; -    ; gen_limb[2].q[5]                                     ;
; DONT_MERGE_REGISTER ; on    ; -    ; gen_limb[2].q[5]                                     ;
; PRESERVE_REGISTER   ; on    ; -    ; gen_limb[2].q[4]                                     ;
; DONT_MERGE_REGISTER ; on    ; -    ; gen_limb[2].q[4]                                     ;
; PRESERVE_REGISTER   ; on    ; -    ; gen_limb[2].q[3]                                     ;
; DONT_MERGE_REGISTER ; on    ; -    ; gen_limb[2].q[3]                                     ;
; PRESERVE_REGISTER   ; on    ; -    ; gen_limb[2].q[2]                                     ;
; DONT_MERGE_REGISTER ; on    ; -    ; gen_limb[2].q[2]                                     ;
; PRESERVE_REGISTER   ; on    ; -    ; gen_limb[2].q[1]                                     ;
; DONT_MERGE_REGISTER ; on    ; -    ; gen_limb[2].q[1]                                     ;
; PRESERVE_REGISTER   ; on    ; -    ; gen_limb[2].q[0]                                     ;
; DONT_MERGE_REGISTER ; on    ; -    ; gen_limb[2].q[0]                                     ;
; PRESERVE_REGISTER   ; on    ; -    ; gen_limb[2].carry_q                                  ;
; DONT_MERGE_REGISTER ; on    ; -    ; gen_limb[2].carry_q                                  ;
; PRESERVE_REGISTER   ; on    ; -    ; gen_limb[2].gen_align.delay_q[0][15]                 ;
; DONT_MERGE_REGISTER ; on    ; -    ; gen_limb[2].gen_align.delay_q[0][15]                 ;
; PRESERVE_REGISTER   ; on    ; -    ; gen_limb[2].gen_align.delay_q[0][14]                 ;
; DONT_MERGE_REGISTER ; on    ; -    ; gen_limb[2].gen_align.delay_q[0][14]                 ;
; PRESERVE_REGISTER   ; on    ; -    ; gen_limb[2].gen_align.delay_q[0][13]                 ;
; DONT_MERGE_REGISTER ; on    ; -    ; gen_limb[2].gen_align.delay_q[0][13]                 ;
; PRESERVE_REGISTER   ; on    ; -    ; gen_limb[2].gen_align.delay_q[0][12]                 ;
; DONT_MERGE_REGISTER ; on    ; -    ; gen_limb[2].gen_align.delay_q[0][12]                 ;
; PRESERVE_REGISTER   ; on    ; -    ; gen_limb[2].gen_align.delay_q[0][11]                 ;
; DONT_MERGE_REGISTER ; on    ; -    ; gen_limb[2].gen_align.delay_q[0][11]                 ;
; PRESERVE_REGISTER   ; on    ; -    ; gen_limb[2].gen_align.delay_q[0][10]                 ;
; DONT_MERGE_REGISTER ; on    ; -    ; gen_limb[2].gen_align.delay_q[0][10]                 ;
; PRESERVE_REGISTER   ; on    ; -    ; gen_limb[2].gen_align.delay_q[0][9]                  ;
; DONT_MERGE_REGISTER ; on    ; -    ; gen_limb[2].gen_align.delay_q[0][9]                  ;
; PRESERVE_REGISTER   ; on    ; -    ; gen_limb[2].gen_align.delay_q[0][8]                  ;
; DONT_MERGE_REGISTER ; on    ; -    ; gen_limb[2].gen_align.delay_q[0][8]                  ;
; PRESERVE_REGISTER   ; on    ; -    ; gen_limb[2].gen_align.delay_q[0][7]                  ;
; DONT_MERGE_REGISTER ; on    ; -    ; gen_limb[2].gen_align.delay_q[0][7]                  ;
; PRESERVE_REGISTER   ; on    ; -    ; gen_limb[2].gen_align.delay_q[0][6]                  ;
; DONT_MERGE_REGISTER ; on    ; -    ; gen_limb[2].gen_align.delay_q[0][6]                  ;
; PRESERVE_REGISTER   ; on    ; -    ; gen_limb[2].gen_align.delay_q[0][5]                  ;
; DONT_MERGE_REGISTER ; on    ; -    ; gen_limb[2].gen_align.delay_q[0][5]                  ;
; PRESERVE_REGISTER   ; on    ; -    ; gen_limb[2].gen_align.delay_q[0][4]                  ;
; DONT_MERGE_REGISTER ; on    ; -    ; gen_limb[2].gen_align.delay_q[0][4]                  ;
; PRESERVE_REGISTER   ; on    ; -    ; gen_limb[2].gen_align.delay_q[0][3]                  ;
; DONT_MERGE_REGISTER ; on    ; -    ; gen_limb[2].gen_align.delay_q[0][3]                  ;
; PRESERVE_REGISTER   ; on    ; -    ; gen_limb[2].gen_align.delay_q[0][2]                  ;
; DONT_MERGE_REGISTER ; on    ; -    ; gen_limb[2].gen_align.delay_q[0][2]                  ;
; PRESERVE_REGISTER   ; on    ; -    ; gen_limb[2].gen_align.delay_q[0][1]                  ;
; DONT_MERGE_REGISTER ; on    ; -    ; gen_limb[2].gen_align.delay_q[0][1]                  ;
; PRESERVE_REGISTER   ; on    ; -    ; gen_limb[2].gen_align.delay_q[0][0]                  ;
; DONT_MERGE_REGISTER ; on    ; -    ; gen_limb[2].gen_align.delay_q[0][0]                  ;
; PRESERVE_REGISTER   ; on    ; -    ; gen_limb[3].q[0]                                     ;
; DONT_MERGE_REGISTER ; on    ; -    ; gen_limb[3].q[0]                                     ;
; PRESERVE_REGISTER   ; on    ; -    ; gen_limb[3].q[15]                                    ;
; DONT_MERGE_REGISTER ; on    ; -    ; gen_limb[3].q[15]                                    ;
; PRESERVE_REGISTER   ; on    ; -    ; gen_limb[3].q[14]                                    ;
; DONT_MERGE_REGISTER ; on    ; -    ; gen_limb[3].q[14]                                    ;
; PRESERVE_REGISTER   ; on    ; -    ; gen_limb[3].q[13]                                    ;
; DONT_MERGE_REGISTER ; on    ; -    ; gen_limb[3].q[13]                                    ;
; PRESERVE_REGISTER   ; on    ; -    ; gen_limb[3].q[12]                                    ;
; DONT_MERGE_REGISTER ; on    ; -    ; gen_limb[3].q[12]                                    ;
; PRESERVE_REGISTER   ; on    ; -    ; gen_limb[3].q[11]                                    ;
; DONT_MERGE_REGISTER ; on    ; -    ; gen_limb[3].q[11]                                    ;
; PRESERVE_REGISTER   ; on    ; -    ; gen_limb[3].q[10]                                    ;
; DONT_MERGE_REGISTER ; on    ; -    ; gen_limb[3].q[10]                                    ;
; PRESERVE_REGISTER   ; on    ; -    ; gen_limb[3].q[9]                                     ;
; DONT_MERGE_REGISTER ; on    ; -    ; gen_limb[3].q[9]                                     ;
; PRESERVE_REGISTER   ; on    ; -    ; gen_limb[3].q[8]                                     ;
; DONT_MERGE_REGISTER ; on    ; -    ; gen_limb[3].q[8]                                     ;
; PRESERVE_REGISTER   ; on    ; -    ; gen_limb[3].q[7]                                     ;
; DONT_MERGE_REGISTER ; on    ; -    ; gen_limb[3].q[7]                                     ;
; PRESERVE_REGISTER   ; on    ; -    ; gen_limb[3].q[6]                                     ;
; DONT_MERGE_REGISTER ; on    ; -    ; gen_limb[3].q[6]                                     ;
; PRESERVE_REGISTER   ; on    ; -    ; gen_limb[3].q[5]                                     ;
; DONT_MERGE_REGISTER ; on    ; -    ; gen_limb[3].q[5]                                     ;
; PRESERVE_REGISTER   ; on    ; -    ; gen_limb[3].q[4]                                     ;
; DONT_MERGE_REGISTER ; on    ; -    ; gen_limb[3].q[4]                                     ;
; PRESERVE_REGISTER   ; on    ; -    ; gen_limb[3].q[3]                                     ;
; DONT_MERGE_REGISTER ; on    ; -    ; gen_limb[3].q[3]                                     ;
; PRESERVE_REGISTER   ; on    ; -    ; gen_limb[3].q[2]                                     ;
; DONT_MERGE_REGISTER ; on    ; -    ; gen_limb[3].q[2]                                     ;
; PRESERVE_REGISTER   ; on    ; -    ; gen_limb[3].q[1]                                     ;
; DONT_MERGE_REGISTER ; on    ; -    ; gen_limb[3].q[1]                                     ;
+---------------------+-------+------+------------------------------------------------------+


+------------------------------------------------------------------------------------------------+
; Source assignments for FsoDeliveryMonitor:delivery_monitor|FsoDeliveryCounter64:expected_count ;
+---------------------+-------+------+-----------------------------------------------------------+
; Assignment          ; Value ; From ; To                                                        ;
+---------------------+-------+------+-----------------------------------------------------------+
; PRESERVE_REGISTER   ; on    ; -    ; gen_limb[0].q[15]                                         ;
; DONT_MERGE_REGISTER ; on    ; -    ; gen_limb[0].q[15]                                         ;
; PRESERVE_REGISTER   ; on    ; -    ; gen_limb[0].q[14]                                         ;
; DONT_MERGE_REGISTER ; on    ; -    ; gen_limb[0].q[14]                                         ;
; PRESERVE_REGISTER   ; on    ; -    ; gen_limb[0].q[13]                                         ;
; DONT_MERGE_REGISTER ; on    ; -    ; gen_limb[0].q[13]                                         ;
; PRESERVE_REGISTER   ; on    ; -    ; gen_limb[0].q[12]                                         ;
; DONT_MERGE_REGISTER ; on    ; -    ; gen_limb[0].q[12]                                         ;
; PRESERVE_REGISTER   ; on    ; -    ; gen_limb[0].q[11]                                         ;
; DONT_MERGE_REGISTER ; on    ; -    ; gen_limb[0].q[11]                                         ;
; PRESERVE_REGISTER   ; on    ; -    ; gen_limb[0].q[10]                                         ;
; DONT_MERGE_REGISTER ; on    ; -    ; gen_limb[0].q[10]                                         ;
; PRESERVE_REGISTER   ; on    ; -    ; gen_limb[0].q[9]                                          ;
; DONT_MERGE_REGISTER ; on    ; -    ; gen_limb[0].q[9]                                          ;
; PRESERVE_REGISTER   ; on    ; -    ; gen_limb[0].q[8]                                          ;
; DONT_MERGE_REGISTER ; on    ; -    ; gen_limb[0].q[8]                                          ;
; PRESERVE_REGISTER   ; on    ; -    ; gen_limb[0].q[7]                                          ;
; DONT_MERGE_REGISTER ; on    ; -    ; gen_limb[0].q[7]                                          ;
; PRESERVE_REGISTER   ; on    ; -    ; gen_limb[0].q[6]                                          ;
; DONT_MERGE_REGISTER ; on    ; -    ; gen_limb[0].q[6]                                          ;
; PRESERVE_REGISTER   ; on    ; -    ; gen_limb[0].q[5]                                          ;
; DONT_MERGE_REGISTER ; on    ; -    ; gen_limb[0].q[5]                                          ;
; PRESERVE_REGISTER   ; on    ; -    ; gen_limb[0].q[4]                                          ;
; DONT_MERGE_REGISTER ; on    ; -    ; gen_limb[0].q[4]                                          ;
; PRESERVE_REGISTER   ; on    ; -    ; gen_limb[0].q[3]                                          ;
; DONT_MERGE_REGISTER ; on    ; -    ; gen_limb[0].q[3]                                          ;
; PRESERVE_REGISTER   ; on    ; -    ; gen_limb[0].q[2]                                          ;
; DONT_MERGE_REGISTER ; on    ; -    ; gen_limb[0].q[2]                                          ;
; PRESERVE_REGISTER   ; on    ; -    ; gen_limb[0].q[1]                                          ;
; DONT_MERGE_REGISTER ; on    ; -    ; gen_limb[0].q[1]                                          ;
; PRESERVE_REGISTER   ; on    ; -    ; gen_limb[0].q[0]                                          ;
; DONT_MERGE_REGISTER ; on    ; -    ; gen_limb[0].q[0]                                          ;
; PRESERVE_REGISTER   ; on    ; -    ; gen_limb[0].carry_q                                       ;
; DONT_MERGE_REGISTER ; on    ; -    ; gen_limb[0].carry_q                                       ;
; PRESERVE_REGISTER   ; on    ; -    ; gen_limb[0].gen_align.delay_q[0][15]                      ;
; DONT_MERGE_REGISTER ; on    ; -    ; gen_limb[0].gen_align.delay_q[0][15]                      ;
; PRESERVE_REGISTER   ; on    ; -    ; gen_limb[0].gen_align.delay_q[0][14]                      ;
; DONT_MERGE_REGISTER ; on    ; -    ; gen_limb[0].gen_align.delay_q[0][14]                      ;
; PRESERVE_REGISTER   ; on    ; -    ; gen_limb[0].gen_align.delay_q[0][13]                      ;
; DONT_MERGE_REGISTER ; on    ; -    ; gen_limb[0].gen_align.delay_q[0][13]                      ;
; PRESERVE_REGISTER   ; on    ; -    ; gen_limb[0].gen_align.delay_q[0][12]                      ;
; DONT_MERGE_REGISTER ; on    ; -    ; gen_limb[0].gen_align.delay_q[0][12]                      ;
; PRESERVE_REGISTER   ; on    ; -    ; gen_limb[0].gen_align.delay_q[0][11]                      ;
; DONT_MERGE_REGISTER ; on    ; -    ; gen_limb[0].gen_align.delay_q[0][11]                      ;
; PRESERVE_REGISTER   ; on    ; -    ; gen_limb[0].gen_align.delay_q[0][10]                      ;
; DONT_MERGE_REGISTER ; on    ; -    ; gen_limb[0].gen_align.delay_q[0][10]                      ;
; PRESERVE_REGISTER   ; on    ; -    ; gen_limb[0].gen_align.delay_q[0][9]                       ;
; DONT_MERGE_REGISTER ; on    ; -    ; gen_limb[0].gen_align.delay_q[0][9]                       ;
; PRESERVE_REGISTER   ; on    ; -    ; gen_limb[0].gen_align.delay_q[0][8]                       ;
; DONT_MERGE_REGISTER ; on    ; -    ; gen_limb[0].gen_align.delay_q[0][8]                       ;
; PRESERVE_REGISTER   ; on    ; -    ; gen_limb[0].gen_align.delay_q[0][7]                       ;
; DONT_MERGE_REGISTER ; on    ; -    ; gen_limb[0].gen_align.delay_q[0][7]                       ;
; PRESERVE_REGISTER   ; on    ; -    ; gen_limb[0].gen_align.delay_q[0][6]                       ;
; DONT_MERGE_REGISTER ; on    ; -    ; gen_limb[0].gen_align.delay_q[0][6]                       ;
; PRESERVE_REGISTER   ; on    ; -    ; gen_limb[0].gen_align.delay_q[0][5]                       ;
; DONT_MERGE_REGISTER ; on    ; -    ; gen_limb[0].gen_align.delay_q[0][5]                       ;
; PRESERVE_REGISTER   ; on    ; -    ; gen_limb[0].gen_align.delay_q[0][4]                       ;
; DONT_MERGE_REGISTER ; on    ; -    ; gen_limb[0].gen_align.delay_q[0][4]                       ;
; PRESERVE_REGISTER   ; on    ; -    ; gen_limb[0].gen_align.delay_q[0][3]                       ;
; DONT_MERGE_REGISTER ; on    ; -    ; gen_limb[0].gen_align.delay_q[0][3]                       ;
; PRESERVE_REGISTER   ; on    ; -    ; gen_limb[0].gen_align.delay_q[0][2]                       ;
; DONT_MERGE_REGISTER ; on    ; -    ; gen_limb[0].gen_align.delay_q[0][2]                       ;
; PRESERVE_REGISTER   ; on    ; -    ; gen_limb[0].gen_align.delay_q[0][1]                       ;
; DONT_MERGE_REGISTER ; on    ; -    ; gen_limb[0].gen_align.delay_q[0][1]                       ;
; PRESERVE_REGISTER   ; on    ; -    ; gen_limb[0].gen_align.delay_q[0][0]                       ;
; DONT_MERGE_REGISTER ; on    ; -    ; gen_limb[0].gen_align.delay_q[0][0]                       ;
; PRESERVE_REGISTER   ; on    ; -    ; gen_limb[0].gen_align.delay_q[1][15]                      ;
; DONT_MERGE_REGISTER ; on    ; -    ; gen_limb[0].gen_align.delay_q[1][15]                      ;
; PRESERVE_REGISTER   ; on    ; -    ; gen_limb[0].gen_align.delay_q[1][14]                      ;
; DONT_MERGE_REGISTER ; on    ; -    ; gen_limb[0].gen_align.delay_q[1][14]                      ;
; PRESERVE_REGISTER   ; on    ; -    ; gen_limb[0].gen_align.delay_q[1][13]                      ;
; DONT_MERGE_REGISTER ; on    ; -    ; gen_limb[0].gen_align.delay_q[1][13]                      ;
; PRESERVE_REGISTER   ; on    ; -    ; gen_limb[0].gen_align.delay_q[1][12]                      ;
; DONT_MERGE_REGISTER ; on    ; -    ; gen_limb[0].gen_align.delay_q[1][12]                      ;
; PRESERVE_REGISTER   ; on    ; -    ; gen_limb[0].gen_align.delay_q[1][11]                      ;
; DONT_MERGE_REGISTER ; on    ; -    ; gen_limb[0].gen_align.delay_q[1][11]                      ;
; PRESERVE_REGISTER   ; on    ; -    ; gen_limb[0].gen_align.delay_q[1][10]                      ;
; DONT_MERGE_REGISTER ; on    ; -    ; gen_limb[0].gen_align.delay_q[1][10]                      ;
; PRESERVE_REGISTER   ; on    ; -    ; gen_limb[0].gen_align.delay_q[1][9]                       ;
; DONT_MERGE_REGISTER ; on    ; -    ; gen_limb[0].gen_align.delay_q[1][9]                       ;
; PRESERVE_REGISTER   ; on    ; -    ; gen_limb[0].gen_align.delay_q[1][8]                       ;
; DONT_MERGE_REGISTER ; on    ; -    ; gen_limb[0].gen_align.delay_q[1][8]                       ;
; PRESERVE_REGISTER   ; on    ; -    ; gen_limb[0].gen_align.delay_q[1][7]                       ;
; DONT_MERGE_REGISTER ; on    ; -    ; gen_limb[0].gen_align.delay_q[1][7]                       ;
; PRESERVE_REGISTER   ; on    ; -    ; gen_limb[0].gen_align.delay_q[1][6]                       ;
; DONT_MERGE_REGISTER ; on    ; -    ; gen_limb[0].gen_align.delay_q[1][6]                       ;
; PRESERVE_REGISTER   ; on    ; -    ; gen_limb[0].gen_align.delay_q[1][5]                       ;
; DONT_MERGE_REGISTER ; on    ; -    ; gen_limb[0].gen_align.delay_q[1][5]                       ;
; PRESERVE_REGISTER   ; on    ; -    ; gen_limb[0].gen_align.delay_q[1][4]                       ;
; DONT_MERGE_REGISTER ; on    ; -    ; gen_limb[0].gen_align.delay_q[1][4]                       ;
; PRESERVE_REGISTER   ; on    ; -    ; gen_limb[0].gen_align.delay_q[1][3]                       ;
; DONT_MERGE_REGISTER ; on    ; -    ; gen_limb[0].gen_align.delay_q[1][3]                       ;
; PRESERVE_REGISTER   ; on    ; -    ; gen_limb[0].gen_align.delay_q[1][2]                       ;
; DONT_MERGE_REGISTER ; on    ; -    ; gen_limb[0].gen_align.delay_q[1][2]                       ;
; PRESERVE_REGISTER   ; on    ; -    ; gen_limb[0].gen_align.delay_q[1][1]                       ;
; DONT_MERGE_REGISTER ; on    ; -    ; gen_limb[0].gen_align.delay_q[1][1]                       ;
; PRESERVE_REGISTER   ; on    ; -    ; gen_limb[0].gen_align.delay_q[1][0]                       ;
; DONT_MERGE_REGISTER ; on    ; -    ; gen_limb[0].gen_align.delay_q[1][0]                       ;
; PRESERVE_REGISTER   ; on    ; -    ; gen_limb[0].gen_align.delay_q[2][15]                      ;
; DONT_MERGE_REGISTER ; on    ; -    ; gen_limb[0].gen_align.delay_q[2][15]                      ;
; PRESERVE_REGISTER   ; on    ; -    ; gen_limb[0].gen_align.delay_q[2][14]                      ;
; DONT_MERGE_REGISTER ; on    ; -    ; gen_limb[0].gen_align.delay_q[2][14]                      ;
; PRESERVE_REGISTER   ; on    ; -    ; gen_limb[0].gen_align.delay_q[2][13]                      ;
; DONT_MERGE_REGISTER ; on    ; -    ; gen_limb[0].gen_align.delay_q[2][13]                      ;
; PRESERVE_REGISTER   ; on    ; -    ; gen_limb[0].gen_align.delay_q[2][12]                      ;
; DONT_MERGE_REGISTER ; on    ; -    ; gen_limb[0].gen_align.delay_q[2][12]                      ;
; PRESERVE_REGISTER   ; on    ; -    ; gen_limb[0].gen_align.delay_q[2][11]                      ;
; DONT_MERGE_REGISTER ; on    ; -    ; gen_limb[0].gen_align.delay_q[2][11]                      ;
; PRESERVE_REGISTER   ; on    ; -    ; gen_limb[0].gen_align.delay_q[2][10]                      ;
; DONT_MERGE_REGISTER ; on    ; -    ; gen_limb[0].gen_align.delay_q[2][10]                      ;
; PRESERVE_REGISTER   ; on    ; -    ; gen_limb[0].gen_align.delay_q[2][9]                       ;
; DONT_MERGE_REGISTER ; on    ; -    ; gen_limb[0].gen_align.delay_q[2][9]                       ;
; PRESERVE_REGISTER   ; on    ; -    ; gen_limb[0].gen_align.delay_q[2][8]                       ;
; DONT_MERGE_REGISTER ; on    ; -    ; gen_limb[0].gen_align.delay_q[2][8]                       ;
; PRESERVE_REGISTER   ; on    ; -    ; gen_limb[0].gen_align.delay_q[2][7]                       ;
; DONT_MERGE_REGISTER ; on    ; -    ; gen_limb[0].gen_align.delay_q[2][7]                       ;
; PRESERVE_REGISTER   ; on    ; -    ; gen_limb[0].gen_align.delay_q[2][6]                       ;
; DONT_MERGE_REGISTER ; on    ; -    ; gen_limb[0].gen_align.delay_q[2][6]                       ;
; PRESERVE_REGISTER   ; on    ; -    ; gen_limb[0].gen_align.delay_q[2][5]                       ;
; DONT_MERGE_REGISTER ; on    ; -    ; gen_limb[0].gen_align.delay_q[2][5]                       ;
; PRESERVE_REGISTER   ; on    ; -    ; gen_limb[0].gen_align.delay_q[2][4]                       ;
; DONT_MERGE_REGISTER ; on    ; -    ; gen_limb[0].gen_align.delay_q[2][4]                       ;
; PRESERVE_REGISTER   ; on    ; -    ; gen_limb[0].gen_align.delay_q[2][3]                       ;
; DONT_MERGE_REGISTER ; on    ; -    ; gen_limb[0].gen_align.delay_q[2][3]                       ;
; PRESERVE_REGISTER   ; on    ; -    ; gen_limb[0].gen_align.delay_q[2][2]                       ;
; DONT_MERGE_REGISTER ; on    ; -    ; gen_limb[0].gen_align.delay_q[2][2]                       ;
; PRESERVE_REGISTER   ; on    ; -    ; gen_limb[0].gen_align.delay_q[2][1]                       ;
; DONT_MERGE_REGISTER ; on    ; -    ; gen_limb[0].gen_align.delay_q[2][1]                       ;
; PRESERVE_REGISTER   ; on    ; -    ; gen_limb[0].gen_align.delay_q[2][0]                       ;
; DONT_MERGE_REGISTER ; on    ; -    ; gen_limb[0].gen_align.delay_q[2][0]                       ;
; PRESERVE_REGISTER   ; on    ; -    ; gen_limb[1].q[15]                                         ;
; DONT_MERGE_REGISTER ; on    ; -    ; gen_limb[1].q[15]                                         ;
; PRESERVE_REGISTER   ; on    ; -    ; gen_limb[1].q[14]                                         ;
; DONT_MERGE_REGISTER ; on    ; -    ; gen_limb[1].q[14]                                         ;
; PRESERVE_REGISTER   ; on    ; -    ; gen_limb[1].q[13]                                         ;
; DONT_MERGE_REGISTER ; on    ; -    ; gen_limb[1].q[13]                                         ;
; PRESERVE_REGISTER   ; on    ; -    ; gen_limb[1].q[12]                                         ;
; DONT_MERGE_REGISTER ; on    ; -    ; gen_limb[1].q[12]                                         ;
; PRESERVE_REGISTER   ; on    ; -    ; gen_limb[1].q[11]                                         ;
; DONT_MERGE_REGISTER ; on    ; -    ; gen_limb[1].q[11]                                         ;
; PRESERVE_REGISTER   ; on    ; -    ; gen_limb[1].q[10]                                         ;
; DONT_MERGE_REGISTER ; on    ; -    ; gen_limb[1].q[10]                                         ;
; PRESERVE_REGISTER   ; on    ; -    ; gen_limb[1].q[9]                                          ;
; DONT_MERGE_REGISTER ; on    ; -    ; gen_limb[1].q[9]                                          ;
; PRESERVE_REGISTER   ; on    ; -    ; gen_limb[1].q[8]                                          ;
; DONT_MERGE_REGISTER ; on    ; -    ; gen_limb[1].q[8]                                          ;
; PRESERVE_REGISTER   ; on    ; -    ; gen_limb[1].q[7]                                          ;
; DONT_MERGE_REGISTER ; on    ; -    ; gen_limb[1].q[7]                                          ;
; PRESERVE_REGISTER   ; on    ; -    ; gen_limb[1].q[6]                                          ;
; DONT_MERGE_REGISTER ; on    ; -    ; gen_limb[1].q[6]                                          ;
; PRESERVE_REGISTER   ; on    ; -    ; gen_limb[1].q[5]                                          ;
; DONT_MERGE_REGISTER ; on    ; -    ; gen_limb[1].q[5]                                          ;
; PRESERVE_REGISTER   ; on    ; -    ; gen_limb[1].q[4]                                          ;
; DONT_MERGE_REGISTER ; on    ; -    ; gen_limb[1].q[4]                                          ;
; PRESERVE_REGISTER   ; on    ; -    ; gen_limb[1].q[3]                                          ;
; DONT_MERGE_REGISTER ; on    ; -    ; gen_limb[1].q[3]                                          ;
; PRESERVE_REGISTER   ; on    ; -    ; gen_limb[1].q[2]                                          ;
; DONT_MERGE_REGISTER ; on    ; -    ; gen_limb[1].q[2]                                          ;
; PRESERVE_REGISTER   ; on    ; -    ; gen_limb[1].q[1]                                          ;
; DONT_MERGE_REGISTER ; on    ; -    ; gen_limb[1].q[1]                                          ;
; PRESERVE_REGISTER   ; on    ; -    ; gen_limb[1].q[0]                                          ;
; DONT_MERGE_REGISTER ; on    ; -    ; gen_limb[1].q[0]                                          ;
; PRESERVE_REGISTER   ; on    ; -    ; gen_limb[1].carry_q                                       ;
; DONT_MERGE_REGISTER ; on    ; -    ; gen_limb[1].carry_q                                       ;
; PRESERVE_REGISTER   ; on    ; -    ; gen_limb[1].gen_align.delay_q[0][15]                      ;
; DONT_MERGE_REGISTER ; on    ; -    ; gen_limb[1].gen_align.delay_q[0][15]                      ;
; PRESERVE_REGISTER   ; on    ; -    ; gen_limb[1].gen_align.delay_q[0][14]                      ;
; DONT_MERGE_REGISTER ; on    ; -    ; gen_limb[1].gen_align.delay_q[0][14]                      ;
; PRESERVE_REGISTER   ; on    ; -    ; gen_limb[1].gen_align.delay_q[0][13]                      ;
; DONT_MERGE_REGISTER ; on    ; -    ; gen_limb[1].gen_align.delay_q[0][13]                      ;
; PRESERVE_REGISTER   ; on    ; -    ; gen_limb[1].gen_align.delay_q[0][12]                      ;
; DONT_MERGE_REGISTER ; on    ; -    ; gen_limb[1].gen_align.delay_q[0][12]                      ;
; PRESERVE_REGISTER   ; on    ; -    ; gen_limb[1].gen_align.delay_q[0][11]                      ;
; DONT_MERGE_REGISTER ; on    ; -    ; gen_limb[1].gen_align.delay_q[0][11]                      ;
; PRESERVE_REGISTER   ; on    ; -    ; gen_limb[1].gen_align.delay_q[0][10]                      ;
; DONT_MERGE_REGISTER ; on    ; -    ; gen_limb[1].gen_align.delay_q[0][10]                      ;
; PRESERVE_REGISTER   ; on    ; -    ; gen_limb[1].gen_align.delay_q[0][9]                       ;
; DONT_MERGE_REGISTER ; on    ; -    ; gen_limb[1].gen_align.delay_q[0][9]                       ;
; PRESERVE_REGISTER   ; on    ; -    ; gen_limb[1].gen_align.delay_q[0][8]                       ;
; DONT_MERGE_REGISTER ; on    ; -    ; gen_limb[1].gen_align.delay_q[0][8]                       ;
; PRESERVE_REGISTER   ; on    ; -    ; gen_limb[1].gen_align.delay_q[0][7]                       ;
; DONT_MERGE_REGISTER ; on    ; -    ; gen_limb[1].gen_align.delay_q[0][7]                       ;
; PRESERVE_REGISTER   ; on    ; -    ; gen_limb[1].gen_align.delay_q[0][6]                       ;
; DONT_MERGE_REGISTER ; on    ; -    ; gen_limb[1].gen_align.delay_q[0][6]                       ;
; PRESERVE_REGISTER   ; on    ; -    ; gen_limb[1].gen_align.delay_q[0][5]                       ;
; DONT_MERGE_REGISTER ; on    ; -    ; gen_limb[1].gen_align.delay_q[0][5]                       ;
; PRESERVE_REGISTER   ; on    ; -    ; gen_limb[1].gen_align.delay_q[0][4]                       ;
; DONT_MERGE_REGISTER ; on    ; -    ; gen_limb[1].gen_align.delay_q[0][4]                       ;
; PRESERVE_REGISTER   ; on    ; -    ; gen_limb[1].gen_align.delay_q[0][3]                       ;
; DONT_MERGE_REGISTER ; on    ; -    ; gen_limb[1].gen_align.delay_q[0][3]                       ;
; PRESERVE_REGISTER   ; on    ; -    ; gen_limb[1].gen_align.delay_q[0][2]                       ;
; DONT_MERGE_REGISTER ; on    ; -    ; gen_limb[1].gen_align.delay_q[0][2]                       ;
; PRESERVE_REGISTER   ; on    ; -    ; gen_limb[1].gen_align.delay_q[0][1]                       ;
; DONT_MERGE_REGISTER ; on    ; -    ; gen_limb[1].gen_align.delay_q[0][1]                       ;
; PRESERVE_REGISTER   ; on    ; -    ; gen_limb[1].gen_align.delay_q[0][0]                       ;
; DONT_MERGE_REGISTER ; on    ; -    ; gen_limb[1].gen_align.delay_q[0][0]                       ;
; PRESERVE_REGISTER   ; on    ; -    ; gen_limb[1].gen_align.delay_q[1][15]                      ;
; DONT_MERGE_REGISTER ; on    ; -    ; gen_limb[1].gen_align.delay_q[1][15]                      ;
; PRESERVE_REGISTER   ; on    ; -    ; gen_limb[1].gen_align.delay_q[1][14]                      ;
; DONT_MERGE_REGISTER ; on    ; -    ; gen_limb[1].gen_align.delay_q[1][14]                      ;
; PRESERVE_REGISTER   ; on    ; -    ; gen_limb[1].gen_align.delay_q[1][13]                      ;
; DONT_MERGE_REGISTER ; on    ; -    ; gen_limb[1].gen_align.delay_q[1][13]                      ;
; PRESERVE_REGISTER   ; on    ; -    ; gen_limb[1].gen_align.delay_q[1][12]                      ;
; DONT_MERGE_REGISTER ; on    ; -    ; gen_limb[1].gen_align.delay_q[1][12]                      ;
; PRESERVE_REGISTER   ; on    ; -    ; gen_limb[1].gen_align.delay_q[1][11]                      ;
; DONT_MERGE_REGISTER ; on    ; -    ; gen_limb[1].gen_align.delay_q[1][11]                      ;
; PRESERVE_REGISTER   ; on    ; -    ; gen_limb[1].gen_align.delay_q[1][10]                      ;
; DONT_MERGE_REGISTER ; on    ; -    ; gen_limb[1].gen_align.delay_q[1][10]                      ;
; PRESERVE_REGISTER   ; on    ; -    ; gen_limb[1].gen_align.delay_q[1][9]                       ;
; DONT_MERGE_REGISTER ; on    ; -    ; gen_limb[1].gen_align.delay_q[1][9]                       ;
; PRESERVE_REGISTER   ; on    ; -    ; gen_limb[1].gen_align.delay_q[1][8]                       ;
; DONT_MERGE_REGISTER ; on    ; -    ; gen_limb[1].gen_align.delay_q[1][8]                       ;
; PRESERVE_REGISTER   ; on    ; -    ; gen_limb[1].gen_align.delay_q[1][7]                       ;
; DONT_MERGE_REGISTER ; on    ; -    ; gen_limb[1].gen_align.delay_q[1][7]                       ;
; PRESERVE_REGISTER   ; on    ; -    ; gen_limb[1].gen_align.delay_q[1][6]                       ;
; DONT_MERGE_REGISTER ; on    ; -    ; gen_limb[1].gen_align.delay_q[1][6]                       ;
; PRESERVE_REGISTER   ; on    ; -    ; gen_limb[1].gen_align.delay_q[1][5]                       ;
; DONT_MERGE_REGISTER ; on    ; -    ; gen_limb[1].gen_align.delay_q[1][5]                       ;
; PRESERVE_REGISTER   ; on    ; -    ; gen_limb[1].gen_align.delay_q[1][4]                       ;
; DONT_MERGE_REGISTER ; on    ; -    ; gen_limb[1].gen_align.delay_q[1][4]                       ;
; PRESERVE_REGISTER   ; on    ; -    ; gen_limb[1].gen_align.delay_q[1][3]                       ;
; DONT_MERGE_REGISTER ; on    ; -    ; gen_limb[1].gen_align.delay_q[1][3]                       ;
; PRESERVE_REGISTER   ; on    ; -    ; gen_limb[1].gen_align.delay_q[1][2]                       ;
; DONT_MERGE_REGISTER ; on    ; -    ; gen_limb[1].gen_align.delay_q[1][2]                       ;
; PRESERVE_REGISTER   ; on    ; -    ; gen_limb[1].gen_align.delay_q[1][1]                       ;
; DONT_MERGE_REGISTER ; on    ; -    ; gen_limb[1].gen_align.delay_q[1][1]                       ;
; PRESERVE_REGISTER   ; on    ; -    ; gen_limb[1].gen_align.delay_q[1][0]                       ;
; DONT_MERGE_REGISTER ; on    ; -    ; gen_limb[1].gen_align.delay_q[1][0]                       ;
; PRESERVE_REGISTER   ; on    ; -    ; gen_limb[2].q[15]                                         ;
; DONT_MERGE_REGISTER ; on    ; -    ; gen_limb[2].q[15]                                         ;
; PRESERVE_REGISTER   ; on    ; -    ; gen_limb[2].q[14]                                         ;
; DONT_MERGE_REGISTER ; on    ; -    ; gen_limb[2].q[14]                                         ;
; PRESERVE_REGISTER   ; on    ; -    ; gen_limb[2].q[13]                                         ;
; DONT_MERGE_REGISTER ; on    ; -    ; gen_limb[2].q[13]                                         ;
; PRESERVE_REGISTER   ; on    ; -    ; gen_limb[2].q[12]                                         ;
; DONT_MERGE_REGISTER ; on    ; -    ; gen_limb[2].q[12]                                         ;
; PRESERVE_REGISTER   ; on    ; -    ; gen_limb[2].q[11]                                         ;
; DONT_MERGE_REGISTER ; on    ; -    ; gen_limb[2].q[11]                                         ;
; PRESERVE_REGISTER   ; on    ; -    ; gen_limb[2].q[10]                                         ;
; DONT_MERGE_REGISTER ; on    ; -    ; gen_limb[2].q[10]                                         ;
; PRESERVE_REGISTER   ; on    ; -    ; gen_limb[2].q[9]                                          ;
; DONT_MERGE_REGISTER ; on    ; -    ; gen_limb[2].q[9]                                          ;
; PRESERVE_REGISTER   ; on    ; -    ; gen_limb[2].q[8]                                          ;
; DONT_MERGE_REGISTER ; on    ; -    ; gen_limb[2].q[8]                                          ;
; PRESERVE_REGISTER   ; on    ; -    ; gen_limb[2].q[7]                                          ;
; DONT_MERGE_REGISTER ; on    ; -    ; gen_limb[2].q[7]                                          ;
; PRESERVE_REGISTER   ; on    ; -    ; gen_limb[2].q[6]                                          ;
; DONT_MERGE_REGISTER ; on    ; -    ; gen_limb[2].q[6]                                          ;
; PRESERVE_REGISTER   ; on    ; -    ; gen_limb[2].q[5]                                          ;
; DONT_MERGE_REGISTER ; on    ; -    ; gen_limb[2].q[5]                                          ;
; PRESERVE_REGISTER   ; on    ; -    ; gen_limb[2].q[4]                                          ;
; DONT_MERGE_REGISTER ; on    ; -    ; gen_limb[2].q[4]                                          ;
; PRESERVE_REGISTER   ; on    ; -    ; gen_limb[2].q[3]                                          ;
; DONT_MERGE_REGISTER ; on    ; -    ; gen_limb[2].q[3]                                          ;
; PRESERVE_REGISTER   ; on    ; -    ; gen_limb[2].q[2]                                          ;
; DONT_MERGE_REGISTER ; on    ; -    ; gen_limb[2].q[2]                                          ;
; PRESERVE_REGISTER   ; on    ; -    ; gen_limb[2].q[1]                                          ;
; DONT_MERGE_REGISTER ; on    ; -    ; gen_limb[2].q[1]                                          ;
; PRESERVE_REGISTER   ; on    ; -    ; gen_limb[2].q[0]                                          ;
; DONT_MERGE_REGISTER ; on    ; -    ; gen_limb[2].q[0]                                          ;
; PRESERVE_REGISTER   ; on    ; -    ; gen_limb[2].carry_q                                       ;
; DONT_MERGE_REGISTER ; on    ; -    ; gen_limb[2].carry_q                                       ;
; PRESERVE_REGISTER   ; on    ; -    ; gen_limb[2].gen_align.delay_q[0][15]                      ;
; DONT_MERGE_REGISTER ; on    ; -    ; gen_limb[2].gen_align.delay_q[0][15]                      ;
; PRESERVE_REGISTER   ; on    ; -    ; gen_limb[2].gen_align.delay_q[0][14]                      ;
; DONT_MERGE_REGISTER ; on    ; -    ; gen_limb[2].gen_align.delay_q[0][14]                      ;
; PRESERVE_REGISTER   ; on    ; -    ; gen_limb[2].gen_align.delay_q[0][13]                      ;
; DONT_MERGE_REGISTER ; on    ; -    ; gen_limb[2].gen_align.delay_q[0][13]                      ;
; PRESERVE_REGISTER   ; on    ; -    ; gen_limb[2].gen_align.delay_q[0][12]                      ;
; DONT_MERGE_REGISTER ; on    ; -    ; gen_limb[2].gen_align.delay_q[0][12]                      ;
; PRESERVE_REGISTER   ; on    ; -    ; gen_limb[2].gen_align.delay_q[0][11]                      ;
; DONT_MERGE_REGISTER ; on    ; -    ; gen_limb[2].gen_align.delay_q[0][11]                      ;
; PRESERVE_REGISTER   ; on    ; -    ; gen_limb[2].gen_align.delay_q[0][10]                      ;
; DONT_MERGE_REGISTER ; on    ; -    ; gen_limb[2].gen_align.delay_q[0][10]                      ;
; PRESERVE_REGISTER   ; on    ; -    ; gen_limb[2].gen_align.delay_q[0][9]                       ;
; DONT_MERGE_REGISTER ; on    ; -    ; gen_limb[2].gen_align.delay_q[0][9]                       ;
; PRESERVE_REGISTER   ; on    ; -    ; gen_limb[2].gen_align.delay_q[0][8]                       ;
; DONT_MERGE_REGISTER ; on    ; -    ; gen_limb[2].gen_align.delay_q[0][8]                       ;
; PRESERVE_REGISTER   ; on    ; -    ; gen_limb[2].gen_align.delay_q[0][7]                       ;
; DONT_MERGE_REGISTER ; on    ; -    ; gen_limb[2].gen_align.delay_q[0][7]                       ;
; PRESERVE_REGISTER   ; on    ; -    ; gen_limb[2].gen_align.delay_q[0][6]                       ;
; DONT_MERGE_REGISTER ; on    ; -    ; gen_limb[2].gen_align.delay_q[0][6]                       ;
; PRESERVE_REGISTER   ; on    ; -    ; gen_limb[2].gen_align.delay_q[0][5]                       ;
; DONT_MERGE_REGISTER ; on    ; -    ; gen_limb[2].gen_align.delay_q[0][5]                       ;
; PRESERVE_REGISTER   ; on    ; -    ; gen_limb[2].gen_align.delay_q[0][4]                       ;
; DONT_MERGE_REGISTER ; on    ; -    ; gen_limb[2].gen_align.delay_q[0][4]                       ;
; PRESERVE_REGISTER   ; on    ; -    ; gen_limb[2].gen_align.delay_q[0][3]                       ;
; DONT_MERGE_REGISTER ; on    ; -    ; gen_limb[2].gen_align.delay_q[0][3]                       ;
; PRESERVE_REGISTER   ; on    ; -    ; gen_limb[2].gen_align.delay_q[0][2]                       ;
; DONT_MERGE_REGISTER ; on    ; -    ; gen_limb[2].gen_align.delay_q[0][2]                       ;
; PRESERVE_REGISTER   ; on    ; -    ; gen_limb[2].gen_align.delay_q[0][1]                       ;
; DONT_MERGE_REGISTER ; on    ; -    ; gen_limb[2].gen_align.delay_q[0][1]                       ;
; PRESERVE_REGISTER   ; on    ; -    ; gen_limb[2].gen_align.delay_q[0][0]                       ;
; DONT_MERGE_REGISTER ; on    ; -    ; gen_limb[2].gen_align.delay_q[0][0]                       ;
; PRESERVE_REGISTER   ; on    ; -    ; gen_limb[3].q[0]                                          ;
; DONT_MERGE_REGISTER ; on    ; -    ; gen_limb[3].q[0]                                          ;
; PRESERVE_REGISTER   ; on    ; -    ; gen_limb[3].q[15]                                         ;
; DONT_MERGE_REGISTER ; on    ; -    ; gen_limb[3].q[15]                                         ;
; PRESERVE_REGISTER   ; on    ; -    ; gen_limb[3].q[14]                                         ;
; DONT_MERGE_REGISTER ; on    ; -    ; gen_limb[3].q[14]                                         ;
; PRESERVE_REGISTER   ; on    ; -    ; gen_limb[3].q[13]                                         ;
; DONT_MERGE_REGISTER ; on    ; -    ; gen_limb[3].q[13]                                         ;
; PRESERVE_REGISTER   ; on    ; -    ; gen_limb[3].q[12]                                         ;
; DONT_MERGE_REGISTER ; on    ; -    ; gen_limb[3].q[12]                                         ;
; PRESERVE_REGISTER   ; on    ; -    ; gen_limb[3].q[11]                                         ;
; DONT_MERGE_REGISTER ; on    ; -    ; gen_limb[3].q[11]                                         ;
; PRESERVE_REGISTER   ; on    ; -    ; gen_limb[3].q[10]                                         ;
; DONT_MERGE_REGISTER ; on    ; -    ; gen_limb[3].q[10]                                         ;
; PRESERVE_REGISTER   ; on    ; -    ; gen_limb[3].q[9]                                          ;
; DONT_MERGE_REGISTER ; on    ; -    ; gen_limb[3].q[9]                                          ;
; PRESERVE_REGISTER   ; on    ; -    ; gen_limb[3].q[8]                                          ;
; DONT_MERGE_REGISTER ; on    ; -    ; gen_limb[3].q[8]                                          ;
; PRESERVE_REGISTER   ; on    ; -    ; gen_limb[3].q[7]                                          ;
; DONT_MERGE_REGISTER ; on    ; -    ; gen_limb[3].q[7]                                          ;
; PRESERVE_REGISTER   ; on    ; -    ; gen_limb[3].q[6]                                          ;
; DONT_MERGE_REGISTER ; on    ; -    ; gen_limb[3].q[6]                                          ;
; PRESERVE_REGISTER   ; on    ; -    ; gen_limb[3].q[5]                                          ;
; DONT_MERGE_REGISTER ; on    ; -    ; gen_limb[3].q[5]                                          ;
; PRESERVE_REGISTER   ; on    ; -    ; gen_limb[3].q[4]                                          ;
; DONT_MERGE_REGISTER ; on    ; -    ; gen_limb[3].q[4]                                          ;
; PRESERVE_REGISTER   ; on    ; -    ; gen_limb[3].q[3]                                          ;
; DONT_MERGE_REGISTER ; on    ; -    ; gen_limb[3].q[3]                                          ;
; PRESERVE_REGISTER   ; on    ; -    ; gen_limb[3].q[2]                                          ;
; DONT_MERGE_REGISTER ; on    ; -    ; gen_limb[3].q[2]                                          ;
; PRESERVE_REGISTER   ; on    ; -    ; gen_limb[3].q[1]                                          ;
; DONT_MERGE_REGISTER ; on    ; -    ; gen_limb[3].q[1]                                          ;
+---------------------+-------+------+-----------------------------------------------------------+


+------------------------------------------------------------------------------------------------+
; Source assignments for FsoDeliveryMonitor:delivery_monitor|FsoDeliveryCounter64:complete_count ;
+---------------------+-------+------+-----------------------------------------------------------+
; Assignment          ; Value ; From ; To                                                        ;
+---------------------+-------+------+-----------------------------------------------------------+
; PRESERVE_REGISTER   ; on    ; -    ; gen_limb[0].q[15]                                         ;
; DONT_MERGE_REGISTER ; on    ; -    ; gen_limb[0].q[15]                                         ;
; PRESERVE_REGISTER   ; on    ; -    ; gen_limb[0].q[14]                                         ;
; DONT_MERGE_REGISTER ; on    ; -    ; gen_limb[0].q[14]                                         ;
; PRESERVE_REGISTER   ; on    ; -    ; gen_limb[0].q[13]                                         ;
; DONT_MERGE_REGISTER ; on    ; -    ; gen_limb[0].q[13]                                         ;
; PRESERVE_REGISTER   ; on    ; -    ; gen_limb[0].q[12]                                         ;
; DONT_MERGE_REGISTER ; on    ; -    ; gen_limb[0].q[12]                                         ;
; PRESERVE_REGISTER   ; on    ; -    ; gen_limb[0].q[11]                                         ;
; DONT_MERGE_REGISTER ; on    ; -    ; gen_limb[0].q[11]                                         ;
; PRESERVE_REGISTER   ; on    ; -    ; gen_limb[0].q[10]                                         ;
; DONT_MERGE_REGISTER ; on    ; -    ; gen_limb[0].q[10]                                         ;
; PRESERVE_REGISTER   ; on    ; -    ; gen_limb[0].q[9]                                          ;
; DONT_MERGE_REGISTER ; on    ; -    ; gen_limb[0].q[9]                                          ;
; PRESERVE_REGISTER   ; on    ; -    ; gen_limb[0].q[8]                                          ;
; DONT_MERGE_REGISTER ; on    ; -    ; gen_limb[0].q[8]                                          ;
; PRESERVE_REGISTER   ; on    ; -    ; gen_limb[0].q[7]                                          ;
; DONT_MERGE_REGISTER ; on    ; -    ; gen_limb[0].q[7]                                          ;
; PRESERVE_REGISTER   ; on    ; -    ; gen_limb[0].q[6]                                          ;
; DONT_MERGE_REGISTER ; on    ; -    ; gen_limb[0].q[6]                                          ;
; PRESERVE_REGISTER   ; on    ; -    ; gen_limb[0].q[5]                                          ;
; DONT_MERGE_REGISTER ; on    ; -    ; gen_limb[0].q[5]                                          ;
; PRESERVE_REGISTER   ; on    ; -    ; gen_limb[0].q[4]                                          ;
; DONT_MERGE_REGISTER ; on    ; -    ; gen_limb[0].q[4]                                          ;
; PRESERVE_REGISTER   ; on    ; -    ; gen_limb[0].q[3]                                          ;
; DONT_MERGE_REGISTER ; on    ; -    ; gen_limb[0].q[3]                                          ;
; PRESERVE_REGISTER   ; on    ; -    ; gen_limb[0].q[2]                                          ;
; DONT_MERGE_REGISTER ; on    ; -    ; gen_limb[0].q[2]                                          ;
; PRESERVE_REGISTER   ; on    ; -    ; gen_limb[0].q[1]                                          ;
; DONT_MERGE_REGISTER ; on    ; -    ; gen_limb[0].q[1]                                          ;
; PRESERVE_REGISTER   ; on    ; -    ; gen_limb[0].q[0]                                          ;
; DONT_MERGE_REGISTER ; on    ; -    ; gen_limb[0].q[0]                                          ;
; PRESERVE_REGISTER   ; on    ; -    ; gen_limb[0].carry_q                                       ;
; DONT_MERGE_REGISTER ; on    ; -    ; gen_limb[0].carry_q                                       ;
; PRESERVE_REGISTER   ; on    ; -    ; gen_limb[0].gen_align.delay_q[0][15]                      ;
; DONT_MERGE_REGISTER ; on    ; -    ; gen_limb[0].gen_align.delay_q[0][15]                      ;
; PRESERVE_REGISTER   ; on    ; -    ; gen_limb[0].gen_align.delay_q[0][14]                      ;
; DONT_MERGE_REGISTER ; on    ; -    ; gen_limb[0].gen_align.delay_q[0][14]                      ;
; PRESERVE_REGISTER   ; on    ; -    ; gen_limb[0].gen_align.delay_q[0][13]                      ;
; DONT_MERGE_REGISTER ; on    ; -    ; gen_limb[0].gen_align.delay_q[0][13]                      ;
; PRESERVE_REGISTER   ; on    ; -    ; gen_limb[0].gen_align.delay_q[0][12]                      ;
; DONT_MERGE_REGISTER ; on    ; -    ; gen_limb[0].gen_align.delay_q[0][12]                      ;
; PRESERVE_REGISTER   ; on    ; -    ; gen_limb[0].gen_align.delay_q[0][11]                      ;
; DONT_MERGE_REGISTER ; on    ; -    ; gen_limb[0].gen_align.delay_q[0][11]                      ;
; PRESERVE_REGISTER   ; on    ; -    ; gen_limb[0].gen_align.delay_q[0][10]                      ;
; DONT_MERGE_REGISTER ; on    ; -    ; gen_limb[0].gen_align.delay_q[0][10]                      ;
; PRESERVE_REGISTER   ; on    ; -    ; gen_limb[0].gen_align.delay_q[0][9]                       ;
; DONT_MERGE_REGISTER ; on    ; -    ; gen_limb[0].gen_align.delay_q[0][9]                       ;
; PRESERVE_REGISTER   ; on    ; -    ; gen_limb[0].gen_align.delay_q[0][8]                       ;
; DONT_MERGE_REGISTER ; on    ; -    ; gen_limb[0].gen_align.delay_q[0][8]                       ;
; PRESERVE_REGISTER   ; on    ; -    ; gen_limb[0].gen_align.delay_q[0][7]                       ;
; DONT_MERGE_REGISTER ; on    ; -    ; gen_limb[0].gen_align.delay_q[0][7]                       ;
; PRESERVE_REGISTER   ; on    ; -    ; gen_limb[0].gen_align.delay_q[0][6]                       ;
; DONT_MERGE_REGISTER ; on    ; -    ; gen_limb[0].gen_align.delay_q[0][6]                       ;
; PRESERVE_REGISTER   ; on    ; -    ; gen_limb[0].gen_align.delay_q[0][5]                       ;
; DONT_MERGE_REGISTER ; on    ; -    ; gen_limb[0].gen_align.delay_q[0][5]                       ;
; PRESERVE_REGISTER   ; on    ; -    ; gen_limb[0].gen_align.delay_q[0][4]                       ;
; DONT_MERGE_REGISTER ; on    ; -    ; gen_limb[0].gen_align.delay_q[0][4]                       ;
; PRESERVE_REGISTER   ; on    ; -    ; gen_limb[0].gen_align.delay_q[0][3]                       ;
; DONT_MERGE_REGISTER ; on    ; -    ; gen_limb[0].gen_align.delay_q[0][3]                       ;
; PRESERVE_REGISTER   ; on    ; -    ; gen_limb[0].gen_align.delay_q[0][2]                       ;
; DONT_MERGE_REGISTER ; on    ; -    ; gen_limb[0].gen_align.delay_q[0][2]                       ;
; PRESERVE_REGISTER   ; on    ; -    ; gen_limb[0].gen_align.delay_q[0][1]                       ;
; DONT_MERGE_REGISTER ; on    ; -    ; gen_limb[0].gen_align.delay_q[0][1]                       ;
; PRESERVE_REGISTER   ; on    ; -    ; gen_limb[0].gen_align.delay_q[0][0]                       ;
; DONT_MERGE_REGISTER ; on    ; -    ; gen_limb[0].gen_align.delay_q[0][0]                       ;
; PRESERVE_REGISTER   ; on    ; -    ; gen_limb[0].gen_align.delay_q[1][15]                      ;
; DONT_MERGE_REGISTER ; on    ; -    ; gen_limb[0].gen_align.delay_q[1][15]                      ;
; PRESERVE_REGISTER   ; on    ; -    ; gen_limb[0].gen_align.delay_q[1][14]                      ;
; DONT_MERGE_REGISTER ; on    ; -    ; gen_limb[0].gen_align.delay_q[1][14]                      ;
; PRESERVE_REGISTER   ; on    ; -    ; gen_limb[0].gen_align.delay_q[1][13]                      ;
; DONT_MERGE_REGISTER ; on    ; -    ; gen_limb[0].gen_align.delay_q[1][13]                      ;
; PRESERVE_REGISTER   ; on    ; -    ; gen_limb[0].gen_align.delay_q[1][12]                      ;
; DONT_MERGE_REGISTER ; on    ; -    ; gen_limb[0].gen_align.delay_q[1][12]                      ;
; PRESERVE_REGISTER   ; on    ; -    ; gen_limb[0].gen_align.delay_q[1][11]                      ;
; DONT_MERGE_REGISTER ; on    ; -    ; gen_limb[0].gen_align.delay_q[1][11]                      ;
; PRESERVE_REGISTER   ; on    ; -    ; gen_limb[0].gen_align.delay_q[1][10]                      ;
; DONT_MERGE_REGISTER ; on    ; -    ; gen_limb[0].gen_align.delay_q[1][10]                      ;
; PRESERVE_REGISTER   ; on    ; -    ; gen_limb[0].gen_align.delay_q[1][9]                       ;
; DONT_MERGE_REGISTER ; on    ; -    ; gen_limb[0].gen_align.delay_q[1][9]                       ;
; PRESERVE_REGISTER   ; on    ; -    ; gen_limb[0].gen_align.delay_q[1][8]                       ;
; DONT_MERGE_REGISTER ; on    ; -    ; gen_limb[0].gen_align.delay_q[1][8]                       ;
; PRESERVE_REGISTER   ; on    ; -    ; gen_limb[0].gen_align.delay_q[1][7]                       ;
; DONT_MERGE_REGISTER ; on    ; -    ; gen_limb[0].gen_align.delay_q[1][7]                       ;
; PRESERVE_REGISTER   ; on    ; -    ; gen_limb[0].gen_align.delay_q[1][6]                       ;
; DONT_MERGE_REGISTER ; on    ; -    ; gen_limb[0].gen_align.delay_q[1][6]                       ;
; PRESERVE_REGISTER   ; on    ; -    ; gen_limb[0].gen_align.delay_q[1][5]                       ;
; DONT_MERGE_REGISTER ; on    ; -    ; gen_limb[0].gen_align.delay_q[1][5]                       ;
; PRESERVE_REGISTER   ; on    ; -    ; gen_limb[0].gen_align.delay_q[1][4]                       ;
; DONT_MERGE_REGISTER ; on    ; -    ; gen_limb[0].gen_align.delay_q[1][4]                       ;
; PRESERVE_REGISTER   ; on    ; -    ; gen_limb[0].gen_align.delay_q[1][3]                       ;
; DONT_MERGE_REGISTER ; on    ; -    ; gen_limb[0].gen_align.delay_q[1][3]                       ;
; PRESERVE_REGISTER   ; on    ; -    ; gen_limb[0].gen_align.delay_q[1][2]                       ;
; DONT_MERGE_REGISTER ; on    ; -    ; gen_limb[0].gen_align.delay_q[1][2]                       ;
; PRESERVE_REGISTER   ; on    ; -    ; gen_limb[0].gen_align.delay_q[1][1]                       ;
; DONT_MERGE_REGISTER ; on    ; -    ; gen_limb[0].gen_align.delay_q[1][1]                       ;
; PRESERVE_REGISTER   ; on    ; -    ; gen_limb[0].gen_align.delay_q[1][0]                       ;
; DONT_MERGE_REGISTER ; on    ; -    ; gen_limb[0].gen_align.delay_q[1][0]                       ;
; PRESERVE_REGISTER   ; on    ; -    ; gen_limb[0].gen_align.delay_q[2][15]                      ;
; DONT_MERGE_REGISTER ; on    ; -    ; gen_limb[0].gen_align.delay_q[2][15]                      ;
; PRESERVE_REGISTER   ; on    ; -    ; gen_limb[0].gen_align.delay_q[2][14]                      ;
; DONT_MERGE_REGISTER ; on    ; -    ; gen_limb[0].gen_align.delay_q[2][14]                      ;
; PRESERVE_REGISTER   ; on    ; -    ; gen_limb[0].gen_align.delay_q[2][13]                      ;
; DONT_MERGE_REGISTER ; on    ; -    ; gen_limb[0].gen_align.delay_q[2][13]                      ;
; PRESERVE_REGISTER   ; on    ; -    ; gen_limb[0].gen_align.delay_q[2][12]                      ;
; DONT_MERGE_REGISTER ; on    ; -    ; gen_limb[0].gen_align.delay_q[2][12]                      ;
; PRESERVE_REGISTER   ; on    ; -    ; gen_limb[0].gen_align.delay_q[2][11]                      ;
; DONT_MERGE_REGISTER ; on    ; -    ; gen_limb[0].gen_align.delay_q[2][11]                      ;
; PRESERVE_REGISTER   ; on    ; -    ; gen_limb[0].gen_align.delay_q[2][10]                      ;
; DONT_MERGE_REGISTER ; on    ; -    ; gen_limb[0].gen_align.delay_q[2][10]                      ;
; PRESERVE_REGISTER   ; on    ; -    ; gen_limb[0].gen_align.delay_q[2][9]                       ;
; DONT_MERGE_REGISTER ; on    ; -    ; gen_limb[0].gen_align.delay_q[2][9]                       ;
; PRESERVE_REGISTER   ; on    ; -    ; gen_limb[0].gen_align.delay_q[2][8]                       ;
; DONT_MERGE_REGISTER ; on    ; -    ; gen_limb[0].gen_align.delay_q[2][8]                       ;
; PRESERVE_REGISTER   ; on    ; -    ; gen_limb[0].gen_align.delay_q[2][7]                       ;
; DONT_MERGE_REGISTER ; on    ; -    ; gen_limb[0].gen_align.delay_q[2][7]                       ;
; PRESERVE_REGISTER   ; on    ; -    ; gen_limb[0].gen_align.delay_q[2][6]                       ;
; DONT_MERGE_REGISTER ; on    ; -    ; gen_limb[0].gen_align.delay_q[2][6]                       ;
; PRESERVE_REGISTER   ; on    ; -    ; gen_limb[0].gen_align.delay_q[2][5]                       ;
; DONT_MERGE_REGISTER ; on    ; -    ; gen_limb[0].gen_align.delay_q[2][5]                       ;
; PRESERVE_REGISTER   ; on    ; -    ; gen_limb[0].gen_align.delay_q[2][4]                       ;
; DONT_MERGE_REGISTER ; on    ; -    ; gen_limb[0].gen_align.delay_q[2][4]                       ;
; PRESERVE_REGISTER   ; on    ; -    ; gen_limb[0].gen_align.delay_q[2][3]                       ;
; DONT_MERGE_REGISTER ; on    ; -    ; gen_limb[0].gen_align.delay_q[2][3]                       ;
; PRESERVE_REGISTER   ; on    ; -    ; gen_limb[0].gen_align.delay_q[2][2]                       ;
; DONT_MERGE_REGISTER ; on    ; -    ; gen_limb[0].gen_align.delay_q[2][2]                       ;
; PRESERVE_REGISTER   ; on    ; -    ; gen_limb[0].gen_align.delay_q[2][1]                       ;
; DONT_MERGE_REGISTER ; on    ; -    ; gen_limb[0].gen_align.delay_q[2][1]                       ;
; PRESERVE_REGISTER   ; on    ; -    ; gen_limb[0].gen_align.delay_q[2][0]                       ;
; DONT_MERGE_REGISTER ; on    ; -    ; gen_limb[0].gen_align.delay_q[2][0]                       ;
; PRESERVE_REGISTER   ; on    ; -    ; gen_limb[1].q[15]                                         ;
; DONT_MERGE_REGISTER ; on    ; -    ; gen_limb[1].q[15]                                         ;
; PRESERVE_REGISTER   ; on    ; -    ; gen_limb[1].q[14]                                         ;
; DONT_MERGE_REGISTER ; on    ; -    ; gen_limb[1].q[14]                                         ;
; PRESERVE_REGISTER   ; on    ; -    ; gen_limb[1].q[13]                                         ;
; DONT_MERGE_REGISTER ; on    ; -    ; gen_limb[1].q[13]                                         ;
; PRESERVE_REGISTER   ; on    ; -    ; gen_limb[1].q[12]                                         ;
; DONT_MERGE_REGISTER ; on    ; -    ; gen_limb[1].q[12]                                         ;
; PRESERVE_REGISTER   ; on    ; -    ; gen_limb[1].q[11]                                         ;
; DONT_MERGE_REGISTER ; on    ; -    ; gen_limb[1].q[11]                                         ;
; PRESERVE_REGISTER   ; on    ; -    ; gen_limb[1].q[10]                                         ;
; DONT_MERGE_REGISTER ; on    ; -    ; gen_limb[1].q[10]                                         ;
; PRESERVE_REGISTER   ; on    ; -    ; gen_limb[1].q[9]                                          ;
; DONT_MERGE_REGISTER ; on    ; -    ; gen_limb[1].q[9]                                          ;
; PRESERVE_REGISTER   ; on    ; -    ; gen_limb[1].q[8]                                          ;
; DONT_MERGE_REGISTER ; on    ; -    ; gen_limb[1].q[8]                                          ;
; PRESERVE_REGISTER   ; on    ; -    ; gen_limb[1].q[7]                                          ;
; DONT_MERGE_REGISTER ; on    ; -    ; gen_limb[1].q[7]                                          ;
; PRESERVE_REGISTER   ; on    ; -    ; gen_limb[1].q[6]                                          ;
; DONT_MERGE_REGISTER ; on    ; -    ; gen_limb[1].q[6]                                          ;
; PRESERVE_REGISTER   ; on    ; -    ; gen_limb[1].q[5]                                          ;
; DONT_MERGE_REGISTER ; on    ; -    ; gen_limb[1].q[5]                                          ;
; PRESERVE_REGISTER   ; on    ; -    ; gen_limb[1].q[4]                                          ;
; DONT_MERGE_REGISTER ; on    ; -    ; gen_limb[1].q[4]                                          ;
; PRESERVE_REGISTER   ; on    ; -    ; gen_limb[1].q[3]                                          ;
; DONT_MERGE_REGISTER ; on    ; -    ; gen_limb[1].q[3]                                          ;
; PRESERVE_REGISTER   ; on    ; -    ; gen_limb[1].q[2]                                          ;
; DONT_MERGE_REGISTER ; on    ; -    ; gen_limb[1].q[2]                                          ;
; PRESERVE_REGISTER   ; on    ; -    ; gen_limb[1].q[1]                                          ;
; DONT_MERGE_REGISTER ; on    ; -    ; gen_limb[1].q[1]                                          ;
; PRESERVE_REGISTER   ; on    ; -    ; gen_limb[1].q[0]                                          ;
; DONT_MERGE_REGISTER ; on    ; -    ; gen_limb[1].q[0]                                          ;
; PRESERVE_REGISTER   ; on    ; -    ; gen_limb[1].carry_q                                       ;
; DONT_MERGE_REGISTER ; on    ; -    ; gen_limb[1].carry_q                                       ;
; PRESERVE_REGISTER   ; on    ; -    ; gen_limb[1].gen_align.delay_q[0][15]                      ;
; DONT_MERGE_REGISTER ; on    ; -    ; gen_limb[1].gen_align.delay_q[0][15]                      ;
; PRESERVE_REGISTER   ; on    ; -    ; gen_limb[1].gen_align.delay_q[0][14]                      ;
; DONT_MERGE_REGISTER ; on    ; -    ; gen_limb[1].gen_align.delay_q[0][14]                      ;
; PRESERVE_REGISTER   ; on    ; -    ; gen_limb[1].gen_align.delay_q[0][13]                      ;
; DONT_MERGE_REGISTER ; on    ; -    ; gen_limb[1].gen_align.delay_q[0][13]                      ;
; PRESERVE_REGISTER   ; on    ; -    ; gen_limb[1].gen_align.delay_q[0][12]                      ;
; DONT_MERGE_REGISTER ; on    ; -    ; gen_limb[1].gen_align.delay_q[0][12]                      ;
; PRESERVE_REGISTER   ; on    ; -    ; gen_limb[1].gen_align.delay_q[0][11]                      ;
; DONT_MERGE_REGISTER ; on    ; -    ; gen_limb[1].gen_align.delay_q[0][11]                      ;
; PRESERVE_REGISTER   ; on    ; -    ; gen_limb[1].gen_align.delay_q[0][10]                      ;
; DONT_MERGE_REGISTER ; on    ; -    ; gen_limb[1].gen_align.delay_q[0][10]                      ;
; PRESERVE_REGISTER   ; on    ; -    ; gen_limb[1].gen_align.delay_q[0][9]                       ;
; DONT_MERGE_REGISTER ; on    ; -    ; gen_limb[1].gen_align.delay_q[0][9]                       ;
; PRESERVE_REGISTER   ; on    ; -    ; gen_limb[1].gen_align.delay_q[0][8]                       ;
; DONT_MERGE_REGISTER ; on    ; -    ; gen_limb[1].gen_align.delay_q[0][8]                       ;
; PRESERVE_REGISTER   ; on    ; -    ; gen_limb[1].gen_align.delay_q[0][7]                       ;
; DONT_MERGE_REGISTER ; on    ; -    ; gen_limb[1].gen_align.delay_q[0][7]                       ;
; PRESERVE_REGISTER   ; on    ; -    ; gen_limb[1].gen_align.delay_q[0][6]                       ;
; DONT_MERGE_REGISTER ; on    ; -    ; gen_limb[1].gen_align.delay_q[0][6]                       ;
; PRESERVE_REGISTER   ; on    ; -    ; gen_limb[1].gen_align.delay_q[0][5]                       ;
; DONT_MERGE_REGISTER ; on    ; -    ; gen_limb[1].gen_align.delay_q[0][5]                       ;
; PRESERVE_REGISTER   ; on    ; -    ; gen_limb[1].gen_align.delay_q[0][4]                       ;
; DONT_MERGE_REGISTER ; on    ; -    ; gen_limb[1].gen_align.delay_q[0][4]                       ;
; PRESERVE_REGISTER   ; on    ; -    ; gen_limb[1].gen_align.delay_q[0][3]                       ;
; DONT_MERGE_REGISTER ; on    ; -    ; gen_limb[1].gen_align.delay_q[0][3]                       ;
; PRESERVE_REGISTER   ; on    ; -    ; gen_limb[1].gen_align.delay_q[0][2]                       ;
; DONT_MERGE_REGISTER ; on    ; -    ; gen_limb[1].gen_align.delay_q[0][2]                       ;
; PRESERVE_REGISTER   ; on    ; -    ; gen_limb[1].gen_align.delay_q[0][1]                       ;
; DONT_MERGE_REGISTER ; on    ; -    ; gen_limb[1].gen_align.delay_q[0][1]                       ;
; PRESERVE_REGISTER   ; on    ; -    ; gen_limb[1].gen_align.delay_q[0][0]                       ;
; DONT_MERGE_REGISTER ; on    ; -    ; gen_limb[1].gen_align.delay_q[0][0]                       ;
; PRESERVE_REGISTER   ; on    ; -    ; gen_limb[1].gen_align.delay_q[1][15]                      ;
; DONT_MERGE_REGISTER ; on    ; -    ; gen_limb[1].gen_align.delay_q[1][15]                      ;
; PRESERVE_REGISTER   ; on    ; -    ; gen_limb[1].gen_align.delay_q[1][14]                      ;
; DONT_MERGE_REGISTER ; on    ; -    ; gen_limb[1].gen_align.delay_q[1][14]                      ;
; PRESERVE_REGISTER   ; on    ; -    ; gen_limb[1].gen_align.delay_q[1][13]                      ;
; DONT_MERGE_REGISTER ; on    ; -    ; gen_limb[1].gen_align.delay_q[1][13]                      ;
; PRESERVE_REGISTER   ; on    ; -    ; gen_limb[1].gen_align.delay_q[1][12]                      ;
; DONT_MERGE_REGISTER ; on    ; -    ; gen_limb[1].gen_align.delay_q[1][12]                      ;
; PRESERVE_REGISTER   ; on    ; -    ; gen_limb[1].gen_align.delay_q[1][11]                      ;
; DONT_MERGE_REGISTER ; on    ; -    ; gen_limb[1].gen_align.delay_q[1][11]                      ;
; PRESERVE_REGISTER   ; on    ; -    ; gen_limb[1].gen_align.delay_q[1][10]                      ;
; DONT_MERGE_REGISTER ; on    ; -    ; gen_limb[1].gen_align.delay_q[1][10]                      ;
; PRESERVE_REGISTER   ; on    ; -    ; gen_limb[1].gen_align.delay_q[1][9]                       ;
; DONT_MERGE_REGISTER ; on    ; -    ; gen_limb[1].gen_align.delay_q[1][9]                       ;
; PRESERVE_REGISTER   ; on    ; -    ; gen_limb[1].gen_align.delay_q[1][8]                       ;
; DONT_MERGE_REGISTER ; on    ; -    ; gen_limb[1].gen_align.delay_q[1][8]                       ;
; PRESERVE_REGISTER   ; on    ; -    ; gen_limb[1].gen_align.delay_q[1][7]                       ;
; DONT_MERGE_REGISTER ; on    ; -    ; gen_limb[1].gen_align.delay_q[1][7]                       ;
; PRESERVE_REGISTER   ; on    ; -    ; gen_limb[1].gen_align.delay_q[1][6]                       ;
; DONT_MERGE_REGISTER ; on    ; -    ; gen_limb[1].gen_align.delay_q[1][6]                       ;
; PRESERVE_REGISTER   ; on    ; -    ; gen_limb[1].gen_align.delay_q[1][5]                       ;
; DONT_MERGE_REGISTER ; on    ; -    ; gen_limb[1].gen_align.delay_q[1][5]                       ;
; PRESERVE_REGISTER   ; on    ; -    ; gen_limb[1].gen_align.delay_q[1][4]                       ;
; DONT_MERGE_REGISTER ; on    ; -    ; gen_limb[1].gen_align.delay_q[1][4]                       ;
; PRESERVE_REGISTER   ; on    ; -    ; gen_limb[1].gen_align.delay_q[1][3]                       ;
; DONT_MERGE_REGISTER ; on    ; -    ; gen_limb[1].gen_align.delay_q[1][3]                       ;
; PRESERVE_REGISTER   ; on    ; -    ; gen_limb[1].gen_align.delay_q[1][2]                       ;
; DONT_MERGE_REGISTER ; on    ; -    ; gen_limb[1].gen_align.delay_q[1][2]                       ;
; PRESERVE_REGISTER   ; on    ; -    ; gen_limb[1].gen_align.delay_q[1][1]                       ;
; DONT_MERGE_REGISTER ; on    ; -    ; gen_limb[1].gen_align.delay_q[1][1]                       ;
; PRESERVE_REGISTER   ; on    ; -    ; gen_limb[1].gen_align.delay_q[1][0]                       ;
; DONT_MERGE_REGISTER ; on    ; -    ; gen_limb[1].gen_align.delay_q[1][0]                       ;
; PRESERVE_REGISTER   ; on    ; -    ; gen_limb[2].q[15]                                         ;
; DONT_MERGE_REGISTER ; on    ; -    ; gen_limb[2].q[15]                                         ;
; PRESERVE_REGISTER   ; on    ; -    ; gen_limb[2].q[14]                                         ;
; DONT_MERGE_REGISTER ; on    ; -    ; gen_limb[2].q[14]                                         ;
; PRESERVE_REGISTER   ; on    ; -    ; gen_limb[2].q[13]                                         ;
; DONT_MERGE_REGISTER ; on    ; -    ; gen_limb[2].q[13]                                         ;
; PRESERVE_REGISTER   ; on    ; -    ; gen_limb[2].q[12]                                         ;
; DONT_MERGE_REGISTER ; on    ; -    ; gen_limb[2].q[12]                                         ;
; PRESERVE_REGISTER   ; on    ; -    ; gen_limb[2].q[11]                                         ;
; DONT_MERGE_REGISTER ; on    ; -    ; gen_limb[2].q[11]                                         ;
; PRESERVE_REGISTER   ; on    ; -    ; gen_limb[2].q[10]                                         ;
; DONT_MERGE_REGISTER ; on    ; -    ; gen_limb[2].q[10]                                         ;
; PRESERVE_REGISTER   ; on    ; -    ; gen_limb[2].q[9]                                          ;
; DONT_MERGE_REGISTER ; on    ; -    ; gen_limb[2].q[9]                                          ;
; PRESERVE_REGISTER   ; on    ; -    ; gen_limb[2].q[8]                                          ;
; DONT_MERGE_REGISTER ; on    ; -    ; gen_limb[2].q[8]                                          ;
; PRESERVE_REGISTER   ; on    ; -    ; gen_limb[2].q[7]                                          ;
; DONT_MERGE_REGISTER ; on    ; -    ; gen_limb[2].q[7]                                          ;
; PRESERVE_REGISTER   ; on    ; -    ; gen_limb[2].q[6]                                          ;
; DONT_MERGE_REGISTER ; on    ; -    ; gen_limb[2].q[6]                                          ;
; PRESERVE_REGISTER   ; on    ; -    ; gen_limb[2].q[5]                                          ;
; DONT_MERGE_REGISTER ; on    ; -    ; gen_limb[2].q[5]                                          ;
; PRESERVE_REGISTER   ; on    ; -    ; gen_limb[2].q[4]                                          ;
; DONT_MERGE_REGISTER ; on    ; -    ; gen_limb[2].q[4]                                          ;
; PRESERVE_REGISTER   ; on    ; -    ; gen_limb[2].q[3]                                          ;
; DONT_MERGE_REGISTER ; on    ; -    ; gen_limb[2].q[3]                                          ;
; PRESERVE_REGISTER   ; on    ; -    ; gen_limb[2].q[2]                                          ;
; DONT_MERGE_REGISTER ; on    ; -    ; gen_limb[2].q[2]                                          ;
; PRESERVE_REGISTER   ; on    ; -    ; gen_limb[2].q[1]                                          ;
; DONT_MERGE_REGISTER ; on    ; -    ; gen_limb[2].q[1]                                          ;
; PRESERVE_REGISTER   ; on    ; -    ; gen_limb[2].q[0]                                          ;
; DONT_MERGE_REGISTER ; on    ; -    ; gen_limb[2].q[0]                                          ;
; PRESERVE_REGISTER   ; on    ; -    ; gen_limb[2].carry_q                                       ;
; DONT_MERGE_REGISTER ; on    ; -    ; gen_limb[2].carry_q                                       ;
; PRESERVE_REGISTER   ; on    ; -    ; gen_limb[2].gen_align.delay_q[0][15]                      ;
; DONT_MERGE_REGISTER ; on    ; -    ; gen_limb[2].gen_align.delay_q[0][15]                      ;
; PRESERVE_REGISTER   ; on    ; -    ; gen_limb[2].gen_align.delay_q[0][14]                      ;
; DONT_MERGE_REGISTER ; on    ; -    ; gen_limb[2].gen_align.delay_q[0][14]                      ;
; PRESERVE_REGISTER   ; on    ; -    ; gen_limb[2].gen_align.delay_q[0][13]                      ;
; DONT_MERGE_REGISTER ; on    ; -    ; gen_limb[2].gen_align.delay_q[0][13]                      ;
; PRESERVE_REGISTER   ; on    ; -    ; gen_limb[2].gen_align.delay_q[0][12]                      ;
; DONT_MERGE_REGISTER ; on    ; -    ; gen_limb[2].gen_align.delay_q[0][12]                      ;
; PRESERVE_REGISTER   ; on    ; -    ; gen_limb[2].gen_align.delay_q[0][11]                      ;
; DONT_MERGE_REGISTER ; on    ; -    ; gen_limb[2].gen_align.delay_q[0][11]                      ;
; PRESERVE_REGISTER   ; on    ; -    ; gen_limb[2].gen_align.delay_q[0][10]                      ;
; DONT_MERGE_REGISTER ; on    ; -    ; gen_limb[2].gen_align.delay_q[0][10]                      ;
; PRESERVE_REGISTER   ; on    ; -    ; gen_limb[2].gen_align.delay_q[0][9]                       ;
; DONT_MERGE_REGISTER ; on    ; -    ; gen_limb[2].gen_align.delay_q[0][9]                       ;
; PRESERVE_REGISTER   ; on    ; -    ; gen_limb[2].gen_align.delay_q[0][8]                       ;
; DONT_MERGE_REGISTER ; on    ; -    ; gen_limb[2].gen_align.delay_q[0][8]                       ;
; PRESERVE_REGISTER   ; on    ; -    ; gen_limb[2].gen_align.delay_q[0][7]                       ;
; DONT_MERGE_REGISTER ; on    ; -    ; gen_limb[2].gen_align.delay_q[0][7]                       ;
; PRESERVE_REGISTER   ; on    ; -    ; gen_limb[2].gen_align.delay_q[0][6]                       ;
; DONT_MERGE_REGISTER ; on    ; -    ; gen_limb[2].gen_align.delay_q[0][6]                       ;
; PRESERVE_REGISTER   ; on    ; -    ; gen_limb[2].gen_align.delay_q[0][5]                       ;
; DONT_MERGE_REGISTER ; on    ; -    ; gen_limb[2].gen_align.delay_q[0][5]                       ;
; PRESERVE_REGISTER   ; on    ; -    ; gen_limb[2].gen_align.delay_q[0][4]                       ;
; DONT_MERGE_REGISTER ; on    ; -    ; gen_limb[2].gen_align.delay_q[0][4]                       ;
; PRESERVE_REGISTER   ; on    ; -    ; gen_limb[2].gen_align.delay_q[0][3]                       ;
; DONT_MERGE_REGISTER ; on    ; -    ; gen_limb[2].gen_align.delay_q[0][3]                       ;
; PRESERVE_REGISTER   ; on    ; -    ; gen_limb[2].gen_align.delay_q[0][2]                       ;
; DONT_MERGE_REGISTER ; on    ; -    ; gen_limb[2].gen_align.delay_q[0][2]                       ;
; PRESERVE_REGISTER   ; on    ; -    ; gen_limb[2].gen_align.delay_q[0][1]                       ;
; DONT_MERGE_REGISTER ; on    ; -    ; gen_limb[2].gen_align.delay_q[0][1]                       ;
; PRESERVE_REGISTER   ; on    ; -    ; gen_limb[2].gen_align.delay_q[0][0]                       ;
; DONT_MERGE_REGISTER ; on    ; -    ; gen_limb[2].gen_align.delay_q[0][0]                       ;
; PRESERVE_REGISTER   ; on    ; -    ; gen_limb[3].q[0]                                          ;
; DONT_MERGE_REGISTER ; on    ; -    ; gen_limb[3].q[0]                                          ;
; PRESERVE_REGISTER   ; on    ; -    ; gen_limb[3].q[15]                                         ;
; DONT_MERGE_REGISTER ; on    ; -    ; gen_limb[3].q[15]                                         ;
; PRESERVE_REGISTER   ; on    ; -    ; gen_limb[3].q[14]                                         ;
; DONT_MERGE_REGISTER ; on    ; -    ; gen_limb[3].q[14]                                         ;
; PRESERVE_REGISTER   ; on    ; -    ; gen_limb[3].q[13]                                         ;
; DONT_MERGE_REGISTER ; on    ; -    ; gen_limb[3].q[13]                                         ;
; PRESERVE_REGISTER   ; on    ; -    ; gen_limb[3].q[12]                                         ;
; DONT_MERGE_REGISTER ; on    ; -    ; gen_limb[3].q[12]                                         ;
; PRESERVE_REGISTER   ; on    ; -    ; gen_limb[3].q[11]                                         ;
; DONT_MERGE_REGISTER ; on    ; -    ; gen_limb[3].q[11]                                         ;
; PRESERVE_REGISTER   ; on    ; -    ; gen_limb[3].q[10]                                         ;
; DONT_MERGE_REGISTER ; on    ; -    ; gen_limb[3].q[10]                                         ;
; PRESERVE_REGISTER   ; on    ; -    ; gen_limb[3].q[9]                                          ;
; DONT_MERGE_REGISTER ; on    ; -    ; gen_limb[3].q[9]                                          ;
; PRESERVE_REGISTER   ; on    ; -    ; gen_limb[3].q[8]                                          ;
; DONT_MERGE_REGISTER ; on    ; -    ; gen_limb[3].q[8]                                          ;
; PRESERVE_REGISTER   ; on    ; -    ; gen_limb[3].q[7]                                          ;
; DONT_MERGE_REGISTER ; on    ; -    ; gen_limb[3].q[7]                                          ;
; PRESERVE_REGISTER   ; on    ; -    ; gen_limb[3].q[6]                                          ;
; DONT_MERGE_REGISTER ; on    ; -    ; gen_limb[3].q[6]                                          ;
; PRESERVE_REGISTER   ; on    ; -    ; gen_limb[3].q[5]                                          ;
; DONT_MERGE_REGISTER ; on    ; -    ; gen_limb[3].q[5]                                          ;
; PRESERVE_REGISTER   ; on    ; -    ; gen_limb[3].q[4]                                          ;
; DONT_MERGE_REGISTER ; on    ; -    ; gen_limb[3].q[4]                                          ;
; PRESERVE_REGISTER   ; on    ; -    ; gen_limb[3].q[3]                                          ;
; DONT_MERGE_REGISTER ; on    ; -    ; gen_limb[3].q[3]                                          ;
; PRESERVE_REGISTER   ; on    ; -    ; gen_limb[3].q[2]                                          ;
; DONT_MERGE_REGISTER ; on    ; -    ; gen_limb[3].q[2]                                          ;
; PRESERVE_REGISTER   ; on    ; -    ; gen_limb[3].q[1]                                          ;
; DONT_MERGE_REGISTER ; on    ; -    ; gen_limb[3].q[1]                                          ;
+---------------------+-------+------+-----------------------------------------------------------+


+--------------------------------------------------------------------------------------------+
; Source assignments for FsoDeliveryMonitor:delivery_monitor|FsoDeliveryCounter64:good_count ;
+---------------------+-------+------+-------------------------------------------------------+
; Assignment          ; Value ; From ; To                                                    ;
+---------------------+-------+------+-------------------------------------------------------+
; PRESERVE_REGISTER   ; on    ; -    ; gen_limb[0].q[15]                                     ;
; DONT_MERGE_REGISTER ; on    ; -    ; gen_limb[0].q[15]                                     ;
; PRESERVE_REGISTER   ; on    ; -    ; gen_limb[0].q[14]                                     ;
; DONT_MERGE_REGISTER ; on    ; -    ; gen_limb[0].q[14]                                     ;
; PRESERVE_REGISTER   ; on    ; -    ; gen_limb[0].q[13]                                     ;
; DONT_MERGE_REGISTER ; on    ; -    ; gen_limb[0].q[13]                                     ;
; PRESERVE_REGISTER   ; on    ; -    ; gen_limb[0].q[12]                                     ;
; DONT_MERGE_REGISTER ; on    ; -    ; gen_limb[0].q[12]                                     ;
; PRESERVE_REGISTER   ; on    ; -    ; gen_limb[0].q[11]                                     ;
; DONT_MERGE_REGISTER ; on    ; -    ; gen_limb[0].q[11]                                     ;
; PRESERVE_REGISTER   ; on    ; -    ; gen_limb[0].q[10]                                     ;
; DONT_MERGE_REGISTER ; on    ; -    ; gen_limb[0].q[10]                                     ;
; PRESERVE_REGISTER   ; on    ; -    ; gen_limb[0].q[9]                                      ;
; DONT_MERGE_REGISTER ; on    ; -    ; gen_limb[0].q[9]                                      ;
; PRESERVE_REGISTER   ; on    ; -    ; gen_limb[0].q[8]                                      ;
; DONT_MERGE_REGISTER ; on    ; -    ; gen_limb[0].q[8]                                      ;
; PRESERVE_REGISTER   ; on    ; -    ; gen_limb[0].q[7]                                      ;
; DONT_MERGE_REGISTER ; on    ; -    ; gen_limb[0].q[7]                                      ;
; PRESERVE_REGISTER   ; on    ; -    ; gen_limb[0].q[6]                                      ;
; DONT_MERGE_REGISTER ; on    ; -    ; gen_limb[0].q[6]                                      ;
; PRESERVE_REGISTER   ; on    ; -    ; gen_limb[0].q[5]                                      ;
; DONT_MERGE_REGISTER ; on    ; -    ; gen_limb[0].q[5]                                      ;
; PRESERVE_REGISTER   ; on    ; -    ; gen_limb[0].q[4]                                      ;
; DONT_MERGE_REGISTER ; on    ; -    ; gen_limb[0].q[4]                                      ;
; PRESERVE_REGISTER   ; on    ; -    ; gen_limb[0].q[3]                                      ;
; DONT_MERGE_REGISTER ; on    ; -    ; gen_limb[0].q[3]                                      ;
; PRESERVE_REGISTER   ; on    ; -    ; gen_limb[0].q[2]                                      ;
; DONT_MERGE_REGISTER ; on    ; -    ; gen_limb[0].q[2]                                      ;
; PRESERVE_REGISTER   ; on    ; -    ; gen_limb[0].q[1]                                      ;
; DONT_MERGE_REGISTER ; on    ; -    ; gen_limb[0].q[1]                                      ;
; PRESERVE_REGISTER   ; on    ; -    ; gen_limb[0].q[0]                                      ;
; DONT_MERGE_REGISTER ; on    ; -    ; gen_limb[0].q[0]                                      ;
; PRESERVE_REGISTER   ; on    ; -    ; gen_limb[0].carry_q                                   ;
; DONT_MERGE_REGISTER ; on    ; -    ; gen_limb[0].carry_q                                   ;
; PRESERVE_REGISTER   ; on    ; -    ; gen_limb[0].gen_align.delay_q[0][15]                  ;
; DONT_MERGE_REGISTER ; on    ; -    ; gen_limb[0].gen_align.delay_q[0][15]                  ;
; PRESERVE_REGISTER   ; on    ; -    ; gen_limb[0].gen_align.delay_q[0][14]                  ;
; DONT_MERGE_REGISTER ; on    ; -    ; gen_limb[0].gen_align.delay_q[0][14]                  ;
; PRESERVE_REGISTER   ; on    ; -    ; gen_limb[0].gen_align.delay_q[0][13]                  ;
; DONT_MERGE_REGISTER ; on    ; -    ; gen_limb[0].gen_align.delay_q[0][13]                  ;
; PRESERVE_REGISTER   ; on    ; -    ; gen_limb[0].gen_align.delay_q[0][12]                  ;
; DONT_MERGE_REGISTER ; on    ; -    ; gen_limb[0].gen_align.delay_q[0][12]                  ;
; PRESERVE_REGISTER   ; on    ; -    ; gen_limb[0].gen_align.delay_q[0][11]                  ;
; DONT_MERGE_REGISTER ; on    ; -    ; gen_limb[0].gen_align.delay_q[0][11]                  ;
; PRESERVE_REGISTER   ; on    ; -    ; gen_limb[0].gen_align.delay_q[0][10]                  ;
; DONT_MERGE_REGISTER ; on    ; -    ; gen_limb[0].gen_align.delay_q[0][10]                  ;
; PRESERVE_REGISTER   ; on    ; -    ; gen_limb[0].gen_align.delay_q[0][9]                   ;
; DONT_MERGE_REGISTER ; on    ; -    ; gen_limb[0].gen_align.delay_q[0][9]                   ;
; PRESERVE_REGISTER   ; on    ; -    ; gen_limb[0].gen_align.delay_q[0][8]                   ;
; DONT_MERGE_REGISTER ; on    ; -    ; gen_limb[0].gen_align.delay_q[0][8]                   ;
; PRESERVE_REGISTER   ; on    ; -    ; gen_limb[0].gen_align.delay_q[0][7]                   ;
; DONT_MERGE_REGISTER ; on    ; -    ; gen_limb[0].gen_align.delay_q[0][7]                   ;
; PRESERVE_REGISTER   ; on    ; -    ; gen_limb[0].gen_align.delay_q[0][6]                   ;
; DONT_MERGE_REGISTER ; on    ; -    ; gen_limb[0].gen_align.delay_q[0][6]                   ;
; PRESERVE_REGISTER   ; on    ; -    ; gen_limb[0].gen_align.delay_q[0][5]                   ;
; DONT_MERGE_REGISTER ; on    ; -    ; gen_limb[0].gen_align.delay_q[0][5]                   ;
; PRESERVE_REGISTER   ; on    ; -    ; gen_limb[0].gen_align.delay_q[0][4]                   ;
; DONT_MERGE_REGISTER ; on    ; -    ; gen_limb[0].gen_align.delay_q[0][4]                   ;
; PRESERVE_REGISTER   ; on    ; -    ; gen_limb[0].gen_align.delay_q[0][3]                   ;
; DONT_MERGE_REGISTER ; on    ; -    ; gen_limb[0].gen_align.delay_q[0][3]                   ;
; PRESERVE_REGISTER   ; on    ; -    ; gen_limb[0].gen_align.delay_q[0][2]                   ;
; DONT_MERGE_REGISTER ; on    ; -    ; gen_limb[0].gen_align.delay_q[0][2]                   ;
; PRESERVE_REGISTER   ; on    ; -    ; gen_limb[0].gen_align.delay_q[0][1]                   ;
; DONT_MERGE_REGISTER ; on    ; -    ; gen_limb[0].gen_align.delay_q[0][1]                   ;
; PRESERVE_REGISTER   ; on    ; -    ; gen_limb[0].gen_align.delay_q[0][0]                   ;
; DONT_MERGE_REGISTER ; on    ; -    ; gen_limb[0].gen_align.delay_q[0][0]                   ;
; PRESERVE_REGISTER   ; on    ; -    ; gen_limb[0].gen_align.delay_q[1][15]                  ;
; DONT_MERGE_REGISTER ; on    ; -    ; gen_limb[0].gen_align.delay_q[1][15]                  ;
; PRESERVE_REGISTER   ; on    ; -    ; gen_limb[0].gen_align.delay_q[1][14]                  ;
; DONT_MERGE_REGISTER ; on    ; -    ; gen_limb[0].gen_align.delay_q[1][14]                  ;
; PRESERVE_REGISTER   ; on    ; -    ; gen_limb[0].gen_align.delay_q[1][13]                  ;
; DONT_MERGE_REGISTER ; on    ; -    ; gen_limb[0].gen_align.delay_q[1][13]                  ;
; PRESERVE_REGISTER   ; on    ; -    ; gen_limb[0].gen_align.delay_q[1][12]                  ;
; DONT_MERGE_REGISTER ; on    ; -    ; gen_limb[0].gen_align.delay_q[1][12]                  ;
; PRESERVE_REGISTER   ; on    ; -    ; gen_limb[0].gen_align.delay_q[1][11]                  ;
; DONT_MERGE_REGISTER ; on    ; -    ; gen_limb[0].gen_align.delay_q[1][11]                  ;
; PRESERVE_REGISTER   ; on    ; -    ; gen_limb[0].gen_align.delay_q[1][10]                  ;
; DONT_MERGE_REGISTER ; on    ; -    ; gen_limb[0].gen_align.delay_q[1][10]                  ;
; PRESERVE_REGISTER   ; on    ; -    ; gen_limb[0].gen_align.delay_q[1][9]                   ;
; DONT_MERGE_REGISTER ; on    ; -    ; gen_limb[0].gen_align.delay_q[1][9]                   ;
; PRESERVE_REGISTER   ; on    ; -    ; gen_limb[0].gen_align.delay_q[1][8]                   ;
; DONT_MERGE_REGISTER ; on    ; -    ; gen_limb[0].gen_align.delay_q[1][8]                   ;
; PRESERVE_REGISTER   ; on    ; -    ; gen_limb[0].gen_align.delay_q[1][7]                   ;
; DONT_MERGE_REGISTER ; on    ; -    ; gen_limb[0].gen_align.delay_q[1][7]                   ;
; PRESERVE_REGISTER   ; on    ; -    ; gen_limb[0].gen_align.delay_q[1][6]                   ;
; DONT_MERGE_REGISTER ; on    ; -    ; gen_limb[0].gen_align.delay_q[1][6]                   ;
; PRESERVE_REGISTER   ; on    ; -    ; gen_limb[0].gen_align.delay_q[1][5]                   ;
; DONT_MERGE_REGISTER ; on    ; -    ; gen_limb[0].gen_align.delay_q[1][5]                   ;
; PRESERVE_REGISTER   ; on    ; -    ; gen_limb[0].gen_align.delay_q[1][4]                   ;
; DONT_MERGE_REGISTER ; on    ; -    ; gen_limb[0].gen_align.delay_q[1][4]                   ;
; PRESERVE_REGISTER   ; on    ; -    ; gen_limb[0].gen_align.delay_q[1][3]                   ;
; DONT_MERGE_REGISTER ; on    ; -    ; gen_limb[0].gen_align.delay_q[1][3]                   ;
; PRESERVE_REGISTER   ; on    ; -    ; gen_limb[0].gen_align.delay_q[1][2]                   ;
; DONT_MERGE_REGISTER ; on    ; -    ; gen_limb[0].gen_align.delay_q[1][2]                   ;
; PRESERVE_REGISTER   ; on    ; -    ; gen_limb[0].gen_align.delay_q[1][1]                   ;
; DONT_MERGE_REGISTER ; on    ; -    ; gen_limb[0].gen_align.delay_q[1][1]                   ;
; PRESERVE_REGISTER   ; on    ; -    ; gen_limb[0].gen_align.delay_q[1][0]                   ;
; DONT_MERGE_REGISTER ; on    ; -    ; gen_limb[0].gen_align.delay_q[1][0]                   ;
; PRESERVE_REGISTER   ; on    ; -    ; gen_limb[0].gen_align.delay_q[2][15]                  ;
; DONT_MERGE_REGISTER ; on    ; -    ; gen_limb[0].gen_align.delay_q[2][15]                  ;
; PRESERVE_REGISTER   ; on    ; -    ; gen_limb[0].gen_align.delay_q[2][14]                  ;
; DONT_MERGE_REGISTER ; on    ; -    ; gen_limb[0].gen_align.delay_q[2][14]                  ;
; PRESERVE_REGISTER   ; on    ; -    ; gen_limb[0].gen_align.delay_q[2][13]                  ;
; DONT_MERGE_REGISTER ; on    ; -    ; gen_limb[0].gen_align.delay_q[2][13]                  ;
; PRESERVE_REGISTER   ; on    ; -    ; gen_limb[0].gen_align.delay_q[2][12]                  ;
; DONT_MERGE_REGISTER ; on    ; -    ; gen_limb[0].gen_align.delay_q[2][12]                  ;
; PRESERVE_REGISTER   ; on    ; -    ; gen_limb[0].gen_align.delay_q[2][11]                  ;
; DONT_MERGE_REGISTER ; on    ; -    ; gen_limb[0].gen_align.delay_q[2][11]                  ;
; PRESERVE_REGISTER   ; on    ; -    ; gen_limb[0].gen_align.delay_q[2][10]                  ;
; DONT_MERGE_REGISTER ; on    ; -    ; gen_limb[0].gen_align.delay_q[2][10]                  ;
; PRESERVE_REGISTER   ; on    ; -    ; gen_limb[0].gen_align.delay_q[2][9]                   ;
; DONT_MERGE_REGISTER ; on    ; -    ; gen_limb[0].gen_align.delay_q[2][9]                   ;
; PRESERVE_REGISTER   ; on    ; -    ; gen_limb[0].gen_align.delay_q[2][8]                   ;
; DONT_MERGE_REGISTER ; on    ; -    ; gen_limb[0].gen_align.delay_q[2][8]                   ;
; PRESERVE_REGISTER   ; on    ; -    ; gen_limb[0].gen_align.delay_q[2][7]                   ;
; DONT_MERGE_REGISTER ; on    ; -    ; gen_limb[0].gen_align.delay_q[2][7]                   ;
; PRESERVE_REGISTER   ; on    ; -    ; gen_limb[0].gen_align.delay_q[2][6]                   ;
; DONT_MERGE_REGISTER ; on    ; -    ; gen_limb[0].gen_align.delay_q[2][6]                   ;
; PRESERVE_REGISTER   ; on    ; -    ; gen_limb[0].gen_align.delay_q[2][5]                   ;
; DONT_MERGE_REGISTER ; on    ; -    ; gen_limb[0].gen_align.delay_q[2][5]                   ;
; PRESERVE_REGISTER   ; on    ; -    ; gen_limb[0].gen_align.delay_q[2][4]                   ;
; DONT_MERGE_REGISTER ; on    ; -    ; gen_limb[0].gen_align.delay_q[2][4]                   ;
; PRESERVE_REGISTER   ; on    ; -    ; gen_limb[0].gen_align.delay_q[2][3]                   ;
; DONT_MERGE_REGISTER ; on    ; -    ; gen_limb[0].gen_align.delay_q[2][3]                   ;
; PRESERVE_REGISTER   ; on    ; -    ; gen_limb[0].gen_align.delay_q[2][2]                   ;
; DONT_MERGE_REGISTER ; on    ; -    ; gen_limb[0].gen_align.delay_q[2][2]                   ;
; PRESERVE_REGISTER   ; on    ; -    ; gen_limb[0].gen_align.delay_q[2][1]                   ;
; DONT_MERGE_REGISTER ; on    ; -    ; gen_limb[0].gen_align.delay_q[2][1]                   ;
; PRESERVE_REGISTER   ; on    ; -    ; gen_limb[0].gen_align.delay_q[2][0]                   ;
; DONT_MERGE_REGISTER ; on    ; -    ; gen_limb[0].gen_align.delay_q[2][0]                   ;
; PRESERVE_REGISTER   ; on    ; -    ; gen_limb[1].q[15]                                     ;
; DONT_MERGE_REGISTER ; on    ; -    ; gen_limb[1].q[15]                                     ;
; PRESERVE_REGISTER   ; on    ; -    ; gen_limb[1].q[14]                                     ;
; DONT_MERGE_REGISTER ; on    ; -    ; gen_limb[1].q[14]                                     ;
; PRESERVE_REGISTER   ; on    ; -    ; gen_limb[1].q[13]                                     ;
; DONT_MERGE_REGISTER ; on    ; -    ; gen_limb[1].q[13]                                     ;
; PRESERVE_REGISTER   ; on    ; -    ; gen_limb[1].q[12]                                     ;
; DONT_MERGE_REGISTER ; on    ; -    ; gen_limb[1].q[12]                                     ;
; PRESERVE_REGISTER   ; on    ; -    ; gen_limb[1].q[11]                                     ;
; DONT_MERGE_REGISTER ; on    ; -    ; gen_limb[1].q[11]                                     ;
; PRESERVE_REGISTER   ; on    ; -    ; gen_limb[1].q[10]                                     ;
; DONT_MERGE_REGISTER ; on    ; -    ; gen_limb[1].q[10]                                     ;
; PRESERVE_REGISTER   ; on    ; -    ; gen_limb[1].q[9]                                      ;
; DONT_MERGE_REGISTER ; on    ; -    ; gen_limb[1].q[9]                                      ;
; PRESERVE_REGISTER   ; on    ; -    ; gen_limb[1].q[8]                                      ;
; DONT_MERGE_REGISTER ; on    ; -    ; gen_limb[1].q[8]                                      ;
; PRESERVE_REGISTER   ; on    ; -    ; gen_limb[1].q[7]                                      ;
; DONT_MERGE_REGISTER ; on    ; -    ; gen_limb[1].q[7]                                      ;
; PRESERVE_REGISTER   ; on    ; -    ; gen_limb[1].q[6]                                      ;
; DONT_MERGE_REGISTER ; on    ; -    ; gen_limb[1].q[6]                                      ;
; PRESERVE_REGISTER   ; on    ; -    ; gen_limb[1].q[5]                                      ;
; DONT_MERGE_REGISTER ; on    ; -    ; gen_limb[1].q[5]                                      ;
; PRESERVE_REGISTER   ; on    ; -    ; gen_limb[1].q[4]                                      ;
; DONT_MERGE_REGISTER ; on    ; -    ; gen_limb[1].q[4]                                      ;
; PRESERVE_REGISTER   ; on    ; -    ; gen_limb[1].q[3]                                      ;
; DONT_MERGE_REGISTER ; on    ; -    ; gen_limb[1].q[3]                                      ;
; PRESERVE_REGISTER   ; on    ; -    ; gen_limb[1].q[2]                                      ;
; DONT_MERGE_REGISTER ; on    ; -    ; gen_limb[1].q[2]                                      ;
; PRESERVE_REGISTER   ; on    ; -    ; gen_limb[1].q[1]                                      ;
; DONT_MERGE_REGISTER ; on    ; -    ; gen_limb[1].q[1]                                      ;
; PRESERVE_REGISTER   ; on    ; -    ; gen_limb[1].q[0]                                      ;
; DONT_MERGE_REGISTER ; on    ; -    ; gen_limb[1].q[0]                                      ;
; PRESERVE_REGISTER   ; on    ; -    ; gen_limb[1].carry_q                                   ;
; DONT_MERGE_REGISTER ; on    ; -    ; gen_limb[1].carry_q                                   ;
; PRESERVE_REGISTER   ; on    ; -    ; gen_limb[1].gen_align.delay_q[0][15]                  ;
; DONT_MERGE_REGISTER ; on    ; -    ; gen_limb[1].gen_align.delay_q[0][15]                  ;
; PRESERVE_REGISTER   ; on    ; -    ; gen_limb[1].gen_align.delay_q[0][14]                  ;
; DONT_MERGE_REGISTER ; on    ; -    ; gen_limb[1].gen_align.delay_q[0][14]                  ;
; PRESERVE_REGISTER   ; on    ; -    ; gen_limb[1].gen_align.delay_q[0][13]                  ;
; DONT_MERGE_REGISTER ; on    ; -    ; gen_limb[1].gen_align.delay_q[0][13]                  ;
; PRESERVE_REGISTER   ; on    ; -    ; gen_limb[1].gen_align.delay_q[0][12]                  ;
; DONT_MERGE_REGISTER ; on    ; -    ; gen_limb[1].gen_align.delay_q[0][12]                  ;
; PRESERVE_REGISTER   ; on    ; -    ; gen_limb[1].gen_align.delay_q[0][11]                  ;
; DONT_MERGE_REGISTER ; on    ; -    ; gen_limb[1].gen_align.delay_q[0][11]                  ;
; PRESERVE_REGISTER   ; on    ; -    ; gen_limb[1].gen_align.delay_q[0][10]                  ;
; DONT_MERGE_REGISTER ; on    ; -    ; gen_limb[1].gen_align.delay_q[0][10]                  ;
; PRESERVE_REGISTER   ; on    ; -    ; gen_limb[1].gen_align.delay_q[0][9]                   ;
; DONT_MERGE_REGISTER ; on    ; -    ; gen_limb[1].gen_align.delay_q[0][9]                   ;
; PRESERVE_REGISTER   ; on    ; -    ; gen_limb[1].gen_align.delay_q[0][8]                   ;
; DONT_MERGE_REGISTER ; on    ; -    ; gen_limb[1].gen_align.delay_q[0][8]                   ;
; PRESERVE_REGISTER   ; on    ; -    ; gen_limb[1].gen_align.delay_q[0][7]                   ;
; DONT_MERGE_REGISTER ; on    ; -    ; gen_limb[1].gen_align.delay_q[0][7]                   ;
; PRESERVE_REGISTER   ; on    ; -    ; gen_limb[1].gen_align.delay_q[0][6]                   ;
; DONT_MERGE_REGISTER ; on    ; -    ; gen_limb[1].gen_align.delay_q[0][6]                   ;
; PRESERVE_REGISTER   ; on    ; -    ; gen_limb[1].gen_align.delay_q[0][5]                   ;
; DONT_MERGE_REGISTER ; on    ; -    ; gen_limb[1].gen_align.delay_q[0][5]                   ;
; PRESERVE_REGISTER   ; on    ; -    ; gen_limb[1].gen_align.delay_q[0][4]                   ;
; DONT_MERGE_REGISTER ; on    ; -    ; gen_limb[1].gen_align.delay_q[0][4]                   ;
; PRESERVE_REGISTER   ; on    ; -    ; gen_limb[1].gen_align.delay_q[0][3]                   ;
; DONT_MERGE_REGISTER ; on    ; -    ; gen_limb[1].gen_align.delay_q[0][3]                   ;
; PRESERVE_REGISTER   ; on    ; -    ; gen_limb[1].gen_align.delay_q[0][2]                   ;
; DONT_MERGE_REGISTER ; on    ; -    ; gen_limb[1].gen_align.delay_q[0][2]                   ;
; PRESERVE_REGISTER   ; on    ; -    ; gen_limb[1].gen_align.delay_q[0][1]                   ;
; DONT_MERGE_REGISTER ; on    ; -    ; gen_limb[1].gen_align.delay_q[0][1]                   ;
; PRESERVE_REGISTER   ; on    ; -    ; gen_limb[1].gen_align.delay_q[0][0]                   ;
; DONT_MERGE_REGISTER ; on    ; -    ; gen_limb[1].gen_align.delay_q[0][0]                   ;
; PRESERVE_REGISTER   ; on    ; -    ; gen_limb[1].gen_align.delay_q[1][15]                  ;
; DONT_MERGE_REGISTER ; on    ; -    ; gen_limb[1].gen_align.delay_q[1][15]                  ;
; PRESERVE_REGISTER   ; on    ; -    ; gen_limb[1].gen_align.delay_q[1][14]                  ;
; DONT_MERGE_REGISTER ; on    ; -    ; gen_limb[1].gen_align.delay_q[1][14]                  ;
; PRESERVE_REGISTER   ; on    ; -    ; gen_limb[1].gen_align.delay_q[1][13]                  ;
; DONT_MERGE_REGISTER ; on    ; -    ; gen_limb[1].gen_align.delay_q[1][13]                  ;
; PRESERVE_REGISTER   ; on    ; -    ; gen_limb[1].gen_align.delay_q[1][12]                  ;
; DONT_MERGE_REGISTER ; on    ; -    ; gen_limb[1].gen_align.delay_q[1][12]                  ;
; PRESERVE_REGISTER   ; on    ; -    ; gen_limb[1].gen_align.delay_q[1][11]                  ;
; DONT_MERGE_REGISTER ; on    ; -    ; gen_limb[1].gen_align.delay_q[1][11]                  ;
; PRESERVE_REGISTER   ; on    ; -    ; gen_limb[1].gen_align.delay_q[1][10]                  ;
; DONT_MERGE_REGISTER ; on    ; -    ; gen_limb[1].gen_align.delay_q[1][10]                  ;
; PRESERVE_REGISTER   ; on    ; -    ; gen_limb[1].gen_align.delay_q[1][9]                   ;
; DONT_MERGE_REGISTER ; on    ; -    ; gen_limb[1].gen_align.delay_q[1][9]                   ;
; PRESERVE_REGISTER   ; on    ; -    ; gen_limb[1].gen_align.delay_q[1][8]                   ;
; DONT_MERGE_REGISTER ; on    ; -    ; gen_limb[1].gen_align.delay_q[1][8]                   ;
; PRESERVE_REGISTER   ; on    ; -    ; gen_limb[1].gen_align.delay_q[1][7]                   ;
; DONT_MERGE_REGISTER ; on    ; -    ; gen_limb[1].gen_align.delay_q[1][7]                   ;
; PRESERVE_REGISTER   ; on    ; -    ; gen_limb[1].gen_align.delay_q[1][6]                   ;
; DONT_MERGE_REGISTER ; on    ; -    ; gen_limb[1].gen_align.delay_q[1][6]                   ;
; PRESERVE_REGISTER   ; on    ; -    ; gen_limb[1].gen_align.delay_q[1][5]                   ;
; DONT_MERGE_REGISTER ; on    ; -    ; gen_limb[1].gen_align.delay_q[1][5]                   ;
; PRESERVE_REGISTER   ; on    ; -    ; gen_limb[1].gen_align.delay_q[1][4]                   ;
; DONT_MERGE_REGISTER ; on    ; -    ; gen_limb[1].gen_align.delay_q[1][4]                   ;
; PRESERVE_REGISTER   ; on    ; -    ; gen_limb[1].gen_align.delay_q[1][3]                   ;
; DONT_MERGE_REGISTER ; on    ; -    ; gen_limb[1].gen_align.delay_q[1][3]                   ;
; PRESERVE_REGISTER   ; on    ; -    ; gen_limb[1].gen_align.delay_q[1][2]                   ;
; DONT_MERGE_REGISTER ; on    ; -    ; gen_limb[1].gen_align.delay_q[1][2]                   ;
; PRESERVE_REGISTER   ; on    ; -    ; gen_limb[1].gen_align.delay_q[1][1]                   ;
; DONT_MERGE_REGISTER ; on    ; -    ; gen_limb[1].gen_align.delay_q[1][1]                   ;
; PRESERVE_REGISTER   ; on    ; -    ; gen_limb[1].gen_align.delay_q[1][0]                   ;
; DONT_MERGE_REGISTER ; on    ; -    ; gen_limb[1].gen_align.delay_q[1][0]                   ;
; PRESERVE_REGISTER   ; on    ; -    ; gen_limb[2].q[15]                                     ;
; DONT_MERGE_REGISTER ; on    ; -    ; gen_limb[2].q[15]                                     ;
; PRESERVE_REGISTER   ; on    ; -    ; gen_limb[2].q[14]                                     ;
; DONT_MERGE_REGISTER ; on    ; -    ; gen_limb[2].q[14]                                     ;
; PRESERVE_REGISTER   ; on    ; -    ; gen_limb[2].q[13]                                     ;
; DONT_MERGE_REGISTER ; on    ; -    ; gen_limb[2].q[13]                                     ;
; PRESERVE_REGISTER   ; on    ; -    ; gen_limb[2].q[12]                                     ;
; DONT_MERGE_REGISTER ; on    ; -    ; gen_limb[2].q[12]                                     ;
; PRESERVE_REGISTER   ; on    ; -    ; gen_limb[2].q[11]                                     ;
; DONT_MERGE_REGISTER ; on    ; -    ; gen_limb[2].q[11]                                     ;
; PRESERVE_REGISTER   ; on    ; -    ; gen_limb[2].q[10]                                     ;
; DONT_MERGE_REGISTER ; on    ; -    ; gen_limb[2].q[10]                                     ;
; PRESERVE_REGISTER   ; on    ; -    ; gen_limb[2].q[9]                                      ;
; DONT_MERGE_REGISTER ; on    ; -    ; gen_limb[2].q[9]                                      ;
; PRESERVE_REGISTER   ; on    ; -    ; gen_limb[2].q[8]                                      ;
; DONT_MERGE_REGISTER ; on    ; -    ; gen_limb[2].q[8]                                      ;
; PRESERVE_REGISTER   ; on    ; -    ; gen_limb[2].q[7]                                      ;
; DONT_MERGE_REGISTER ; on    ; -    ; gen_limb[2].q[7]                                      ;
; PRESERVE_REGISTER   ; on    ; -    ; gen_limb[2].q[6]                                      ;
; DONT_MERGE_REGISTER ; on    ; -    ; gen_limb[2].q[6]                                      ;
; PRESERVE_REGISTER   ; on    ; -    ; gen_limb[2].q[5]                                      ;
; DONT_MERGE_REGISTER ; on    ; -    ; gen_limb[2].q[5]                                      ;
; PRESERVE_REGISTER   ; on    ; -    ; gen_limb[2].q[4]                                      ;
; DONT_MERGE_REGISTER ; on    ; -    ; gen_limb[2].q[4]                                      ;
; PRESERVE_REGISTER   ; on    ; -    ; gen_limb[2].q[3]                                      ;
; DONT_MERGE_REGISTER ; on    ; -    ; gen_limb[2].q[3]                                      ;
; PRESERVE_REGISTER   ; on    ; -    ; gen_limb[2].q[2]                                      ;
; DONT_MERGE_REGISTER ; on    ; -    ; gen_limb[2].q[2]                                      ;
; PRESERVE_REGISTER   ; on    ; -    ; gen_limb[2].q[1]                                      ;
; DONT_MERGE_REGISTER ; on    ; -    ; gen_limb[2].q[1]                                      ;
; PRESERVE_REGISTER   ; on    ; -    ; gen_limb[2].q[0]                                      ;
; DONT_MERGE_REGISTER ; on    ; -    ; gen_limb[2].q[0]                                      ;
; PRESERVE_REGISTER   ; on    ; -    ; gen_limb[2].carry_q                                   ;
; DONT_MERGE_REGISTER ; on    ; -    ; gen_limb[2].carry_q                                   ;
; PRESERVE_REGISTER   ; on    ; -    ; gen_limb[2].gen_align.delay_q[0][15]                  ;
; DONT_MERGE_REGISTER ; on    ; -    ; gen_limb[2].gen_align.delay_q[0][15]                  ;
; PRESERVE_REGISTER   ; on    ; -    ; gen_limb[2].gen_align.delay_q[0][14]                  ;
; DONT_MERGE_REGISTER ; on    ; -    ; gen_limb[2].gen_align.delay_q[0][14]                  ;
; PRESERVE_REGISTER   ; on    ; -    ; gen_limb[2].gen_align.delay_q[0][13]                  ;
; DONT_MERGE_REGISTER ; on    ; -    ; gen_limb[2].gen_align.delay_q[0][13]                  ;
; PRESERVE_REGISTER   ; on    ; -    ; gen_limb[2].gen_align.delay_q[0][12]                  ;
; DONT_MERGE_REGISTER ; on    ; -    ; gen_limb[2].gen_align.delay_q[0][12]                  ;
; PRESERVE_REGISTER   ; on    ; -    ; gen_limb[2].gen_align.delay_q[0][11]                  ;
; DONT_MERGE_REGISTER ; on    ; -    ; gen_limb[2].gen_align.delay_q[0][11]                  ;
; PRESERVE_REGISTER   ; on    ; -    ; gen_limb[2].gen_align.delay_q[0][10]                  ;
; DONT_MERGE_REGISTER ; on    ; -    ; gen_limb[2].gen_align.delay_q[0][10]                  ;
; PRESERVE_REGISTER   ; on    ; -    ; gen_limb[2].gen_align.delay_q[0][9]                   ;
; DONT_MERGE_REGISTER ; on    ; -    ; gen_limb[2].gen_align.delay_q[0][9]                   ;
; PRESERVE_REGISTER   ; on    ; -    ; gen_limb[2].gen_align.delay_q[0][8]                   ;
; DONT_MERGE_REGISTER ; on    ; -    ; gen_limb[2].gen_align.delay_q[0][8]                   ;
; PRESERVE_REGISTER   ; on    ; -    ; gen_limb[2].gen_align.delay_q[0][7]                   ;
; DONT_MERGE_REGISTER ; on    ; -    ; gen_limb[2].gen_align.delay_q[0][7]                   ;
; PRESERVE_REGISTER   ; on    ; -    ; gen_limb[2].gen_align.delay_q[0][6]                   ;
; DONT_MERGE_REGISTER ; on    ; -    ; gen_limb[2].gen_align.delay_q[0][6]                   ;
; PRESERVE_REGISTER   ; on    ; -    ; gen_limb[2].gen_align.delay_q[0][5]                   ;
; DONT_MERGE_REGISTER ; on    ; -    ; gen_limb[2].gen_align.delay_q[0][5]                   ;
; PRESERVE_REGISTER   ; on    ; -    ; gen_limb[2].gen_align.delay_q[0][4]                   ;
; DONT_MERGE_REGISTER ; on    ; -    ; gen_limb[2].gen_align.delay_q[0][4]                   ;
; PRESERVE_REGISTER   ; on    ; -    ; gen_limb[2].gen_align.delay_q[0][3]                   ;
; DONT_MERGE_REGISTER ; on    ; -    ; gen_limb[2].gen_align.delay_q[0][3]                   ;
; PRESERVE_REGISTER   ; on    ; -    ; gen_limb[2].gen_align.delay_q[0][2]                   ;
; DONT_MERGE_REGISTER ; on    ; -    ; gen_limb[2].gen_align.delay_q[0][2]                   ;
; PRESERVE_REGISTER   ; on    ; -    ; gen_limb[2].gen_align.delay_q[0][1]                   ;
; DONT_MERGE_REGISTER ; on    ; -    ; gen_limb[2].gen_align.delay_q[0][1]                   ;
; PRESERVE_REGISTER   ; on    ; -    ; gen_limb[2].gen_align.delay_q[0][0]                   ;
; DONT_MERGE_REGISTER ; on    ; -    ; gen_limb[2].gen_align.delay_q[0][0]                   ;
; PRESERVE_REGISTER   ; on    ; -    ; gen_limb[3].q[0]                                      ;
; DONT_MERGE_REGISTER ; on    ; -    ; gen_limb[3].q[0]                                      ;
; PRESERVE_REGISTER   ; on    ; -    ; gen_limb[3].q[15]                                     ;
; DONT_MERGE_REGISTER ; on    ; -    ; gen_limb[3].q[15]                                     ;
; PRESERVE_REGISTER   ; on    ; -    ; gen_limb[3].q[14]                                     ;
; DONT_MERGE_REGISTER ; on    ; -    ; gen_limb[3].q[14]                                     ;
; PRESERVE_REGISTER   ; on    ; -    ; gen_limb[3].q[13]                                     ;
; DONT_MERGE_REGISTER ; on    ; -    ; gen_limb[3].q[13]                                     ;
; PRESERVE_REGISTER   ; on    ; -    ; gen_limb[3].q[12]                                     ;
; DONT_MERGE_REGISTER ; on    ; -    ; gen_limb[3].q[12]                                     ;
; PRESERVE_REGISTER   ; on    ; -    ; gen_limb[3].q[11]                                     ;
; DONT_MERGE_REGISTER ; on    ; -    ; gen_limb[3].q[11]                                     ;
; PRESERVE_REGISTER   ; on    ; -    ; gen_limb[3].q[10]                                     ;
; DONT_MERGE_REGISTER ; on    ; -    ; gen_limb[3].q[10]                                     ;
; PRESERVE_REGISTER   ; on    ; -    ; gen_limb[3].q[9]                                      ;
; DONT_MERGE_REGISTER ; on    ; -    ; gen_limb[3].q[9]                                      ;
; PRESERVE_REGISTER   ; on    ; -    ; gen_limb[3].q[8]                                      ;
; DONT_MERGE_REGISTER ; on    ; -    ; gen_limb[3].q[8]                                      ;
; PRESERVE_REGISTER   ; on    ; -    ; gen_limb[3].q[7]                                      ;
; DONT_MERGE_REGISTER ; on    ; -    ; gen_limb[3].q[7]                                      ;
; PRESERVE_REGISTER   ; on    ; -    ; gen_limb[3].q[6]                                      ;
; DONT_MERGE_REGISTER ; on    ; -    ; gen_limb[3].q[6]                                      ;
; PRESERVE_REGISTER   ; on    ; -    ; gen_limb[3].q[5]                                      ;
; DONT_MERGE_REGISTER ; on    ; -    ; gen_limb[3].q[5]                                      ;
; PRESERVE_REGISTER   ; on    ; -    ; gen_limb[3].q[4]                                      ;
; DONT_MERGE_REGISTER ; on    ; -    ; gen_limb[3].q[4]                                      ;
; PRESERVE_REGISTER   ; on    ; -    ; gen_limb[3].q[3]                                      ;
; DONT_MERGE_REGISTER ; on    ; -    ; gen_limb[3].q[3]                                      ;
; PRESERVE_REGISTER   ; on    ; -    ; gen_limb[3].q[2]                                      ;
; DONT_MERGE_REGISTER ; on    ; -    ; gen_limb[3].q[2]                                      ;
; PRESERVE_REGISTER   ; on    ; -    ; gen_limb[3].q[1]                                      ;
; DONT_MERGE_REGISTER ; on    ; -    ; gen_limb[3].q[1]                                      ;
+---------------------+-------+------+-------------------------------------------------------+


+------------------------------------------------------------------------------------------------+
; Source assignments for FsoDeliveryMonitor:delivery_monitor|FsoDeliveryCounter64:compared_count ;
+---------------------+-------+------+-----------------------------------------------------------+
; Assignment          ; Value ; From ; To                                                        ;
+---------------------+-------+------+-----------------------------------------------------------+
; PRESERVE_REGISTER   ; on    ; -    ; gen_limb[0].q[15]                                         ;
; DONT_MERGE_REGISTER ; on    ; -    ; gen_limb[0].q[15]                                         ;
; PRESERVE_REGISTER   ; on    ; -    ; gen_limb[0].q[14]                                         ;
; DONT_MERGE_REGISTER ; on    ; -    ; gen_limb[0].q[14]                                         ;
; PRESERVE_REGISTER   ; on    ; -    ; gen_limb[0].q[13]                                         ;
; DONT_MERGE_REGISTER ; on    ; -    ; gen_limb[0].q[13]                                         ;
; PRESERVE_REGISTER   ; on    ; -    ; gen_limb[0].q[12]                                         ;
; DONT_MERGE_REGISTER ; on    ; -    ; gen_limb[0].q[12]                                         ;
; PRESERVE_REGISTER   ; on    ; -    ; gen_limb[0].q[11]                                         ;
; DONT_MERGE_REGISTER ; on    ; -    ; gen_limb[0].q[11]                                         ;
; PRESERVE_REGISTER   ; on    ; -    ; gen_limb[0].q[10]                                         ;
; DONT_MERGE_REGISTER ; on    ; -    ; gen_limb[0].q[10]                                         ;
; PRESERVE_REGISTER   ; on    ; -    ; gen_limb[0].q[9]                                          ;
; DONT_MERGE_REGISTER ; on    ; -    ; gen_limb[0].q[9]                                          ;
; PRESERVE_REGISTER   ; on    ; -    ; gen_limb[0].q[8]                                          ;
; DONT_MERGE_REGISTER ; on    ; -    ; gen_limb[0].q[8]                                          ;
; PRESERVE_REGISTER   ; on    ; -    ; gen_limb[0].q[7]                                          ;
; DONT_MERGE_REGISTER ; on    ; -    ; gen_limb[0].q[7]                                          ;
; PRESERVE_REGISTER   ; on    ; -    ; gen_limb[0].q[6]                                          ;
; DONT_MERGE_REGISTER ; on    ; -    ; gen_limb[0].q[6]                                          ;
; PRESERVE_REGISTER   ; on    ; -    ; gen_limb[0].q[5]                                          ;
; DONT_MERGE_REGISTER ; on    ; -    ; gen_limb[0].q[5]                                          ;
; PRESERVE_REGISTER   ; on    ; -    ; gen_limb[0].q[4]                                          ;
; DONT_MERGE_REGISTER ; on    ; -    ; gen_limb[0].q[4]                                          ;
; PRESERVE_REGISTER   ; on    ; -    ; gen_limb[0].q[3]                                          ;
; DONT_MERGE_REGISTER ; on    ; -    ; gen_limb[0].q[3]                                          ;
; PRESERVE_REGISTER   ; on    ; -    ; gen_limb[0].q[2]                                          ;
; DONT_MERGE_REGISTER ; on    ; -    ; gen_limb[0].q[2]                                          ;
; PRESERVE_REGISTER   ; on    ; -    ; gen_limb[0].q[1]                                          ;
; DONT_MERGE_REGISTER ; on    ; -    ; gen_limb[0].q[1]                                          ;
; PRESERVE_REGISTER   ; on    ; -    ; gen_limb[0].q[0]                                          ;
; DONT_MERGE_REGISTER ; on    ; -    ; gen_limb[0].q[0]                                          ;
; PRESERVE_REGISTER   ; on    ; -    ; gen_limb[0].carry_q                                       ;
; DONT_MERGE_REGISTER ; on    ; -    ; gen_limb[0].carry_q                                       ;
; PRESERVE_REGISTER   ; on    ; -    ; gen_limb[0].gen_align.delay_q[0][15]                      ;
; DONT_MERGE_REGISTER ; on    ; -    ; gen_limb[0].gen_align.delay_q[0][15]                      ;
; PRESERVE_REGISTER   ; on    ; -    ; gen_limb[0].gen_align.delay_q[0][14]                      ;
; DONT_MERGE_REGISTER ; on    ; -    ; gen_limb[0].gen_align.delay_q[0][14]                      ;
; PRESERVE_REGISTER   ; on    ; -    ; gen_limb[0].gen_align.delay_q[0][13]                      ;
; DONT_MERGE_REGISTER ; on    ; -    ; gen_limb[0].gen_align.delay_q[0][13]                      ;
; PRESERVE_REGISTER   ; on    ; -    ; gen_limb[0].gen_align.delay_q[0][12]                      ;
; DONT_MERGE_REGISTER ; on    ; -    ; gen_limb[0].gen_align.delay_q[0][12]                      ;
; PRESERVE_REGISTER   ; on    ; -    ; gen_limb[0].gen_align.delay_q[0][11]                      ;
; DONT_MERGE_REGISTER ; on    ; -    ; gen_limb[0].gen_align.delay_q[0][11]                      ;
; PRESERVE_REGISTER   ; on    ; -    ; gen_limb[0].gen_align.delay_q[0][10]                      ;
; DONT_MERGE_REGISTER ; on    ; -    ; gen_limb[0].gen_align.delay_q[0][10]                      ;
; PRESERVE_REGISTER   ; on    ; -    ; gen_limb[0].gen_align.delay_q[0][9]                       ;
; DONT_MERGE_REGISTER ; on    ; -    ; gen_limb[0].gen_align.delay_q[0][9]                       ;
; PRESERVE_REGISTER   ; on    ; -    ; gen_limb[0].gen_align.delay_q[0][8]                       ;
; DONT_MERGE_REGISTER ; on    ; -    ; gen_limb[0].gen_align.delay_q[0][8]                       ;
; PRESERVE_REGISTER   ; on    ; -    ; gen_limb[0].gen_align.delay_q[0][7]                       ;
; DONT_MERGE_REGISTER ; on    ; -    ; gen_limb[0].gen_align.delay_q[0][7]                       ;
; PRESERVE_REGISTER   ; on    ; -    ; gen_limb[0].gen_align.delay_q[0][6]                       ;
; DONT_MERGE_REGISTER ; on    ; -    ; gen_limb[0].gen_align.delay_q[0][6]                       ;
; PRESERVE_REGISTER   ; on    ; -    ; gen_limb[0].gen_align.delay_q[0][5]                       ;
; DONT_MERGE_REGISTER ; on    ; -    ; gen_limb[0].gen_align.delay_q[0][5]                       ;
; PRESERVE_REGISTER   ; on    ; -    ; gen_limb[0].gen_align.delay_q[0][4]                       ;
; DONT_MERGE_REGISTER ; on    ; -    ; gen_limb[0].gen_align.delay_q[0][4]                       ;
; PRESERVE_REGISTER   ; on    ; -    ; gen_limb[0].gen_align.delay_q[0][3]                       ;
; DONT_MERGE_REGISTER ; on    ; -    ; gen_limb[0].gen_align.delay_q[0][3]                       ;
; PRESERVE_REGISTER   ; on    ; -    ; gen_limb[0].gen_align.delay_q[0][2]                       ;
; DONT_MERGE_REGISTER ; on    ; -    ; gen_limb[0].gen_align.delay_q[0][2]                       ;
; PRESERVE_REGISTER   ; on    ; -    ; gen_limb[0].gen_align.delay_q[0][1]                       ;
; DONT_MERGE_REGISTER ; on    ; -    ; gen_limb[0].gen_align.delay_q[0][1]                       ;
; PRESERVE_REGISTER   ; on    ; -    ; gen_limb[0].gen_align.delay_q[0][0]                       ;
; DONT_MERGE_REGISTER ; on    ; -    ; gen_limb[0].gen_align.delay_q[0][0]                       ;
; PRESERVE_REGISTER   ; on    ; -    ; gen_limb[0].gen_align.delay_q[1][15]                      ;
; DONT_MERGE_REGISTER ; on    ; -    ; gen_limb[0].gen_align.delay_q[1][15]                      ;
; PRESERVE_REGISTER   ; on    ; -    ; gen_limb[0].gen_align.delay_q[1][14]                      ;
; DONT_MERGE_REGISTER ; on    ; -    ; gen_limb[0].gen_align.delay_q[1][14]                      ;
; PRESERVE_REGISTER   ; on    ; -    ; gen_limb[0].gen_align.delay_q[1][13]                      ;
; DONT_MERGE_REGISTER ; on    ; -    ; gen_limb[0].gen_align.delay_q[1][13]                      ;
; PRESERVE_REGISTER   ; on    ; -    ; gen_limb[0].gen_align.delay_q[1][12]                      ;
; DONT_MERGE_REGISTER ; on    ; -    ; gen_limb[0].gen_align.delay_q[1][12]                      ;
; PRESERVE_REGISTER   ; on    ; -    ; gen_limb[0].gen_align.delay_q[1][11]                      ;
; DONT_MERGE_REGISTER ; on    ; -    ; gen_limb[0].gen_align.delay_q[1][11]                      ;
; PRESERVE_REGISTER   ; on    ; -    ; gen_limb[0].gen_align.delay_q[1][10]                      ;
; DONT_MERGE_REGISTER ; on    ; -    ; gen_limb[0].gen_align.delay_q[1][10]                      ;
; PRESERVE_REGISTER   ; on    ; -    ; gen_limb[0].gen_align.delay_q[1][9]                       ;
; DONT_MERGE_REGISTER ; on    ; -    ; gen_limb[0].gen_align.delay_q[1][9]                       ;
; PRESERVE_REGISTER   ; on    ; -    ; gen_limb[0].gen_align.delay_q[1][8]                       ;
; DONT_MERGE_REGISTER ; on    ; -    ; gen_limb[0].gen_align.delay_q[1][8]                       ;
; PRESERVE_REGISTER   ; on    ; -    ; gen_limb[0].gen_align.delay_q[1][7]                       ;
; DONT_MERGE_REGISTER ; on    ; -    ; gen_limb[0].gen_align.delay_q[1][7]                       ;
; PRESERVE_REGISTER   ; on    ; -    ; gen_limb[0].gen_align.delay_q[1][6]                       ;
; DONT_MERGE_REGISTER ; on    ; -    ; gen_limb[0].gen_align.delay_q[1][6]                       ;
; PRESERVE_REGISTER   ; on    ; -    ; gen_limb[0].gen_align.delay_q[1][5]                       ;
; DONT_MERGE_REGISTER ; on    ; -    ; gen_limb[0].gen_align.delay_q[1][5]                       ;
; PRESERVE_REGISTER   ; on    ; -    ; gen_limb[0].gen_align.delay_q[1][4]                       ;
; DONT_MERGE_REGISTER ; on    ; -    ; gen_limb[0].gen_align.delay_q[1][4]                       ;
; PRESERVE_REGISTER   ; on    ; -    ; gen_limb[0].gen_align.delay_q[1][3]                       ;
; DONT_MERGE_REGISTER ; on    ; -    ; gen_limb[0].gen_align.delay_q[1][3]                       ;
; PRESERVE_REGISTER   ; on    ; -    ; gen_limb[0].gen_align.delay_q[1][2]                       ;
; DONT_MERGE_REGISTER ; on    ; -    ; gen_limb[0].gen_align.delay_q[1][2]                       ;
; PRESERVE_REGISTER   ; on    ; -    ; gen_limb[0].gen_align.delay_q[1][1]                       ;
; DONT_MERGE_REGISTER ; on    ; -    ; gen_limb[0].gen_align.delay_q[1][1]                       ;
; PRESERVE_REGISTER   ; on    ; -    ; gen_limb[0].gen_align.delay_q[1][0]                       ;
; DONT_MERGE_REGISTER ; on    ; -    ; gen_limb[0].gen_align.delay_q[1][0]                       ;
; PRESERVE_REGISTER   ; on    ; -    ; gen_limb[0].gen_align.delay_q[2][15]                      ;
; DONT_MERGE_REGISTER ; on    ; -    ; gen_limb[0].gen_align.delay_q[2][15]                      ;
; PRESERVE_REGISTER   ; on    ; -    ; gen_limb[0].gen_align.delay_q[2][14]                      ;
; DONT_MERGE_REGISTER ; on    ; -    ; gen_limb[0].gen_align.delay_q[2][14]                      ;
; PRESERVE_REGISTER   ; on    ; -    ; gen_limb[0].gen_align.delay_q[2][13]                      ;
; DONT_MERGE_REGISTER ; on    ; -    ; gen_limb[0].gen_align.delay_q[2][13]                      ;
; PRESERVE_REGISTER   ; on    ; -    ; gen_limb[0].gen_align.delay_q[2][12]                      ;
; DONT_MERGE_REGISTER ; on    ; -    ; gen_limb[0].gen_align.delay_q[2][12]                      ;
; PRESERVE_REGISTER   ; on    ; -    ; gen_limb[0].gen_align.delay_q[2][11]                      ;
; DONT_MERGE_REGISTER ; on    ; -    ; gen_limb[0].gen_align.delay_q[2][11]                      ;
; PRESERVE_REGISTER   ; on    ; -    ; gen_limb[0].gen_align.delay_q[2][10]                      ;
; DONT_MERGE_REGISTER ; on    ; -    ; gen_limb[0].gen_align.delay_q[2][10]                      ;
; PRESERVE_REGISTER   ; on    ; -    ; gen_limb[0].gen_align.delay_q[2][9]                       ;
; DONT_MERGE_REGISTER ; on    ; -    ; gen_limb[0].gen_align.delay_q[2][9]                       ;
; PRESERVE_REGISTER   ; on    ; -    ; gen_limb[0].gen_align.delay_q[2][8]                       ;
; DONT_MERGE_REGISTER ; on    ; -    ; gen_limb[0].gen_align.delay_q[2][8]                       ;
; PRESERVE_REGISTER   ; on    ; -    ; gen_limb[0].gen_align.delay_q[2][7]                       ;
; DONT_MERGE_REGISTER ; on    ; -    ; gen_limb[0].gen_align.delay_q[2][7]                       ;
; PRESERVE_REGISTER   ; on    ; -    ; gen_limb[0].gen_align.delay_q[2][6]                       ;
; DONT_MERGE_REGISTER ; on    ; -    ; gen_limb[0].gen_align.delay_q[2][6]                       ;
; PRESERVE_REGISTER   ; on    ; -    ; gen_limb[0].gen_align.delay_q[2][5]                       ;
; DONT_MERGE_REGISTER ; on    ; -    ; gen_limb[0].gen_align.delay_q[2][5]                       ;
; PRESERVE_REGISTER   ; on    ; -    ; gen_limb[0].gen_align.delay_q[2][4]                       ;
; DONT_MERGE_REGISTER ; on    ; -    ; gen_limb[0].gen_align.delay_q[2][4]                       ;
; PRESERVE_REGISTER   ; on    ; -    ; gen_limb[0].gen_align.delay_q[2][3]                       ;
; DONT_MERGE_REGISTER ; on    ; -    ; gen_limb[0].gen_align.delay_q[2][3]                       ;
; PRESERVE_REGISTER   ; on    ; -    ; gen_limb[0].gen_align.delay_q[2][2]                       ;
; DONT_MERGE_REGISTER ; on    ; -    ; gen_limb[0].gen_align.delay_q[2][2]                       ;
; PRESERVE_REGISTER   ; on    ; -    ; gen_limb[0].gen_align.delay_q[2][1]                       ;
; DONT_MERGE_REGISTER ; on    ; -    ; gen_limb[0].gen_align.delay_q[2][1]                       ;
; PRESERVE_REGISTER   ; on    ; -    ; gen_limb[0].gen_align.delay_q[2][0]                       ;
; DONT_MERGE_REGISTER ; on    ; -    ; gen_limb[0].gen_align.delay_q[2][0]                       ;
; PRESERVE_REGISTER   ; on    ; -    ; gen_limb[1].q[15]                                         ;
; DONT_MERGE_REGISTER ; on    ; -    ; gen_limb[1].q[15]                                         ;
; PRESERVE_REGISTER   ; on    ; -    ; gen_limb[1].q[14]                                         ;
; DONT_MERGE_REGISTER ; on    ; -    ; gen_limb[1].q[14]                                         ;
; PRESERVE_REGISTER   ; on    ; -    ; gen_limb[1].q[13]                                         ;
; DONT_MERGE_REGISTER ; on    ; -    ; gen_limb[1].q[13]                                         ;
; PRESERVE_REGISTER   ; on    ; -    ; gen_limb[1].q[12]                                         ;
; DONT_MERGE_REGISTER ; on    ; -    ; gen_limb[1].q[12]                                         ;
; PRESERVE_REGISTER   ; on    ; -    ; gen_limb[1].q[11]                                         ;
; DONT_MERGE_REGISTER ; on    ; -    ; gen_limb[1].q[11]                                         ;
; PRESERVE_REGISTER   ; on    ; -    ; gen_limb[1].q[10]                                         ;
; DONT_MERGE_REGISTER ; on    ; -    ; gen_limb[1].q[10]                                         ;
; PRESERVE_REGISTER   ; on    ; -    ; gen_limb[1].q[9]                                          ;
; DONT_MERGE_REGISTER ; on    ; -    ; gen_limb[1].q[9]                                          ;
; PRESERVE_REGISTER   ; on    ; -    ; gen_limb[1].q[8]                                          ;
; DONT_MERGE_REGISTER ; on    ; -    ; gen_limb[1].q[8]                                          ;
; PRESERVE_REGISTER   ; on    ; -    ; gen_limb[1].q[7]                                          ;
; DONT_MERGE_REGISTER ; on    ; -    ; gen_limb[1].q[7]                                          ;
; PRESERVE_REGISTER   ; on    ; -    ; gen_limb[1].q[6]                                          ;
; DONT_MERGE_REGISTER ; on    ; -    ; gen_limb[1].q[6]                                          ;
; PRESERVE_REGISTER   ; on    ; -    ; gen_limb[1].q[5]                                          ;
; DONT_MERGE_REGISTER ; on    ; -    ; gen_limb[1].q[5]                                          ;
; PRESERVE_REGISTER   ; on    ; -    ; gen_limb[1].q[4]                                          ;
; DONT_MERGE_REGISTER ; on    ; -    ; gen_limb[1].q[4]                                          ;
; PRESERVE_REGISTER   ; on    ; -    ; gen_limb[1].q[3]                                          ;
; DONT_MERGE_REGISTER ; on    ; -    ; gen_limb[1].q[3]                                          ;
; PRESERVE_REGISTER   ; on    ; -    ; gen_limb[1].q[2]                                          ;
; DONT_MERGE_REGISTER ; on    ; -    ; gen_limb[1].q[2]                                          ;
; PRESERVE_REGISTER   ; on    ; -    ; gen_limb[1].q[1]                                          ;
; DONT_MERGE_REGISTER ; on    ; -    ; gen_limb[1].q[1]                                          ;
; PRESERVE_REGISTER   ; on    ; -    ; gen_limb[1].q[0]                                          ;
; DONT_MERGE_REGISTER ; on    ; -    ; gen_limb[1].q[0]                                          ;
; PRESERVE_REGISTER   ; on    ; -    ; gen_limb[1].carry_q                                       ;
; DONT_MERGE_REGISTER ; on    ; -    ; gen_limb[1].carry_q                                       ;
; PRESERVE_REGISTER   ; on    ; -    ; gen_limb[1].gen_align.delay_q[0][15]                      ;
; DONT_MERGE_REGISTER ; on    ; -    ; gen_limb[1].gen_align.delay_q[0][15]                      ;
; PRESERVE_REGISTER   ; on    ; -    ; gen_limb[1].gen_align.delay_q[0][14]                      ;
; DONT_MERGE_REGISTER ; on    ; -    ; gen_limb[1].gen_align.delay_q[0][14]                      ;
; PRESERVE_REGISTER   ; on    ; -    ; gen_limb[1].gen_align.delay_q[0][13]                      ;
; DONT_MERGE_REGISTER ; on    ; -    ; gen_limb[1].gen_align.delay_q[0][13]                      ;
; PRESERVE_REGISTER   ; on    ; -    ; gen_limb[1].gen_align.delay_q[0][12]                      ;
; DONT_MERGE_REGISTER ; on    ; -    ; gen_limb[1].gen_align.delay_q[0][12]                      ;
; PRESERVE_REGISTER   ; on    ; -    ; gen_limb[1].gen_align.delay_q[0][11]                      ;
; DONT_MERGE_REGISTER ; on    ; -    ; gen_limb[1].gen_align.delay_q[0][11]                      ;
; PRESERVE_REGISTER   ; on    ; -    ; gen_limb[1].gen_align.delay_q[0][10]                      ;
; DONT_MERGE_REGISTER ; on    ; -    ; gen_limb[1].gen_align.delay_q[0][10]                      ;
; PRESERVE_REGISTER   ; on    ; -    ; gen_limb[1].gen_align.delay_q[0][9]                       ;
; DONT_MERGE_REGISTER ; on    ; -    ; gen_limb[1].gen_align.delay_q[0][9]                       ;
; PRESERVE_REGISTER   ; on    ; -    ; gen_limb[1].gen_align.delay_q[0][8]                       ;
; DONT_MERGE_REGISTER ; on    ; -    ; gen_limb[1].gen_align.delay_q[0][8]                       ;
; PRESERVE_REGISTER   ; on    ; -    ; gen_limb[1].gen_align.delay_q[0][7]                       ;
; DONT_MERGE_REGISTER ; on    ; -    ; gen_limb[1].gen_align.delay_q[0][7]                       ;
; PRESERVE_REGISTER   ; on    ; -    ; gen_limb[1].gen_align.delay_q[0][6]                       ;
; DONT_MERGE_REGISTER ; on    ; -    ; gen_limb[1].gen_align.delay_q[0][6]                       ;
; PRESERVE_REGISTER   ; on    ; -    ; gen_limb[1].gen_align.delay_q[0][5]                       ;
; DONT_MERGE_REGISTER ; on    ; -    ; gen_limb[1].gen_align.delay_q[0][5]                       ;
; PRESERVE_REGISTER   ; on    ; -    ; gen_limb[1].gen_align.delay_q[0][4]                       ;
; DONT_MERGE_REGISTER ; on    ; -    ; gen_limb[1].gen_align.delay_q[0][4]                       ;
; PRESERVE_REGISTER   ; on    ; -    ; gen_limb[1].gen_align.delay_q[0][3]                       ;
; DONT_MERGE_REGISTER ; on    ; -    ; gen_limb[1].gen_align.delay_q[0][3]                       ;
; PRESERVE_REGISTER   ; on    ; -    ; gen_limb[1].gen_align.delay_q[0][2]                       ;
; DONT_MERGE_REGISTER ; on    ; -    ; gen_limb[1].gen_align.delay_q[0][2]                       ;
; PRESERVE_REGISTER   ; on    ; -    ; gen_limb[1].gen_align.delay_q[0][1]                       ;
; DONT_MERGE_REGISTER ; on    ; -    ; gen_limb[1].gen_align.delay_q[0][1]                       ;
; PRESERVE_REGISTER   ; on    ; -    ; gen_limb[1].gen_align.delay_q[0][0]                       ;
; DONT_MERGE_REGISTER ; on    ; -    ; gen_limb[1].gen_align.delay_q[0][0]                       ;
; PRESERVE_REGISTER   ; on    ; -    ; gen_limb[1].gen_align.delay_q[1][15]                      ;
; DONT_MERGE_REGISTER ; on    ; -    ; gen_limb[1].gen_align.delay_q[1][15]                      ;
; PRESERVE_REGISTER   ; on    ; -    ; gen_limb[1].gen_align.delay_q[1][14]                      ;
; DONT_MERGE_REGISTER ; on    ; -    ; gen_limb[1].gen_align.delay_q[1][14]                      ;
; PRESERVE_REGISTER   ; on    ; -    ; gen_limb[1].gen_align.delay_q[1][13]                      ;
; DONT_MERGE_REGISTER ; on    ; -    ; gen_limb[1].gen_align.delay_q[1][13]                      ;
; PRESERVE_REGISTER   ; on    ; -    ; gen_limb[1].gen_align.delay_q[1][12]                      ;
; DONT_MERGE_REGISTER ; on    ; -    ; gen_limb[1].gen_align.delay_q[1][12]                      ;
; PRESERVE_REGISTER   ; on    ; -    ; gen_limb[1].gen_align.delay_q[1][11]                      ;
; DONT_MERGE_REGISTER ; on    ; -    ; gen_limb[1].gen_align.delay_q[1][11]                      ;
; PRESERVE_REGISTER   ; on    ; -    ; gen_limb[1].gen_align.delay_q[1][10]                      ;
; DONT_MERGE_REGISTER ; on    ; -    ; gen_limb[1].gen_align.delay_q[1][10]                      ;
; PRESERVE_REGISTER   ; on    ; -    ; gen_limb[1].gen_align.delay_q[1][9]                       ;
; DONT_MERGE_REGISTER ; on    ; -    ; gen_limb[1].gen_align.delay_q[1][9]                       ;
; PRESERVE_REGISTER   ; on    ; -    ; gen_limb[1].gen_align.delay_q[1][8]                       ;
; DONT_MERGE_REGISTER ; on    ; -    ; gen_limb[1].gen_align.delay_q[1][8]                       ;
; PRESERVE_REGISTER   ; on    ; -    ; gen_limb[1].gen_align.delay_q[1][7]                       ;
; DONT_MERGE_REGISTER ; on    ; -    ; gen_limb[1].gen_align.delay_q[1][7]                       ;
; PRESERVE_REGISTER   ; on    ; -    ; gen_limb[1].gen_align.delay_q[1][6]                       ;
; DONT_MERGE_REGISTER ; on    ; -    ; gen_limb[1].gen_align.delay_q[1][6]                       ;
; PRESERVE_REGISTER   ; on    ; -    ; gen_limb[1].gen_align.delay_q[1][5]                       ;
; DONT_MERGE_REGISTER ; on    ; -    ; gen_limb[1].gen_align.delay_q[1][5]                       ;
; PRESERVE_REGISTER   ; on    ; -    ; gen_limb[1].gen_align.delay_q[1][4]                       ;
; DONT_MERGE_REGISTER ; on    ; -    ; gen_limb[1].gen_align.delay_q[1][4]                       ;
; PRESERVE_REGISTER   ; on    ; -    ; gen_limb[1].gen_align.delay_q[1][3]                       ;
; DONT_MERGE_REGISTER ; on    ; -    ; gen_limb[1].gen_align.delay_q[1][3]                       ;
; PRESERVE_REGISTER   ; on    ; -    ; gen_limb[1].gen_align.delay_q[1][2]                       ;
; DONT_MERGE_REGISTER ; on    ; -    ; gen_limb[1].gen_align.delay_q[1][2]                       ;
; PRESERVE_REGISTER   ; on    ; -    ; gen_limb[1].gen_align.delay_q[1][1]                       ;
; DONT_MERGE_REGISTER ; on    ; -    ; gen_limb[1].gen_align.delay_q[1][1]                       ;
; PRESERVE_REGISTER   ; on    ; -    ; gen_limb[1].gen_align.delay_q[1][0]                       ;
; DONT_MERGE_REGISTER ; on    ; -    ; gen_limb[1].gen_align.delay_q[1][0]                       ;
; PRESERVE_REGISTER   ; on    ; -    ; gen_limb[2].q[15]                                         ;
; DONT_MERGE_REGISTER ; on    ; -    ; gen_limb[2].q[15]                                         ;
; PRESERVE_REGISTER   ; on    ; -    ; gen_limb[2].q[14]                                         ;
; DONT_MERGE_REGISTER ; on    ; -    ; gen_limb[2].q[14]                                         ;
; PRESERVE_REGISTER   ; on    ; -    ; gen_limb[2].q[13]                                         ;
; DONT_MERGE_REGISTER ; on    ; -    ; gen_limb[2].q[13]                                         ;
; PRESERVE_REGISTER   ; on    ; -    ; gen_limb[2].q[12]                                         ;
; DONT_MERGE_REGISTER ; on    ; -    ; gen_limb[2].q[12]                                         ;
; PRESERVE_REGISTER   ; on    ; -    ; gen_limb[2].q[11]                                         ;
; DONT_MERGE_REGISTER ; on    ; -    ; gen_limb[2].q[11]                                         ;
; PRESERVE_REGISTER   ; on    ; -    ; gen_limb[2].q[10]                                         ;
; DONT_MERGE_REGISTER ; on    ; -    ; gen_limb[2].q[10]                                         ;
; PRESERVE_REGISTER   ; on    ; -    ; gen_limb[2].q[9]                                          ;
; DONT_MERGE_REGISTER ; on    ; -    ; gen_limb[2].q[9]                                          ;
; PRESERVE_REGISTER   ; on    ; -    ; gen_limb[2].q[8]                                          ;
; DONT_MERGE_REGISTER ; on    ; -    ; gen_limb[2].q[8]                                          ;
; PRESERVE_REGISTER   ; on    ; -    ; gen_limb[2].q[7]                                          ;
; DONT_MERGE_REGISTER ; on    ; -    ; gen_limb[2].q[7]                                          ;
; PRESERVE_REGISTER   ; on    ; -    ; gen_limb[2].q[6]                                          ;
; DONT_MERGE_REGISTER ; on    ; -    ; gen_limb[2].q[6]                                          ;
; PRESERVE_REGISTER   ; on    ; -    ; gen_limb[2].q[5]                                          ;
; DONT_MERGE_REGISTER ; on    ; -    ; gen_limb[2].q[5]                                          ;
; PRESERVE_REGISTER   ; on    ; -    ; gen_limb[2].q[4]                                          ;
; DONT_MERGE_REGISTER ; on    ; -    ; gen_limb[2].q[4]                                          ;
; PRESERVE_REGISTER   ; on    ; -    ; gen_limb[2].q[3]                                          ;
; DONT_MERGE_REGISTER ; on    ; -    ; gen_limb[2].q[3]                                          ;
; PRESERVE_REGISTER   ; on    ; -    ; gen_limb[2].q[2]                                          ;
; DONT_MERGE_REGISTER ; on    ; -    ; gen_limb[2].q[2]                                          ;
; PRESERVE_REGISTER   ; on    ; -    ; gen_limb[2].q[1]                                          ;
; DONT_MERGE_REGISTER ; on    ; -    ; gen_limb[2].q[1]                                          ;
; PRESERVE_REGISTER   ; on    ; -    ; gen_limb[2].q[0]                                          ;
; DONT_MERGE_REGISTER ; on    ; -    ; gen_limb[2].q[0]                                          ;
; PRESERVE_REGISTER   ; on    ; -    ; gen_limb[2].carry_q                                       ;
; DONT_MERGE_REGISTER ; on    ; -    ; gen_limb[2].carry_q                                       ;
; PRESERVE_REGISTER   ; on    ; -    ; gen_limb[2].gen_align.delay_q[0][15]                      ;
; DONT_MERGE_REGISTER ; on    ; -    ; gen_limb[2].gen_align.delay_q[0][15]                      ;
; PRESERVE_REGISTER   ; on    ; -    ; gen_limb[2].gen_align.delay_q[0][14]                      ;
; DONT_MERGE_REGISTER ; on    ; -    ; gen_limb[2].gen_align.delay_q[0][14]                      ;
; PRESERVE_REGISTER   ; on    ; -    ; gen_limb[2].gen_align.delay_q[0][13]                      ;
; DONT_MERGE_REGISTER ; on    ; -    ; gen_limb[2].gen_align.delay_q[0][13]                      ;
; PRESERVE_REGISTER   ; on    ; -    ; gen_limb[2].gen_align.delay_q[0][12]                      ;
; DONT_MERGE_REGISTER ; on    ; -    ; gen_limb[2].gen_align.delay_q[0][12]                      ;
; PRESERVE_REGISTER   ; on    ; -    ; gen_limb[2].gen_align.delay_q[0][11]                      ;
; DONT_MERGE_REGISTER ; on    ; -    ; gen_limb[2].gen_align.delay_q[0][11]                      ;
; PRESERVE_REGISTER   ; on    ; -    ; gen_limb[2].gen_align.delay_q[0][10]                      ;
; DONT_MERGE_REGISTER ; on    ; -    ; gen_limb[2].gen_align.delay_q[0][10]                      ;
; PRESERVE_REGISTER   ; on    ; -    ; gen_limb[2].gen_align.delay_q[0][9]                       ;
; DONT_MERGE_REGISTER ; on    ; -    ; gen_limb[2].gen_align.delay_q[0][9]                       ;
; PRESERVE_REGISTER   ; on    ; -    ; gen_limb[2].gen_align.delay_q[0][8]                       ;
; DONT_MERGE_REGISTER ; on    ; -    ; gen_limb[2].gen_align.delay_q[0][8]                       ;
; PRESERVE_REGISTER   ; on    ; -    ; gen_limb[2].gen_align.delay_q[0][7]                       ;
; DONT_MERGE_REGISTER ; on    ; -    ; gen_limb[2].gen_align.delay_q[0][7]                       ;
; PRESERVE_REGISTER   ; on    ; -    ; gen_limb[2].gen_align.delay_q[0][6]                       ;
; DONT_MERGE_REGISTER ; on    ; -    ; gen_limb[2].gen_align.delay_q[0][6]                       ;
; PRESERVE_REGISTER   ; on    ; -    ; gen_limb[2].gen_align.delay_q[0][5]                       ;
; DONT_MERGE_REGISTER ; on    ; -    ; gen_limb[2].gen_align.delay_q[0][5]                       ;
; PRESERVE_REGISTER   ; on    ; -    ; gen_limb[2].gen_align.delay_q[0][4]                       ;
; DONT_MERGE_REGISTER ; on    ; -    ; gen_limb[2].gen_align.delay_q[0][4]                       ;
; PRESERVE_REGISTER   ; on    ; -    ; gen_limb[2].gen_align.delay_q[0][3]                       ;
; DONT_MERGE_REGISTER ; on    ; -    ; gen_limb[2].gen_align.delay_q[0][3]                       ;
; PRESERVE_REGISTER   ; on    ; -    ; gen_limb[2].gen_align.delay_q[0][2]                       ;
; DONT_MERGE_REGISTER ; on    ; -    ; gen_limb[2].gen_align.delay_q[0][2]                       ;
; PRESERVE_REGISTER   ; on    ; -    ; gen_limb[2].gen_align.delay_q[0][1]                       ;
; DONT_MERGE_REGISTER ; on    ; -    ; gen_limb[2].gen_align.delay_q[0][1]                       ;
; PRESERVE_REGISTER   ; on    ; -    ; gen_limb[2].gen_align.delay_q[0][0]                       ;
; DONT_MERGE_REGISTER ; on    ; -    ; gen_limb[2].gen_align.delay_q[0][0]                       ;
; PRESERVE_REGISTER   ; on    ; -    ; gen_limb[3].q[0]                                          ;
; DONT_MERGE_REGISTER ; on    ; -    ; gen_limb[3].q[0]                                          ;
; PRESERVE_REGISTER   ; on    ; -    ; gen_limb[3].q[15]                                         ;
; DONT_MERGE_REGISTER ; on    ; -    ; gen_limb[3].q[15]                                         ;
; PRESERVE_REGISTER   ; on    ; -    ; gen_limb[3].q[14]                                         ;
; DONT_MERGE_REGISTER ; on    ; -    ; gen_limb[3].q[14]                                         ;
; PRESERVE_REGISTER   ; on    ; -    ; gen_limb[3].q[13]                                         ;
; DONT_MERGE_REGISTER ; on    ; -    ; gen_limb[3].q[13]                                         ;
; PRESERVE_REGISTER   ; on    ; -    ; gen_limb[3].q[12]                                         ;
; DONT_MERGE_REGISTER ; on    ; -    ; gen_limb[3].q[12]                                         ;
; PRESERVE_REGISTER   ; on    ; -    ; gen_limb[3].q[11]                                         ;
; DONT_MERGE_REGISTER ; on    ; -    ; gen_limb[3].q[11]                                         ;
; PRESERVE_REGISTER   ; on    ; -    ; gen_limb[3].q[10]                                         ;
; DONT_MERGE_REGISTER ; on    ; -    ; gen_limb[3].q[10]                                         ;
; PRESERVE_REGISTER   ; on    ; -    ; gen_limb[3].q[9]                                          ;
; DONT_MERGE_REGISTER ; on    ; -    ; gen_limb[3].q[9]                                          ;
; PRESERVE_REGISTER   ; on    ; -    ; gen_limb[3].q[8]                                          ;
; DONT_MERGE_REGISTER ; on    ; -    ; gen_limb[3].q[8]                                          ;
; PRESERVE_REGISTER   ; on    ; -    ; gen_limb[3].q[7]                                          ;
; DONT_MERGE_REGISTER ; on    ; -    ; gen_limb[3].q[7]                                          ;
; PRESERVE_REGISTER   ; on    ; -    ; gen_limb[3].q[6]                                          ;
; DONT_MERGE_REGISTER ; on    ; -    ; gen_limb[3].q[6]                                          ;
; PRESERVE_REGISTER   ; on    ; -    ; gen_limb[3].q[5]                                          ;
; DONT_MERGE_REGISTER ; on    ; -    ; gen_limb[3].q[5]                                          ;
; PRESERVE_REGISTER   ; on    ; -    ; gen_limb[3].q[4]                                          ;
; DONT_MERGE_REGISTER ; on    ; -    ; gen_limb[3].q[4]                                          ;
; PRESERVE_REGISTER   ; on    ; -    ; gen_limb[3].q[3]                                          ;
; DONT_MERGE_REGISTER ; on    ; -    ; gen_limb[3].q[3]                                          ;
; PRESERVE_REGISTER   ; on    ; -    ; gen_limb[3].q[2]                                          ;
; DONT_MERGE_REGISTER ; on    ; -    ; gen_limb[3].q[2]                                          ;
; PRESERVE_REGISTER   ; on    ; -    ; gen_limb[3].q[1]                                          ;
; DONT_MERGE_REGISTER ; on    ; -    ; gen_limb[3].q[1]                                          ;
+---------------------+-------+------+-----------------------------------------------------------+


+---------------------------------------------------------------------------------------------+
; Source assignments for FsoDeliveryMonitor:delivery_monitor|FsoDeliveryCounter64:error_count ;
+---------------------+-------+------+--------------------------------------------------------+
; Assignment          ; Value ; From ; To                                                     ;
+---------------------+-------+------+--------------------------------------------------------+
; PRESERVE_REGISTER   ; on    ; -    ; gen_limb[0].q[15]                                      ;
; DONT_MERGE_REGISTER ; on    ; -    ; gen_limb[0].q[15]                                      ;
; PRESERVE_REGISTER   ; on    ; -    ; gen_limb[0].q[14]                                      ;
; DONT_MERGE_REGISTER ; on    ; -    ; gen_limb[0].q[14]                                      ;
; PRESERVE_REGISTER   ; on    ; -    ; gen_limb[0].q[13]                                      ;
; DONT_MERGE_REGISTER ; on    ; -    ; gen_limb[0].q[13]                                      ;
; PRESERVE_REGISTER   ; on    ; -    ; gen_limb[0].q[12]                                      ;
; DONT_MERGE_REGISTER ; on    ; -    ; gen_limb[0].q[12]                                      ;
; PRESERVE_REGISTER   ; on    ; -    ; gen_limb[0].q[11]                                      ;
; DONT_MERGE_REGISTER ; on    ; -    ; gen_limb[0].q[11]                                      ;
; PRESERVE_REGISTER   ; on    ; -    ; gen_limb[0].q[10]                                      ;
; DONT_MERGE_REGISTER ; on    ; -    ; gen_limb[0].q[10]                                      ;
; PRESERVE_REGISTER   ; on    ; -    ; gen_limb[0].q[9]                                       ;
; DONT_MERGE_REGISTER ; on    ; -    ; gen_limb[0].q[9]                                       ;
; PRESERVE_REGISTER   ; on    ; -    ; gen_limb[0].q[8]                                       ;
; DONT_MERGE_REGISTER ; on    ; -    ; gen_limb[0].q[8]                                       ;
; PRESERVE_REGISTER   ; on    ; -    ; gen_limb[0].q[7]                                       ;
; DONT_MERGE_REGISTER ; on    ; -    ; gen_limb[0].q[7]                                       ;
; PRESERVE_REGISTER   ; on    ; -    ; gen_limb[0].q[6]                                       ;
; DONT_MERGE_REGISTER ; on    ; -    ; gen_limb[0].q[6]                                       ;
; PRESERVE_REGISTER   ; on    ; -    ; gen_limb[0].q[5]                                       ;
; DONT_MERGE_REGISTER ; on    ; -    ; gen_limb[0].q[5]                                       ;
; PRESERVE_REGISTER   ; on    ; -    ; gen_limb[0].q[4]                                       ;
; DONT_MERGE_REGISTER ; on    ; -    ; gen_limb[0].q[4]                                       ;
; PRESERVE_REGISTER   ; on    ; -    ; gen_limb[0].q[3]                                       ;
; DONT_MERGE_REGISTER ; on    ; -    ; gen_limb[0].q[3]                                       ;
; PRESERVE_REGISTER   ; on    ; -    ; gen_limb[0].q[2]                                       ;
; DONT_MERGE_REGISTER ; on    ; -    ; gen_limb[0].q[2]                                       ;
; PRESERVE_REGISTER   ; on    ; -    ; gen_limb[0].q[1]                                       ;
; DONT_MERGE_REGISTER ; on    ; -    ; gen_limb[0].q[1]                                       ;
; PRESERVE_REGISTER   ; on    ; -    ; gen_limb[0].q[0]                                       ;
; DONT_MERGE_REGISTER ; on    ; -    ; gen_limb[0].q[0]                                       ;
; PRESERVE_REGISTER   ; on    ; -    ; gen_limb[0].carry_q                                    ;
; DONT_MERGE_REGISTER ; on    ; -    ; gen_limb[0].carry_q                                    ;
; PRESERVE_REGISTER   ; on    ; -    ; gen_limb[0].gen_align.delay_q[0][15]                   ;
; DONT_MERGE_REGISTER ; on    ; -    ; gen_limb[0].gen_align.delay_q[0][15]                   ;
; PRESERVE_REGISTER   ; on    ; -    ; gen_limb[0].gen_align.delay_q[0][14]                   ;
; DONT_MERGE_REGISTER ; on    ; -    ; gen_limb[0].gen_align.delay_q[0][14]                   ;
; PRESERVE_REGISTER   ; on    ; -    ; gen_limb[0].gen_align.delay_q[0][13]                   ;
; DONT_MERGE_REGISTER ; on    ; -    ; gen_limb[0].gen_align.delay_q[0][13]                   ;
; PRESERVE_REGISTER   ; on    ; -    ; gen_limb[0].gen_align.delay_q[0][12]                   ;
; DONT_MERGE_REGISTER ; on    ; -    ; gen_limb[0].gen_align.delay_q[0][12]                   ;
; PRESERVE_REGISTER   ; on    ; -    ; gen_limb[0].gen_align.delay_q[0][11]                   ;
; DONT_MERGE_REGISTER ; on    ; -    ; gen_limb[0].gen_align.delay_q[0][11]                   ;
; PRESERVE_REGISTER   ; on    ; -    ; gen_limb[0].gen_align.delay_q[0][10]                   ;
; DONT_MERGE_REGISTER ; on    ; -    ; gen_limb[0].gen_align.delay_q[0][10]                   ;
; PRESERVE_REGISTER   ; on    ; -    ; gen_limb[0].gen_align.delay_q[0][9]                    ;
; DONT_MERGE_REGISTER ; on    ; -    ; gen_limb[0].gen_align.delay_q[0][9]                    ;
; PRESERVE_REGISTER   ; on    ; -    ; gen_limb[0].gen_align.delay_q[0][8]                    ;
; DONT_MERGE_REGISTER ; on    ; -    ; gen_limb[0].gen_align.delay_q[0][8]                    ;
; PRESERVE_REGISTER   ; on    ; -    ; gen_limb[0].gen_align.delay_q[0][7]                    ;
; DONT_MERGE_REGISTER ; on    ; -    ; gen_limb[0].gen_align.delay_q[0][7]                    ;
; PRESERVE_REGISTER   ; on    ; -    ; gen_limb[0].gen_align.delay_q[0][6]                    ;
; DONT_MERGE_REGISTER ; on    ; -    ; gen_limb[0].gen_align.delay_q[0][6]                    ;
; PRESERVE_REGISTER   ; on    ; -    ; gen_limb[0].gen_align.delay_q[0][5]                    ;
; DONT_MERGE_REGISTER ; on    ; -    ; gen_limb[0].gen_align.delay_q[0][5]                    ;
; PRESERVE_REGISTER   ; on    ; -    ; gen_limb[0].gen_align.delay_q[0][4]                    ;
; DONT_MERGE_REGISTER ; on    ; -    ; gen_limb[0].gen_align.delay_q[0][4]                    ;
; PRESERVE_REGISTER   ; on    ; -    ; gen_limb[0].gen_align.delay_q[0][3]                    ;
; DONT_MERGE_REGISTER ; on    ; -    ; gen_limb[0].gen_align.delay_q[0][3]                    ;
; PRESERVE_REGISTER   ; on    ; -    ; gen_limb[0].gen_align.delay_q[0][2]                    ;
; DONT_MERGE_REGISTER ; on    ; -    ; gen_limb[0].gen_align.delay_q[0][2]                    ;
; PRESERVE_REGISTER   ; on    ; -    ; gen_limb[0].gen_align.delay_q[0][1]                    ;
; DONT_MERGE_REGISTER ; on    ; -    ; gen_limb[0].gen_align.delay_q[0][1]                    ;
; PRESERVE_REGISTER   ; on    ; -    ; gen_limb[0].gen_align.delay_q[0][0]                    ;
; DONT_MERGE_REGISTER ; on    ; -    ; gen_limb[0].gen_align.delay_q[0][0]                    ;
; PRESERVE_REGISTER   ; on    ; -    ; gen_limb[0].gen_align.delay_q[1][15]                   ;
; DONT_MERGE_REGISTER ; on    ; -    ; gen_limb[0].gen_align.delay_q[1][15]                   ;
; PRESERVE_REGISTER   ; on    ; -    ; gen_limb[0].gen_align.delay_q[1][14]                   ;
; DONT_MERGE_REGISTER ; on    ; -    ; gen_limb[0].gen_align.delay_q[1][14]                   ;
; PRESERVE_REGISTER   ; on    ; -    ; gen_limb[0].gen_align.delay_q[1][13]                   ;
; DONT_MERGE_REGISTER ; on    ; -    ; gen_limb[0].gen_align.delay_q[1][13]                   ;
; PRESERVE_REGISTER   ; on    ; -    ; gen_limb[0].gen_align.delay_q[1][12]                   ;
; DONT_MERGE_REGISTER ; on    ; -    ; gen_limb[0].gen_align.delay_q[1][12]                   ;
; PRESERVE_REGISTER   ; on    ; -    ; gen_limb[0].gen_align.delay_q[1][11]                   ;
; DONT_MERGE_REGISTER ; on    ; -    ; gen_limb[0].gen_align.delay_q[1][11]                   ;
; PRESERVE_REGISTER   ; on    ; -    ; gen_limb[0].gen_align.delay_q[1][10]                   ;
; DONT_MERGE_REGISTER ; on    ; -    ; gen_limb[0].gen_align.delay_q[1][10]                   ;
; PRESERVE_REGISTER   ; on    ; -    ; gen_limb[0].gen_align.delay_q[1][9]                    ;
; DONT_MERGE_REGISTER ; on    ; -    ; gen_limb[0].gen_align.delay_q[1][9]                    ;
; PRESERVE_REGISTER   ; on    ; -    ; gen_limb[0].gen_align.delay_q[1][8]                    ;
; DONT_MERGE_REGISTER ; on    ; -    ; gen_limb[0].gen_align.delay_q[1][8]                    ;
; PRESERVE_REGISTER   ; on    ; -    ; gen_limb[0].gen_align.delay_q[1][7]                    ;
; DONT_MERGE_REGISTER ; on    ; -    ; gen_limb[0].gen_align.delay_q[1][7]                    ;
; PRESERVE_REGISTER   ; on    ; -    ; gen_limb[0].gen_align.delay_q[1][6]                    ;
; DONT_MERGE_REGISTER ; on    ; -    ; gen_limb[0].gen_align.delay_q[1][6]                    ;
; PRESERVE_REGISTER   ; on    ; -    ; gen_limb[0].gen_align.delay_q[1][5]                    ;
; DONT_MERGE_REGISTER ; on    ; -    ; gen_limb[0].gen_align.delay_q[1][5]                    ;
; PRESERVE_REGISTER   ; on    ; -    ; gen_limb[0].gen_align.delay_q[1][4]                    ;
; DONT_MERGE_REGISTER ; on    ; -    ; gen_limb[0].gen_align.delay_q[1][4]                    ;
; PRESERVE_REGISTER   ; on    ; -    ; gen_limb[0].gen_align.delay_q[1][3]                    ;
; DONT_MERGE_REGISTER ; on    ; -    ; gen_limb[0].gen_align.delay_q[1][3]                    ;
; PRESERVE_REGISTER   ; on    ; -    ; gen_limb[0].gen_align.delay_q[1][2]                    ;
; DONT_MERGE_REGISTER ; on    ; -    ; gen_limb[0].gen_align.delay_q[1][2]                    ;
; PRESERVE_REGISTER   ; on    ; -    ; gen_limb[0].gen_align.delay_q[1][1]                    ;
; DONT_MERGE_REGISTER ; on    ; -    ; gen_limb[0].gen_align.delay_q[1][1]                    ;
; PRESERVE_REGISTER   ; on    ; -    ; gen_limb[0].gen_align.delay_q[1][0]                    ;
; DONT_MERGE_REGISTER ; on    ; -    ; gen_limb[0].gen_align.delay_q[1][0]                    ;
; PRESERVE_REGISTER   ; on    ; -    ; gen_limb[0].gen_align.delay_q[2][15]                   ;
; DONT_MERGE_REGISTER ; on    ; -    ; gen_limb[0].gen_align.delay_q[2][15]                   ;
; PRESERVE_REGISTER   ; on    ; -    ; gen_limb[0].gen_align.delay_q[2][14]                   ;
; DONT_MERGE_REGISTER ; on    ; -    ; gen_limb[0].gen_align.delay_q[2][14]                   ;
; PRESERVE_REGISTER   ; on    ; -    ; gen_limb[0].gen_align.delay_q[2][13]                   ;
; DONT_MERGE_REGISTER ; on    ; -    ; gen_limb[0].gen_align.delay_q[2][13]                   ;
; PRESERVE_REGISTER   ; on    ; -    ; gen_limb[0].gen_align.delay_q[2][12]                   ;
; DONT_MERGE_REGISTER ; on    ; -    ; gen_limb[0].gen_align.delay_q[2][12]                   ;
; PRESERVE_REGISTER   ; on    ; -    ; gen_limb[0].gen_align.delay_q[2][11]                   ;
; DONT_MERGE_REGISTER ; on    ; -    ; gen_limb[0].gen_align.delay_q[2][11]                   ;
; PRESERVE_REGISTER   ; on    ; -    ; gen_limb[0].gen_align.delay_q[2][10]                   ;
; DONT_MERGE_REGISTER ; on    ; -    ; gen_limb[0].gen_align.delay_q[2][10]                   ;
; PRESERVE_REGISTER   ; on    ; -    ; gen_limb[0].gen_align.delay_q[2][9]                    ;
; DONT_MERGE_REGISTER ; on    ; -    ; gen_limb[0].gen_align.delay_q[2][9]                    ;
; PRESERVE_REGISTER   ; on    ; -    ; gen_limb[0].gen_align.delay_q[2][8]                    ;
; DONT_MERGE_REGISTER ; on    ; -    ; gen_limb[0].gen_align.delay_q[2][8]                    ;
; PRESERVE_REGISTER   ; on    ; -    ; gen_limb[0].gen_align.delay_q[2][7]                    ;
; DONT_MERGE_REGISTER ; on    ; -    ; gen_limb[0].gen_align.delay_q[2][7]                    ;
; PRESERVE_REGISTER   ; on    ; -    ; gen_limb[0].gen_align.delay_q[2][6]                    ;
; DONT_MERGE_REGISTER ; on    ; -    ; gen_limb[0].gen_align.delay_q[2][6]                    ;
; PRESERVE_REGISTER   ; on    ; -    ; gen_limb[0].gen_align.delay_q[2][5]                    ;
; DONT_MERGE_REGISTER ; on    ; -    ; gen_limb[0].gen_align.delay_q[2][5]                    ;
; PRESERVE_REGISTER   ; on    ; -    ; gen_limb[0].gen_align.delay_q[2][4]                    ;
; DONT_MERGE_REGISTER ; on    ; -    ; gen_limb[0].gen_align.delay_q[2][4]                    ;
; PRESERVE_REGISTER   ; on    ; -    ; gen_limb[0].gen_align.delay_q[2][3]                    ;
; DONT_MERGE_REGISTER ; on    ; -    ; gen_limb[0].gen_align.delay_q[2][3]                    ;
; PRESERVE_REGISTER   ; on    ; -    ; gen_limb[0].gen_align.delay_q[2][2]                    ;
; DONT_MERGE_REGISTER ; on    ; -    ; gen_limb[0].gen_align.delay_q[2][2]                    ;
; PRESERVE_REGISTER   ; on    ; -    ; gen_limb[0].gen_align.delay_q[2][1]                    ;
; DONT_MERGE_REGISTER ; on    ; -    ; gen_limb[0].gen_align.delay_q[2][1]                    ;
; PRESERVE_REGISTER   ; on    ; -    ; gen_limb[0].gen_align.delay_q[2][0]                    ;
; DONT_MERGE_REGISTER ; on    ; -    ; gen_limb[0].gen_align.delay_q[2][0]                    ;
; PRESERVE_REGISTER   ; on    ; -    ; gen_limb[1].q[15]                                      ;
; DONT_MERGE_REGISTER ; on    ; -    ; gen_limb[1].q[15]                                      ;
; PRESERVE_REGISTER   ; on    ; -    ; gen_limb[1].q[14]                                      ;
; DONT_MERGE_REGISTER ; on    ; -    ; gen_limb[1].q[14]                                      ;
; PRESERVE_REGISTER   ; on    ; -    ; gen_limb[1].q[13]                                      ;
; DONT_MERGE_REGISTER ; on    ; -    ; gen_limb[1].q[13]                                      ;
; PRESERVE_REGISTER   ; on    ; -    ; gen_limb[1].q[12]                                      ;
; DONT_MERGE_REGISTER ; on    ; -    ; gen_limb[1].q[12]                                      ;
; PRESERVE_REGISTER   ; on    ; -    ; gen_limb[1].q[11]                                      ;
; DONT_MERGE_REGISTER ; on    ; -    ; gen_limb[1].q[11]                                      ;
; PRESERVE_REGISTER   ; on    ; -    ; gen_limb[1].q[10]                                      ;
; DONT_MERGE_REGISTER ; on    ; -    ; gen_limb[1].q[10]                                      ;
; PRESERVE_REGISTER   ; on    ; -    ; gen_limb[1].q[9]                                       ;
; DONT_MERGE_REGISTER ; on    ; -    ; gen_limb[1].q[9]                                       ;
; PRESERVE_REGISTER   ; on    ; -    ; gen_limb[1].q[8]                                       ;
; DONT_MERGE_REGISTER ; on    ; -    ; gen_limb[1].q[8]                                       ;
; PRESERVE_REGISTER   ; on    ; -    ; gen_limb[1].q[7]                                       ;
; DONT_MERGE_REGISTER ; on    ; -    ; gen_limb[1].q[7]                                       ;
; PRESERVE_REGISTER   ; on    ; -    ; gen_limb[1].q[6]                                       ;
; DONT_MERGE_REGISTER ; on    ; -    ; gen_limb[1].q[6]                                       ;
; PRESERVE_REGISTER   ; on    ; -    ; gen_limb[1].q[5]                                       ;
; DONT_MERGE_REGISTER ; on    ; -    ; gen_limb[1].q[5]                                       ;
; PRESERVE_REGISTER   ; on    ; -    ; gen_limb[1].q[4]                                       ;
; DONT_MERGE_REGISTER ; on    ; -    ; gen_limb[1].q[4]                                       ;
; PRESERVE_REGISTER   ; on    ; -    ; gen_limb[1].q[3]                                       ;
; DONT_MERGE_REGISTER ; on    ; -    ; gen_limb[1].q[3]                                       ;
; PRESERVE_REGISTER   ; on    ; -    ; gen_limb[1].q[2]                                       ;
; DONT_MERGE_REGISTER ; on    ; -    ; gen_limb[1].q[2]                                       ;
; PRESERVE_REGISTER   ; on    ; -    ; gen_limb[1].q[1]                                       ;
; DONT_MERGE_REGISTER ; on    ; -    ; gen_limb[1].q[1]                                       ;
; PRESERVE_REGISTER   ; on    ; -    ; gen_limb[1].q[0]                                       ;
; DONT_MERGE_REGISTER ; on    ; -    ; gen_limb[1].q[0]                                       ;
; PRESERVE_REGISTER   ; on    ; -    ; gen_limb[1].carry_q                                    ;
; DONT_MERGE_REGISTER ; on    ; -    ; gen_limb[1].carry_q                                    ;
; PRESERVE_REGISTER   ; on    ; -    ; gen_limb[1].gen_align.delay_q[0][15]                   ;
; DONT_MERGE_REGISTER ; on    ; -    ; gen_limb[1].gen_align.delay_q[0][15]                   ;
; PRESERVE_REGISTER   ; on    ; -    ; gen_limb[1].gen_align.delay_q[0][14]                   ;
; DONT_MERGE_REGISTER ; on    ; -    ; gen_limb[1].gen_align.delay_q[0][14]                   ;
; PRESERVE_REGISTER   ; on    ; -    ; gen_limb[1].gen_align.delay_q[0][13]                   ;
; DONT_MERGE_REGISTER ; on    ; -    ; gen_limb[1].gen_align.delay_q[0][13]                   ;
; PRESERVE_REGISTER   ; on    ; -    ; gen_limb[1].gen_align.delay_q[0][12]                   ;
; DONT_MERGE_REGISTER ; on    ; -    ; gen_limb[1].gen_align.delay_q[0][12]                   ;
; PRESERVE_REGISTER   ; on    ; -    ; gen_limb[1].gen_align.delay_q[0][11]                   ;
; DONT_MERGE_REGISTER ; on    ; -    ; gen_limb[1].gen_align.delay_q[0][11]                   ;
; PRESERVE_REGISTER   ; on    ; -    ; gen_limb[1].gen_align.delay_q[0][10]                   ;
; DONT_MERGE_REGISTER ; on    ; -    ; gen_limb[1].gen_align.delay_q[0][10]                   ;
; PRESERVE_REGISTER   ; on    ; -    ; gen_limb[1].gen_align.delay_q[0][9]                    ;
; DONT_MERGE_REGISTER ; on    ; -    ; gen_limb[1].gen_align.delay_q[0][9]                    ;
; PRESERVE_REGISTER   ; on    ; -    ; gen_limb[1].gen_align.delay_q[0][8]                    ;
; DONT_MERGE_REGISTER ; on    ; -    ; gen_limb[1].gen_align.delay_q[0][8]                    ;
; PRESERVE_REGISTER   ; on    ; -    ; gen_limb[1].gen_align.delay_q[0][7]                    ;
; DONT_MERGE_REGISTER ; on    ; -    ; gen_limb[1].gen_align.delay_q[0][7]                    ;
; PRESERVE_REGISTER   ; on    ; -    ; gen_limb[1].gen_align.delay_q[0][6]                    ;
; DONT_MERGE_REGISTER ; on    ; -    ; gen_limb[1].gen_align.delay_q[0][6]                    ;
; PRESERVE_REGISTER   ; on    ; -    ; gen_limb[1].gen_align.delay_q[0][5]                    ;
; DONT_MERGE_REGISTER ; on    ; -    ; gen_limb[1].gen_align.delay_q[0][5]                    ;
; PRESERVE_REGISTER   ; on    ; -    ; gen_limb[1].gen_align.delay_q[0][4]                    ;
; DONT_MERGE_REGISTER ; on    ; -    ; gen_limb[1].gen_align.delay_q[0][4]                    ;
; PRESERVE_REGISTER   ; on    ; -    ; gen_limb[1].gen_align.delay_q[0][3]                    ;
; DONT_MERGE_REGISTER ; on    ; -    ; gen_limb[1].gen_align.delay_q[0][3]                    ;
; PRESERVE_REGISTER   ; on    ; -    ; gen_limb[1].gen_align.delay_q[0][2]                    ;
; DONT_MERGE_REGISTER ; on    ; -    ; gen_limb[1].gen_align.delay_q[0][2]                    ;
; PRESERVE_REGISTER   ; on    ; -    ; gen_limb[1].gen_align.delay_q[0][1]                    ;
; DONT_MERGE_REGISTER ; on    ; -    ; gen_limb[1].gen_align.delay_q[0][1]                    ;
; PRESERVE_REGISTER   ; on    ; -    ; gen_limb[1].gen_align.delay_q[0][0]                    ;
; DONT_MERGE_REGISTER ; on    ; -    ; gen_limb[1].gen_align.delay_q[0][0]                    ;
; PRESERVE_REGISTER   ; on    ; -    ; gen_limb[1].gen_align.delay_q[1][15]                   ;
; DONT_MERGE_REGISTER ; on    ; -    ; gen_limb[1].gen_align.delay_q[1][15]                   ;
; PRESERVE_REGISTER   ; on    ; -    ; gen_limb[1].gen_align.delay_q[1][14]                   ;
; DONT_MERGE_REGISTER ; on    ; -    ; gen_limb[1].gen_align.delay_q[1][14]                   ;
; PRESERVE_REGISTER   ; on    ; -    ; gen_limb[1].gen_align.delay_q[1][13]                   ;
; DONT_MERGE_REGISTER ; on    ; -    ; gen_limb[1].gen_align.delay_q[1][13]                   ;
; PRESERVE_REGISTER   ; on    ; -    ; gen_limb[1].gen_align.delay_q[1][12]                   ;
; DONT_MERGE_REGISTER ; on    ; -    ; gen_limb[1].gen_align.delay_q[1][12]                   ;
; PRESERVE_REGISTER   ; on    ; -    ; gen_limb[1].gen_align.delay_q[1][11]                   ;
; DONT_MERGE_REGISTER ; on    ; -    ; gen_limb[1].gen_align.delay_q[1][11]                   ;
; PRESERVE_REGISTER   ; on    ; -    ; gen_limb[1].gen_align.delay_q[1][10]                   ;
; DONT_MERGE_REGISTER ; on    ; -    ; gen_limb[1].gen_align.delay_q[1][10]                   ;
; PRESERVE_REGISTER   ; on    ; -    ; gen_limb[1].gen_align.delay_q[1][9]                    ;
; DONT_MERGE_REGISTER ; on    ; -    ; gen_limb[1].gen_align.delay_q[1][9]                    ;
; PRESERVE_REGISTER   ; on    ; -    ; gen_limb[1].gen_align.delay_q[1][8]                    ;
; DONT_MERGE_REGISTER ; on    ; -    ; gen_limb[1].gen_align.delay_q[1][8]                    ;
; PRESERVE_REGISTER   ; on    ; -    ; gen_limb[1].gen_align.delay_q[1][7]                    ;
; DONT_MERGE_REGISTER ; on    ; -    ; gen_limb[1].gen_align.delay_q[1][7]                    ;
; PRESERVE_REGISTER   ; on    ; -    ; gen_limb[1].gen_align.delay_q[1][6]                    ;
; DONT_MERGE_REGISTER ; on    ; -    ; gen_limb[1].gen_align.delay_q[1][6]                    ;
; PRESERVE_REGISTER   ; on    ; -    ; gen_limb[1].gen_align.delay_q[1][5]                    ;
; DONT_MERGE_REGISTER ; on    ; -    ; gen_limb[1].gen_align.delay_q[1][5]                    ;
; PRESERVE_REGISTER   ; on    ; -    ; gen_limb[1].gen_align.delay_q[1][4]                    ;
; DONT_MERGE_REGISTER ; on    ; -    ; gen_limb[1].gen_align.delay_q[1][4]                    ;
; PRESERVE_REGISTER   ; on    ; -    ; gen_limb[1].gen_align.delay_q[1][3]                    ;
; DONT_MERGE_REGISTER ; on    ; -    ; gen_limb[1].gen_align.delay_q[1][3]                    ;
; PRESERVE_REGISTER   ; on    ; -    ; gen_limb[1].gen_align.delay_q[1][2]                    ;
; DONT_MERGE_REGISTER ; on    ; -    ; gen_limb[1].gen_align.delay_q[1][2]                    ;
; PRESERVE_REGISTER   ; on    ; -    ; gen_limb[1].gen_align.delay_q[1][1]                    ;
; DONT_MERGE_REGISTER ; on    ; -    ; gen_limb[1].gen_align.delay_q[1][1]                    ;
; PRESERVE_REGISTER   ; on    ; -    ; gen_limb[1].gen_align.delay_q[1][0]                    ;
; DONT_MERGE_REGISTER ; on    ; -    ; gen_limb[1].gen_align.delay_q[1][0]                    ;
; PRESERVE_REGISTER   ; on    ; -    ; gen_limb[2].q[15]                                      ;
; DONT_MERGE_REGISTER ; on    ; -    ; gen_limb[2].q[15]                                      ;
; PRESERVE_REGISTER   ; on    ; -    ; gen_limb[2].q[14]                                      ;
; DONT_MERGE_REGISTER ; on    ; -    ; gen_limb[2].q[14]                                      ;
; PRESERVE_REGISTER   ; on    ; -    ; gen_limb[2].q[13]                                      ;
; DONT_MERGE_REGISTER ; on    ; -    ; gen_limb[2].q[13]                                      ;
; PRESERVE_REGISTER   ; on    ; -    ; gen_limb[2].q[12]                                      ;
; DONT_MERGE_REGISTER ; on    ; -    ; gen_limb[2].q[12]                                      ;
; PRESERVE_REGISTER   ; on    ; -    ; gen_limb[2].q[11]                                      ;
; DONT_MERGE_REGISTER ; on    ; -    ; gen_limb[2].q[11]                                      ;
; PRESERVE_REGISTER   ; on    ; -    ; gen_limb[2].q[10]                                      ;
; DONT_MERGE_REGISTER ; on    ; -    ; gen_limb[2].q[10]                                      ;
; PRESERVE_REGISTER   ; on    ; -    ; gen_limb[2].q[9]                                       ;
; DONT_MERGE_REGISTER ; on    ; -    ; gen_limb[2].q[9]                                       ;
; PRESERVE_REGISTER   ; on    ; -    ; gen_limb[2].q[8]                                       ;
; DONT_MERGE_REGISTER ; on    ; -    ; gen_limb[2].q[8]                                       ;
; PRESERVE_REGISTER   ; on    ; -    ; gen_limb[2].q[7]                                       ;
; DONT_MERGE_REGISTER ; on    ; -    ; gen_limb[2].q[7]                                       ;
; PRESERVE_REGISTER   ; on    ; -    ; gen_limb[2].q[6]                                       ;
; DONT_MERGE_REGISTER ; on    ; -    ; gen_limb[2].q[6]                                       ;
; PRESERVE_REGISTER   ; on    ; -    ; gen_limb[2].q[5]                                       ;
; DONT_MERGE_REGISTER ; on    ; -    ; gen_limb[2].q[5]                                       ;
; PRESERVE_REGISTER   ; on    ; -    ; gen_limb[2].q[4]                                       ;
; DONT_MERGE_REGISTER ; on    ; -    ; gen_limb[2].q[4]                                       ;
; PRESERVE_REGISTER   ; on    ; -    ; gen_limb[2].q[3]                                       ;
; DONT_MERGE_REGISTER ; on    ; -    ; gen_limb[2].q[3]                                       ;
; PRESERVE_REGISTER   ; on    ; -    ; gen_limb[2].q[2]                                       ;
; DONT_MERGE_REGISTER ; on    ; -    ; gen_limb[2].q[2]                                       ;
; PRESERVE_REGISTER   ; on    ; -    ; gen_limb[2].q[1]                                       ;
; DONT_MERGE_REGISTER ; on    ; -    ; gen_limb[2].q[1]                                       ;
; PRESERVE_REGISTER   ; on    ; -    ; gen_limb[2].q[0]                                       ;
; DONT_MERGE_REGISTER ; on    ; -    ; gen_limb[2].q[0]                                       ;
; PRESERVE_REGISTER   ; on    ; -    ; gen_limb[2].carry_q                                    ;
; DONT_MERGE_REGISTER ; on    ; -    ; gen_limb[2].carry_q                                    ;
; PRESERVE_REGISTER   ; on    ; -    ; gen_limb[2].gen_align.delay_q[0][15]                   ;
; DONT_MERGE_REGISTER ; on    ; -    ; gen_limb[2].gen_align.delay_q[0][15]                   ;
; PRESERVE_REGISTER   ; on    ; -    ; gen_limb[2].gen_align.delay_q[0][14]                   ;
; DONT_MERGE_REGISTER ; on    ; -    ; gen_limb[2].gen_align.delay_q[0][14]                   ;
; PRESERVE_REGISTER   ; on    ; -    ; gen_limb[2].gen_align.delay_q[0][13]                   ;
; DONT_MERGE_REGISTER ; on    ; -    ; gen_limb[2].gen_align.delay_q[0][13]                   ;
; PRESERVE_REGISTER   ; on    ; -    ; gen_limb[2].gen_align.delay_q[0][12]                   ;
; DONT_MERGE_REGISTER ; on    ; -    ; gen_limb[2].gen_align.delay_q[0][12]                   ;
; PRESERVE_REGISTER   ; on    ; -    ; gen_limb[2].gen_align.delay_q[0][11]                   ;
; DONT_MERGE_REGISTER ; on    ; -    ; gen_limb[2].gen_align.delay_q[0][11]                   ;
; PRESERVE_REGISTER   ; on    ; -    ; gen_limb[2].gen_align.delay_q[0][10]                   ;
; DONT_MERGE_REGISTER ; on    ; -    ; gen_limb[2].gen_align.delay_q[0][10]                   ;
; PRESERVE_REGISTER   ; on    ; -    ; gen_limb[2].gen_align.delay_q[0][9]                    ;
; DONT_MERGE_REGISTER ; on    ; -    ; gen_limb[2].gen_align.delay_q[0][9]                    ;
; PRESERVE_REGISTER   ; on    ; -    ; gen_limb[2].gen_align.delay_q[0][8]                    ;
; DONT_MERGE_REGISTER ; on    ; -    ; gen_limb[2].gen_align.delay_q[0][8]                    ;
; PRESERVE_REGISTER   ; on    ; -    ; gen_limb[2].gen_align.delay_q[0][7]                    ;
; DONT_MERGE_REGISTER ; on    ; -    ; gen_limb[2].gen_align.delay_q[0][7]                    ;
; PRESERVE_REGISTER   ; on    ; -    ; gen_limb[2].gen_align.delay_q[0][6]                    ;
; DONT_MERGE_REGISTER ; on    ; -    ; gen_limb[2].gen_align.delay_q[0][6]                    ;
; PRESERVE_REGISTER   ; on    ; -    ; gen_limb[2].gen_align.delay_q[0][5]                    ;
; DONT_MERGE_REGISTER ; on    ; -    ; gen_limb[2].gen_align.delay_q[0][5]                    ;
; PRESERVE_REGISTER   ; on    ; -    ; gen_limb[2].gen_align.delay_q[0][4]                    ;
; DONT_MERGE_REGISTER ; on    ; -    ; gen_limb[2].gen_align.delay_q[0][4]                    ;
; PRESERVE_REGISTER   ; on    ; -    ; gen_limb[2].gen_align.delay_q[0][3]                    ;
; DONT_MERGE_REGISTER ; on    ; -    ; gen_limb[2].gen_align.delay_q[0][3]                    ;
; PRESERVE_REGISTER   ; on    ; -    ; gen_limb[2].gen_align.delay_q[0][2]                    ;
; DONT_MERGE_REGISTER ; on    ; -    ; gen_limb[2].gen_align.delay_q[0][2]                    ;
; PRESERVE_REGISTER   ; on    ; -    ; gen_limb[2].gen_align.delay_q[0][1]                    ;
; DONT_MERGE_REGISTER ; on    ; -    ; gen_limb[2].gen_align.delay_q[0][1]                    ;
; PRESERVE_REGISTER   ; on    ; -    ; gen_limb[2].gen_align.delay_q[0][0]                    ;
; DONT_MERGE_REGISTER ; on    ; -    ; gen_limb[2].gen_align.delay_q[0][0]                    ;
; PRESERVE_REGISTER   ; on    ; -    ; gen_limb[3].q[0]                                       ;
; DONT_MERGE_REGISTER ; on    ; -    ; gen_limb[3].q[0]                                       ;
; PRESERVE_REGISTER   ; on    ; -    ; gen_limb[3].q[15]                                      ;
; DONT_MERGE_REGISTER ; on    ; -    ; gen_limb[3].q[15]                                      ;
; PRESERVE_REGISTER   ; on    ; -    ; gen_limb[3].q[14]                                      ;
; DONT_MERGE_REGISTER ; on    ; -    ; gen_limb[3].q[14]                                      ;
; PRESERVE_REGISTER   ; on    ; -    ; gen_limb[3].q[13]                                      ;
; DONT_MERGE_REGISTER ; on    ; -    ; gen_limb[3].q[13]                                      ;
; PRESERVE_REGISTER   ; on    ; -    ; gen_limb[3].q[12]                                      ;
; DONT_MERGE_REGISTER ; on    ; -    ; gen_limb[3].q[12]                                      ;
; PRESERVE_REGISTER   ; on    ; -    ; gen_limb[3].q[11]                                      ;
; DONT_MERGE_REGISTER ; on    ; -    ; gen_limb[3].q[11]                                      ;
; PRESERVE_REGISTER   ; on    ; -    ; gen_limb[3].q[10]                                      ;
; DONT_MERGE_REGISTER ; on    ; -    ; gen_limb[3].q[10]                                      ;
; PRESERVE_REGISTER   ; on    ; -    ; gen_limb[3].q[9]                                       ;
; DONT_MERGE_REGISTER ; on    ; -    ; gen_limb[3].q[9]                                       ;
; PRESERVE_REGISTER   ; on    ; -    ; gen_limb[3].q[8]                                       ;
; DONT_MERGE_REGISTER ; on    ; -    ; gen_limb[3].q[8]                                       ;
; PRESERVE_REGISTER   ; on    ; -    ; gen_limb[3].q[7]                                       ;
; DONT_MERGE_REGISTER ; on    ; -    ; gen_limb[3].q[7]                                       ;
; PRESERVE_REGISTER   ; on    ; -    ; gen_limb[3].q[6]                                       ;
; DONT_MERGE_REGISTER ; on    ; -    ; gen_limb[3].q[6]                                       ;
; PRESERVE_REGISTER   ; on    ; -    ; gen_limb[3].q[5]                                       ;
; DONT_MERGE_REGISTER ; on    ; -    ; gen_limb[3].q[5]                                       ;
; PRESERVE_REGISTER   ; on    ; -    ; gen_limb[3].q[4]                                       ;
; DONT_MERGE_REGISTER ; on    ; -    ; gen_limb[3].q[4]                                       ;
; PRESERVE_REGISTER   ; on    ; -    ; gen_limb[3].q[3]                                       ;
; DONT_MERGE_REGISTER ; on    ; -    ; gen_limb[3].q[3]                                       ;
; PRESERVE_REGISTER   ; on    ; -    ; gen_limb[3].q[2]                                       ;
; DONT_MERGE_REGISTER ; on    ; -    ; gen_limb[3].q[2]                                       ;
; PRESERVE_REGISTER   ; on    ; -    ; gen_limb[3].q[1]                                       ;
; DONT_MERGE_REGISTER ; on    ; -    ; gen_limb[3].q[1]                                       ;
+---------------------+-------+------+--------------------------------------------------------+


+-------------------------------------------------------+
; Source assignments for sld_signaltap:auto_signaltap_0 ;
+-----------------+-------+------+----------------------+
; Assignment      ; Value ; From ; To                   ;
+-----------------+-------+------+----------------------+
; MESSAGE_DISABLE ; 13410 ; -    ; -                    ;
+-----------------+-------+------+----------------------+


+---------------------------------------------------------------------------------------------------------------------------+
; Source assignments for altshift_taps:delivery_complete_id_rtl_0|shift_taps_a0v:auto_generated|altsyncram_du91:altsyncram4 ;
+---------------------------------+--------------------+------+-------------------------------------------------------------+
; Assignment                      ; Value              ; From ; To                                                          ;
+---------------------------------+--------------------+------+-------------------------------------------------------------+
; OPTIMIZE_POWER_DURING_SYNTHESIS ; NORMAL_COMPILATION ; -    ; -                                                           ;
+---------------------------------+--------------------+------+-------------------------------------------------------------+


+-----------------------------------------------------------------------------------------------------------------------------+
; Source assignments for altshift_taps:delivery_metadata_pipe_rtl_0|shift_taps_3dv:auto_generated|altsyncram_pfc1:altsyncram4 ;
+---------------------------------+--------------------+------+---------------------------------------------------------------+
; Assignment                      ; Value              ; From ; To                                                            ;
+---------------------------------+--------------------+------+---------------------------------------------------------------+
; OPTIMIZE_POWER_DURING_SYNTHESIS ; NORMAL_COMPILATION ; -    ; -                                                             ;
+---------------------------------+--------------------+------+---------------------------------------------------------------+


+----------------------------------------------------------------------------------------------------------------+
; Source assignments for altshift_taps:delivery_metadata_pipe_rtl_0|shift_taps_3dv:auto_generated|cntr_d1h:cntr5 ;
+----------------+-------+------+--------------------------------------------------------------------------------+
; Assignment     ; Value ; From ; To                                                                             ;
+----------------+-------+------+--------------------------------------------------------------------------------+
; POWER_UP_LEVEL ; HIGH  ; -    ; counter_reg_bit1                                                               ;
+----------------+-------+------+--------------------------------------------------------------------------------+


+----------------------------------------------------------------------------------------------------------------------------------------------+
; Source assignments for ExactDivCompare16:quality_compare|altshift_taps:l20s2_rtl_0|shift_taps_suu:auto_generated|altsyncram_hr91:altsyncram4 ;
+---------------------------------+--------------------+------+--------------------------------------------------------------------------------+
; Assignment                      ; Value              ; From ; To                                                                             ;
+---------------------------------+--------------------+------+--------------------------------------------------------------------------------+
; OPTIMIZE_POWER_DURING_SYNTHESIS ; NORMAL_COMPILATION ; -    ; -                                                                              ;
+---------------------------------+--------------------+------+--------------------------------------------------------------------------------+


+-----------------------------------------------------------------------------------------------------------------------------+
; Source assignments for FsoDeliveryMonitor:delivery_monitor|altsyncram:reference_record_rtl_0|altsyncram_t0s1:auto_generated ;
+---------------------------------+--------------------+------+---------------------------------------------------------------+
; Assignment                      ; Value              ; From ; To                                                            ;
+---------------------------------+--------------------+------+---------------------------------------------------------------+
; OPTIMIZE_POWER_DURING_SYNTHESIS ; NORMAL_COMPILATION ; -    ; -                                                             ;
+---------------------------------+--------------------+------+---------------------------------------------------------------+


+---------------------------------------------------------------------------------------------------------------------+
; Parameter Settings for User Entity Instance: PLL_x86:pll_250_inst|PLL_x86_0002:pll_x86_inst|altera_pll:altera_pll_i ;
+--------------------------------------+------------------------+-----------------------------------------------------+
; Parameter Name                       ; Value                  ; Type                                                ;
+--------------------------------------+------------------------+-----------------------------------------------------+
; reference_clock_frequency            ; 50.0 MHz               ; String                                              ;
; fractional_vco_multiplier            ; false                  ; String                                              ;
; pll_type                             ; General                ; String                                              ;
; pll_subtype                          ; General                ; String                                              ;
; number_of_clocks                     ; 1                      ; Signed Integer                                      ;
; operation_mode                       ; direct                 ; String                                              ;
; deserialization_factor               ; 4                      ; Signed Integer                                      ;
; data_rate                            ; 0                      ; Signed Integer                                      ;
; sim_additional_refclk_cycles_to_lock ; 0                      ; Signed Integer                                      ;
; output_clock_frequency0              ; 250.000000 MHz         ; String                                              ;
; phase_shift0                         ; 0 ps                   ; String                                              ;
; duty_cycle0                          ; 50                     ; Signed Integer                                      ;
; output_clock_frequency1              ; 0 MHz                  ; String                                              ;
; phase_shift1                         ; 0 ps                   ; String                                              ;
; duty_cycle1                          ; 50                     ; Signed Integer                                      ;
; output_clock_frequency2              ; 0 MHz                  ; String                                              ;
; phase_shift2                         ; 0 ps                   ; String                                              ;
; duty_cycle2                          ; 50                     ; Signed Integer                                      ;
; output_clock_frequency3              ; 0 MHz                  ; String                                              ;
; phase_shift3                         ; 0 ps                   ; String                                              ;
; duty_cycle3                          ; 50                     ; Signed Integer                                      ;
; output_clock_frequency4              ; 0 MHz                  ; String                                              ;
; phase_shift4                         ; 0 ps                   ; String                                              ;
; duty_cycle4                          ; 50                     ; Signed Integer                                      ;
; output_clock_frequency5              ; 0 MHz                  ; String                                              ;
; phase_shift5                         ; 0 ps                   ; String                                              ;
; duty_cycle5                          ; 50                     ; Signed Integer                                      ;
; output_clock_frequency6              ; 0 MHz                  ; String                                              ;
; phase_shift6                         ; 0 ps                   ; String                                              ;
; duty_cycle6                          ; 50                     ; Signed Integer                                      ;
; output_clock_frequency7              ; 0 MHz                  ; String                                              ;
; phase_shift7                         ; 0 ps                   ; String                                              ;
; duty_cycle7                          ; 50                     ; Signed Integer                                      ;
; output_clock_frequency8              ; 0 MHz                  ; String                                              ;
; phase_shift8                         ; 0 ps                   ; String                                              ;
; duty_cycle8                          ; 50                     ; Signed Integer                                      ;
; output_clock_frequency9              ; 0 MHz                  ; String                                              ;
; phase_shift9                         ; 0 ps                   ; String                                              ;
; duty_cycle9                          ; 50                     ; Signed Integer                                      ;
; output_clock_frequency10             ; 0 MHz                  ; String                                              ;
; phase_shift10                        ; 0 ps                   ; String                                              ;
; duty_cycle10                         ; 50                     ; Signed Integer                                      ;
; output_clock_frequency11             ; 0 MHz                  ; String                                              ;
; phase_shift11                        ; 0 ps                   ; String                                              ;
; duty_cycle11                         ; 50                     ; Signed Integer                                      ;
; output_clock_frequency12             ; 0 MHz                  ; String                                              ;
; phase_shift12                        ; 0 ps                   ; String                                              ;
; duty_cycle12                         ; 50                     ; Signed Integer                                      ;
; output_clock_frequency13             ; 0 MHz                  ; String                                              ;
; phase_shift13                        ; 0 ps                   ; String                                              ;
; duty_cycle13                         ; 50                     ; Signed Integer                                      ;
; output_clock_frequency14             ; 0 MHz                  ; String                                              ;
; phase_shift14                        ; 0 ps                   ; String                                              ;
; duty_cycle14                         ; 50                     ; Signed Integer                                      ;
; output_clock_frequency15             ; 0 MHz                  ; String                                              ;
; phase_shift15                        ; 0 ps                   ; String                                              ;
; duty_cycle15                         ; 50                     ; Signed Integer                                      ;
; output_clock_frequency16             ; 0 MHz                  ; String                                              ;
; phase_shift16                        ; 0 ps                   ; String                                              ;
; duty_cycle16                         ; 50                     ; Signed Integer                                      ;
; output_clock_frequency17             ; 0 MHz                  ; String                                              ;
; phase_shift17                        ; 0 ps                   ; String                                              ;
; duty_cycle17                         ; 50                     ; Signed Integer                                      ;
; clock_name_0                         ;                        ; String                                              ;
; clock_name_1                         ;                        ; String                                              ;
; clock_name_2                         ;                        ; String                                              ;
; clock_name_3                         ;                        ; String                                              ;
; clock_name_4                         ;                        ; String                                              ;
; clock_name_5                         ;                        ; String                                              ;
; clock_name_6                         ;                        ; String                                              ;
; clock_name_7                         ;                        ; String                                              ;
; clock_name_8                         ;                        ; String                                              ;
; clock_name_global_0                  ; false                  ; String                                              ;
; clock_name_global_1                  ; false                  ; String                                              ;
; clock_name_global_2                  ; false                  ; String                                              ;
; clock_name_global_3                  ; false                  ; String                                              ;
; clock_name_global_4                  ; false                  ; String                                              ;
; clock_name_global_5                  ; false                  ; String                                              ;
; clock_name_global_6                  ; false                  ; String                                              ;
; clock_name_global_7                  ; false                  ; String                                              ;
; clock_name_global_8                  ; false                  ; String                                              ;
; m_cnt_hi_div                         ; 1                      ; Signed Integer                                      ;
; m_cnt_lo_div                         ; 1                      ; Signed Integer                                      ;
; m_cnt_bypass_en                      ; false                  ; String                                              ;
; m_cnt_odd_div_duty_en                ; false                  ; String                                              ;
; n_cnt_hi_div                         ; 1                      ; Signed Integer                                      ;
; n_cnt_lo_div                         ; 1                      ; Signed Integer                                      ;
; n_cnt_bypass_en                      ; false                  ; String                                              ;
; n_cnt_odd_div_duty_en                ; false                  ; String                                              ;
; c_cnt_hi_div0                        ; 1                      ; Signed Integer                                      ;
; c_cnt_lo_div0                        ; 1                      ; Signed Integer                                      ;
; c_cnt_bypass_en0                     ; false                  ; String                                              ;
; c_cnt_in_src0                        ; ph_mux_clk             ; String                                              ;
; c_cnt_odd_div_duty_en0               ; false                  ; String                                              ;
; c_cnt_prst0                          ; 1                      ; Signed Integer                                      ;
; c_cnt_ph_mux_prst0                   ; 0                      ; Signed Integer                                      ;
; c_cnt_hi_div1                        ; 1                      ; Signed Integer                                      ;
; c_cnt_lo_div1                        ; 1                      ; Signed Integer                                      ;
; c_cnt_bypass_en1                     ; false                  ; String                                              ;
; c_cnt_in_src1                        ; ph_mux_clk             ; String                                              ;
; c_cnt_odd_div_duty_en1               ; false                  ; String                                              ;
; c_cnt_prst1                          ; 1                      ; Signed Integer                                      ;
; c_cnt_ph_mux_prst1                   ; 0                      ; Signed Integer                                      ;
; c_cnt_hi_div2                        ; 1                      ; Signed Integer                                      ;
; c_cnt_lo_div2                        ; 1                      ; Signed Integer                                      ;
; c_cnt_bypass_en2                     ; false                  ; String                                              ;
; c_cnt_in_src2                        ; ph_mux_clk             ; String                                              ;
; c_cnt_odd_div_duty_en2               ; false                  ; String                                              ;
; c_cnt_prst2                          ; 1                      ; Signed Integer                                      ;
; c_cnt_ph_mux_prst2                   ; 0                      ; Signed Integer                                      ;
; c_cnt_hi_div3                        ; 1                      ; Signed Integer                                      ;
; c_cnt_lo_div3                        ; 1                      ; Signed Integer                                      ;
; c_cnt_bypass_en3                     ; false                  ; String                                              ;
; c_cnt_in_src3                        ; ph_mux_clk             ; String                                              ;
; c_cnt_odd_div_duty_en3               ; false                  ; String                                              ;
; c_cnt_prst3                          ; 1                      ; Signed Integer                                      ;
; c_cnt_ph_mux_prst3                   ; 0                      ; Signed Integer                                      ;
; c_cnt_hi_div4                        ; 1                      ; Signed Integer                                      ;
; c_cnt_lo_div4                        ; 1                      ; Signed Integer                                      ;
; c_cnt_bypass_en4                     ; false                  ; String                                              ;
; c_cnt_in_src4                        ; ph_mux_clk             ; String                                              ;
; c_cnt_odd_div_duty_en4               ; false                  ; String                                              ;
; c_cnt_prst4                          ; 1                      ; Signed Integer                                      ;
; c_cnt_ph_mux_prst4                   ; 0                      ; Signed Integer                                      ;
; c_cnt_hi_div5                        ; 1                      ; Signed Integer                                      ;
; c_cnt_lo_div5                        ; 1                      ; Signed Integer                                      ;
; c_cnt_bypass_en5                     ; false                  ; String                                              ;
; c_cnt_in_src5                        ; ph_mux_clk             ; String                                              ;
; c_cnt_odd_div_duty_en5               ; false                  ; String                                              ;
; c_cnt_prst5                          ; 1                      ; Signed Integer                                      ;
; c_cnt_ph_mux_prst5                   ; 0                      ; Signed Integer                                      ;
; c_cnt_hi_div6                        ; 1                      ; Signed Integer                                      ;
; c_cnt_lo_div6                        ; 1                      ; Signed Integer                                      ;
; c_cnt_bypass_en6                     ; false                  ; String                                              ;
; c_cnt_in_src6                        ; ph_mux_clk             ; String                                              ;
; c_cnt_odd_div_duty_en6               ; false                  ; String                                              ;
; c_cnt_prst6                          ; 1                      ; Signed Integer                                      ;
; c_cnt_ph_mux_prst6                   ; 0                      ; Signed Integer                                      ;
; c_cnt_hi_div7                        ; 1                      ; Signed Integer                                      ;
; c_cnt_lo_div7                        ; 1                      ; Signed Integer                                      ;
; c_cnt_bypass_en7                     ; false                  ; String                                              ;
; c_cnt_in_src7                        ; ph_mux_clk             ; String                                              ;
; c_cnt_odd_div_duty_en7               ; false                  ; String                                              ;
; c_cnt_prst7                          ; 1                      ; Signed Integer                                      ;
; c_cnt_ph_mux_prst7                   ; 0                      ; Signed Integer                                      ;
; c_cnt_hi_div8                        ; 1                      ; Signed Integer                                      ;
; c_cnt_lo_div8                        ; 1                      ; Signed Integer                                      ;
; c_cnt_bypass_en8                     ; false                  ; String                                              ;
; c_cnt_in_src8                        ; ph_mux_clk             ; String                                              ;
; c_cnt_odd_div_duty_en8               ; false                  ; String                                              ;
; c_cnt_prst8                          ; 1                      ; Signed Integer                                      ;
; c_cnt_ph_mux_prst8                   ; 0                      ; Signed Integer                                      ;
; c_cnt_hi_div9                        ; 1                      ; Signed Integer                                      ;
; c_cnt_lo_div9                        ; 1                      ; Signed Integer                                      ;
; c_cnt_bypass_en9                     ; false                  ; String                                              ;
; c_cnt_in_src9                        ; ph_mux_clk             ; String                                              ;
; c_cnt_odd_div_duty_en9               ; false                  ; String                                              ;
; c_cnt_prst9                          ; 1                      ; Signed Integer                                      ;
; c_cnt_ph_mux_prst9                   ; 0                      ; Signed Integer                                      ;
; c_cnt_hi_div10                       ; 1                      ; Signed Integer                                      ;
; c_cnt_lo_div10                       ; 1                      ; Signed Integer                                      ;
; c_cnt_bypass_en10                    ; false                  ; String                                              ;
; c_cnt_in_src10                       ; ph_mux_clk             ; String                                              ;
; c_cnt_odd_div_duty_en10              ; false                  ; String                                              ;
; c_cnt_prst10                         ; 1                      ; Signed Integer                                      ;
; c_cnt_ph_mux_prst10                  ; 0                      ; Signed Integer                                      ;
; c_cnt_hi_div11                       ; 1                      ; Signed Integer                                      ;
; c_cnt_lo_div11                       ; 1                      ; Signed Integer                                      ;
; c_cnt_bypass_en11                    ; false                  ; String                                              ;
; c_cnt_in_src11                       ; ph_mux_clk             ; String                                              ;
; c_cnt_odd_div_duty_en11              ; false                  ; String                                              ;
; c_cnt_prst11                         ; 1                      ; Signed Integer                                      ;
; c_cnt_ph_mux_prst11                  ; 0                      ; Signed Integer                                      ;
; c_cnt_hi_div12                       ; 1                      ; Signed Integer                                      ;
; c_cnt_lo_div12                       ; 1                      ; Signed Integer                                      ;
; c_cnt_bypass_en12                    ; false                  ; String                                              ;
; c_cnt_in_src12                       ; ph_mux_clk             ; String                                              ;
; c_cnt_odd_div_duty_en12              ; false                  ; String                                              ;
; c_cnt_prst12                         ; 1                      ; Signed Integer                                      ;
; c_cnt_ph_mux_prst12                  ; 0                      ; Signed Integer                                      ;
; c_cnt_hi_div13                       ; 1                      ; Signed Integer                                      ;
; c_cnt_lo_div13                       ; 1                      ; Signed Integer                                      ;
; c_cnt_bypass_en13                    ; false                  ; String                                              ;
; c_cnt_in_src13                       ; ph_mux_clk             ; String                                              ;
; c_cnt_odd_div_duty_en13              ; false                  ; String                                              ;
; c_cnt_prst13                         ; 1                      ; Signed Integer                                      ;
; c_cnt_ph_mux_prst13                  ; 0                      ; Signed Integer                                      ;
; c_cnt_hi_div14                       ; 1                      ; Signed Integer                                      ;
; c_cnt_lo_div14                       ; 1                      ; Signed Integer                                      ;
; c_cnt_bypass_en14                    ; false                  ; String                                              ;
; c_cnt_in_src14                       ; ph_mux_clk             ; String                                              ;
; c_cnt_odd_div_duty_en14              ; false                  ; String                                              ;
; c_cnt_prst14                         ; 1                      ; Signed Integer                                      ;
; c_cnt_ph_mux_prst14                  ; 0                      ; Signed Integer                                      ;
; c_cnt_hi_div15                       ; 1                      ; Signed Integer                                      ;
; c_cnt_lo_div15                       ; 1                      ; Signed Integer                                      ;
; c_cnt_bypass_en15                    ; false                  ; String                                              ;
; c_cnt_in_src15                       ; ph_mux_clk             ; String                                              ;
; c_cnt_odd_div_duty_en15              ; false                  ; String                                              ;
; c_cnt_prst15                         ; 1                      ; Signed Integer                                      ;
; c_cnt_ph_mux_prst15                  ; 0                      ; Signed Integer                                      ;
; c_cnt_hi_div16                       ; 1                      ; Signed Integer                                      ;
; c_cnt_lo_div16                       ; 1                      ; Signed Integer                                      ;
; c_cnt_bypass_en16                    ; false                  ; String                                              ;
; c_cnt_in_src16                       ; ph_mux_clk             ; String                                              ;
; c_cnt_odd_div_duty_en16              ; false                  ; String                                              ;
; c_cnt_prst16                         ; 1                      ; Signed Integer                                      ;
; c_cnt_ph_mux_prst16                  ; 0                      ; Signed Integer                                      ;
; c_cnt_hi_div17                       ; 1                      ; Signed Integer                                      ;
; c_cnt_lo_div17                       ; 1                      ; Signed Integer                                      ;
; c_cnt_bypass_en17                    ; false                  ; String                                              ;
; c_cnt_in_src17                       ; ph_mux_clk             ; String                                              ;
; c_cnt_odd_div_duty_en17              ; false                  ; String                                              ;
; c_cnt_prst17                         ; 1                      ; Signed Integer                                      ;
; c_cnt_ph_mux_prst17                  ; 0                      ; Signed Integer                                      ;
; pll_vco_div                          ; 1                      ; Signed Integer                                      ;
; pll_slf_rst                          ; false                  ; String                                              ;
; pll_bw_sel                           ; low                    ; String                                              ;
; pll_output_clk_frequency             ; 0 MHz                  ; String                                              ;
; pll_cp_current                       ; 0                      ; Signed Integer                                      ;
; pll_bwctrl                           ; 0                      ; Signed Integer                                      ;
; pll_fractional_division              ; 1                      ; Signed Integer                                      ;
; pll_fractional_cout                  ; 24                     ; Signed Integer                                      ;
; pll_dsm_out_sel                      ; 1st_order              ; String                                              ;
; mimic_fbclk_type                     ; gclk                   ; String                                              ;
; pll_fbclk_mux_1                      ; glb                    ; String                                              ;
; pll_fbclk_mux_2                      ; fb_1                   ; String                                              ;
; pll_m_cnt_in_src                     ; ph_mux_clk             ; String                                              ;
; pll_vcoph_div                        ; 1                      ; Signed Integer                                      ;
; refclk1_frequency                    ; 0 MHz                  ; String                                              ;
; pll_clkin_0_src                      ; clk_0                  ; String                                              ;
; pll_clkin_1_src                      ; clk_0                  ; String                                              ;
; pll_clk_loss_sw_en                   ; false                  ; String                                              ;
; pll_auto_clk_sw_en                   ; false                  ; String                                              ;
; pll_manu_clk_sw_en                   ; false                  ; String                                              ;
; pll_clk_sw_dly                       ; 0                      ; Signed Integer                                      ;
; pll_extclk_0_cnt_src                 ; pll_extclk_cnt_src_vss ; String                                              ;
; pll_extclk_1_cnt_src                 ; pll_extclk_cnt_src_vss ; String                                              ;
+--------------------------------------+------------------------+-----------------------------------------------------+
Note: In order to hide this table in the UI and the text report file, please set the "Show Parameter Settings in Synthesis Report" option in "Analysis and Synthesis Settings -> More Settings" to "Off".


+---------------------------------------------------------------------------------------------------------------------------------------------------------------------------------------------------------------------------------+
; Parameter Settings for Inferred Entity Instance: sld_signaltap:auto_signaltap_0                                                                                                                                                 ;
+-------------------------------------------------+--------------------------------------------------------------------------------------------------------------------------------------------------------------+----------------+
; Parameter Name                                  ; Value                                                                                                                                                        ; Type           ;
+-------------------------------------------------+--------------------------------------------------------------------------------------------------------------------------------------------------------------+----------------+
; lpm_type                                        ; sld_signaltap                                                                                                                                                ; String         ;
; sld_node_info                                   ; 805334528                                                                                                                                                    ; Untyped        ;
; SLD_SECTION_ID                                  ; hdl_signaltap_0                                                                                                                                              ; String         ;
; SLD_IP_VERSION                                  ; 6                                                                                                                                                            ; Signed Integer ;
; SLD_IP_MINOR_VERSION                            ; 0                                                                                                                                                            ; Signed Integer ;
; SLD_COMMON_IP_VERSION                           ; 0                                                                                                                                                            ; Signed Integer ;
; sld_data_bits                                   ; 44                                                                                                                                                           ; Untyped        ;
; sld_trigger_bits                                ; 44                                                                                                                                                           ; Untyped        ;
; SLD_NODE_CRC_BITS                               ; 32                                                                                                                                                           ; Signed Integer ;
; SLD_NODE_CRC_HIWORD                             ; 41394                                                                                                                                                        ; Signed Integer ;
; SLD_NODE_CRC_LOWORD                             ; 50132                                                                                                                                                        ; Signed Integer ;
; sld_incremental_routing                         ; 1                                                                                                                                                            ; Untyped        ;
; sld_sample_depth                                ; 1024                                                                                                                                                         ; Untyped        ;
; sld_segment_size                                ; 1024                                                                                                                                                         ; Untyped        ;
; sld_ram_block_type                              ; AUTO                                                                                                                                                         ; Untyped        ;
; sld_state_bits                                  ; 11                                                                                                                                                           ; Untyped        ;
; sld_buffer_full_stop                            ; 1                                                                                                                                                            ; Untyped        ;
; SLD_MEM_ADDRESS_BITS                            ; 7                                                                                                                                                            ; Signed Integer ;
; SLD_DATA_BIT_CNTR_BITS                          ; 4                                                                                                                                                            ; Signed Integer ;
; sld_trigger_level                               ; 1                                                                                                                                                            ; Untyped        ;
; sld_trigger_in_enabled                          ; 0                                                                                                                                                            ; Untyped        ;
; SLD_HPS_TRIGGER_IN_ENABLED                      ; 0                                                                                                                                                            ; Signed Integer ;
; SLD_HPS_TRIGGER_OUT_ENABLED                     ; 0                                                                                                                                                            ; Signed Integer ;
; SLD_HPS_EVENT_ENABLED                           ; 0                                                                                                                                                            ; Signed Integer ;
; SLD_HPS_EVENT_ID                                ; 0                                                                                                                                                            ; Signed Integer ;
; sld_advanced_trigger_entity                     ; basic,1,                                                                                                                                                     ; Untyped        ;
; sld_trigger_level_pipeline                      ; 1                                                                                                                                                            ; Untyped        ;
; sld_trigger_pipeline                            ; 0                                                                                                                                                            ; Untyped        ;
; sld_ram_pipeline                                ; 0                                                                                                                                                            ; Untyped        ;
; sld_counter_pipeline                            ; 0                                                                                                                                                            ; Untyped        ;
; sld_enable_advanced_trigger                     ; 0                                                                                                                                                            ; Untyped        ;
; SLD_ADVANCED_TRIGGER_1                          ; NONE                                                                                                                                                         ; String         ;
; SLD_ADVANCED_TRIGGER_2                          ; NONE                                                                                                                                                         ; String         ;
; SLD_ADVANCED_TRIGGER_3                          ; NONE                                                                                                                                                         ; String         ;
; SLD_ADVANCED_TRIGGER_4                          ; NONE                                                                                                                                                         ; String         ;
; SLD_ADVANCED_TRIGGER_5                          ; NONE                                                                                                                                                         ; String         ;
; SLD_ADVANCED_TRIGGER_6                          ; NONE                                                                                                                                                         ; String         ;
; SLD_ADVANCED_TRIGGER_7                          ; NONE                                                                                                                                                         ; String         ;
; SLD_ADVANCED_TRIGGER_8                          ; NONE                                                                                                                                                         ; String         ;
; SLD_ADVANCED_TRIGGER_9                          ; NONE                                                                                                                                                         ; String         ;
; SLD_ADVANCED_TRIGGER_10                         ; NONE                                                                                                                                                         ; String         ;
; sld_inversion_mask_length                       ; 156                                                                                                                                                          ; Untyped        ;
; sld_inversion_mask                              ; 000000000000000000000000000000000000000000000000000000000000000000000000000000000000000000000000000000000000000000000000000000000000000000000000000000000000 ; Untyped        ;
; sld_power_up_trigger                            ; 0                                                                                                                                                            ; Untyped        ;
; SLD_STATE_FLOW_MGR_ENTITY                       ; state_flow_mgr_entity.vhd                                                                                                                                    ; String         ;
; sld_state_flow_use_generated                    ; 0                                                                                                                                                            ; Untyped        ;
; sld_current_resource_width                      ; 1                                                                                                                                                            ; Untyped        ;
; sld_attribute_mem_mode                          ; OFF                                                                                                                                                          ; Untyped        ;
; sld_storage_qualifier_bits                      ; 44                                                                                                                                                           ; Untyped        ;
; SLD_STORAGE_QUALIFIER_GAP_RECORD                ; 0                                                                                                                                                            ; Signed Integer ;
; SLD_STORAGE_QUALIFIER_MODE                      ; OFF                                                                                                                                                          ; String         ;
; SLD_STORAGE_QUALIFIER_ENABLE_ADVANCED_CONDITION ; 0                                                                                                                                                            ; Signed Integer ;
; sld_storage_qualifier_inversion_mask_length     ; 0                                                                                                                                                            ; Untyped        ;
; SLD_STORAGE_QUALIFIER_ADVANCED_CONDITION_ENTITY ; basic                                                                                                                                                        ; String         ;
; SLD_STORAGE_QUALIFIER_PIPELINE                  ; 0                                                                                                                                                            ; Signed Integer ;
; SLD_CREATE_MONITOR_INTERFACE                    ; 0                                                                                                                                                            ; Signed Integer ;
; SLD_USE_JTAG_SIGNAL_ADAPTER                     ; 1                                                                                                                                                            ; Signed Integer ;
+-------------------------------------------------+--------------------------------------------------------------------------------------------------------------------------------------------------------------+----------------+
Note: In order to hide this table in the UI and the text report file, please set the "Show Parameter Settings in Synthesis Report" option in "Analysis and Synthesis Settings -> More Settings" to "Off".


+-------------------------------------------------------------------------------------------+
; Parameter Settings for Inferred Entity Instance: altshift_taps:delivery_complete_id_rtl_0 ;
+----------------+----------------+---------------------------------------------------------+
; Parameter Name ; Value          ; Type                                                    ;
+----------------+----------------+---------------------------------------------------------+
; WIDTH_BYTEENA  ; 1              ; Untyped                                                 ;
; NUMBER_OF_TAPS ; 1              ; Untyped                                                 ;
; TAP_DISTANCE   ; 3              ; Untyped                                                 ;
; WIDTH          ; 130            ; Untyped                                                 ;
; POWER_UP_STATE ; DONT_CARE      ; Untyped                                                 ;
; CBXI_PARAMETER ; shift_taps_a0v ; Untyped                                                 ;
+----------------+----------------+---------------------------------------------------------+
Note: In order to hide this table in the UI and the text report file, please set the "Show Parameter Settings in Synthesis Report" option in "Analysis and Synthesis Settings -> More Settings" to "Off".


+---------------------------------------------------------------------------------------------+
; Parameter Settings for Inferred Entity Instance: altshift_taps:delivery_metadata_pipe_rtl_0 ;
+----------------+----------------+-----------------------------------------------------------+
; Parameter Name ; Value          ; Type                                                      ;
+----------------+----------------+-----------------------------------------------------------+
; WIDTH_BYTEENA  ; 1              ; Untyped                                                   ;
; NUMBER_OF_TAPS ; 1              ; Untyped                                                   ;
; TAP_DISTANCE   ; 4              ; Untyped                                                   ;
; WIDTH          ; 37             ; Untyped                                                   ;
; POWER_UP_STATE ; DONT_CARE      ; Untyped                                                   ;
; CBXI_PARAMETER ; shift_taps_3dv ; Untyped                                                   ;
+----------------+----------------+-----------------------------------------------------------+
Note: In order to hide this table in the UI and the text report file, please set the "Show Parameter Settings in Synthesis Report" option in "Analysis and Synthesis Settings -> More Settings" to "Off".


+--------------------------------------------------------------------------------------------------------------+
; Parameter Settings for Inferred Entity Instance: ExactDivCompare16:quality_compare|altshift_taps:l20s2_rtl_0 ;
+----------------+----------------+----------------------------------------------------------------------------+
; Parameter Name ; Value          ; Type                                                                       ;
+----------------+----------------+----------------------------------------------------------------------------+
; WIDTH_BYTEENA  ; 1              ; Untyped                                                                    ;
; NUMBER_OF_TAPS ; 1              ; Untyped                                                                    ;
; TAP_DISTANCE   ; 4              ; Untyped                                                                    ;
; WIDTH          ; 32             ; Untyped                                                                    ;
; POWER_UP_STATE ; DONT_CARE      ; Untyped                                                                    ;
; CBXI_PARAMETER ; shift_taps_suu ; Untyped                                                                    ;
+----------------+----------------+----------------------------------------------------------------------------+
Note: In order to hide this table in the UI and the text report file, please set the "Show Parameter Settings in Synthesis Report" option in "Analysis and Synthesis Settings -> More Settings" to "Off".


+------------------------------------------------------------------------------------------------------------------------+
; Parameter Settings for Inferred Entity Instance: FsoDeliveryMonitor:delivery_monitor|altsyncram:reference_record_rtl_0 ;
+------------------------------------+----------------------+------------------------------------------------------------+
; Parameter Name                     ; Value                ; Type                                                       ;
+------------------------------------+----------------------+------------------------------------------------------------+
; BYTE_SIZE_BLOCK                    ; 8                    ; Untyped                                                    ;
; AUTO_CARRY_CHAINS                  ; ON                   ; AUTO_CARRY                                                 ;
; IGNORE_CARRY_BUFFERS               ; OFF                  ; IGNORE_CARRY                                               ;
; AUTO_CASCADE_CHAINS                ; ON                   ; AUTO_CASCADE                                               ;
; IGNORE_CASCADE_BUFFERS             ; OFF                  ; IGNORE_CASCADE                                             ;
; WIDTH_BYTEENA                      ; 1                    ; Untyped                                                    ;
; OPERATION_MODE                     ; DUAL_PORT            ; Untyped                                                    ;
; WIDTH_A                            ; 48                   ; Untyped                                                    ;
; WIDTHAD_A                          ; 7                    ; Untyped                                                    ;
; NUMWORDS_A                         ; 128                  ; Untyped                                                    ;
; OUTDATA_REG_A                      ; UNREGISTERED         ; Untyped                                                    ;
; ADDRESS_ACLR_A                     ; NONE                 ; Untyped                                                    ;
; OUTDATA_ACLR_A                     ; NONE                 ; Untyped                                                    ;
; WRCONTROL_ACLR_A                   ; NONE                 ; Untyped                                                    ;
; INDATA_ACLR_A                      ; NONE                 ; Untyped                                                    ;
; BYTEENA_ACLR_A                     ; NONE                 ; Untyped                                                    ;
; WIDTH_B                            ; 48                   ; Untyped                                                    ;
; WIDTHAD_B                          ; 7                    ; Untyped                                                    ;
; NUMWORDS_B                         ; 128                  ; Untyped                                                    ;
; INDATA_REG_B                       ; CLOCK1               ; Untyped                                                    ;
; WRCONTROL_WRADDRESS_REG_B          ; CLOCK1               ; Untyped                                                    ;
; RDCONTROL_REG_B                    ; CLOCK0               ; Untyped                                                    ;
; ADDRESS_REG_B                      ; CLOCK0               ; Untyped                                                    ;
; OUTDATA_REG_B                      ; UNREGISTERED         ; Untyped                                                    ;
; BYTEENA_REG_B                      ; CLOCK1               ; Untyped                                                    ;
; INDATA_ACLR_B                      ; NONE                 ; Untyped                                                    ;
; WRCONTROL_ACLR_B                   ; NONE                 ; Untyped                                                    ;
; ADDRESS_ACLR_B                     ; NONE                 ; Untyped                                                    ;
; OUTDATA_ACLR_B                     ; NONE                 ; Untyped                                                    ;
; RDCONTROL_ACLR_B                   ; NONE                 ; Untyped                                                    ;
; BYTEENA_ACLR_B                     ; NONE                 ; Untyped                                                    ;
; WIDTH_BYTEENA_A                    ; 1                    ; Untyped                                                    ;
; WIDTH_BYTEENA_B                    ; 1                    ; Untyped                                                    ;
; RAM_BLOCK_TYPE                     ; M10K                 ; Untyped                                                    ;
; BYTE_SIZE                          ; 8                    ; Untyped                                                    ;
; READ_DURING_WRITE_MODE_MIXED_PORTS ; OLD_DATA             ; Untyped                                                    ;
; READ_DURING_WRITE_MODE_PORT_A      ; NEW_DATA_NO_NBE_READ ; Untyped                                                    ;
; READ_DURING_WRITE_MODE_PORT_B      ; NEW_DATA_NO_NBE_READ ; Untyped                                                    ;
; INIT_FILE                          ; UNUSED               ; Untyped                                                    ;
; INIT_FILE_LAYOUT                   ; PORT_A               ; Untyped                                                    ;
; MAXIMUM_DEPTH                      ; 0                    ; Untyped                                                    ;
; CLOCK_ENABLE_INPUT_A               ; NORMAL               ; Untyped                                                    ;
; CLOCK_ENABLE_INPUT_B               ; NORMAL               ; Untyped                                                    ;
; CLOCK_ENABLE_OUTPUT_A              ; NORMAL               ; Untyped                                                    ;
; CLOCK_ENABLE_OUTPUT_B              ; NORMAL               ; Untyped                                                    ;
; CLOCK_ENABLE_CORE_A                ; USE_INPUT_CLKEN      ; Untyped                                                    ;
; CLOCK_ENABLE_CORE_B                ; USE_INPUT_CLKEN      ; Untyped                                                    ;
; ENABLE_ECC                         ; FALSE                ; Untyped                                                    ;
; ECC_PIPELINE_STAGE_ENABLED         ; FALSE                ; Untyped                                                    ;
; WIDTH_ECCSTATUS                    ; 3                    ; Untyped                                                    ;
; DEVICE_FAMILY                      ; Cyclone V            ; Untyped                                                    ;
; CBXI_PARAMETER                     ; altsyncram_t0s1      ; Untyped                                                    ;
+------------------------------------+----------------------+------------------------------------------------------------+
Note: In order to hide this table in the UI and the text report file, please set the "Show Parameter Settings in Synthesis Report" option in "Analysis and Synthesis Settings -> More Settings" to "Off".


+------------------------------------------------------------------------------------------+
; altshift_taps Parameter Settings by Entity Instance                                      ;
+----------------------------+-------------------------------------------------------------+
; Name                       ; Value                                                       ;
+----------------------------+-------------------------------------------------------------+
; Number of entity instances ; 3                                                           ;
; Entity Instance            ; altshift_taps:delivery_complete_id_rtl_0                    ;
;     -- NUMBER_OF_TAPS      ; 1                                                           ;
;     -- TAP_DISTANCE        ; 3                                                           ;
;     -- WIDTH               ; 130                                                         ;
; Entity Instance            ; altshift_taps:delivery_metadata_pipe_rtl_0                  ;
;     -- NUMBER_OF_TAPS      ; 1                                                           ;
;     -- TAP_DISTANCE        ; 4                                                           ;
;     -- WIDTH               ; 37                                                          ;
; Entity Instance            ; ExactDivCompare16:quality_compare|altshift_taps:l20s2_rtl_0 ;
;     -- NUMBER_OF_TAPS      ; 1                                                           ;
;     -- TAP_DISTANCE        ; 4                                                           ;
;     -- WIDTH               ; 32                                                          ;
+----------------------------+-------------------------------------------------------------+


+-------------------------------------------------------------------------------------------------------------------+
; altsyncram Parameter Settings by Entity Instance                                                                  ;
+-------------------------------------------+-----------------------------------------------------------------------+
; Name                                      ; Value                                                                 ;
+-------------------------------------------+-----------------------------------------------------------------------+
; Number of entity instances                ; 1                                                                     ;
; Entity Instance                           ; FsoDeliveryMonitor:delivery_monitor|altsyncram:reference_record_rtl_0 ;
;     -- OPERATION_MODE                     ; DUAL_PORT                                                             ;
;     -- WIDTH_A                            ; 48                                                                    ;
;     -- NUMWORDS_A                         ; 128                                                                   ;
;     -- OUTDATA_REG_A                      ; UNREGISTERED                                                          ;
;     -- WIDTH_B                            ; 48                                                                    ;
;     -- NUMWORDS_B                         ; 128                                                                   ;
;     -- ADDRESS_REG_B                      ; CLOCK0                                                                ;
;     -- OUTDATA_REG_B                      ; UNREGISTERED                                                          ;
;     -- RAM_BLOCK_TYPE                     ; M10K                                                                  ;
;     -- READ_DURING_WRITE_MODE_MIXED_PORTS ; OLD_DATA                                                              ;
+-------------------------------------------+-----------------------------------------------------------------------+


+-------------------------------------------------------------------------------------------------+
; Port Connectivity Checks: "FsoDeliveryMonitor:delivery_monitor|FsoDeliveryCounter64:good_count" ;
+-----------------+-------+----------+------------------------------------------------------------+
; Port            ; Type  ; Severity ; Details                                                    ;
+-----------------+-------+----------+------------------------------------------------------------+
; increment[8..1] ; Input ; Info     ; Stuck at GND                                               ;
; increment[0]    ; Input ; Info     ; Stuck at VCC                                               ;
+-----------------+-------+----------+------------------------------------------------------------+


+-----------------------------------------------------------------------------------------------------+
; Port Connectivity Checks: "FsoDeliveryMonitor:delivery_monitor|FsoDeliveryCounter64:complete_count" ;
+-----------------+-------+----------+----------------------------------------------------------------+
; Port            ; Type  ; Severity ; Details                                                        ;
+-----------------+-------+----------+----------------------------------------------------------------+
; increment[8..1] ; Input ; Info     ; Stuck at GND                                                   ;
; increment[0]    ; Input ; Info     ; Stuck at VCC                                                   ;
+-----------------+-------+----------+----------------------------------------------------------------+


+-----------------------------------------------------------------------------------------------------+
; Port Connectivity Checks: "FsoDeliveryMonitor:delivery_monitor|FsoDeliveryCounter64:expected_count" ;
+-----------------+-------+----------+----------------------------------------------------------------+
; Port            ; Type  ; Severity ; Details                                                        ;
+-----------------+-------+----------+----------------------------------------------------------------+
; increment[8..1] ; Input ; Info     ; Stuck at GND                                                   ;
; increment[0]    ; Input ; Info     ; Stuck at VCC                                                   ;
+-----------------+-------+----------+----------------------------------------------------------------+


+------------------------------------------------------------------------------------------------+
; Port Connectivity Checks: "FsoDeliveryMonitor:delivery_monitor|FsoDeliveryCounter64:rx2_count" ;
+-----------------+-------+----------+-----------------------------------------------------------+
; Port            ; Type  ; Severity ; Details                                                   ;
+-----------------+-------+----------+-----------------------------------------------------------+
; increment[8..1] ; Input ; Info     ; Stuck at GND                                              ;
; increment[0]    ; Input ; Info     ; Stuck at VCC                                              ;
+-----------------+-------+----------+-----------------------------------------------------------+


+------------------------------------------------------------------------------------------------+
; Port Connectivity Checks: "FsoDeliveryMonitor:delivery_monitor|FsoDeliveryCounter64:rx1_count" ;
+-----------------+-------+----------+-----------------------------------------------------------+
; Port            ; Type  ; Severity ; Details                                                   ;
+-----------------+-------+----------+-----------------------------------------------------------+
; increment[8..1] ; Input ; Info     ; Stuck at GND                                              ;
; increment[0]    ; Input ; Info     ; Stuck at VCC                                              ;
+-----------------+-------+----------+-----------------------------------------------------------+


+--------------------------------------------------------------------------------------------------+
; Port Connectivity Checks: "FsoDeliveryMonitor:delivery_monitor|FsoDeliveryCounter64:timer_count" ;
+-----------------+-------+----------+-------------------------------------------------------------+
; Port            ; Type  ; Severity ; Details                                                     ;
+-----------------+-------+----------+-------------------------------------------------------------+
; increment[8..1] ; Input ; Info     ; Stuck at GND                                                ;
; increment[0]    ; Input ; Info     ; Stuck at VCC                                                ;
+-----------------+-------+----------+-------------------------------------------------------------+


+---------------------------------------------------------------------------------------------------------------------------------------+
; Port Connectivity Checks: "PLL_x86:pll_250_inst"                                                                                      ;
+--------+--------+----------+----------------------------------------------------------------------------------------------------------+
; Port   ; Type   ; Severity ; Details                                                                                                  ;
+--------+--------+----------+----------------------------------------------------------------------------------------------------------+
; locked ; Output ; Warning  ; Declared by entity but not connected by instance. Logic that only feeds a dangling port will be removed. ;
+--------+--------+----------+----------------------------------------------------------------------------------------------------------+


+-------------------------------------------------------------------------------------------------------------------------------------------------------------------------------------------------------------------------------------------------------------------------+
; Signal Tap Logic Analyzer Settings                                                                                                                                                                                                                                      ;
+----------------+------------------+---------------------+------------------+--------------+----------+------------------------+----------------------+--------------------+-----------------------------+-----------------+------------------+--------------------------+
; Instance Index ; Instance Name    ; Trigger Input Width ; Data Input Width ; Sample Depth ; Segments ; Storage Qualifier Type ; Trigger Flow Control ; Trigger Conditions ; Advanced Trigger Conditions ; Trigger In Used ; Trigger Out Used ; Power-Up Trigger Enabled ;
+----------------+------------------+---------------------+------------------+--------------+----------+------------------------+----------------------+--------------------+-----------------------------+-----------------+------------------+--------------------------+
; 0              ; auto_signaltap_0 ; 44                  ; 44               ; 1024         ; 1        ; continuous             ; sequential           ; 1                  ; 0                           ; no              ; no               ; no                       ;
+----------------+------------------+---------------------+------------------+--------------+----------+------------------------+----------------------+--------------------+-----------------------------+-----------------+------------------+--------------------------+


+-----------------------------------------------------+
; Post-Synthesis Netlist Statistics for Top Partition ;
+-----------------------+-----------------------------+
; Type                  ; Count                       ;
+-----------------------+-----------------------------+
; arriav_ff             ; 13045                       ;
;     CLR               ; 1755                        ;
;     CLR SCLR          ; 1616                        ;
;     CLR SLD           ; 1                           ;
;     ENA               ; 1377                        ;
;     ENA CLR           ; 3793                        ;
;     ENA CLR SCLR      ; 2387                        ;
;     ENA CLR SCLR SLD  ; 33                          ;
;     ENA CLR SLD       ; 41                          ;
;     ENA SCLR          ; 339                         ;
;     ENA SLD           ; 60                          ;
;     SLD               ; 32                          ;
;     plain             ; 1611                        ;
; arriav_io_obuf        ; 32                          ;
; arriav_lcell_comb     ; 5881                        ;
;     arith             ; 1734                        ;
;         0 data inputs ; 38                          ;
;         1 data inputs ; 1426                        ;
;         2 data inputs ; 244                         ;
;         3 data inputs ; 21                          ;
;         4 data inputs ; 4                           ;
;         5 data inputs ; 1                           ;
;     extend            ; 211                         ;
;         7 data inputs ; 211                         ;
;     normal            ; 3833                        ;
;         0 data inputs ; 2                           ;
;         1 data inputs ; 56                          ;
;         2 data inputs ; 246                         ;
;         3 data inputs ; 559                         ;
;         4 data inputs ; 825                         ;
;         5 data inputs ; 675                         ;
;         6 data inputs ; 1470                        ;
;     shared            ; 103                         ;
;         0 data inputs ; 3                           ;
;         1 data inputs ; 30                          ;
;         2 data inputs ; 67                          ;
;         3 data inputs ; 2                           ;
;         4 data inputs ; 1                           ;
; arriav_mac            ; 8                           ;
; boundary_port         ; 127                         ;
; generic_pll           ; 1                           ;
; stratixv_ram_block    ; 247                         ;
;                       ;                             ;
; Max LUT depth         ; 9.70                        ;
; Average LUT depth     ; 2.49                        ;
+-----------------------+-----------------------------+


+-------------------------------+
; Elapsed Time Per Partition    ;
+----------------+--------------+
; Partition Name ; Elapsed Time ;
+----------------+--------------+
; Top            ; 00:00:15     ;
+----------------+--------------+


+------------------------------------------------------------------------------------------------------------------------------------------------------------------------------------------------------------------+
; Connections to In-System Debugging Instance "auto_signaltap_0"                                                                                                                                                   ;
+-------------------------------+---------------+-----------+--------------------------------+-------------------+---------------------------------------------------------------------------------------+---------+
; Name                          ; Type          ; Status    ; Partition Name                 ; Netlist Type Used ; Actual Connection                                                                     ; Details ;
+-------------------------------+---------------+-----------+--------------------------------+-------------------+---------------------------------------------------------------------------------------+---------+
; PLL_x86:pll_250_inst|outclk_0 ; pre-synthesis ; connected ; Top                            ; post-synthesis    ; PLL_x86:pll_250_inst|PLL_x86_0002:pll_x86_inst|altera_pll:altera_pll_i|outclk_wire[0] ; N/A     ;
; aligned_data_bit              ; pre-synthesis ; connected ; Top                            ; post-synthesis    ; aligned_data_bit~0                                                                    ; N/A     ;
; aligned_data_bit              ; pre-synthesis ; connected ; Top                            ; post-synthesis    ; aligned_data_bit~0                                                                    ; N/A     ;
; bit_phase[0]                  ; pre-synthesis ; connected ; Top                            ; post-synthesis    ; bit_phase[0]                                                                          ; N/A     ;
; bit_phase[0]                  ; pre-synthesis ; connected ; Top                            ; post-synthesis    ; bit_phase[0]                                                                          ; N/A     ;
; bit_phase[1]                  ; pre-synthesis ; connected ; Top                            ; post-synthesis    ; bit_phase[1]                                                                          ; N/A     ;
; bit_phase[1]                  ; pre-synthesis ; connected ; Top                            ; post-synthesis    ; bit_phase[1]                                                                          ; N/A     ;
; bit_phase[2]                  ; pre-synthesis ; connected ; Top                            ; post-synthesis    ; bit_phase[2]                                                                          ; N/A     ;
; bit_phase[2]                  ; pre-synthesis ; connected ; Top                            ; post-synthesis    ; bit_phase[2]                                                                          ; N/A     ;
; bit_phase[3]                  ; pre-synthesis ; connected ; Top                            ; post-synthesis    ; bit_phase[3]                                                                          ; N/A     ;
; bit_phase[3]                  ; pre-synthesis ; connected ; Top                            ; post-synthesis    ; bit_phase[3]                                                                          ; N/A     ;
; bit_phase[4]                  ; pre-synthesis ; connected ; Top                            ; post-synthesis    ; bit_phase[4]                                                                          ; N/A     ;
; bit_phase[4]                  ; pre-synthesis ; connected ; Top                            ; post-synthesis    ; bit_phase[4]                                                                          ; N/A     ;
; bit_phase[5]                  ; pre-synthesis ; connected ; Top                            ; post-synthesis    ; bit_phase[5]                                                                          ; N/A     ;
; bit_phase[5]                  ; pre-synthesis ; connected ; Top                            ; post-synthesis    ; bit_phase[5]                                                                          ; N/A     ;
; bit_phase[6]                  ; pre-synthesis ; connected ; Top                            ; post-synthesis    ; bit_phase[6]                                                                          ; N/A     ;
; bit_phase[6]                  ; pre-synthesis ; connected ; Top                            ; post-synthesis    ; bit_phase[6]                                                                          ; N/A     ;
; bit_phase[7]                  ; pre-synthesis ; connected ; Top                            ; post-synthesis    ; bit_phase[7]                                                                          ; N/A     ;
; bit_phase[7]                  ; pre-synthesis ; connected ; Top                            ; post-synthesis    ; bit_phase[7]                                                                          ; N/A     ;
; bit_phase[8]                  ; pre-synthesis ; connected ; Top                            ; post-synthesis    ; bit_phase[8]                                                                          ; N/A     ;
; bit_phase[8]                  ; pre-synthesis ; connected ; Top                            ; post-synthesis    ; bit_phase[8]                                                                          ; N/A     ;
; demod_rx_bit                  ; pre-synthesis ; connected ; Top                            ; post-synthesis    ; demod_rx_bit~2                                                                        ; N/A     ;
; demod_rx_bit                  ; pre-synthesis ; connected ; Top                            ; post-synthesis    ; demod_rx_bit~2                                                                        ; N/A     ;
; rx_error_bits[0]              ; pre-synthesis ; connected ; Top                            ; post-synthesis    ; rx_error_bits[0]                                                                      ; N/A     ;
; rx_error_bits[0]              ; pre-synthesis ; connected ; Top                            ; post-synthesis    ; rx_error_bits[0]                                                                      ; N/A     ;
; rx_error_bits[10]             ; pre-synthesis ; connected ; Top                            ; post-synthesis    ; rx_error_bits[10]                                                                     ; N/A     ;
; rx_error_bits[10]             ; pre-synthesis ; connected ; Top                            ; post-synthesis    ; rx_error_bits[10]                                                                     ; N/A     ;
; rx_error_bits[11]             ; pre-synthesis ; connected ; Top                            ; post-synthesis    ; rx_error_bits[11]                                                                     ; N/A     ;
; rx_error_bits[11]             ; pre-synthesis ; connected ; Top                            ; post-synthesis    ; rx_error_bits[11]                                                                     ; N/A     ;
; rx_error_bits[12]             ; pre-synthesis ; connected ; Top                            ; post-synthesis    ; rx_error_bits[12]                                                                     ; N/A     ;
; rx_error_bits[12]             ; pre-synthesis ; connected ; Top                            ; post-synthesis    ; rx_error_bits[12]                                                                     ; N/A     ;
; rx_error_bits[13]             ; pre-synthesis ; connected ; Top                            ; post-synthesis    ; rx_error_bits[13]                                                                     ; N/A     ;
; rx_error_bits[13]             ; pre-synthesis ; connected ; Top                            ; post-synthesis    ; rx_error_bits[13]                                                                     ; N/A     ;
; rx_error_bits[14]             ; pre-synthesis ; connected ; Top                            ; post-synthesis    ; rx_error_bits[14]                                                                     ; N/A     ;
; rx_error_bits[14]             ; pre-synthesis ; connected ; Top                            ; post-synthesis    ; rx_error_bits[14]                                                                     ; N/A     ;
; rx_error_bits[15]             ; pre-synthesis ; connected ; Top                            ; post-synthesis    ; rx_error_bits[15]                                                                     ; N/A     ;
; rx_error_bits[15]             ; pre-synthesis ; connected ; Top                            ; post-synthesis    ; rx_error_bits[15]                                                                     ; N/A     ;
; rx_error_bits[16]             ; pre-synthesis ; connected ; Top                            ; post-synthesis    ; rx_error_bits[16]                                                                     ; N/A     ;
; rx_error_bits[16]             ; pre-synthesis ; connected ; Top                            ; post-synthesis    ; rx_error_bits[16]                                                                     ; N/A     ;
; rx_error_bits[17]             ; pre-synthesis ; connected ; Top                            ; post-synthesis    ; rx_error_bits[17]                                                                     ; N/A     ;
; rx_error_bits[17]             ; pre-synthesis ; connected ; Top                            ; post-synthesis    ; rx_error_bits[17]                                                                     ; N/A     ;
; rx_error_bits[18]             ; pre-synthesis ; connected ; Top                            ; post-synthesis    ; rx_error_bits[18]                                                                     ; N/A     ;
; rx_error_bits[18]             ; pre-synthesis ; connected ; Top                            ; post-synthesis    ; rx_error_bits[18]                                                                     ; N/A     ;
; rx_error_bits[19]             ; pre-synthesis ; connected ; Top                            ; post-synthesis    ; rx_error_bits[19]                                                                     ; N/A     ;
; rx_error_bits[19]             ; pre-synthesis ; connected ; Top                            ; post-synthesis    ; rx_error_bits[19]                                                                     ; N/A     ;
; rx_error_bits[1]              ; pre-synthesis ; connected ; Top                            ; post-synthesis    ; rx_error_bits[1]                                                                      ; N/A     ;
; rx_error_bits[1]              ; pre-synthesis ; connected ; Top                            ; post-synthesis    ; rx_error_bits[1]                                                                      ; N/A     ;
; rx_error_bits[20]             ; pre-synthesis ; connected ; Top                            ; post-synthesis    ; rx_error_bits[20]                                                                     ; N/A     ;
; rx_error_bits[20]             ; pre-synthesis ; connected ; Top                            ; post-synthesis    ; rx_error_bits[20]                                                                     ; N/A     ;
; rx_error_bits[21]             ; pre-synthesis ; connected ; Top                            ; post-synthesis    ; rx_error_bits[21]                                                                     ; N/A     ;
; rx_error_bits[21]             ; pre-synthesis ; connected ; Top                            ; post-synthesis    ; rx_error_bits[21]                                                                     ; N/A     ;
; rx_error_bits[22]             ; pre-synthesis ; connected ; Top                            ; post-synthesis    ; rx_error_bits[22]                                                                     ; N/A     ;
; rx_error_bits[22]             ; pre-synthesis ; connected ; Top                            ; post-synthesis    ; rx_error_bits[22]                                                                     ; N/A     ;
; rx_error_bits[23]             ; pre-synthesis ; connected ; Top                            ; post-synthesis    ; rx_error_bits[23]                                                                     ; N/A     ;
; rx_error_bits[23]             ; pre-synthesis ; connected ; Top                            ; post-synthesis    ; rx_error_bits[23]                                                                     ; N/A     ;
; rx_error_bits[24]             ; pre-synthesis ; connected ; Top                            ; post-synthesis    ; rx_error_bits[24]                                                                     ; N/A     ;
; rx_error_bits[24]             ; pre-synthesis ; connected ; Top                            ; post-synthesis    ; rx_error_bits[24]                                                                     ; N/A     ;
; rx_error_bits[25]             ; pre-synthesis ; connected ; Top                            ; post-synthesis    ; rx_error_bits[25]                                                                     ; N/A     ;
; rx_error_bits[25]             ; pre-synthesis ; connected ; Top                            ; post-synthesis    ; rx_error_bits[25]                                                                     ; N/A     ;
; rx_error_bits[26]             ; pre-synthesis ; connected ; Top                            ; post-synthesis    ; rx_error_bits[26]                                                                     ; N/A     ;
; rx_error_bits[26]             ; pre-synthesis ; connected ; Top                            ; post-synthesis    ; rx_error_bits[26]                                                                     ; N/A     ;
; rx_error_bits[27]             ; pre-synthesis ; connected ; Top                            ; post-synthesis    ; rx_error_bits[27]                                                                     ; N/A     ;
; rx_error_bits[27]             ; pre-synthesis ; connected ; Top                            ; post-synthesis    ; rx_error_bits[27]                                                                     ; N/A     ;
; rx_error_bits[28]             ; pre-synthesis ; connected ; Top                            ; post-synthesis    ; rx_error_bits[28]                                                                     ; N/A     ;
; rx_error_bits[28]             ; pre-synthesis ; connected ; Top                            ; post-synthesis    ; rx_error_bits[28]                                                                     ; N/A     ;
; rx_error_bits[29]             ; pre-synthesis ; connected ; Top                            ; post-synthesis    ; rx_error_bits[29]                                                                     ; N/A     ;
; rx_error_bits[29]             ; pre-synthesis ; connected ; Top                            ; post-synthesis    ; rx_error_bits[29]                                                                     ; N/A     ;
; rx_error_bits[2]              ; pre-synthesis ; connected ; Top                            ; post-synthesis    ; rx_error_bits[2]                                                                      ; N/A     ;
; rx_error_bits[2]              ; pre-synthesis ; connected ; Top                            ; post-synthesis    ; rx_error_bits[2]                                                                      ; N/A     ;
; rx_error_bits[30]             ; pre-synthesis ; connected ; Top                            ; post-synthesis    ; rx_error_bits[30]                                                                     ; N/A     ;
; rx_error_bits[30]             ; pre-synthesis ; connected ; Top                            ; post-synthesis    ; rx_error_bits[30]                                                                     ; N/A     ;
; rx_error_bits[31]             ; pre-synthesis ; connected ; Top                            ; post-synthesis    ; rx_error_bits[31]                                                                     ; N/A     ;
; rx_error_bits[31]             ; pre-synthesis ; connected ; Top                            ; post-synthesis    ; rx_error_bits[31]                                                                     ; N/A     ;
; rx_error_bits[3]              ; pre-synthesis ; connected ; Top                            ; post-synthesis    ; rx_error_bits[3]                                                                      ; N/A     ;
; rx_error_bits[3]              ; pre-synthesis ; connected ; Top                            ; post-synthesis    ; rx_error_bits[3]                                                                      ; N/A     ;
; rx_error_bits[4]              ; pre-synthesis ; connected ; Top                            ; post-synthesis    ; rx_error_bits[4]                                                                      ; N/A     ;
; rx_error_bits[4]              ; pre-synthesis ; connected ; Top                            ; post-synthesis    ; rx_error_bits[4]                                                                      ; N/A     ;
; rx_error_bits[5]              ; pre-synthesis ; connected ; Top                            ; post-synthesis    ; rx_error_bits[5]                                                                      ; N/A     ;
; rx_error_bits[5]              ; pre-synthesis ; connected ; Top                            ; post-synthesis    ; rx_error_bits[5]                                                                      ; N/A     ;
; rx_error_bits[6]              ; pre-synthesis ; connected ; Top                            ; post-synthesis    ; rx_error_bits[6]                                                                      ; N/A     ;
; rx_error_bits[6]              ; pre-synthesis ; connected ; Top                            ; post-synthesis    ; rx_error_bits[6]                                                                      ; N/A     ;
; rx_error_bits[7]              ; pre-synthesis ; connected ; Top                            ; post-synthesis    ; rx_error_bits[7]                                                                      ; N/A     ;
; rx_error_bits[7]              ; pre-synthesis ; connected ; Top                            ; post-synthesis    ; rx_error_bits[7]                                                                      ; N/A     ;
; rx_error_bits[8]              ; pre-synthesis ; connected ; Top                            ; post-synthesis    ; rx_error_bits[8]                                                                      ; N/A     ;
; rx_error_bits[8]              ; pre-synthesis ; connected ; Top                            ; post-synthesis    ; rx_error_bits[8]                                                                      ; N/A     ;
; rx_error_bits[9]              ; pre-synthesis ; connected ; Top                            ; post-synthesis    ; rx_error_bits[9]                                                                      ; N/A     ;
; rx_error_bits[9]              ; pre-synthesis ; connected ; Top                            ; post-synthesis    ; rx_error_bits[9]                                                                      ; N/A     ;
; rx_sample_tick                ; pre-synthesis ; connected ; Top                            ; post-synthesis    ; rx_sample_tick                                                                        ; N/A     ;
; rx_sample_tick                ; pre-synthesis ; connected ; Top                            ; post-synthesis    ; rx_sample_tick                                                                        ; N/A     ;
; auto_signaltap_0|gnd          ; post-fitting  ; connected ; sld_signaltap:auto_signaltap_0 ; post-synthesis    ; sld_signaltap:auto_signaltap_0|~GND                                                   ; N/A     ;
; auto_signaltap_0|gnd          ; post-fitting  ; connected ; sld_signaltap:auto_signaltap_0 ; post-synthesis    ; sld_signaltap:auto_signaltap_0|~GND                                                   ; N/A     ;
; auto_signaltap_0|gnd          ; post-fitting  ; connected ; sld_signaltap:auto_signaltap_0 ; post-synthesis    ; sld_signaltap:auto_signaltap_0|~GND                                                   ; N/A     ;
; auto_signaltap_0|gnd          ; post-fitting  ; connected ; sld_signaltap:auto_signaltap_0 ; post-synthesis    ; sld_signaltap:auto_signaltap_0|~GND                                                   ; N/A     ;
; auto_signaltap_0|gnd          ; post-fitting  ; connected ; sld_signaltap:auto_signaltap_0 ; post-synthesis    ; sld_signaltap:auto_signaltap_0|~GND                                                   ; N/A     ;
; auto_signaltap_0|gnd          ; post-fitting  ; connected ; sld_signaltap:auto_signaltap_0 ; post-synthesis    ; sld_signaltap:auto_signaltap_0|~GND                                                   ; N/A     ;
; auto_signaltap_0|gnd          ; post-fitting  ; connected ; sld_signaltap:auto_signaltap_0 ; post-synthesis    ; sld_signaltap:auto_signaltap_0|~GND                                                   ; N/A     ;
; auto_signaltap_0|gnd          ; post-fitting  ; connected ; sld_signaltap:auto_signaltap_0 ; post-synthesis    ; sld_signaltap:auto_signaltap_0|~GND                                                   ; N/A     ;
; auto_signaltap_0|gnd          ; post-fitting  ; connected ; sld_signaltap:auto_signaltap_0 ; post-synthesis    ; sld_signaltap:auto_signaltap_0|~GND                                                   ; N/A     ;
; auto_signaltap_0|gnd          ; post-fitting  ; connected ; sld_signaltap:auto_signaltap_0 ; post-synthesis    ; sld_signaltap:auto_signaltap_0|~GND                                                   ; N/A     ;
; auto_signaltap_0|gnd          ; post-fitting  ; connected ; sld_signaltap:auto_signaltap_0 ; post-synthesis    ; sld_signaltap:auto_signaltap_0|~GND                                                   ; N/A     ;
; auto_signaltap_0|gnd          ; post-fitting  ; connected ; sld_signaltap:auto_signaltap_0 ; post-synthesis    ; sld_signaltap:auto_signaltap_0|~GND                                                   ; N/A     ;
; auto_signaltap_0|gnd          ; post-fitting  ; connected ; sld_signaltap:auto_signaltap_0 ; post-synthesis    ; sld_signaltap:auto_signaltap_0|~GND                                                   ; N/A     ;
; auto_signaltap_0|gnd          ; post-fitting  ; connected ; sld_signaltap:auto_signaltap_0 ; post-synthesis    ; sld_signaltap:auto_signaltap_0|~GND                                                   ; N/A     ;
; auto_signaltap_0|vcc          ; post-fitting  ; connected ; sld_signaltap:auto_signaltap_0 ; post-synthesis    ; sld_signaltap:auto_signaltap_0|~VCC                                                   ; N/A     ;
; auto_signaltap_0|vcc          ; post-fitting  ; connected ; sld_signaltap:auto_signaltap_0 ; post-synthesis    ; sld_signaltap:auto_signaltap_0|~VCC                                                   ; N/A     ;
; auto_signaltap_0|vcc          ; post-fitting  ; connected ; sld_signaltap:auto_signaltap_0 ; post-synthesis    ; sld_signaltap:auto_signaltap_0|~VCC                                                   ; N/A     ;
; auto_signaltap_0|vcc          ; post-fitting  ; connected ; sld_signaltap:auto_signaltap_0 ; post-synthesis    ; sld_signaltap:auto_signaltap_0|~VCC                                                   ; N/A     ;
; auto_signaltap_0|vcc          ; post-fitting  ; connected ; sld_signaltap:auto_signaltap_0 ; post-synthesis    ; sld_signaltap:auto_signaltap_0|~VCC                                                   ; N/A     ;
; auto_signaltap_0|vcc          ; post-fitting  ; connected ; sld_signaltap:auto_signaltap_0 ; post-synthesis    ; sld_signaltap:auto_signaltap_0|~VCC                                                   ; N/A     ;
; auto_signaltap_0|vcc          ; post-fitting  ; connected ; sld_signaltap:auto_signaltap_0 ; post-synthesis    ; sld_signaltap:auto_signaltap_0|~VCC                                                   ; N/A     ;
; auto_signaltap_0|vcc          ; post-fitting  ; connected ; sld_signaltap:auto_signaltap_0 ; post-synthesis    ; sld_signaltap:auto_signaltap_0|~VCC                                                   ; N/A     ;
; auto_signaltap_0|vcc          ; post-fitting  ; connected ; sld_signaltap:auto_signaltap_0 ; post-synthesis    ; sld_signaltap:auto_signaltap_0|~VCC                                                   ; N/A     ;
; auto_signaltap_0|vcc          ; post-fitting  ; connected ; sld_signaltap:auto_signaltap_0 ; post-synthesis    ; sld_signaltap:auto_signaltap_0|~VCC                                                   ; N/A     ;
; auto_signaltap_0|vcc          ; post-fitting  ; connected ; sld_signaltap:auto_signaltap_0 ; post-synthesis    ; sld_signaltap:auto_signaltap_0|~VCC                                                   ; N/A     ;
; auto_signaltap_0|vcc          ; post-fitting  ; connected ; sld_signaltap:auto_signaltap_0 ; post-synthesis    ; sld_signaltap:auto_signaltap_0|~VCC                                                   ; N/A     ;
; auto_signaltap_0|vcc          ; post-fitting  ; connected ; sld_signaltap:auto_signaltap_0 ; post-synthesis    ; sld_signaltap:auto_signaltap_0|~VCC                                                   ; N/A     ;
; auto_signaltap_0|vcc          ; post-fitting  ; connected ; sld_signaltap:auto_signaltap_0 ; post-synthesis    ; sld_signaltap:auto_signaltap_0|~VCC                                                   ; N/A     ;
; auto_signaltap_0|vcc          ; post-fitting  ; connected ; sld_signaltap:auto_signaltap_0 ; post-synthesis    ; sld_signaltap:auto_signaltap_0|~VCC                                                   ; N/A     ;
; auto_signaltap_0|vcc          ; post-fitting  ; connected ; sld_signaltap:auto_signaltap_0 ; post-synthesis    ; sld_signaltap:auto_signaltap_0|~VCC                                                   ; N/A     ;
; auto_signaltap_0|vcc          ; post-fitting  ; connected ; sld_signaltap:auto_signaltap_0 ; post-synthesis    ; sld_signaltap:auto_signaltap_0|~VCC                                                   ; N/A     ;
; auto_signaltap_0|vcc          ; post-fitting  ; connected ; sld_signaltap:auto_signaltap_0 ; post-synthesis    ; sld_signaltap:auto_signaltap_0|~VCC                                                   ; N/A     ;
+-------------------------------+---------------+-----------+--------------------------------+-------------------+---------------------------------------------------------------------------------------+---------+


+-------------------------------+
; Analysis & Synthesis Messages ;
+-------------------------------+
Info: *******************************************************************
Info: Running Quartus Prime Analysis & Synthesis
    Info: Version 25.1std.0 Build 1129 10/21/2025 SC Lite Edition
    Info: Processing started: Wed Sep 30 12:34:14 2026
Info: Command: quartus_map --read_settings_files=on --write_settings_files=off FSOx86 -c FSOx86
Warning (18236): Number of processors has not been specified which may cause overloading on shared machines.  Set the global assignment NUM_PARALLEL_PROCESSORS in your QSF to an appropriate value for best performance.
Info (20030): Parallel compilation is enabled and will use 6 of the 6 processors detected
Info (12021): Found 1 design units, including 1 entities, in source file pll_x86.v
    Info (12023): Found entity 1: PLL_x86 File: D:/FPGA/PLL_x86.v Line: 8
Info (12021): Found 1 design units, including 1 entities, in source file pll_x86/pll_x86_0002.v
    Info (12023): Found entity 1: PLL_x86_0002 File: D:/FPGA/PLL_x86/PLL_x86_0002.v Line: 2
Info (12021): Found 4 design units, including 4 entities, in source file fsox86.v
    Info (12023): Found entity 1: FSOx86 File: D:/FPGA/FSOx86.v Line: 2
    Info (12023): Found entity 2: ExactDivCompare16 File: D:/FPGA/FSOx86.v Line: 4408
    Info (12023): Found entity 3: FsoDeliveryMonitor File: D:/FPGA/FSOx86.v Line: 4539
    Info (12023): Found entity 4: FsoDeliveryCounter64 File: D:/FPGA/FSOx86.v Line: 4745
Info (12127): Elaborating entity "FSOx86" for the top level hierarchy
Warning (10036): Verilog HDL or VHDL warning at FSOx86.v(49): object "smp_last_pair_id" assigned a value but never read File: D:/FPGA/FSOx86.v Line: 49
Warning (10036): Verilog HDL or VHDL warning at FSOx86.v(180): object "run_mode_query_ft" assigned a value but never read File: D:/FPGA/FSOx86.v Line: 180
Warning (10036): Verilog HDL or VHDL warning at FSOx86.v(182): object "smp_status_query_ft" assigned a value but never read File: D:/FPGA/FSOx86.v Line: 182
Warning (10036): Verilog HDL or VHDL warning at FSOx86.v(184): object "smp_token_query_ft" assigned a value but never read File: D:/FPGA/FSOx86.v Line: 184
Warning (10036): Verilog HDL or VHDL warning at FSOx86.v(186): object "smp_first_query_ft" assigned a value but never read File: D:/FPGA/FSOx86.v Line: 186
Warning (10036): Verilog HDL or VHDL warning at FSOx86.v(187): object "smp_epoch_query_ft" assigned a value but never read File: D:/FPGA/FSOx86.v Line: 187
Warning (10036): Verilog HDL or VHDL warning at FSOx86.v(189): object "smp_data_query_ft" assigned a value but never read File: D:/FPGA/FSOx86.v Line: 189
Warning (10036): Verilog HDL or VHDL warning at FSOx86.v(192): object "smp_diag_query_ft" assigned a value but never read File: D:/FPGA/FSOx86.v Line: 192
Warning (10036): Verilog HDL or VHDL warning at FSOx86.v(204): object "cmd_data_tx" assigned a value but never read File: D:/FPGA/FSOx86.v Line: 204
Warning (10036): Verilog HDL or VHDL warning at FSOx86.v(205): object "cmd_code_tx" assigned a value but never read File: D:/FPGA/FSOx86.v Line: 205
Warning (10036): Verilog HDL or VHDL warning at FSOx86.v(238): object "text_rx_shift" assigned a value but never read File: D:/FPGA/FSOx86.v Line: 238
Warning (10036): Verilog HDL or VHDL warning at FSOx86.v(239): object "text_rx_count" assigned a value but never read File: D:/FPGA/FSOx86.v Line: 239
Warning (10036): Verilog HDL or VHDL warning at FSOx86.v(242): object "text_data_ft" assigned a value but never read File: D:/FPGA/FSOx86.v Line: 242
Warning (10036): Verilog HDL or VHDL warning at FSOx86.v(244): object "text_v23_ready_ft" assigned a value but never read File: D:/FPGA/FSOx86.v Line: 244
Warning (10036): Verilog HDL or VHDL warning at FSOx86.v(247): object "text_v23_data_ft" assigned a value but never read File: D:/FPGA/FSOx86.v Line: 247
Warning (10036): Verilog HDL or VHDL warning at FSOx86.v(248): object "text_v23_status_ft" assigned a value but never read File: D:/FPGA/FSOx86.v Line: 248
Warning (10036): Verilog HDL or VHDL warning at FSOx86.v(249): object "text_v23_token_ft" assigned a value but never read File: D:/FPGA/FSOx86.v Line: 249
Warning (10036): Verilog HDL or VHDL warning at FSOx86.v(250): object "text_v23_epoch_ft" assigned a value but never read File: D:/FPGA/FSOx86.v Line: 250
Warning (10036): Verilog HDL or VHDL warning at FSOx86.v(251): object "text_v23_payload_bits_ft" assigned a value but never read File: D:/FPGA/FSOx86.v Line: 251
Warning (10036): Verilog HDL or VHDL warning at FSOx86.v(252): object "text_v23_payload_errors_ft" assigned a value but never read File: D:/FPGA/FSOx86.v Line: 252
Warning (10036): Verilog HDL or VHDL warning at FSOx86.v(254): object "text_diag_bytes_ft" assigned a value but never read File: D:/FPGA/FSOx86.v Line: 254
Warning (10036): Verilog HDL or VHDL warning at FSOx86.v(255): object "text_diag_commits_ft" assigned a value but never read File: D:/FPGA/FSOx86.v Line: 255
Warning (10036): Verilog HDL or VHDL warning at FSOx86.v(256): object "text_diag_first_ft" assigned a value but never read File: D:/FPGA/FSOx86.v Line: 256
Warning (10036): Verilog HDL or VHDL warning at FSOx86.v(257): object "text_diag_flags_ft" assigned a value but never read File: D:/FPGA/FSOx86.v Line: 257
Warning (10036): Verilog HDL or VHDL warning at FSOx86.v(493): object "payload_tx_bits_status_ft" assigned a value but never read File: D:/FPGA/FSOx86.v Line: 493
Warning (10036): Verilog HDL or VHDL warning at FSOx86.v(494): object "payload_rx_bits_status_ft" assigned a value but never read File: D:/FPGA/FSOx86.v Line: 494
Warning (10036): Verilog HDL or VHDL warning at FSOx86.v(495): object "payload_error_bits_status_ft" assigned a value but never read File: D:/FPGA/FSOx86.v Line: 495
Warning (10036): Verilog HDL or VHDL warning at FSOx86.v(497): object "tx_frame_bits_status_ft" assigned a value but never read File: D:/FPGA/FSOx86.v Line: 497
Warning (10036): Verilog HDL or VHDL warning at FSOx86.v(516): object "payload_rx_bits_query_ft" assigned a value but never read File: D:/FPGA/FSOx86.v Line: 516
Warning (10036): Verilog HDL or VHDL warning at FSOx86.v(517): object "payload_error_bits_query_ft" assigned a value but never read File: D:/FPGA/FSOx86.v Line: 517
Warning (10036): Verilog HDL or VHDL warning at FSOx86.v(518): object "line_error_bits_query_ft" assigned a value but never read File: D:/FPGA/FSOx86.v Line: 518
Warning (10036): Verilog HDL or VHDL warning at FSOx86.v(519): object "rx2_total_bits_query_ft" assigned a value but never read File: D:/FPGA/FSOx86.v Line: 519
Warning (10036): Verilog HDL or VHDL warning at FSOx86.v(520): object "rx2_error_bits_query_ft" assigned a value but never read File: D:/FPGA/FSOx86.v Line: 520
Warning (10036): Verilog HDL or VHDL warning at FSOx86.v(521): object "status_word_query_ft" assigned a value but never read File: D:/FPGA/FSOx86.v Line: 521
Warning (10036): Verilog HDL or VHDL warning at FSOx86.v(522): object "legacy_tx_bits_query_ft" assigned a value but never read File: D:/FPGA/FSOx86.v Line: 522
Warning (10036): Verilog HDL or VHDL warning at FSOx86.v(535): object "payload_frame_len" assigned a value but never read File: D:/FPGA/FSOx86.v Line: 535
Warning (10036): Verilog HDL or VHDL warning at FSOx86.v(537): object "payload_frame_text_index" assigned a value but never read File: D:/FPGA/FSOx86.v Line: 537
Warning (10036): Verilog HDL or VHDL warning at FSOx86.v(592): object "rx1_previous_window_bits" assigned a value but never read File: D:/FPGA/FSOx86.v Line: 592
Warning (10036): Verilog HDL or VHDL warning at FSOx86.v(593): object "rx2_previous_window_bits" assigned a value but never read File: D:/FPGA/FSOx86.v Line: 593
Warning (10036): Verilog HDL or VHDL warning at FSOx86.v(594): object "rx1_previous_window_errors" assigned a value but never read File: D:/FPGA/FSOx86.v Line: 594
Warning (10036): Verilog HDL or VHDL warning at FSOx86.v(595): object "rx2_previous_window_errors" assigned a value but never read File: D:/FPGA/FSOx86.v Line: 595
Warning (10036): Verilog HDL or VHDL warning at FSOx86.v(626): object "demod_sample_tick" assigned a value but never read File: D:/FPGA/FSOx86.v Line: 626
Warning (10036): Verilog HDL or VHDL warning at FSOx86.v(674): object "selected_sample_tick" assigned a value but never read File: D:/FPGA/FSOx86.v Line: 674
Warning (10036): Verilog HDL or VHDL warning at FSOx86.v(675): object "selected_demod_rx_bit" assigned a value but never read File: D:/FPGA/FSOx86.v Line: 675
Warning (10036): Verilog HDL or VHDL warning at FSOx86.v(676): object "selected_aligned_data_bit" assigned a value but never read File: D:/FPGA/FSOx86.v Line: 676
Warning (10036): Verilog HDL or VHDL warning at FSOx86.v(677): object "selected_aligned_frame_start_bit" assigned a value but never read File: D:/FPGA/FSOx86.v Line: 677
Warning (10036): Verilog HDL or VHDL warning at FSOx86.v(678): object "selected_aligned_frame_len" assigned a value but never read File: D:/FPGA/FSOx86.v Line: 678
Warning (10036): Verilog HDL or VHDL warning at FSOx86.v(679): object "selected_aligned_frame_code" assigned a value but never read File: D:/FPGA/FSOx86.v Line: 679
Warning (10036): Verilog HDL or VHDL warning at FSOx86.v(680): object "selected_aligned_frame_text_index" assigned a value but never read File: D:/FPGA/FSOx86.v Line: 680
Warning (10036): Verilog HDL or VHDL warning at FSOx86.v(1219): object "delivery_completed_token_ft" assigned a value but never read File: D:/FPGA/FSOx86.v Line: 1219
Warning (10036): Verilog HDL or VHDL warning at FSOx86.v(1221): object "delivery_bank_ft" assigned a value but never read File: D:/FPGA/FSOx86.v Line: 1221
Warning (10036): Verilog HDL or VHDL warning at FSOx86.v(3568): object "text_snapshot_latch" assigned a value but never read File: D:/FPGA/FSOx86.v Line: 3568
Info (10264): Verilog HDL Case Statement information at FSOx86.v(1513): all case item expressions in this case statement are onehot File: D:/FPGA/FSOx86.v Line: 1513
Info (12128): Elaborating entity "PLL_x86" for hierarchy "PLL_x86:pll_250_inst" File: D:/FPGA/FSOx86.v Line: 61
Info (12128): Elaborating entity "PLL_x86_0002" for hierarchy "PLL_x86:pll_250_inst|PLL_x86_0002:pll_x86_inst" File: D:/FPGA/PLL_x86.v Line: 20
Info (12128): Elaborating entity "altera_pll" for hierarchy "PLL_x86:pll_250_inst|PLL_x86_0002:pll_x86_inst|altera_pll:altera_pll_i" File: D:/FPGA/PLL_x86/PLL_x86_0002.v Line: 85
Info (10008): Verilog HDL or VHDL information: EDA Netlist Writer cannot regroup multidimensional array "wire_to_nowhere_64" into its bus
Info (12130): Elaborated megafunction instantiation "PLL_x86:pll_250_inst|PLL_x86_0002:pll_x86_inst|altera_pll:altera_pll_i" File: D:/FPGA/PLL_x86/PLL_x86_0002.v Line: 85
Info (12133): Instantiated megafunction "PLL_x86:pll_250_inst|PLL_x86_0002:pll_x86_inst|altera_pll:altera_pll_i" with the following parameter: File: D:/FPGA/PLL_x86/PLL_x86_0002.v Line: 85
    Info (12134): Parameter "fractional_vco_multiplier" = "false"
    Info (12134): Parameter "reference_clock_frequency" = "50.0 MHz"
    Info (12134): Parameter "operation_mode" = "direct"
    Info (12134): Parameter "number_of_clocks" = "1"
    Info (12134): Parameter "output_clock_frequency0" = "250.000000 MHz"
    Info (12134): Parameter "phase_shift0" = "0 ps"
    Info (12134): Parameter "duty_cycle0" = "50"
    Info (12134): Parameter "output_clock_frequency1" = "0 MHz"
    Info (12134): Parameter "phase_shift1" = "0 ps"
    Info (12134): Parameter "duty_cycle1" = "50"
    Info (12134): Parameter "output_clock_frequency2" = "0 MHz"
    Info (12134): Parameter "phase_shift2" = "0 ps"
    Info (12134): Parameter "duty_cycle2" = "50"
    Info (12134): Parameter "output_clock_frequency3" = "0 MHz"
    Info (12134): Parameter "phase_shift3" = "0 ps"
    Info (12134): Parameter "duty_cycle3" = "50"
    Info (12134): Parameter "output_clock_frequency4" = "0 MHz"
    Info (12134): Parameter "phase_shift4" = "0 ps"
    Info (12134): Parameter "duty_cycle4" = "50"
    Info (12134): Parameter "output_clock_frequency5" = "0 MHz"
    Info (12134): Parameter "phase_shift5" = "0 ps"
    Info (12134): Parameter "duty_cycle5" = "50"
    Info (12134): Parameter "output_clock_frequency6" = "0 MHz"
    Info (12134): Parameter "phase_shift6" = "0 ps"
    Info (12134): Parameter "duty_cycle6" = "50"
    Info (12134): Parameter "output_clock_frequency7" = "0 MHz"
    Info (12134): Parameter "phase_shift7" = "0 ps"
    Info (12134): Parameter "duty_cycle7" = "50"
    Info (12134): Parameter "output_clock_frequency8" = "0 MHz"
    Info (12134): Parameter "phase_shift8" = "0 ps"
    Info (12134): Parameter "duty_cycle8" = "50"
    Info (12134): Parameter "output_clock_frequency9" = "0 MHz"
    Info (12134): Parameter "phase_shift9" = "0 ps"
    Info (12134): Parameter "duty_cycle9" = "50"
    Info (12134): Parameter "output_clock_frequency10" = "0 MHz"
    Info (12134): Parameter "phase_shift10" = "0 ps"
    Info (12134): Parameter "duty_cycle10" = "50"
    Info (12134): Parameter "output_clock_frequency11" = "0 MHz"
    Info (12134): Parameter "phase_shift11" = "0 ps"
    Info (12134): Parameter "duty_cycle11" = "50"
    Info (12134): Parameter "output_clock_frequency12" = "0 MHz"
    Info (12134): Parameter "phase_shift12" = "0 ps"
    Info (12134): Parameter "duty_cycle12" = "50"
    Info (12134): Parameter "output_clock_frequency13" = "0 MHz"
    Info (12134): Parameter "phase_shift13" = "0 ps"
    Info (12134): Parameter "duty_cycle13" = "50"
    Info (12134): Parameter "output_clock_frequency14" = "0 MHz"
    Info (12134): Parameter "phase_shift14" = "0 ps"
    Info (12134): Parameter "duty_cycle14" = "50"
    Info (12134): Parameter "output_clock_frequency15" = "0 MHz"
    Info (12134): Parameter "phase_shift15" = "0 ps"
    Info (12134): Parameter "duty_cycle15" = "50"
    Info (12134): Parameter "output_clock_frequency16" = "0 MHz"
    Info (12134): Parameter "phase_shift16" = "0 ps"
    Info (12134): Parameter "duty_cycle16" = "50"
    Info (12134): Parameter "output_clock_frequency17" = "0 MHz"
    Info (12134): Parameter "phase_shift17" = "0 ps"
    Info (12134): Parameter "duty_cycle17" = "50"
    Info (12134): Parameter "pll_type" = "General"
    Info (12134): Parameter "pll_subtype" = "General"
Info (12128): Elaborating entity "ExactDivCompare16" for hierarchy "ExactDivCompare16:quality_compare" File: D:/FPGA/FSOx86.v Line: 613
Info (12128): Elaborating entity "FsoDeliveryMonitor" for hierarchy "FsoDeliveryMonitor:delivery_monitor" File: D:/FPGA/FSOx86.v Line: 4235
Warning (10036): Verilog HDL or VHDL warning at FSOx86.v(4578): object "event_smp" assigned a value but never read File: D:/FPGA/FSOx86.v Line: 4578
Warning (10036): Verilog HDL or VHDL warning at FSOx86.v(4579): object "event_id" assigned a value but never read File: D:/FPGA/FSOx86.v Line: 4579
Info (12128): Elaborating entity "FsoDeliveryCounter64" for hierarchy "FsoDeliveryMonitor:delivery_monitor|FsoDeliveryCounter64:timer_count" File: D:/FPGA/FSOx86.v Line: 4627
Info (12021): Found 1 design units, including 1 entities, in source file db/altsyncram_2h84.tdf
    Info (12023): Found entity 1: altsyncram_2h84 File: D:/FPGA/db/altsyncram_2h84.tdf Line: 28
Info (12021): Found 1 design units, including 1 entities, in source file db/mux_blc.tdf
    Info (12023): Found entity 1: mux_blc File: D:/FPGA/db/mux_blc.tdf Line: 23
Info (12021): Found 1 design units, including 1 entities, in source file db/decode_vnf.tdf
    Info (12023): Found entity 1: decode_vnf File: D:/FPGA/db/decode_vnf.tdf Line: 23
Info (12021): Found 1 design units, including 1 entities, in source file db/cntr_49i.tdf
    Info (12023): Found entity 1: cntr_49i File: D:/FPGA/db/cntr_49i.tdf Line: 28
Info (12021): Found 1 design units, including 1 entities, in source file db/cmpr_e9c.tdf
    Info (12023): Found entity 1: cmpr_e9c File: D:/FPGA/db/cmpr_e9c.tdf Line: 23
Info (12021): Found 1 design units, including 1 entities, in source file db/cntr_q1j.tdf
    Info (12023): Found entity 1: cntr_q1j File: D:/FPGA/db/cntr_q1j.tdf Line: 26
Info (12021): Found 1 design units, including 1 entities, in source file db/cntr_u8i.tdf
    Info (12023): Found entity 1: cntr_u8i File: D:/FPGA/db/cntr_u8i.tdf Line: 28
Info (12021): Found 1 design units, including 1 entities, in source file db/cmpr_d9c.tdf
    Info (12023): Found entity 1: cmpr_d9c File: D:/FPGA/db/cmpr_d9c.tdf Line: 23
Info (12021): Found 1 design units, including 1 entities, in source file db/cntr_kri.tdf
    Info (12023): Found entity 1: cntr_kri File: D:/FPGA/db/cntr_kri.tdf Line: 28
Info (12021): Found 1 design units, including 1 entities, in source file db/cmpr_99c.tdf
    Info (12023): Found entity 1: cmpr_99c File: D:/FPGA/db/cmpr_99c.tdf Line: 23
Info (12033): Analysis and Synthesis generated Signal Tap or debug node instance "auto_signaltap_0"
Info (11170): Starting IP generation for the debug fabric: alt_sld_fab.
Info (11172): 2026.09.30.12:34:28 Progress: Loading sld876e6cae/alt_sld_fab_wrapper_hw.tcl
Info (11172): Alt_sld_fab.alt_sld_fab: SLD fabric agents which did not specify prefer_host were connected to JTAG
Info (11172): Alt_sld_fab: Generating "alt_sld_fab" for QUARTUS_SYNTH
Info (11172): Alt_sld_fab: "alt_sld_fab" instantiated alt_sld_fab "alt_sld_fab"
Info (11172): Presplit: "alt_sld_fab" instantiated altera_super_splitter "presplit"
Info (11172): Splitter: "alt_sld_fab" instantiated altera_sld_splitter "splitter"
Info (11172): Sldfabric: "alt_sld_fab" instantiated altera_sld_jtag_hub "sldfabric"
Info (11172): Ident: "alt_sld_fab" instantiated altera_connection_identification_hub "ident"
Info (11172): Alt_sld_fab: Done "alt_sld_fab" with 6 modules, 6 files
Info (11171): Finished IP generation for the debug fabric: alt_sld_fab.
Info (12021): Found 1 design units, including 1 entities, in source file db/ip/sld876e6cae/alt_sld_fab.v
    Info (12023): Found entity 1: alt_sld_fab File: D:/FPGA/db/ip/sld876e6cae/alt_sld_fab.v Line: 9
Info (12021): Found 1 design units, including 1 entities, in source file db/ip/sld876e6cae/submodules/alt_sld_fab_alt_sld_fab.v
    Info (12023): Found entity 1: alt_sld_fab_alt_sld_fab File: D:/FPGA/db/ip/sld876e6cae/submodules/alt_sld_fab_alt_sld_fab.v Line: 9
Info (12021): Found 1 design units, including 1 entities, in source file db/ip/sld876e6cae/submodules/alt_sld_fab_alt_sld_fab_ident.sv
    Info (12023): Found entity 1: alt_sld_fab_alt_sld_fab_ident File: D:/FPGA/db/ip/sld876e6cae/submodules/alt_sld_fab_alt_sld_fab_ident.sv Line: 33
Info (12021): Found 1 design units, including 1 entities, in source file db/ip/sld876e6cae/submodules/alt_sld_fab_alt_sld_fab_presplit.sv
    Info (12023): Found entity 1: alt_sld_fab_alt_sld_fab_presplit File: D:/FPGA/db/ip/sld876e6cae/submodules/alt_sld_fab_alt_sld_fab_presplit.sv Line: 3
Info (12021): Found 2 design units, including 1 entities, in source file db/ip/sld876e6cae/submodules/alt_sld_fab_alt_sld_fab_sldfabric.vhd
    Info (12022): Found design unit 1: alt_sld_fab_alt_sld_fab_sldfabric-rtl File: D:/FPGA/db/ip/sld876e6cae/submodules/alt_sld_fab_alt_sld_fab_sldfabric.vhd Line: 102
    Info (12023): Found entity 1: alt_sld_fab_alt_sld_fab_sldfabric File: D:/FPGA/db/ip/sld876e6cae/submodules/alt_sld_fab_alt_sld_fab_sldfabric.vhd Line: 11
Info (12021): Found 1 design units, including 1 entities, in source file db/ip/sld876e6cae/submodules/alt_sld_fab_alt_sld_fab_splitter.sv
    Info (12023): Found entity 1: alt_sld_fab_alt_sld_fab_splitter File: D:/FPGA/db/ip/sld876e6cae/submodules/alt_sld_fab_alt_sld_fab_splitter.sv Line: 3
Info (286031): Timing-Driven Synthesis is running on partition "Top"
Info (19000): Inferred 4 megafunctions from design logic
    Info (276029): Inferred altsyncram megafunction from the following design logic: "FsoDeliveryMonitor:delivery_monitor|reference_record_rtl_0" 
        Info (286033): Parameter OPERATION_MODE set to DUAL_PORT
        Info (286033): Parameter WIDTH_A set to 48
        Info (286033): Parameter WIDTHAD_A set to 7
        Info (286033): Parameter NUMWORDS_A set to 128
        Info (286033): Parameter WIDTH_B set to 48
        Info (286033): Parameter WIDTHAD_B set to 7
        Info (286033): Parameter NUMWORDS_B set to 128
        Info (286033): Parameter ADDRESS_ACLR_A set to NONE
        Info (286033): Parameter OUTDATA_REG_B set to UNREGISTERED
        Info (286033): Parameter ADDRESS_ACLR_B set to NONE
        Info (286033): Parameter OUTDATA_ACLR_B set to NONE
        Info (286033): Parameter ADDRESS_REG_B set to CLOCK0
        Info (286033): Parameter INDATA_ACLR_A set to NONE
        Info (286033): Parameter WRCONTROL_ACLR_A set to NONE
        Info (286033): Parameter RAM_BLOCK_TYPE set to M10K
        Info (286033): Parameter READ_DURING_WRITE_MODE_MIXED_PORTS set to OLD_DATA
        Info (286033): Parameter RDCONTROL_REG_B set to CLOCK0
    Info (276034): Inferred altshift_taps megafunction from the following design logic: "delivery_metadata_pipe_rtl_0"
        Info (286033): Parameter NUMBER_OF_TAPS set to 1
        Info (286033): Parameter TAP_DISTANCE set to 4
        Info (286033): Parameter WIDTH set to 37
        Info (286033): Parameter POWER_UP_STATE set to DONT_CARE
    Info (276034): Inferred altshift_taps megafunction from the following design logic: "ExactDivCompare16:quality_compare|l20s2_rtl_0"
        Info (286033): Parameter NUMBER_OF_TAPS set to 1
        Info (286033): Parameter TAP_DISTANCE set to 4
        Info (286033): Parameter WIDTH set to 32
        Info (286033): Parameter POWER_UP_STATE set to DONT_CARE
    Info (276034): Inferred altshift_taps megafunction from the following design logic: "delivery_complete_id_rtl_0"
        Info (286033): Parameter NUMBER_OF_TAPS set to 1
        Info (286033): Parameter TAP_DISTANCE set to 3
        Info (286033): Parameter WIDTH set to 130
        Info (286033): Parameter POWER_UP_STATE set to DONT_CARE
Info (12130): Elaborated megafunction instantiation "altshift_taps:delivery_complete_id_rtl_0"
Info (12133): Instantiated megafunction "altshift_taps:delivery_complete_id_rtl_0" with the following parameter:
    Info (12134): Parameter "NUMBER_OF_TAPS" = "1"
    Info (12134): Parameter "TAP_DISTANCE" = "3"
    Info (12134): Parameter "WIDTH" = "130"
    Info (12134): Parameter "POWER_UP_STATE" = "DONT_CARE"
Info (12021): Found 1 design units, including 1 entities, in source file db/shift_taps_a0v.tdf
    Info (12023): Found entity 1: shift_taps_a0v File: D:/FPGA/db/shift_taps_a0v.tdf Line: 27
Info (12021): Found 1 design units, including 1 entities, in source file db/altsyncram_du91.tdf
    Info (12023): Found entity 1: altsyncram_du91 File: D:/FPGA/db/altsyncram_du91.tdf Line: 28
Info (12021): Found 1 design units, including 1 entities, in source file db/cntr_ohf.tdf
    Info (12023): Found entity 1: cntr_ohf File: D:/FPGA/db/cntr_ohf.tdf Line: 28
Info (12021): Found 1 design units, including 1 entities, in source file db/cmpr_a9c.tdf
    Info (12023): Found entity 1: cmpr_a9c File: D:/FPGA/db/cmpr_a9c.tdf Line: 23
Info (12130): Elaborated megafunction instantiation "altshift_taps:delivery_metadata_pipe_rtl_0"
Info (12133): Instantiated megafunction "altshift_taps:delivery_metadata_pipe_rtl_0" with the following parameter:
    Info (12134): Parameter "NUMBER_OF_TAPS" = "1"
    Info (12134): Parameter "TAP_DISTANCE" = "4"
    Info (12134): Parameter "WIDTH" = "37"
    Info (12134): Parameter "POWER_UP_STATE" = "DONT_CARE"
Info (12021): Found 1 design units, including 1 entities, in source file db/shift_taps_3dv.tdf
    Info (12023): Found entity 1: shift_taps_3dv File: D:/FPGA/db/shift_taps_3dv.tdf Line: 29
Info (12021): Found 1 design units, including 1 entities, in source file db/altsyncram_pfc1.tdf
    Info (12023): Found entity 1: altsyncram_pfc1 File: D:/FPGA/db/altsyncram_pfc1.tdf Line: 28
Info (12021): Found 1 design units, including 1 entities, in source file db/cntr_phf.tdf
    Info (12023): Found entity 1: cntr_phf File: D:/FPGA/db/cntr_phf.tdf Line: 26
Info (12021): Found 1 design units, including 1 entities, in source file db/cntr_d1h.tdf
    Info (12023): Found entity 1: cntr_d1h File: D:/FPGA/db/cntr_d1h.tdf Line: 28
Info (12130): Elaborated megafunction instantiation "ExactDivCompare16:quality_compare|altshift_taps:l20s2_rtl_0"
Info (12133): Instantiated megafunction "ExactDivCompare16:quality_compare|altshift_taps:l20s2_rtl_0" with the following parameter:
    Info (12134): Parameter "NUMBER_OF_TAPS" = "1"
    Info (12134): Parameter "TAP_DISTANCE" = "4"
    Info (12134): Parameter "WIDTH" = "32"
    Info (12134): Parameter "POWER_UP_STATE" = "DONT_CARE"
Info (12021): Found 1 design units, including 1 entities, in source file db/shift_taps_suu.tdf
    Info (12023): Found entity 1: shift_taps_suu File: D:/FPGA/db/shift_taps_suu.tdf Line: 27
Info (12021): Found 1 design units, including 1 entities, in source file db/altsyncram_hr91.tdf
    Info (12023): Found entity 1: altsyncram_hr91 File: D:/FPGA/db/altsyncram_hr91.tdf Line: 28
Info (12130): Elaborated megafunction instantiation "FsoDeliveryMonitor:delivery_monitor|altsyncram:reference_record_rtl_0"
Info (12133): Instantiated megafunction "FsoDeliveryMonitor:delivery_monitor|altsyncram:reference_record_rtl_0" with the following parameter:
    Info (12134): Parameter "OPERATION_MODE" = "DUAL_PORT"
    Info (12134): Parameter "WIDTH_A" = "48"
    Info (12134): Parameter "WIDTHAD_A" = "7"
    Info (12134): Parameter "NUMWORDS_A" = "128"
    Info (12134): Parameter "WIDTH_B" = "48"
    Info (12134): Parameter "WIDTHAD_B" = "7"
    Info (12134): Parameter "NUMWORDS_B" = "128"
    Info (12134): Parameter "ADDRESS_ACLR_A" = "NONE"
    Info (12134): Parameter "OUTDATA_REG_B" = "UNREGISTERED"
    Info (12134): Parameter "ADDRESS_ACLR_B" = "NONE"
    Info (12134): Parameter "OUTDATA_ACLR_B" = "NONE"
    Info (12134): Parameter "ADDRESS_REG_B" = "CLOCK0"
    Info (12134): Parameter "INDATA_ACLR_A" = "NONE"
    Info (12134): Parameter "WRCONTROL_ACLR_A" = "NONE"
    Info (12134): Parameter "RAM_BLOCK_TYPE" = "M10K"
    Info (12134): Parameter "READ_DURING_WRITE_MODE_MIXED_PORTS" = "OLD_DATA"
    Info (12134): Parameter "RDCONTROL_REG_B" = "CLOCK0"
Info (12021): Found 1 design units, including 1 entities, in source file db/altsyncram_t0s1.tdf
    Info (12023): Found entity 1: altsyncram_t0s1 File: D:/FPGA/db/altsyncram_t0s1.tdf Line: 28
Warning (12241): 1 hierarchies have connectivity warnings - see the Connectivity Checks report folder
Warning (13024): Output pins are stuck at VCC or GND
    Warning (13410): Pin "ft_siwu_n" is stuck at VCC File: D:/FPGA/FSOx86.v Line: 25
    Warning (13410): Pin "HEX0[1]" is stuck at GND File: D:/FPGA/FSOx86.v Line: 34
    Warning (13410): Pin "HEX0[2]" is stuck at GND File: D:/FPGA/FSOx86.v Line: 34
    Warning (13410): Pin "HEX0[3]" is stuck at GND File: D:/FPGA/FSOx86.v Line: 34
    Warning (13410): Pin "HEX0[4]" is stuck at GND File: D:/FPGA/FSOx86.v Line: 34
    Warning (13410): Pin "HEX0[5]" is stuck at GND File: D:/FPGA/FSOx86.v Line: 34
    Warning (13410): Pin "HEX2[1]" is stuck at GND File: D:/FPGA/FSOx86.v Line: 36
    Warning (13410): Pin "HEX4[1]" is stuck at GND File: D:/FPGA/FSOx86.v Line: 38
Info (17049): 14 registers lost all their fanouts during netlist optimizations.
Info (35024): Successfully connected in-system debug instance "auto_signaltap_0" to all 121 required data inputs, trigger inputs, acquisition clocks, and dynamic pins
Info (16010): Generating hard_block partition "hard_block:auto_generated_inst"
    Info (16011): Adding 14 node(s), including 0 DDIO, 1 PLL, 0 transceiver and 0 LCELL
Info (21057): Implemented 17602 device resources after synthesis - the final resource count might be different
    Info (21058): Implemented 11 input pins
    Info (21059): Implemented 43 output pins
    Info (21060): Implemented 32 bidirectional pins
    Info (21061): Implemented 17215 logic cells
    Info (21064): Implemented 291 RAM segments
    Info (21065): Implemented 1 PLLs
    Info (21062): Implemented 8 DSP elements
Info: Quartus Prime Analysis & Synthesis was successful. 0 errors, 65 warnings
    Info: Peak virtual memory: 5202 megabytes
    Info: Processing ended: Wed Sep 30 12:34:57 2026
    Info: Elapsed time: 00:00:43
    Info: Total CPU time (on all processors): 00:01:11


