Time,Mode,FSO-BER1,FSO-BER2,FSO-ABER,RF-BER,Rx1,Rx2,OBER,Throughput,Delivery
2026-10-01 13:50:35,Diversity / RX1 / interval BER,0.000E+00,0.000E+00,0.000E+00,N/A,50.000,50.000,0.000E+00,50.000001,0.000000
2026-10-01 13:50:36,Diversity / RX1 / interval BER,0.000E+00,0.000E+00,0.000E+00,N/A,50.000,50.000,0.000E+00,49.999999,0.000000
2026-10-01 13:50:37,Diversity / RX1 / interval BER,0.000E+00,0.000E+00,0.000E+00,N/A,50.000,50.000,0.000E+00,50.000000,0.000000
2026-10-01 13:50:38,Diversity / RX1 / interval BER,0.000E+00,0.000E+00,0.000E+00,N/A,50.000,50.000,0.000E+00,50.000000,0.000000
2026-10-01 13:50:39,Diversity / RX1 / interval BER,0.000E+00,0.000E+00,0.000E+00,N/A,50.000,50.000,0.000E+00,50.000001,0.000000
2026-10-01 13:50:40,Diversity / RX1 / interval BER,0.000E+00,0.000E+00,0.000E+00,N/A,50.000,50.000,0.000E+00,50.000000,0.000000
2026-10-01 13:50:41,Diversity / RX1 / interval BER,0.000E+00,0.000E+00,0.000E+00,N/A,50.000,50.000,0.000E+00,50.000000,0.000000
2026-10-01 13:50:42,Diversity / RX1 / interval BER,0.000E+00,0.000E+00,0.000E+00,N/A,50.000,50.000,0.000E+00,50.000000,0.000000
2026-10-01 13:50:43,Diversity / RX1 / interval BER,0.000E+00,0.000E+00,0.000E+00,N/A,50.000,50.000,0.000E+00,50.000001,0.000000
2026-10-01 13:50:44,Diversity / RX1 / interval BER,0.000E+00,0.000E+00,0.000E+00,N/A,50.000,50.000,0.000E+00,50.000000,0.000000
2026-10-01 13:50:45,Diversity / RX1 / interval BER,0.000E+00,0.000E+00,0.000E+00,N/A,50.000,50.000,0.000E+00,50.000000,0.000000
2026-10-01 13:50:46,Diversity / RX1 / interval BER,0.000E+00,0.000E+00,0.000E+00,N/A,50.000,50.000,0.000E+00,50.000000,0.000000
2026-10-01 13:50:47,Diversity / RX1 / interval BER,0.000E+00,0.000E+00,0.000E+00,N/A,50.000,50.000,0.000E+00,50.000001,0.000000
2026-10-01 13:50:48,Diversity / RX1 / interval BER,0.000E+00,0.000E+00,0.000E+00,N/A,50.000,50.000,0.000E+00,50.000000,0.000000
2026-10-01 13:50:49,Diversity / RX1 / interval BER,0.000E+00,0.000E+00,0.000E+00,N/A,50.000,50.000,0.000E+00,50.000000,0.000000
2026-10-01 13:50:50,Diversity / RX1 / interval BER,0.000E+00,0.000E+00,0.000E+00,N/A,50.000,50.000,0.000E+00,50.000000,0.000000
2026-10-01 13:50:51,Diversity / RX1 / interval BER,0.000E+00,0.000E+00,0.000E+00,N/A,50.000,50.000,0.000E+00,50.000000,0.000000
2026-10-01 13:50:52,Diversity / RX1 / interval BER,0.000E+00,0.000E+00,0.000E+00,N/A,50.000,50.000,0.000E+00,50.000000,0.000000
2026-10-01 13:50:53,Diversity / RX1 / interval BER,0.000E+00,0.000E+00,0.000E+00,N/A,50.000,50.000,0.000E+00,50.000000,0.000000
2026-10-01 13:50:54,Diversity / RX1 / interval BER,0.000E+00,0.000E+00,0.000E+00,N/A,50.000,50.000,0.000E+00,50.000000,0.000000
2026-10-01 13:50:55,Diversity / RX1 / interval BER,0.000E+00,0.000E+00,0.000E+00,N/A,50.000,50.000,0.000E+00,50.000000,0.000000
2026-10-01 13:50:56,Diversity / RX1 / interval BER,0.000E+00,0.000E+00,0.000E+00,N/A,50.000,50.000,0.000E+00,50.000000,0.000000
2026-10-01 13:50:57,Diversity / RX1 / interval BER,0.000E+00,0.000E+00,0.000E+00,N/A,50.000,50.000,0.000E+00,50.000000,0.000000
2026-10-01 13:50:58,Diversity / RX1 / interval BER,0.000E+00,0.000E+00,0.000E+00,N/A,50.000,50.000,0.000E+00,50.000000,0.000000
2026-10-01 13:50:59,Diversity / RX1 / interval BER,0.000E+00,0.000E+00,0.000E+00,N/A,50.000,50.000,0.000E+00,50.000000,0.000000
2026-10-01 13:51:00,Diversity / RX1 / interval BER,0.000E+00,0.000E+00,0.000E+00,N/A,50.000,50.000,0.000E+00,50.000001,0.000000
2026-10-01 13:51:01,Diversity / RX1 / interval BER,0.000E+00,0.000E+00,0.000E+00,N/A,50.000,50.000,0.000E+00,50.000000,0.000000
2026-10-01 13:51:02,Diversity / RX1 / interval BER,0.000E+00,0.000E+00,0.000E+00,N/A,50.000,50.000,0.000E+00,50.000000,0.000000
2026-10-01 13:51:03,Diversity / RX1 / interval BER,0.000E+00,0.000E+00,0.000E+00,N/A,50.000,50.000,0.000E+00,49.999999,0.000000
2026-10-01 13:51:04,Diversity / RX1 / interval BER,0.000E+00,0.000E+00,0.000E+00,N/A,50.000,50.000,0.000E+00,50.000001,0.000000
2026-10-01 13:51:05,Diversity / RX1 / interval BER,0.000E+00,0.000E+00,0.000E+00,N/A,50.000,50.000,0.000E+00,50.000000,0.000000
2026-10-01 13:51:06,Diversity / RX1 / interval BER,0.000E+00,0.000E+00,0.000E+00,N/A,50.000,50.000,0.000E+00,50.000000,0.000000
2026-10-01 13:51:07,Diversity / RX1 / interval BER,0.000E+00,0.000E+00,0.000E+00,N/A,50.000,50.000,0.000E+00,50.000000,0.000000
2026-10-01 13:51:08,Diversity / RX1 / interval BER,0.000E+00,0.000E+00,0.000E+00,N/A,50.000,50.000,0.000E+00,50.000000,0.000000
2026-10-01 13:51:09,Diversity / RX1 / interval BER,0.000E+00,0.000E+00,0.000E+00,N/A,50.000,50.000,0.000E+00,50.000000,0.000000
2026-10-01 13:51:10,Diversity / RX1 / interval BER,0.000E+00,0.000E+00,0.000E+00,N/A,50.000,50.000,0.000E+00,50.000000,0.000000
2026-10-01 13:51:11,Diversity / RX1 / interval BER,0.000E+00,0.000E+00,0.000E+00,N/A,50.000,50.000,0.000E+00,50.000000,0.000000
2026-10-01 13:51:12,Diversity / RX1 / interval BER,0.000E+00,0.000E+00,0.000E+00,N/A,50.000,50.000,0.000E+00,50.000000,0.000000
2026-10-01 13:51:13,Diversity / RX1 / interval BER,0.000E+00,0.000E+00,0.000E+00,N/A,50.000,50.000,0.000E+00,50.000001,0.000000
2026-10-01 13:51:14,Diversity / RX1 / interval BER,0.000E+00,0.000E+00,0.000E+00,N/A,50.000,50.000,0.000E+00,49.999999,0.000000
2026-10-01 13:51:15,Diversity / RX1 / interval BER,0.000E+00,0.000E+00,0.000E+00,N/A,50.000,50.000,0.000E+00,50.000000,0.000000
2026-10-01 13:51:16,Diversity / RX1 / interval BER,0.000E+00,0.000E+00,0.000E+00,N/A,50.000,50.000,0.000E+00,50.000000,0.000000
2026-10-01 13:51:17,Diversity / RX1 / interval BER,0.000E+00,0.000E+00,0.000E+00,N/A,50.000,50.000,0.000E+00,50.000001,0.000000
2026-10-01 13:51:18,Diversity / RX1 / interval BER,0.000E+00,0.000E+00,0.000E+00,N/A,50.000,50.000,0.000E+00,50.000000,0.000000
2026-10-01 13:51:19,Diversity / RX1 / interval BER,0.000E+00,0.000E+00,0.000E+00,N/A,50.000,50.000,0.000E+00,50.000000,0.000000
2026-10-01 13:51:20,Diversity / RX1 / interval BER,0.000E+00,0.000E+00,0.000E+00,N/A,50.000,50.000,0.000E+00,49.999999,0.000000
2026-10-01 13:51:21,Diversity / RX1 / interval BER,0.000E+00,0.000E+00,0.000E+00,N/A,50.000,50.000,0.000E+00,50.000000,0.000000
2026-10-01 13:51:22,Diversity / RX1 / interval BER,0.000E+00,0.000E+00,0.000E+00,N/A,50.000,50.000,0.000E+00,50.000000,0.000000
2026-10-01 13:51:23,Diversity / RX1 / interval BER,0.000E+00,0.000E+00,0.000E+00,N/A,50.000,50.000,0.000E+00,50.000001,0.000000
2026-10-01 13:51:24,Diversity / RX1 / interval BER,0.000E+00,0.000E+00,0.000E+00,N/A,50.000,50.000,0.000E+00,49.999999,0.000000
2026-10-01 13:51:25,Diversity / RX1 / interval BER,0.000E+00,0.000E+00,0.000E+00,N/A,50.000,50.000,0.000E+00,50.000000,0.000000
2026-10-01 13:51:26,Diversity / RX1 / interval BER,0.000E+00,0.000E+00,0.000E+00,N/A,50.000,50.000,0.000E+00,50.000001,0.000000
2026-10-01 13:51:27,Diversity / RX1 / interval BER,0.000E+00,0.000E+00,0.000E+00,N/A,50.000,50.000,0.000E+00,50.000000,0.000000
2026-10-01 13:51:28,Diversity / RX1 / interval BER,0.000E+00,0.000E+00,0.000E+00,N/A,50.000,50.000,0.000E+00,50.000000,0.000000
2026-10-01 13:51:29,Diversity / RX1 / interval BER,0.000E+00,0.000E+00,0.000E+00,N/A,50.000,50.000,0.000E+00,50.000000,0.000000
2026-10-01 13:51:30,Diversity / RX1 / interval BER,0.000E+00,0.000E+00,0.000E+00,N/A,50.000,50.000,0.000E+00,50.000000,0.000000
2026-10-01 13:51:31,Diversity / RX1 / interval BER,0.000E+00,0.000E+00,0.000E+00,N/A,50.000,50.000,0.000E+00,50.000000,0.000000
2026-10-01 13:51:32,Diversity / RX1 / interval BER,0.000E+00,0.000E+00,0.000E+00,N/A,50.000,50.000,0.000E+00,50.000000,0.000000
2026-10-01 13:51:33,Diversity / RX1 / interval BER,0.000E+00,0.000E+00,0.000E+00,N/A,50.000,50.000,0.000E+00,50.000000,0.000000
2026-10-01 13:51:34,Diversity / RX1 / interval BER,0.000E+00,0.000E+00,0.000E+00,N/A,50.000,50.000,0.000E+00,50.000000,0.000000
2026-10-01 13:51:35,Diversity / RX1 / interval BER,0.000E+00,0.000E+00,0.000E+00,N/A,50.000,50.000,0.000E+00,50.000000,0.000000
2026-10-01 13:51:36,Diversity / RX1 / interval BER,0.000E+00,0.000E+00,0.000E+00,N/A,50.000,50.000,0.000E+00,50.000001,0.000000
2026-10-01 13:51:37,Diversity / RX1 / interval BER,0.000E+00,0.000E+00,0.000E+00,N/A,50.000,50.000,0.000E+00,49.999999,0.000000
2026-10-01 13:51:38,Diversity / RX1 / interval BER,0.000E+00,0.000E+00,0.000E+00,N/A,50.000,50.000,0.000E+00,50.000000,0.000000
2026-10-01 13:51:39,Diversity / RX1 / interval BER,0.000E+00,0.000E+00,0.000E+00,N/A,50.000,50.000,0.000E+00,50.000000,0.000000
2026-10-01 13:51:40,Diversity / RX1 / interval BER,0.000E+00,0.000E+00,0.000E+00,N/A,50.000,50.000,0.000E+00,50.000001,0.000000
2026-10-01 13:51:41,Diversity / RX1 / interval BER,0.000E+00,0.000E+00,0.000E+00,N/A,50.000,50.000,0.000E+00,50.000000,0.000000
2026-10-01 13:51:42,Diversity / RX1 / interval BER,0.000E+00,0.000E+00,0.000E+00,N/A,50.000,50.000,0.000E+00,50.000000,0.000000
2026-10-01 13:51:43,Diversity / RX1 / interval BER,0.000E+00,0.000E+00,0.000E+00,N/A,50.000,50.000,0.000E+00,50.000000,0.000000
2026-10-01 13:51:44,Diversity / RX1 / interval BER,0.000E+00,0.000E+00,0.000E+00,N/A,50.000,50.000,0.000E+00,50.000000,0.000000
2026-10-01 13:51:45,Diversity / RX1 / interval BER,0.000E+00,0.000E+00,0.000E+00,N/A,50.000,50.000,0.000E+00,50.000000,0.000000
2026-10-01 13:51:46,Diversity / RX1 / interval BER,0.000E+00,0.000E+00,0.000E+00,N/A,50.000,50.000,0.000E+00,50.000000,0.000000
2026-10-01 13:51:47,Diversity / RX1 / interval BER,0.000E+00,0.000E+00,0.000E+00,N/A,50.000,50.000,0.000E+00,50.000000,0.000000
2026-10-01 13:51:48,Diversity / RX1 / interval BER,0.000E+00,0.000E+00,0.000E+00,N/A,50.000,50.000,0.000E+00,50.000001,0.000000
2026-10-01 13:51:49,Diversity / RX1 / interval BER,0.000E+00,0.000E+00,0.000E+00,N/A,50.000,50.000,0.000E+00,50.000000,0.000000
2026-10-01 13:51:50,Diversity / RX1 / interval BER,0.000E+00,0.000E+00,0.000E+00,N/A,50.000,50.000,0.000E+00,50.000000,0.000000
2026-10-01 13:51:51,Diversity / RX1 / interval BER,0.000E+00,0.000E+00,0.000E+00,N/A,50.000,50.000,0.000E+00,49.999999,0.000000
2026-10-01 13:51:52,Diversity / RX1 / interval BER,0.000E+00,0.000E+00,0.000E+00,N/A,50.000,50.000,0.000E+00,50.000000,0.000000
2026-10-01 13:51:53,Diversity / RX1 / interval BER,0.000E+00,0.000E+00,0.000E+00,N/A,50.000,50.000,0.000E+00,50.000001,0.000000
2026-10-01 13:51:54,Diversity / RX1 / interval BER,0.000E+00,0.000E+00,0.000E+00,N/A,50.000,50.000,0.000E+00,50.000000,0.000000
2026-10-01 13:51:55,Diversity / RX1 / interval BER,0.000E+00,0.000E+00,0.000E+00,N/A,50.000,50.000,0.000E+00,49.999999,0.000000
2026-10-01 13:51:56,Diversity / RX1 / interval BER,0.000E+00,0.000E+00,0.000E+00,N/A,50.000,50.000,0.000E+00,50.000001,0.000000
2026-10-01 13:51:57,Diversity / RX1 / interval BER,0.000E+00,0.000E+00,0.000E+00,N/A,50.000,50.000,0.000E+00,50.000000,0.000000
2026-10-01 13:51:58,Diversity / RX1 / interval BER,0.000E+00,0.000E+00,0.000E+00,N/A,50.000,50.000,0.000E+00,50.000000,0.000000
2026-10-01 13:51:59,Diversity / RX1 / interval BER,0.000E+00,0.000E+00,0.000E+00,N/A,50.000,50.000,0.000E+00,50.000000,0.000000
2026-10-01 13:52:00,Diversity / RX1 / interval BER,0.000E+00,0.000E+00,0.000E+00,N/A,50.000,50.000,0.000E+00,50.000000,0.000000
2026-10-01 13:52:01,Diversity / RX1 / interval BER,0.000E+00,0.000E+00,0.000E+00,N/A,50.000,50.000,0.000E+00,49.999999,0.000000
2026-10-01 13:52:02,Diversity / RX1 / interval BER,0.000E+00,0.000E+00,0.000E+00,N/A,50.000,50.000,0.000E+00,50.000001,0.000000
2026-10-01 13:52:03,Diversity / RX1 / interval BER,0.000E+00,0.000E+00,0.000E+00,N/A,50.000,50.000,0.000E+00,50.000000,0.000000
2026-10-01 13:52:04,Diversity / RX1 / interval BER,0.000E+00,0.000E+00,0.000E+00,N/A,50.000,50.000,0.000E+00,50.000000,0.000000
2026-10-01 13:52:05,Diversity / RX1 / interval BER,0.000E+00,0.000E+00,0.000E+00,N/A,50.000,50.000,0.000E+00,50.000000,0.000000
2026-10-01 13:52:06,Diversity / RX1 / interval BER,0.000E+00,0.000E+00,0.000E+00,N/A,50.000,50.000,0.000E+00,49.999999,0.000000
2026-10-01 13:52:07,Diversity / RX1 / interval BER,0.000E+00,0.000E+00,0.000E+00,N/A,50.000,50.000,0.000E+00,50.000000,0.000000
2026-10-01 13:52:08,Diversity / RX1 / interval BER,0.000E+00,0.000E+00,0.000E+00,N/A,50.000,50.000,0.000E+00,50.000000,0.000000
2026-10-01 13:52:09,Diversity / RX1 / interval BER,0.000E+00,0.000E+00,0.000E+00,N/A,50.000,50.000,0.000E+00,50.000000,0.000000
2026-10-01 13:52:10,Diversity / RX1 / interval BER,0.000E+00,0.000E+00,0.000E+00,N/A,50.000,50.000,0.000E+00,50.000000,0.000000
2026-10-01 13:52:11,Diversity / RX1 / interval BER,0.000E+00,0.000E+00,0.000E+00,N/A,50.000,50.000,0.000E+00,50.000000,0.000000
2026-10-01 13:52:12,Diversity / RX1 / interval BER,0.000E+00,0.000E+00,0.000E+00,N/A,50.000,50.000,0.000E+00,50.000000,0.000000
2026-10-01 13:52:13,Diversity / RX1 / interval BER,0.000E+00,0.000E+00,0.000E+00,N/A,50.000,50.000,0.000E+00,50.000000,0.000000
2026-10-01 13:52:14,Diversity / RX1 / interval BER,0.000E+00,0.000E+00,0.000E+00,N/A,50.000,50.000,0.000E+00,50.000000,0.000000
2026-10-01 13:52:15,Diversity / RX1 / interval BER,0.000E+00,0.000E+00,0.000E+00,N/A,50.000,50.000,0.000E+00,50.000000,0.000000
2026-10-01 13:52:16,Diversity / RX1 / interval BER,0.000E+00,6.611E-05,2.694E-05,N/A,50.000,50.000,0.000E+00,49.999999,0.000000
2026-10-01 13:52:17,Diversity / RX1 / interval BER,0.000E+00,0.000E+00,0.000E+00,N/A,50.000,50.000,0.000E+00,50.000000,0.000000
2026-10-01 13:52:18,Diversity / RX1 / interval BER,0.000E+00,0.000E+00,0.000E+00,N/A,50.000,50.000,0.000E+00,50.000000,0.000000
2026-10-01 13:52:19,Diversity / RX1 / interval BER,0.000E+00,0.000E+00,0.000E+00,N/A,50.000,50.000,0.000E+00,50.000000,0.000000
2026-10-01 13:52:20,Diversity / RX1 / interval BER,0.000E+00,0.000E+00,0.000E+00,N/A,50.000,50.000,0.000E+00,50.000000,0.000000
2026-10-01 13:52:21,Diversity / RX1 / interval BER,0.000E+00,0.000E+00,0.000E+00,N/A,50.000,50.000,0.000E+00,50.000000,0.000000
2026-10-01 13:52:22,Diversity / RX1 / interval BER,0.000E+00,0.000E+00,0.000E+00,N/A,50.000,50.000,0.000E+00,49.999999,0.000000
2026-10-01 13:52:23,Diversity / RX1 / interval BER,0.000E+00,0.000E+00,0.000E+00,N/A,50.000,50.000,0.000E+00,50.000001,0.000000
2026-10-01 13:52:24,Diversity / RX1 / interval BER,0.000E+00,0.000E+00,0.000E+00,N/A,50.000,50.000,0.000E+00,49.999999,0.000000
2026-10-01 13:52:25,Diversity / RX1 / interval BER,0.000E+00,0.000E+00,0.000E+00,N/A,50.000,50.000,0.000E+00,50.000001,0.000000
2026-10-01 13:52:26,Diversity / RX1 / interval BER,0.000E+00,0.000E+00,0.000E+00,N/A,50.000,50.000,0.000E+00,50.000000,0.000000
2026-10-01 13:52:27,Diversity / RX1 / interval BER,0.000E+00,0.000E+00,0.000E+00,N/A,50.000,50.000,0.000E+00,50.000000,0.000000
2026-10-01 13:52:28,Diversity / RX1 / interval BER,0.000E+00,0.000E+00,0.000E+00,N/A,50.000,50.000,0.000E+00,50.000000,0.000000
2026-10-01 13:52:29,Diversity / RX1 / interval BER,0.000E+00,0.000E+00,0.000E+00,N/A,50.000,50.000,0.000E+00,50.000001,0.000000
2026-10-01 13:52:30,Diversity / RX1 / interval BER,0.000E+00,0.000E+00,0.000E+00,N/A,50.000,50.000,0.000E+00,50.000000,0.000000
2026-10-01 13:52:31,Diversity / RX1 / interval BER,0.000E+00,0.000E+00,0.000E+00,N/A,50.000,50.000,0.000E+00,49.999999,0.000000
2026-10-01 13:52:32,Diversity / RX1 / interval BER,0.000E+00,0.000E+00,0.000E+00,N/A,50.000,50.000,0.000E+00,50.000000,0.000000
2026-10-01 13:52:33,Diversity / RX1 / interval BER,0.000E+00,0.000E+00,0.000E+00,N/A,50.000,50.000,0.000E+00,50.000000,0.000000
2026-10-01 13:52:34,Diversity / RX1 / interval BER,0.000E+00,0.000E+00,0.000E+00,N/A,50.000,50.000,0.000E+00,50.000000,0.000000
2026-10-01 13:52:35,Diversity / RX1 / interval BER,0.000E+00,0.000E+00,0.000E+00,N/A,50.000,50.000,0.000E+00,50.000000,0.000000
2026-10-01 13:52:36,Diversity / RX1 / interval BER,0.000E+00,0.000E+00,0.000E+00,N/A,50.000,50.000,0.000E+00,50.000000,0.000000
2026-10-01 13:52:37,Diversity / RX1 / interval BER,0.000E+00,0.000E+00,0.000E+00,N/A,50.000,50.000,0.000E+00,49.999999,0.000000
2026-10-01 13:52:38,Diversity / RX1 / interval BER,0.000E+00,0.000E+00,0.000E+00,N/A,50.000,50.000,0.000E+00,50.000001,0.000000
2026-10-01 13:52:39,Diversity / RX1 / interval BER,0.000E+00,0.000E+00,0.000E+00,N/A,50.000,50.000,0.000E+00,50.000000,0.000000
2026-10-01 13:52:40,Diversity / RX1 / interval BER,0.000E+00,0.000E+00,0.000E+00,N/A,50.000,50.000,0.000E+00,50.000000,0.000000
2026-10-01 13:52:41,Diversity / RX1 / interval BER,0.000E+00,0.000E+00,0.000E+00,N/A,50.000,50.000,0.000E+00,50.000001,0.000000
2026-10-01 13:52:42,Diversity / RX1 / interval BER,0.000E+00,0.000E+00,0.000E+00,N/A,50.000,50.000,0.000E+00,49.999999,0.000000
2026-10-01 13:52:43,Diversity / RX1 / interval BER,0.000E+00,0.000E+00,0.000E+00,N/A,50.000,50.000,0.000E+00,50.000001,0.000000
2026-10-01 13:52:44,Diversity / RX1 / interval BER,0.000E+00,0.000E+00,0.000E+00,N/A,50.000,50.000,0.000E+00,49.999999,0.000000
2026-10-01 13:52:45,Diversity / RX1 / interval BER,0.000E+00,0.000E+00,0.000E+00,N/A,50.000,50.000,0.000E+00,50.000001,0.000000
2026-10-01 13:52:46,Diversity / RX1 / interval BER,0.000E+00,0.000E+00,0.000E+00,N/A,50.000,50.000,0.000E+00,49.999999,0.000000
2026-10-01 13:52:47,Diversity / RX1 / interval BER,0.000E+00,0.000E+00,0.000E+00,N/A,50.000,50.000,0.000E+00,50.000000,0.000000
2026-10-01 13:52:48,Diversity / RX1 / interval BER,0.000E+00,0.000E+00,0.000E+00,N/A,50.000,50.000,0.000E+00,50.000001,0.000000
2026-10-01 13:52:49,Diversity / RX1 / interval BER,0.000E+00,0.000E+00,0.000E+00,N/A,50.000,50.000,0.000E+00,50.000000,0.000000
2026-10-01 13:52:50,Diversity / RX1 / interval BER,0.000E+00,0.000E+00,0.000E+00,N/A,50.000,50.000,0.000E+00,50.000000,0.000000
2026-10-01 13:52:51,Diversity / RX1 / interval BER,0.000E+00,0.000E+00,0.000E+00,N/A,50.000,50.000,0.000E+00,50.000000,0.000000
2026-10-01 13:52:52,Diversity / RX1 / interval BER,0.000E+00,0.000E+00,0.000E+00,N/A,50.000,50.000,0.000E+00,50.000001,0.000000
2026-10-01 13:52:53,Diversity / RX1 / interval BER,0.000E+00,0.000E+00,0.000E+00,N/A,50.000,50.000,0.000E+00,50.000000,0.000000
2026-10-01 13:52:54,Diversity / RX1 / interval BER,0.000E+00,0.000E+00,0.000E+00,N/A,50.000,50.000,0.000E+00,49.999999,0.000000
2026-10-01 13:52:55,Diversity / RX1 / interval BER,0.000E+00,0.000E+00,0.000E+00,N/A,50.000,50.000,0.000E+00,50.000000,0.000000
2026-10-01 13:52:56,Diversity / RX1 / interval BER,0.000E+00,0.000E+00,0.000E+00,N/A,50.000,50.000,0.000E+00,50.000000,0.000000
2026-10-01 13:52:57,Diversity / RX1 / interval BER,0.000E+00,0.000E+00,0.000E+00,N/A,50.000,50.000,0.000E+00,50.000000,0.000000
2026-10-01 13:52:58,Diversity / RX1 / interval BER,0.000E+00,0.000E+00,0.000E+00,N/A,50.000,50.000,0.000E+00,50.000001,0.000000
2026-10-01 13:52:59,Diversity / RX1 / interval BER,0.000E+00,0.000E+00,0.000E+00,N/A,50.000,50.000,0.000E+00,50.000000,0.000000
2026-10-01 13:53:00,Diversity / RX1 / interval BER,0.000E+00,0.000E+00,0.000E+00,N/A,50.000,50.000,0.000E+00,50.000000,0.000000
2026-10-01 13:53:01,Diversity / RX1 / interval BER,0.000E+00,0.000E+00,0.000E+00,N/A,50.000,50.000,0.000E+00,50.000000,0.000000
2026-10-01 13:53:02,Diversity / RX1 / interval BER,0.000E+00,0.000E+00,0.000E+00,N/A,50.000,50.000,0.000E+00,50.000000,0.000000
2026-10-01 13:53:03,Diversity / RX1 / interval BER,0.000E+00,0.000E+00,0.000E+00,N/A,50.000,50.000,0.000E+00,50.000000,0.000000
2026-10-01 13:53:04,Diversity / RX1 / interval BER,0.000E+00,0.000E+00,0.000E+00,N/A,50.000,50.000,0.000E+00,50.000000,0.000000
2026-10-01 13:53:05,Diversity / RX1 / interval BER,0.000E+00,0.000E+00,0.000E+00,N/A,50.000,50.000,0.000E+00,50.000000,0.000000
2026-10-01 13:53:06,Diversity / RX1 / interval BER,0.000E+00,0.000E+00,0.000E+00,N/A,50.000,50.000,0.000E+00,50.000000,0.000000
2026-10-01 13:53:07,Diversity / RX1 / interval BER,0.000E+00,0.000E+00,0.000E+00,N/A,50.000,50.000,0.000E+00,50.000000,0.000000
2026-10-01 13:53:08,Diversity / RX1 / interval BER,0.000E+00,0.000E+00,0.000E+00,N/A,50.000,50.000,0.000E+00,50.000000,0.000000
2026-10-01 13:53:09,Diversity / RX1 / interval BER,0.000E+00,0.000E+00,0.000E+00,N/A,50.000,50.000,0.000E+00,50.000000,0.000000
2026-10-01 13:53:10,Diversity / RX2 / interval BER,2.002E-08,0.000E+00,1.179E-08,N/A,50.000,50.000,0.000E+00,50.000000,0.000000
2026-10-01 13:53:11,Diversity / RX2 / interval BER,0.000E+00,0.000E+00,0.000E+00,N/A,50.000,50.000,0.000E+00,50.000000,0.000000
2026-10-01 13:53:12,Diversity / RX1 / interval BER,0.000E+00,4.141E-02,1.603E-02,N/A,50.000,31.447,2.189E-02,50.000000,0.000000
2026-10-01 13:53:13,Diversity / RX1 / interval BER,0.000E+00,0.000E+00,0.000E+00,N/A,50.000,0.000,0.000E+00,50.000000,0.000000
2026-10-01 13:53:14,Diversity / RX1 / interval BER,0.000E+00,No checked bits,0.000E+00,N/A,50.000,0.000,0.000E+00,50.000000,0.000000
2026-10-01 13:53:15,Diversity / RX1 / interval BER,0.000E+00,No checked bits,0.000E+00,N/A,50.000,0.000,0.000E+00,50.000000,0.000000
2026-10-01 13:53:16,Diversity / RX1 / interval BER,0.000E+00,No checked bits,0.000E+00,N/A,50.000,0.000,2.155E-05,50.000000,0.000000
2026-10-01 13:53:17,Diversity / RX1 / interval BER,3.195E-02,No checked bits,3.195E-02,N/A,40.294,0.000,4.254E-02,40.293720,0.000000
2026-10-01 13:53:18,Diversity / RX1 / interval BER,1.261E-01,No checked bits,1.261E-01,N/A,Unavailable,Unavailable,Unavailable,Unavailable,Unavailable
2026-10-01 13:53:19,Diversity / RF pending / interval BER,No checked bits,No checked bits,No checked bits,N/A,Unavailable,Unavailable,Unavailable (RF),Unavailable (RF),Unavailable (RF)
2026-10-01 13:53:20,Diversity / RF pending / interval BER,No checked bits,No checked bits,No checked bits,N/A,Unavailable,Unavailable,Unavailable (RF),Unavailable (RF),Unavailable (RF)
2026-10-01 13:53:21,Diversity / RF 1Mbps / interval BER,No checked bits,No checked bits,No checked bits,N/A,Unavailable,Unavailable,Unavailable (RF),Unavailable (RF),Unavailable (RF)
2026-10-01 13:53:22,Diversity / RF 1Mbps / interval BER,No checked bits,No checked bits,No checked bits,0.000E+0,Unavailable,Unavailable,Unavailable (RF),Unavailable (RF),Unavailable (RF)
2026-10-01 13:53:23,Diversity / RF 1Mbps / interval BER,No checked bits,No checked bits,No checked bits,0.000E+0,Unavailable,Unavailable,Unavailable (RF),Unavailable (RF),Unavailable (RF)
2026-10-01 13:53:24,Diversity / RF 1Mbps / interval BER,No checked bits,No checked bits,No checked bits,0.000E+0,Unavailable,Unavailable,Unavailable (RF),Unavailable (RF),Unavailable (RF)
2026-10-01 13:53:25,Diversity / RF 1Mbps / interval BER,No checked bits,No checked bits,No checked bits,0.000E+0,Unavailable,Unavailable,Unavailable (RF),Unavailable (RF),Unavailable (RF)
2026-10-01 13:53:26,Diversity / RF 1Mbps / interval BER,No checked bits,No checked bits,No checked bits,0.000E+0,Unavailable,Unavailable,Unavailable (RF),Unavailable (RF),Unavailable (RF)
2026-10-01 13:53:27,Diversity / RF 1Mbps / interval BER,No checked bits,No checked bits,No checked bits,0.000E+0,Unavailable,Unavailable,Unavailable (RF),Unavailable (RF),Unavailable (RF)
2026-10-01 13:53:28,Diversity / RF 1Mbps / interval BER,No checked bits,No checked bits,No checked bits,0.000E+0,Unavailable,Unavailable,Unavailable (RF),Unavailable (RF),Unavailable (RF)
2026-10-01 13:53:29,Diversity / RF 1Mbps / interval BER,No checked bits,No checked bits,No checked bits,0.000E+0,Unavailable,Unavailable,Unavailable (RF),Unavailable (RF),Unavailable (RF)
2026-10-01 13:53:30,Diversity / RF 1Mbps / interval BER,No checked bits,No checked bits,No checked bits,0.000E+0,Unavailable,Unavailable,Unavailable (RF),Unavailable (RF),Unavailable (RF)
2026-10-01 13:53:31,Diversity / RF 1Mbps / interval BER,No checked bits,No checked bits,No checked bits,0.000E+0,Unavailable,Unavailable,Unavailable (RF),Unavailable (RF),Unavailable (RF)
2026-10-01 13:53:32,Diversity / RF 1Mbps / interval BER,No checked bits,No checked bits,No checked bits,0.000E+0,Unavailable,Unavailable,Unavailable (RF),Unavailable (RF),Unavailable (RF)
2026-10-01 13:53:33,Diversity / RF 1Mbps / interval BER,No checked bits,No checked bits,No checked bits,0.000E+0,Unavailable,Unavailable,Unavailable (RF),Unavailable (RF),Unavailable (RF)
2026-10-01 13:53:34,Diversity / RF 1Mbps / interval BER,No checked bits,No checked bits,No checked bits,0.000E+0,Unavailable,Unavailable,Unavailable (RF),Unavailable (RF),Unavailable (RF)
2026-10-01 13:53:35,Diversity / RF 1Mbps / interval BER,No checked bits,No checked bits,No checked bits,0.000E+0,Unavailable,Unavailable,Unavailable (RF),Unavailable (RF),Unavailable (RF)
2026-10-01 13:53:36,Diversity / RF 1Mbps / interval BER,No checked bits,No checked bits,No checked bits,0.000E+0,Unavailable,Unavailable,Unavailable (RF),Unavailable (RF),Unavailable (RF)
2026-10-01 13:53:37,Diversity / RF 1Mbps / interval BER,No checked bits,No checked bits,No checked bits,0.000E+0,Unavailable,Unavailable,Unavailable (RF),Unavailable (RF),Unavailable (RF)
2026-10-01 13:53:38,Diversity / RF 1Mbps / interval BER,No checked bits,No checked bits,No checked bits,0.000E+0,Unavailable,Unavailable,Unavailable (RF),Unavailable (RF),Unavailable (RF)
2026-10-01 13:53:39,Diversity / RF 1Mbps / interval BER,No checked bits,No checked bits,No checked bits,0.000E+0,Unavailable,Unavailable,Unavailable (RF),Unavailable (RF),Unavailable (RF)
2026-10-01 13:53:40,Diversity / RF 1Mbps / interval BER,No checked bits,No checked bits,No checked bits,0.000E+0,Unavailable,Unavailable,Unavailable (RF),Unavailable (RF),Unavailable (RF)
2026-10-01 13:53:41,Diversity / RF 1Mbps / interval BER,No checked bits,No checked bits,No checked bits,0.000E+0,Unavailable,Unavailable,Unavailable (RF),Unavailable (RF),Unavailable (RF)
2026-10-01 13:53:42,Diversity / RF 1Mbps / interval BER,No checked bits,No checked bits,No checked bits,0.000E+0,Unavailable,Unavailable,Unavailable (RF),Unavailable (RF),Unavailable (RF)
2026-10-01 13:53:43,Diversity / RF 1Mbps / interval BER,No checked bits,No checked bits,No checked bits,0.000E+0,Unavailable,Unavailable,Unavailable (RF),Unavailable (RF),Unavailable (RF)
2026-10-01 13:53:44,Diversity / RF 1Mbps / interval BER,No checked bits,No checked bits,No checked bits,0.000E+0,Unavailable,Unavailable,Unavailable (RF),Unavailable (RF),Unavailable (RF)
2026-10-01 13:53:45,Diversity / RF 1Mbps / interval BER,No checked bits,No checked bits,No checked bits,0.000E+0,Unavailable,Unavailable,Unavailable (RF),Unavailable (RF),Unavailable (RF)
2026-10-01 13:53:46,Diversity / RF 1Mbps / interval BER,No checked bits,No checked bits,No checked bits,0.000E+0,Unavailable,Unavailable,Unavailable (RF),Unavailable (RF),Unavailable (RF)
2026-10-01 13:53:47,Diversity / RF 1Mbps / interval BER,No checked bits,No checked bits,No checked bits,0.000E+0,Unavailable,Unavailable,Unavailable (RF),Unavailable (RF),Unavailable (RF)
2026-10-01 13:53:48,Diversity / RF 1Mbps / interval BER,No checked bits,No checked bits,No checked bits,0.000E+0,Unavailable,Unavailable,Unavailable (RF),Unavailable (RF),Unavailable (RF)
2026-10-01 13:53:49,Diversity / RF 1Mbps / interval BER,No checked bits,No checked bits,No checked bits,0.000E+0,Unavailable,Unavailable,Unavailable (RF),Unavailable (RF),Unavailable (RF)
2026-10-01 13:53:50,Diversity / RF 1Mbps / interval BER,No checked bits,No checked bits,No checked bits,0.000E+0,Unavailable,Unavailable,Unavailable (RF),Unavailable (RF),Unavailable (RF)
2026-10-01 13:53:51,Diversity / RF 1Mbps / interval BER,No checked bits,No checked bits,No checked bits,0.000E+0,Unavailable,Unavailable,Unavailable (RF),Unavailable (RF),Unavailable (RF)
2026-10-01 13:53:52,Diversity / RF 1Mbps / interval BER,No checked bits,No checked bits,No checked bits,0.000E+0,Unavailable,Unavailable,Unavailable (RF),Unavailable (RF),Unavailable (RF)
2026-10-01 13:53:53,Diversity / RF 1Mbps / interval BER,No checked bits,No checked bits,No checked bits,0.000E+0,Unavailable,Unavailable,Unavailable (RF),Unavailable (RF),Unavailable (RF)
2026-10-01 13:53:54,Diversity / RF 1Mbps / interval BER,No checked bits,No checked bits,No checked bits,0.000E+0,Unavailable,Unavailable,Unavailable (RF),Unavailable (RF),Unavailable (RF)
2026-10-01 13:53:55,Diversity / RF 1Mbps / interval BER,No checked bits,No checked bits,No checked bits,0.000E+0,Unavailable,Unavailable,Unavailable (RF),Unavailable (RF),Unavailable (RF)
2026-10-01 13:53:56,Diversity / RF 1Mbps / interval BER,No checked bits,No checked bits,No checked bits,0.000E+0,Unavailable,Unavailable,Unavailable (RF),Unavailable (RF),Unavailable (RF)
2026-10-01 13:53:57,Diversity / RF 1Mbps / interval BER,No checked bits,No checked bits,No checked bits,0.000E+0,Unavailable,Unavailable,Unavailable (RF),Unavailable (RF),Unavailable (RF)
2026-10-01 13:53:58,Diversity / RF 1Mbps / interval BER,No checked bits,No checked bits,No checked bits,0.000E+0,Unavailable,Unavailable,Unavailable (RF),Unavailable (RF),Unavailable (RF)
2026-10-01 13:53:59,Diversity / RF 1Mbps / interval BER,No checked bits,No checked bits,No checked bits,0.000E+0,Unavailable,Unavailable,Unavailable (RF),Unavailable (RF),Unavailable (RF)
2026-10-01 13:54:00,Diversity / RF 1Mbps / interval BER,No checked bits,No checked bits,No checked bits,0.000E+0,Unavailable,Unavailable,Unavailable (RF),Unavailable (RF),Unavailable (RF)
2026-10-01 13:54:01,Diversity / RF 1Mbps / interval BER,No checked bits,No checked bits,No checked bits,0.000E+0,Unavailable,Unavailable,Unavailable (RF),Unavailable (RF),Unavailable (RF)
2026-10-01 13:54:02,Diversity / RF 1Mbps / interval BER,No checked bits,No checked bits,No checked bits,0.000E+0,Unavailable,Unavailable,Unavailable (RF),Unavailable (RF),Unavailable (RF)
2026-10-01 13:54:03,Diversity / RF 1Mbps / interval BER,No checked bits,No checked bits,No checked bits,0.000E+0,Unavailable,Unavailable,Unavailable (RF),Unavailable (RF),Unavailable (RF)
2026-10-01 13:54:04,Diversity / RF 1Mbps / interval BER,No checked bits,No checked bits,No checked bits,0.000E+0,Unavailable,Unavailable,Unavailable (RF),Unavailable (RF),Unavailable (RF)
2026-10-01 13:54:05,Diversity / RF 1Mbps / interval BER,No checked bits,No checked bits,No checked bits,0.000E+0,Unavailable,Unavailable,Unavailable (RF),Unavailable (RF),Unavailable (RF)
2026-10-01 13:54:06,Diversity / RF 1Mbps / interval BER,No checked bits,No checked bits,No checked bits,0.000E+0,Unavailable,Unavailable,Unavailable (RF),Unavailable (RF),Unavailable (RF)
2026-10-01 13:54:07,Diversity / RF 1Mbps / interval BER,No checked bits,No checked bits,No checked bits,0.000E+0,Unavailable,Unavailable,Unavailable (RF),Unavailable (RF),Unavailable (RF)
2026-10-01 13:54:08,Diversity / RF 1Mbps / interval BER,No checked bits,No checked bits,No checked bits,0.000E+0,Unavailable,Unavailable,Unavailable (RF),Unavailable (RF),Unavailable (RF)
2026-10-01 13:54:09,Diversity / RF 1Mbps / interval BER,No checked bits,No checked bits,No checked bits,0.000E+0,Unavailable,Unavailable,Unavailable (RF),Unavailable (RF),Unavailable (RF)
2026-10-01 13:54:10,Diversity / RF 1Mbps / interval BER,No checked bits,No checked bits,No checked bits,0.000E+0,Unavailable,Unavailable,Unavailable (RF),Unavailable (RF),Unavailable (RF)
2026-10-01 13:54:11,Diversity / RF 1Mbps / interval BER,No checked bits,No checked bits,No checked bits,0.000E+0,Unavailable,Unavailable,Unavailable (RF),Unavailable (RF),Unavailable (RF)
2026-10-01 13:54:12,Diversity / RF 1Mbps / interval BER,No checked bits,No checked bits,No checked bits,0.000E+0,Unavailable,Unavailable,Unavailable (RF),Unavailable (RF),Unavailable (RF)
2026-10-01 13:54:13,Diversity / RF 1Mbps / interval BER,No checked bits,No checked bits,No checked bits,0.000E+0,Unavailable,Unavailable,Unavailable (RF),Unavailable (RF),Unavailable (RF)
2026-10-01 13:54:14,Diversity / RF 1Mbps / interval BER,No checked bits,No checked bits,No checked bits,0.000E+0,Unavailable,Unavailable,Unavailable (RF),Unavailable (RF),Unavailable (RF)
2026-10-01 13:54:15,Diversity / RF 1Mbps / interval BER,No checked bits,No checked bits,No checked bits,0.000E+0,Unavailable,Unavailable,Unavailable (RF),Unavailable (RF),Unavailable (RF)
2026-10-01 13:54:16,Diversity / RF 1Mbps / interval BER,No checked bits,No checked bits,No checked bits,0.000E+0,Unavailable,Unavailable,Unavailable (RF),Unavailable (RF),Unavailable (RF)
2026-10-01 13:54:17,Diversity / RF 1Mbps / interval BER,No checked bits,No checked bits,No checked bits,0.000E+0,Unavailable,Unavailable,Unavailable (RF),Unavailable (RF),Unavailable (RF)
2026-10-01 13:54:18,Diversity / RF 1Mbps / interval BER,No checked bits,No checked bits,No checked bits,0.000E+0,Unavailable,Unavailable,Unavailable (RF),Unavailable (RF),Unavailable (RF)
2026-10-01 13:54:19,Diversity / RF 1Mbps / interval BER,No checked bits,No checked bits,No checked bits,0.000E+0,Unavailable,Unavailable,Unavailable (RF),Unavailable (RF),Unavailable (RF)
2026-10-01 13:54:20,Diversity / RF 1Mbps / interval BER,No checked bits,No checked bits,No checked bits,0.000E+0,Unavailable,Unavailable,Unavailable (RF),Unavailable (RF),Unavailable (RF)
2026-10-01 13:54:21,Diversity / RF 1Mbps / interval BER,No checked bits,No checked bits,No checked bits,0.000E+0,Unavailable,Unavailable,Unavailable (RF),Unavailable (RF),Unavailable (RF)
2026-10-01 13:54:22,Diversity / RF 1Mbps / interval BER,No checked bits,No checked bits,No checked bits,0.000E+0,Unavailable,Unavailable,Unavailable (RF),Unavailable (RF),Unavailable (RF)
2026-10-01 13:54:23,Diversity / RF 1Mbps / interval BER,No checked bits,No checked bits,No checked bits,0.000E+0,Unavailable,Unavailable,Unavailable (RF),Unavailable (RF),Unavailable (RF)
2026-10-01 13:54:24,Diversity / RF 1Mbps / interval BER,No checked bits,No checked bits,No checked bits,0.000E+0,Unavailable,Unavailable,Unavailable (RF),Unavailable (RF),Unavailable (RF)
2026-10-01 13:54:25,Diversity / RF 1Mbps / interval BER,No checked bits,No checked bits,No checked bits,0.000E+0,Unavailable,Unavailable,Unavailable (RF),Unavailable (RF),Unavailable (RF)
2026-10-01 13:54:26,Diversity / RF 1Mbps / interval BER,No checked bits,No checked bits,No checked bits,0.000E+0,Unavailable,Unavailable,Unavailable (RF),Unavailable (RF),Unavailable (RF)
2026-10-01 13:54:27,Diversity / RF 1Mbps / interval BER,No checked bits,No checked bits,No checked bits,0.000E+0,Unavailable,Unavailable,Unavailable (RF),Unavailable (RF),Unavailable (RF)
2026-10-01 13:54:28,Diversity / RF 1Mbps / interval BER,No checked bits,No checked bits,No checked bits,0.000E+0,Unavailable,Unavailable,Unavailable (RF),Unavailable (RF),Unavailable (RF)
2026-10-01 13:54:29,Diversity / RF 1Mbps / interval BER,No checked bits,No checked bits,No checked bits,0.000E+0,Unavailable,Unavailable,Unavailable (RF),Unavailable (RF),Unavailable (RF)
2026-10-01 13:54:30,Diversity / RF 1Mbps / interval BER,No checked bits,No checked bits,No checked bits,0.000E+0,Unavailable,Unavailable,Unavailable (RF),Unavailable (RF),Unavailable (RF)
2026-10-01 13:54:31,Diversity / RF 1Mbps / interval BER,No checked bits,No checked bits,No checked bits,0.000E+0,Unavailable,Unavailable,Unavailable (RF),Unavailable (RF),Unavailable (RF)
2026-10-01 13:54:32,Diversity / RF 1Mbps / interval BER,No checked bits,No checked bits,No checked bits,0.000E+0,Unavailable,Unavailable,Unavailable (RF),Unavailable (RF),Unavailable (RF)
2026-10-01 13:54:33,Diversity / RF 1Mbps / interval BER,No checked bits,No checked bits,No checked bits,0.000E+0,Unavailable,Unavailable,Unavailable (RF),Unavailable (RF),Unavailable (RF)
2026-10-01 13:54:34,Diversity / RF 1Mbps / interval BER,No checked bits,No checked bits,No checked bits,0.000E+0,Unavailable,Unavailable,Unavailable (RF),Unavailable (RF),Unavailable (RF)
2026-10-01 13:54:35,Diversity / RF 1Mbps / interval BER,No checked bits,No checked bits,No checked bits,0.000E+0,Unavailable,Unavailable,Unavailable (RF),Unavailable (RF),Unavailable (RF)
2026-10-01 13:54:36,Diversity / RF 1Mbps / interval BER,No checked bits,No checked bits,No checked bits,0.000E+0,Unavailable,Unavailable,Unavailable (RF),Unavailable (RF),Unavailable (RF)
2026-10-01 13:54:37,Diversity / RF 1Mbps / interval BER,No checked bits,No checked bits,No checked bits,0.000E+0,Unavailable,Unavailable,Unavailable (RF),Unavailable (RF),Unavailable (RF)
2026-10-01 13:54:38,Diversity / RF 1Mbps / interval BER,No checked bits,No checked bits,No checked bits,0.000E+0,Unavailable,Unavailable,Unavailable (RF),Unavailable (RF),Unavailable (RF)
2026-10-01 13:54:39,Diversity / RF 1Mbps / interval BER,No checked bits,No checked bits,No checked bits,0.000E+0,Unavailable,Unavailable,Unavailable (RF),Unavailable (RF),Unavailable (RF)
2026-10-01 13:54:40,Diversity / RF 1Mbps / interval BER,No checked bits,No checked bits,No checked bits,0.000E+0,Unavailable,Unavailable,Unavailable (RF),Unavailable (RF),Unavailable (RF)
2026-10-01 13:54:41,Diversity / RF 1Mbps / interval BER,No checked bits,No checked bits,No checked bits,0.000E+0,Unavailable,Unavailable,Unavailable (RF),Unavailable (RF),Unavailable (RF)
2026-10-01 13:54:42,Diversity / RF 1Mbps / interval BER,No checked bits,No checked bits,No checked bits,0.000E+0,Unavailable,Unavailable,Unavailable (RF),Unavailable (RF),Unavailable (RF)
2026-10-01 13:54:43,Diversity / RF 1Mbps / interval BER,No checked bits,No checked bits,No checked bits,0.000E+0,Unavailable,Unavailable,Unavailable (RF),Unavailable (RF),Unavailable (RF)
2026-10-01 13:54:44,Diversity / RF 1Mbps / interval BER,No checked bits,No checked bits,No checked bits,0.000E+0,Unavailable,Unavailable,Unavailable (RF),Unavailable (RF),Unavailable (RF)
2026-10-01 13:54:45,Diversity / RF 1Mbps / interval BER,No checked bits,No checked bits,No checked bits,0.000E+0,Unavailable,Unavailable,Unavailable (RF),Unavailable (RF),Unavailable (RF)
2026-10-01 13:54:46,Diversity / RF 1Mbps / interval BER,No checked bits,No checked bits,No checked bits,0.000E+0,Unavailable,Unavailable,Unavailable (RF),Unavailable (RF),Unavailable (RF)
2026-10-01 13:54:47,Diversity / RF 1Mbps / interval BER,No checked bits,No checked bits,No checked bits,0.000E+0,Unavailable,Unavailable,Unavailable (RF),Unavailable (RF),Unavailable (RF)
2026-10-01 13:54:48,Diversity / RF 1Mbps / interval BER,No checked bits,No checked bits,No checked bits,0.000E+0,Unavailable,Unavailable,Unavailable (RF),Unavailable (RF),Unavailable (RF)
2026-10-01 13:54:49,Diversity / RF 1Mbps / interval BER,No checked bits,No checked bits,No checked bits,0.000E+0,Unavailable,Unavailable,Unavailable (RF),Unavailable (RF),Unavailable (RF)
2026-10-01 13:54:50,Diversity / RF 1Mbps / interval BER,No checked bits,No checked bits,No checked bits,0.000E+0,Unavailable,Unavailable,Unavailable (RF),Unavailable (RF),Unavailable (RF)
2026-10-01 13:54:51,Diversity / RF 1Mbps / interval BER,No checked bits,No checked bits,No checked bits,0.000E+0,Unavailable,Unavailable,Unavailable (RF),Unavailable (RF),Unavailable (RF)
2026-10-01 13:54:52,Diversity / RF 1Mbps / interval BER,No checked bits,No checked bits,No checked bits,0.000E+0,Unavailable,Unavailable,Unavailable (RF),Unavailable (RF),Unavailable (RF)
2026-10-01 13:54:53,Diversity / RF 1Mbps / interval BER,No checked bits,No checked bits,No checked bits,0.000E+0,Unavailable,Unavailable,Unavailable (RF),Unavailable (RF),Unavailable (RF)
2026-10-01 13:54:54,Diversity / RF 1Mbps / interval BER,No checked bits,No checked bits,No checked bits,0.000E+0,Unavailable,Unavailable,Unavailable (RF),Unavailable (RF),Unavailable (RF)
2026-10-01 13:54:55,Diversity / RF 1Mbps / interval BER,No checked bits,No checked bits,No checked bits,0.000E+0,Unavailable,Unavailable,Unavailable (RF),Unavailable (RF),Unavailable (RF)
2026-10-01 13:54:56,Diversity / RF 1Mbps / interval BER,No checked bits,No checked bits,No checked bits,0.000E+0,Unavailable,Unavailable,Unavailable (RF),Unavailable (RF),Unavailable (RF)
2026-10-01 13:54:57,Diversity / RF 1Mbps / interval BER,No checked bits,No checked bits,No checked bits,0.000E+0,Unavailable,Unavailable,Unavailable (RF),Unavailable (RF),Unavailable (RF)
2026-10-01 13:54:58,Diversity / RF 1Mbps / interval BER,No checked bits,No checked bits,No checked bits,0.000E+0,Unavailable,Unavailable,Unavailable (RF),Unavailable (RF),Unavailable (RF)
2026-10-01 13:54:59,Diversity / RF 1Mbps / interval BER,No checked bits,No checked bits,No checked bits,0.000E+0,Unavailable,Unavailable,Unavailable (RF),Unavailable (RF),Unavailable (RF)
2026-10-01 13:55:00,Diversity / RF 1Mbps / interval BER,No checked bits,No checked bits,No checked bits,0.000E+0,Unavailable,Unavailable,Unavailable (RF),Unavailable (RF),Unavailable (RF)
2026-10-01 13:55:01,Diversity / RF 1Mbps / interval BER,No checked bits,No checked bits,No checked bits,0.000E+0,Unavailable,Unavailable,Unavailable (RF),Unavailable (RF),Unavailable (RF)
2026-10-01 13:55:02,Diversity / RF 1Mbps / interval BER,No checked bits,No checked bits,No checked bits,0.000E+0,Unavailable,Unavailable,Unavailable (RF),Unavailable (RF),Unavailable (RF)
2026-10-01 13:55:03,Diversity / RF 1Mbps / interval BER,No checked bits,No checked bits,No checked bits,0.000E+0,Unavailable,Unavailable,Unavailable (RF),Unavailable (RF),Unavailable (RF)
2026-10-01 13:55:04,Diversity / RF 1Mbps / interval BER,No checked bits,No checked bits,No checked bits,0.000E+0,Unavailable,Unavailable,Unavailable (RF),Unavailable (RF),Unavailable (RF)
2026-10-01 13:55:05,Diversity / RF 1Mbps / interval BER,No checked bits,No checked bits,No checked bits,0.000E+0,Unavailable,Unavailable,Unavailable (RF),Unavailable (RF),Unavailable (RF)
2026-10-01 13:55:06,Diversity / RF 1Mbps / interval BER,No checked bits,No checked bits,No checked bits,0.000E+0,Unavailable,Unavailable,Unavailable (RF),Unavailable (RF),Unavailable (RF)
2026-10-01 13:55:07,Diversity / RF 1Mbps / interval BER,No checked bits,No checked bits,No checked bits,0.000E+0,Unavailable,Unavailable,Unavailable (RF),Unavailable (RF),Unavailable (RF)
2026-10-01 13:55:08,Diversity / RF 1Mbps / interval BER,No checked bits,No checked bits,No checked bits,0.000E+0,Unavailable,Unavailable,Unavailable (RF),Unavailable (RF),Unavailable (RF)
2026-10-01 13:55:09,Diversity / RF 1Mbps / interval BER,No checked bits,No checked bits,No checked bits,0.000E+0,Unavailable,Unavailable,Unavailable (RF),Unavailable (RF),Unavailable (RF)
2026-10-01 13:55:10,Diversity / RF 1Mbps / interval BER,No checked bits,No checked bits,No checked bits,0.000E+0,Unavailable,Unavailable,Unavailable (RF),Unavailable (RF),Unavailable (RF)
2026-10-01 13:55:11,Diversity / RF 1Mbps / interval BER,No checked bits,No checked bits,No checked bits,0.000E+0,Unavailable,Unavailable,Unavailable (RF),Unavailable (RF),Unavailable (RF)
2026-10-01 13:55:12,Diversity / RF 1Mbps / interval BER,No checked bits,No checked bits,No checked bits,0.000E+0,Unavailable,Unavailable,Unavailable (RF),Unavailable (RF),Unavailable (RF)
2026-10-01 13:55:13,Diversity / RF 1Mbps / interval BER,No checked bits,No checked bits,No checked bits,0.000E+0,Unavailable,Unavailable,Unavailable (RF),Unavailable (RF),Unavailable (RF)
2026-10-01 13:55:14,Diversity / RF 1Mbps / interval BER,No checked bits,No checked bits,No checked bits,0.000E+0,Unavailable,Unavailable,Unavailable (RF),Unavailable (RF),Unavailable (RF)
2026-10-01 13:55:15,Diversity / RF 1Mbps / interval BER,No checked bits,No checked bits,No checked bits,0.000E+0,Unavailable,Unavailable,Unavailable (RF),Unavailable (RF),Unavailable (RF)
2026-10-01 13:55:16,Diversity / RF 1Mbps / interval BER,No checked bits,No checked bits,No checked bits,0.000E+0,Unavailable,Unavailable,Unavailable (RF),Unavailable (RF),Unavailable (RF)
2026-10-01 13:55:17,Diversity / RF 1Mbps / interval BER,No checked bits,No checked bits,No checked bits,0.000E+0,Unavailable,Unavailable,Unavailable (RF),Unavailable (RF),Unavailable (RF)
2026-10-01 13:55:18,Diversity / RF 1Mbps / interval BER,No checked bits,No checked bits,No checked bits,0.000E+0,Unavailable,Unavailable,Unavailable (RF),Unavailable (RF),Unavailable (RF)
2026-10-01 13:55:19,Diversity / RF 1Mbps / interval BER,No checked bits,No checked bits,No checked bits,0.000E+0,Unavailable,Unavailable,Unavailable (RF),Unavailable (RF),Unavailable (RF)
2026-10-01 13:55:20,Diversity / RF 1Mbps / interval BER,No checked bits,No checked bits,No checked bits,0.000E+0,Unavailable,Unavailable,Unavailable (RF),Unavailable (RF),Unavailable (RF)
2026-10-01 13:55:21,Diversity / RF 1Mbps / interval BER,No checked bits,No checked bits,No checked bits,0.000E+0,Unavailable,Unavailable,Unavailable (RF),Unavailable (RF),Unavailable (RF)
2026-10-01 13:55:22,Diversity / RF 1Mbps / interval BER,No checked bits,No checked bits,No checked bits,0.000E+0,Unavailable,Unavailable,Unavailable (RF),Unavailable (RF),Unavailable (RF)
2026-10-01 13:55:23,Diversity / RF 1Mbps / interval BER,No checked bits,No checked bits,No checked bits,0.000E+0,Unavailable,Unavailable,Unavailable (RF),Unavailable (RF),Unavailable (RF)
2026-10-01 13:55:24,Diversity / RF 1Mbps / interval BER,No checked bits,No checked bits,No checked bits,0.000E+0,Unavailable,Unavailable,Unavailable (RF),Unavailable (RF),Unavailable (RF)
2026-10-01 13:55:25,Diversity / RF 1Mbps / interval BER,No checked bits,No checked bits,No checked bits,0.000E+0,Unavailable,Unavailable,Unavailable (RF),Unavailable (RF),Unavailable (RF)
2026-10-01 13:55:26,Diversity / RF 1Mbps / interval BER,No checked bits,No checked bits,No checked bits,0.000E+0,Unavailable,Unavailable,Unavailable (RF),Unavailable (RF),Unavailable (RF)
2026-10-01 13:55:27,Diversity / RF 1Mbps / interval BER,No checked bits,No checked bits,No checked bits,0.000E+0,Unavailable,Unavailable,Unavailable (RF),Unavailable (RF),Unavailable (RF)
2026-10-01 13:55:28,Diversity / RF 1Mbps / interval BER,No checked bits,No checked bits,No checked bits,0.000E+0,Unavailable,Unavailable,Unavailable (RF),Unavailable (RF),Unavailable (RF)
2026-10-01 13:55:29,Diversity / RF 1Mbps / interval BER,No checked bits,No checked bits,No checked bits,0.000E+0,Unavailable,Unavailable,Unavailable (RF),Unavailable (RF),Unavailable (RF)
2026-10-01 13:55:30,Diversity / RF 1Mbps / interval BER,No checked bits,No checked bits,No checked bits,0.000E+0,Unavailable,Unavailable,Unavailable (RF),Unavailable (RF),Unavailable (RF)
2026-10-01 13:55:31,Diversity / RF 1Mbps / interval BER,No checked bits,No checked bits,No checked bits,0.000E+0,Unavailable,Unavailable,Unavailable (RF),Unavailable (RF),Unavailable (RF)
2026-10-01 13:55:32,Diversity / RF 1Mbps / interval BER,No checked bits,No checked bits,No checked bits,0.000E+0,Unavailable,Unavailable,Unavailable (RF),Unavailable (RF),Unavailable (RF)
2026-10-01 13:55:33,Diversity / RF 1Mbps / interval BER,No checked bits,No checked bits,No checked bits,0.000E+0,Unavailable,Unavailable,Unavailable (RF),Unavailable (RF),Unavailable (RF)
2026-10-01 13:55:34,Diversity / RF 1Mbps / interval BER,No checked bits,No checked bits,No checked bits,0.000E+0,Unavailable,Unavailable,Unavailable (RF),Unavailable (RF),Unavailable (RF)
2026-10-01 13:55:35,Diversity / RF 1Mbps / interval BER,No checked bits,No checked bits,No checked bits,0.000E+0,Unavailable,Unavailable,Unavailable (RF),Unavailable (RF),Unavailable (RF)
2026-10-01 13:55:36,Diversity / RF 1Mbps / interval BER,No checked bits,No checked bits,No checked bits,0.000E+0,Unavailable,Unavailable,Unavailable (RF),Unavailable (RF),Unavailable (RF)
2026-10-01 13:55:37,Diversity / RF 1Mbps / interval BER,No checked bits,No checked bits,No checked bits,0.000E+0,Unavailable,Unavailable,Unavailable (RF),Unavailable (RF),Unavailable (RF)
2026-10-01 13:55:38,Diversity / RF 1Mbps / interval BER,No checked bits,No checked bits,No checked bits,0.000E+0,Unavailable,Unavailable,Unavailable (RF),Unavailable (RF),Unavailable (RF)
2026-10-01 13:55:39,Diversity / RF 1Mbps / interval BER,No checked bits,No checked bits,No checked bits,0.000E+0,Unavailable,Unavailable,Unavailable (RF),Unavailable (RF),Unavailable (RF)
2026-10-01 13:55:40,Diversity / RF 1Mbps / interval BER,No checked bits,No checked bits,No checked bits,0.000E+0,Unavailable,Unavailable,Unavailable (RF),Unavailable (RF),Unavailable (RF)
2026-10-01 13:55:41,Diversity / RF 1Mbps / interval BER,No checked bits,No checked bits,No checked bits,0.000E+0,Unavailable,Unavailable,Unavailable (RF),Unavailable (RF),Unavailable (RF)
2026-10-01 13:55:42,Diversity / RF 1Mbps / interval BER,No checked bits,No checked bits,No checked bits,0.000E+0,Unavailable,Unavailable,Unavailable (RF),Unavailable (RF),Unavailable (RF)
2026-10-01 13:55:43,Diversity / RF 1Mbps / interval BER,No checked bits,No checked bits,No checked bits,0.000E+0,Unavailable,Unavailable,Unavailable (RF),Unavailable (RF),Unavailable (RF)
2026-10-01 13:55:44,Diversity / RF 1Mbps / interval BER,No checked bits,No checked bits,No checked bits,0.000E+0,Unavailable,Unavailable,Unavailable (RF),Unavailable (RF),Unavailable (RF)
2026-10-01 13:55:45,Diversity / RF 1Mbps / interval BER,No checked bits,No checked bits,No checked bits,0.000E+0,Unavailable,Unavailable,Unavailable (RF),Unavailable (RF),Unavailable (RF)
2026-10-01 13:55:46,Diversity / RF 1Mbps / interval BER,No checked bits,No checked bits,No checked bits,0.000E+0,Unavailable,Unavailable,Unavailable (RF),Unavailable (RF),Unavailable (RF)
2026-10-01 13:55:47,Diversity / RF 1Mbps / interval BER,No checked bits,No checked bits,No checked bits,0.000E+0,Unavailable,Unavailable,Unavailable (RF),Unavailable (RF),Unavailable (RF)
2026-10-01 13:55:48,Diversity / RF 1Mbps / interval BER,No checked bits,No checked bits,No checked bits,0.000E+0,Unavailable,Unavailable,Unavailable (RF),Unavailable (RF),Unavailable (RF)
2026-10-01 13:55:49,Diversity / RF 1Mbps / interval BER,No checked bits,No checked bits,No checked bits,0.000E+0,Unavailable,Unavailable,Unavailable (RF),Unavailable (RF),Unavailable (RF)
2026-10-01 13:55:50,Diversity / RF 1Mbps / interval BER,No checked bits,No checked bits,No checked bits,0.000E+0,Unavailable,Unavailable,Unavailable (RF),Unavailable (RF),Unavailable (RF)
2026-10-01 13:55:51,Diversity / RF 1Mbps / interval BER,No checked bits,No checked bits,No checked bits,0.000E+0,Unavailable,Unavailable,Unavailable (RF),Unavailable (RF),Unavailable (RF)
2026-10-01 13:55:52,Diversity / RF 1Mbps / interval BER,No checked bits,No checked bits,No checked bits,0.000E+0,Unavailable,Unavailable,Unavailable (RF),Unavailable (RF),Unavailable (RF)
2026-10-01 13:55:53,Diversity / RF 1Mbps / interval BER,No checked bits,No checked bits,No checked bits,0.000E+0,Unavailable,Unavailable,Unavailable (RF),Unavailable (RF),Unavailable (RF)
2026-10-01 13:55:54,Diversity / RF 1Mbps / interval BER,No checked bits,No checked bits,No checked bits,0.000E+0,Unavailable,Unavailable,Unavailable (RF),Unavailable (RF),Unavailable (RF)
2026-10-01 13:55:55,Diversity / RF 1Mbps / interval BER,No checked bits,No checked bits,No checked bits,0.000E+0,Unavailable,Unavailable,Unavailable (RF),Unavailable (RF),Unavailable (RF)
2026-10-01 13:55:56,Diversity / RF 1Mbps / interval BER,No checked bits,No checked bits,No checked bits,0.000E+0,Unavailable,Unavailable,Unavailable (RF),Unavailable (RF),Unavailable (RF)
2026-10-01 13:55:57,Diversity / RF 1Mbps / interval BER,No checked bits,No checked bits,No checked bits,0.000E+0,Unavailable,Unavailable,Unavailable (RF),Unavailable (RF),Unavailable (RF)
2026-10-01 13:55:58,Diversity / RF 1Mbps / interval BER,No checked bits,No checked bits,No checked bits,0.000E+0,Unavailable,Unavailable,Unavailable (RF),Unavailable (RF),Unavailable (RF)
2026-10-01 13:55:59,Diversity / RF 1Mbps / interval BER,No checked bits,No checked bits,No checked bits,0.000E+0,Unavailable,Unavailable,Unavailable (RF),Unavailable (RF),Unavailable (RF)
2026-10-01 13:56:00,Diversity / RF 1Mbps / interval BER,No checked bits,No checked bits,No checked bits,0.000E+0,Unavailable,Unavailable,Unavailable (RF),Unavailable (RF),Unavailable (RF)
2026-10-01 13:56:01,Diversity / RF 1Mbps / interval BER,No checked bits,No checked bits,No checked bits,0.000E+0,Unavailable,Unavailable,Unavailable (RF),Unavailable (RF),Unavailable (RF)
2026-10-01 13:56:02,Diversity / RF 1Mbps / interval BER,No checked bits,No checked bits,No checked bits,0.000E+0,Unavailable,Unavailable,Unavailable (RF),Unavailable (RF),Unavailable (RF)
2026-10-01 13:56:03,Diversity / RF 1Mbps / interval BER,No checked bits,No checked bits,No checked bits,0.000E+0,Unavailable,Unavailable,Unavailable (RF),Unavailable (RF),Unavailable (RF)
2026-10-01 13:56:04,Diversity / RF 1Mbps / interval BER,No checked bits,No checked bits,No checked bits,0.000E+0,Unavailable,Unavailable,Unavailable (RF),Unavailable (RF),Unavailable (RF)
2026-10-01 13:56:05,Diversity / RF 1Mbps / interval BER,No checked bits,No checked bits,No checked bits,0.000E+0,Unavailable,Unavailable,Unavailable (RF),Unavailable (RF),Unavailable (RF)
2026-10-01 13:56:06,Diversity / RF 1Mbps / interval BER,No checked bits,No checked bits,No checked bits,0.000E+0,Unavailable,Unavailable,Unavailable (RF),Unavailable (RF),Unavailable (RF)
2026-10-01 13:56:07,Diversity / RF 1Mbps / interval BER,No checked bits,No checked bits,No checked bits,0.000E+0,Unavailable,Unavailable,Unavailable (RF),Unavailable (RF),Unavailable (RF)
2026-10-01 13:56:08,Diversity / RF 1Mbps / interval BER,No checked bits,No checked bits,No checked bits,0.000E+0,Unavailable,Unavailable,Unavailable (RF),Unavailable (RF),Unavailable (RF)
2026-10-01 13:56:09,Diversity / RF 1Mbps / interval BER,No checked bits,No checked bits,No checked bits,0.000E+0,Unavailable,Unavailable,Unavailable (RF),Unavailable (RF),Unavailable (RF)
2026-10-01 13:56:10,Diversity / RF 1Mbps / interval BER,No checked bits,No checked bits,No checked bits,0.000E+0,Unavailable,Unavailable,Unavailable (RF),Unavailable (RF),Unavailable (RF)
2026-10-01 13:56:11,Diversity / RF 1Mbps / interval BER,No checked bits,No checked bits,No checked bits,0.000E+0,Unavailable,Unavailable,Unavailable (RF),Unavailable (RF),Unavailable (RF)
2026-10-01 13:56:12,Diversity / RF 1Mbps / interval BER,No checked bits,No checked bits,No checked bits,0.000E+0,Unavailable,Unavailable,Unavailable (RF),Unavailable (RF),Unavailable (RF)
2026-10-01 13:56:13,Diversity / RF 1Mbps / interval BER,No checked bits,No checked bits,No checked bits,0.000E+0,Unavailable,Unavailable,Unavailable (RF),Unavailable (RF),Unavailable (RF)
2026-10-01 13:56:14,Diversity / RF 1Mbps / interval BER,No checked bits,No checked bits,No checked bits,0.000E+0,Unavailable,Unavailable,Unavailable (RF),Unavailable (RF),Unavailable (RF)
2026-10-01 13:56:15,Diversity / RF 1Mbps / interval BER,No checked bits,No checked bits,No checked bits,0.000E+0,Unavailable,Unavailable,Unavailable (RF),Unavailable (RF),Unavailable (RF)
2026-10-01 13:56:16,Diversity / RF 1Mbps / interval BER,No checked bits,No checked bits,No checked bits,0.000E+0,Unavailable,Unavailable,Unavailable (RF),Unavailable (RF),Unavailable (RF)
2026-10-01 13:56:17,Diversity / RF 1Mbps / interval BER,No checked bits,No checked bits,No checked bits,0.000E+0,Unavailable,Unavailable,Unavailable (RF),Unavailable (RF),Unavailable (RF)
2026-10-01 13:56:18,Diversity / RF 1Mbps / interval BER,No checked bits,No checked bits,No checked bits,0.000E+0,Unavailable,Unavailable,Unavailable (RF),Unavailable (RF),Unavailable (RF)
2026-10-01 13:56:19,Diversity / RF 1Mbps / interval BER,No checked bits,No checked bits,No checked bits,0.000E+0,Unavailable,Unavailable,Unavailable (RF),Unavailable (RF),Unavailable (RF)
2026-10-01 13:56:20,Diversity / RF 1Mbps / interval BER,No checked bits,No checked bits,No checked bits,0.000E+0,Unavailable,Unavailable,Unavailable (RF),Unavailable (RF),Unavailable (RF)
2026-10-01 13:56:21,Diversity / RF 1Mbps / interval BER,No checked bits,No checked bits,No checked bits,0.000E+0,Unavailable,Unavailable,Unavailable (RF),Unavailable (RF),Unavailable (RF)
2026-10-01 13:56:22,Diversity / RF 1Mbps / interval BER,No checked bits,No checked bits,No checked bits,0.000E+0,Unavailable,Unavailable,Unavailable (RF),Unavailable (RF),Unavailable (RF)
2026-10-01 13:56:23,Diversity / RF 1Mbps / interval BER,No checked bits,No checked bits,No checked bits,0.000E+0,Unavailable,Unavailable,Unavailable (RF),Unavailable (RF),Unavailable (RF)
2026-10-01 13:56:24,Diversity / RF 1Mbps / interval BER,No checked bits,No checked bits,No checked bits,0.000E+0,Unavailable,Unavailable,Unavailable (RF),Unavailable (RF),Unavailable (RF)
2026-10-01 13:56:25,Diversity / RF 1Mbps / interval BER,No checked bits,No checked bits,No checked bits,0.000E+0,Unavailable,Unavailable,Unavailable (RF),Unavailable (RF),Unavailable (RF)
2026-10-01 13:56:26,Diversity / RF 1Mbps / interval BER,No checked bits,No checked bits,No checked bits,0.000E+0,Unavailable,Unavailable,Unavailable (RF),Unavailable (RF),Unavailable (RF)
2026-10-01 13:56:27,Diversity / RF 1Mbps / interval BER,No checked bits,No checked bits,No checked bits,0.000E+0,Unavailable,Unavailable,Unavailable (RF),Unavailable (RF),Unavailable (RF)
2026-10-01 13:56:28,Diversity / RF 1Mbps / interval BER,No checked bits,No checked bits,No checked bits,0.000E+0,Unavailable,Unavailable,Unavailable (RF),Unavailable (RF),Unavailable (RF)
2026-10-01 13:56:29,Diversity / RF 1Mbps / interval BER,No checked bits,No checked bits,No checked bits,0.000E+0,Unavailable,Unavailable,Unavailable (RF),Unavailable (RF),Unavailable (RF)
2026-10-01 13:56:30,Diversity / RF 1Mbps / interval BER,No checked bits,No checked bits,No checked bits,0.000E+0,Unavailable,Unavailable,Unavailable (RF),Unavailable (RF),Unavailable (RF)
2026-10-01 13:56:31,Diversity / RF 1Mbps / interval BER,No checked bits,No checked bits,No checked bits,0.000E+0,Unavailable,Unavailable,Unavailable (RF),Unavailable (RF),Unavailable (RF)
2026-10-01 13:56:32,Diversity / RF 1Mbps / interval BER,No checked bits,No checked bits,No checked bits,0.000E+0,Unavailable,Unavailable,Unavailable (RF),Unavailable (RF),Unavailable (RF)
2026-10-01 13:56:33,Diversity / RF 1Mbps / interval BER,No checked bits,No checked bits,No checked bits,0.000E+0,Unavailable,Unavailable,Unavailable (RF),Unavailable (RF),Unavailable (RF)
2026-10-01 13:56:34,Diversity / RF 1Mbps / interval BER,No checked bits,No checked bits,No checked bits,0.000E+0,Unavailable,Unavailable,Unavailable (RF),Unavailable (RF),Unavailable (RF)
2026-10-01 13:56:35,Diversity / RF 1Mbps / interval BER,No checked bits,No checked bits,No checked bits,0.000E+0,Unavailable,Unavailable,Unavailable (RF),Unavailable (RF),Unavailable (RF)
2026-10-01 13:56:36,Diversity / RF 1Mbps / interval BER,No checked bits,No checked bits,No checked bits,0.000E+0,Unavailable,Unavailable,Unavailable (RF),Unavailable (RF),Unavailable (RF)
2026-10-01 13:56:37,Diversity / RF 1Mbps / interval BER,No checked bits,No checked bits,No checked bits,0.000E+0,Unavailable,Unavailable,Unavailable (RF),Unavailable (RF),Unavailable (RF)
2026-10-01 13:56:38,Diversity / RF 1Mbps / interval BER,No checked bits,No checked bits,No checked bits,0.000E+0,Unavailable,Unavailable,Unavailable (RF),Unavailable (RF),Unavailable (RF)
2026-10-01 13:56:39,Diversity / RF 1Mbps / interval BER,No checked bits,No checked bits,No checked bits,0.000E+0,Unavailable,Unavailable,Unavailable (RF),Unavailable (RF),Unavailable (RF)
2026-10-01 13:56:40,Diversity / RF 1Mbps / interval BER,No checked bits,No checked bits,No checked bits,0.000E+0,Unavailable,Unavailable,Unavailable (RF),Unavailable (RF),Unavailable (RF)
2026-10-01 13:56:41,Diversity / RF 1Mbps / interval BER,No checked bits,No checked bits,No checked bits,0.000E+0,Unavailable,Unavailable,Unavailable (RF),Unavailable (RF),Unavailable (RF)
2026-10-01 13:56:42,Diversity / RF 1Mbps / interval BER,No checked bits,No checked bits,No checked bits,0.000E+0,Unavailable,Unavailable,Unavailable (RF),Unavailable (RF),Unavailable (RF)
2026-10-01 13:56:43,Diversity / RF 1Mbps / interval BER,No checked bits,No checked bits,No checked bits,0.000E+0,Unavailable,Unavailable,Unavailable (RF),Unavailable (RF),Unavailable (RF)
2026-10-01 13:56:44,Diversity / RF 1Mbps / interval BER,No checked bits,No checked bits,No checked bits,0.000E+0,Unavailable,Unavailable,Unavailable (RF),Unavailable (RF),Unavailable (RF)
2026-10-01 13:56:45,Diversity / RF 1Mbps / interval BER,No checked bits,No checked bits,No checked bits,0.000E+0,Unavailable,Unavailable,Unavailable (RF),Unavailable (RF),Unavailable (RF)
2026-10-01 13:56:46,Diversity / RF 1Mbps / interval BER,No checked bits,No checked bits,No checked bits,0.000E+0,Unavailable,Unavailable,Unavailable (RF),Unavailable (RF),Unavailable (RF)
2026-10-01 13:56:47,Diversity / RF 1Mbps / interval BER,No checked bits,No checked bits,No checked bits,0.000E+0,Unavailable,Unavailable,Unavailable (RF),Unavailable (RF),Unavailable (RF)
2026-10-01 13:56:48,Diversity / RF 1Mbps / interval BER,No checked bits,No checked bits,No checked bits,0.000E+0,Unavailable,Unavailable,Unavailable (RF),Unavailable (RF),Unavailable (RF)
2026-10-01 13:56:49,Diversity / RF 1Mbps / interval BER,No checked bits,No checked bits,No checked bits,0.000E+0,Unavailable,Unavailable,Unavailable (RF),Unavailable (RF),Unavailable (RF)
2026-10-01 13:56:50,Diversity / RF 1Mbps / interval BER,No checked bits,No checked bits,No checked bits,0.000E+0,Unavailable,Unavailable,Unavailable (RF),Unavailable (RF),Unavailable (RF)
2026-10-01 13:56:51,Diversity / RF 1Mbps / interval BER,No checked bits,No checked bits,No checked bits,0.000E+0,Unavailable,Unavailable,Unavailable (RF),Unavailable (RF),Unavailable (RF)
2026-10-01 13:56:52,Diversity / RF 1Mbps / interval BER,No checked bits,No checked bits,No checked bits,0.000E+0,Unavailable,Unavailable,Unavailable (RF),Unavailable (RF),Unavailable (RF)
2026-10-01 13:56:53,Diversity / RF 1Mbps / interval BER,No checked bits,No checked bits,No checked bits,0.000E+0,Unavailable,Unavailable,Unavailable (RF),Unavailable (RF),Unavailable (RF)
2026-10-01 13:56:54,Diversity / RF 1Mbps / interval BER,No checked bits,No checked bits,No checked bits,0.000E+0,Unavailable,Unavailable,Unavailable (RF),Unavailable (RF),Unavailable (RF)
2026-10-01 13:56:55,Diversity / RF 1Mbps / interval BER,No checked bits,No checked bits,No checked bits,0.000E+0,Unavailable,Unavailable,Unavailable (RF),Unavailable (RF),Unavailable (RF)
2026-10-01 13:56:56,Diversity / RF 1Mbps / interval BER,No checked bits,No checked bits,No checked bits,0.000E+0,Unavailable,Unavailable,Unavailable (RF),Unavailable (RF),Unavailable (RF)
2026-10-01 13:56:57,Diversity / RF 1Mbps / interval BER,No checked bits,No checked bits,No checked bits,0.000E+0,Unavailable,Unavailable,Unavailable (RF),Unavailable (RF),Unavailable (RF)
2026-10-01 13:56:58,Diversity / RF 1Mbps / interval BER,No checked bits,No checked bits,No checked bits,0.000E+0,Unavailable,Unavailable,Unavailable (RF),Unavailable (RF),Unavailable (RF)
2026-10-01 13:56:59,Diversity / RF 1Mbps / interval BER,No checked bits,No checked bits,No checked bits,0.000E+0,Unavailable,Unavailable,Unavailable (RF),Unavailable (RF),Unavailable (RF)
2026-10-01 13:57:00,Diversity / RF 1Mbps / interval BER,No checked bits,No checked bits,No checked bits,0.000E+0,Unavailable,Unavailable,Unavailable (RF),Unavailable (RF),Unavailable (RF)
2026-10-01 13:57:01,Diversity / RF 1Mbps / interval BER,No checked bits,No checked bits,No checked bits,0.000E+0,Unavailable,Unavailable,Unavailable (RF),Unavailable (RF),Unavailable (RF)
2026-10-01 13:57:02,Diversity / RF 1Mbps / interval BER,No checked bits,No checked bits,No checked bits,0.000E+0,Unavailable,Unavailable,Unavailable (RF),Unavailable (RF),Unavailable (RF)
2026-10-01 13:57:03,Diversity / RF 1Mbps / interval BER,No checked bits,No checked bits,No checked bits,0.000E+0,Unavailable,Unavailable,Unavailable (RF),Unavailable (RF),Unavailable (RF)
2026-10-01 13:57:04,Diversity / RF 1Mbps / interval BER,No checked bits,No checked bits,No checked bits,0.000E+0,Unavailable,Unavailable,Unavailable (RF),Unavailable (RF),Unavailable (RF)
2026-10-01 13:57:05,Diversity / RF 1Mbps / interval BER,No checked bits,No checked bits,No checked bits,0.000E+0,Unavailable,Unavailable,Unavailable (RF),Unavailable (RF),Unavailable (RF)
2026-10-01 13:57:06,Diversity / RF 1Mbps / interval BER,No checked bits,No checked bits,No checked bits,0.000E+0,Unavailable,Unavailable,Unavailable (RF),Unavailable (RF),Unavailable (RF)
2026-10-01 13:57:07,Diversity / RF 1Mbps / interval BER,No checked bits,No checked bits,No checked bits,0.000E+0,Unavailable,Unavailable,Unavailable (RF),Unavailable (RF),Unavailable (RF)
2026-10-01 13:57:08,Diversity / RF 1Mbps / interval BER,No checked bits,No checked bits,No checked bits,0.000E+0,Unavailable,Unavailable,Unavailable (RF),Unavailable (RF),Unavailable (RF)
2026-10-01 13:57:09,Diversity / RF 1Mbps / interval BER,No checked bits,No checked bits,No checked bits,0.000E+0,Unavailable,Unavailable,Unavailable (RF),Unavailable (RF),Unavailable (RF)
2026-10-01 13:57:10,Diversity / RF 1Mbps / interval BER,No checked bits,No checked bits,No checked bits,0.000E+0,Unavailable,Unavailable,Unavailable (RF),Unavailable (RF),Unavailable (RF)
2026-10-01 13:57:11,Diversity / RF 1Mbps / interval BER,No checked bits,No checked bits,No checked bits,0.000E+0,Unavailable,Unavailable,Unavailable (RF),Unavailable (RF),Unavailable (RF)
2026-10-01 13:57:12,Diversity / RF 1Mbps / interval BER,No checked bits,No checked bits,No checked bits,0.000E+0,Unavailable,Unavailable,Unavailable (RF),Unavailable (RF),Unavailable (RF)
2026-10-01 13:57:13,Diversity / RF 1Mbps / interval BER,No checked bits,No checked bits,No checked bits,0.000E+0,Unavailable,Unavailable,Unavailable (RF),Unavailable (RF),Unavailable (RF)
2026-10-01 13:57:14,Diversity / RF 1Mbps / interval BER,No checked bits,No checked bits,No checked bits,0.000E+0,Unavailable,Unavailable,Unavailable (RF),Unavailable (RF),Unavailable (RF)
2026-10-01 13:57:15,Diversity / RF 1Mbps / interval BER,No checked bits,No checked bits,No checked bits,0.000E+0,Unavailable,Unavailable,Unavailable (RF),Unavailable (RF),Unavailable (RF)
2026-10-01 13:57:16,Diversity / RF 1Mbps / interval BER,No checked bits,No checked bits,No checked bits,0.000E+0,Unavailable,Unavailable,Unavailable (RF),Unavailable (RF),Unavailable (RF)
2026-10-01 13:57:17,Diversity / RF 1Mbps / interval BER,No checked bits,No checked bits,No checked bits,0.000E+0,Unavailable,Unavailable,Unavailable (RF),Unavailable (RF),Unavailable (RF)
2026-10-01 13:57:18,Diversity / RF 1Mbps / interval BER,No checked bits,No checked bits,No checked bits,0.000E+0,Unavailable,Unavailable,Unavailable (RF),Unavailable (RF),Unavailable (RF)
2026-10-01 13:57:19,Diversity / RF 1Mbps / interval BER,No checked bits,No checked bits,No checked bits,0.000E+0,Unavailable,Unavailable,Unavailable (RF),Unavailable (RF),Unavailable (RF)
2026-10-01 13:57:20,Diversity / RF 1Mbps / interval BER,No checked bits,No checked bits,No checked bits,0.000E+0,Unavailable,Unavailable,Unavailable (RF),Unavailable (RF),Unavailable (RF)
2026-10-01 13:57:21,Diversity / RF 1Mbps / interval BER,No checked bits,No checked bits,No checked bits,0.000E+0,Unavailable,Unavailable,Unavailable (RF),Unavailable (RF),Unavailable (RF)
2026-10-01 13:57:22,Diversity / RF 1Mbps / interval BER,No checked bits,No checked bits,No checked bits,0.000E+0,Unavailable,Unavailable,Unavailable (RF),Unavailable (RF),Unavailable (RF)
2026-10-01 13:57:23,Diversity / RF 1Mbps / interval BER,No checked bits,No checked bits,No checked bits,0.000E+0,Unavailable,Unavailable,Unavailable (RF),Unavailable (RF),Unavailable (RF)
2026-10-01 13:57:24,Diversity / RF 1Mbps / interval BER,No checked bits,No checked bits,No checked bits,0.000E+0,Unavailable,Unavailable,Unavailable (RF),Unavailable (RF),Unavailable (RF)
2026-10-01 13:57:25,Diversity / RF 1Mbps / interval BER,No checked bits,No checked bits,No checked bits,0.000E+0,Unavailable,Unavailable,Unavailable (RF),Unavailable (RF),Unavailable (RF)
2026-10-01 13:57:26,Diversity / RF 1Mbps / interval BER,No checked bits,No checked bits,No checked bits,0.000E+0,Unavailable,Unavailable,Unavailable (RF),Unavailable (RF),Unavailable (RF)
2026-10-01 13:57:27,Diversity / RF 1Mbps / interval BER,No checked bits,No checked bits,No checked bits,0.000E+0,Unavailable,Unavailable,Unavailable (RF),Unavailable (RF),Unavailable (RF)
2026-10-01 13:57:28,Diversity / RF 1Mbps / interval BER,No checked bits,No checked bits,No checked bits,0.000E+0,Unavailable,Unavailable,Unavailable (RF),Unavailable (RF),Unavailable (RF)
2026-10-01 13:57:29,Diversity / RF 1Mbps / interval BER,No checked bits,No checked bits,No checked bits,0.000E+0,Unavailable,Unavailable,Unavailable (RF),Unavailable (RF),Unavailable (RF)
2026-10-01 13:57:30,Diversity / RF 1Mbps / interval BER,No checked bits,No checked bits,No checked bits,0.000E+0,Unavailable,Unavailable,Unavailable (RF),Unavailable (RF),Unavailable (RF)
2026-10-01 13:57:31,Diversity / RF 1Mbps / interval BER,No checked bits,No checked bits,No checked bits,0.000E+0,Unavailable,Unavailable,Unavailable (RF),Unavailable (RF),Unavailable (RF)
2026-10-01 13:57:32,Diversity / RF 1Mbps / interval BER,No checked bits,No checked bits,No checked bits,0.000E+0,Unavailable,Unavailable,Unavailable (RF),Unavailable (RF),Unavailable (RF)
2026-10-01 13:57:33,Diversity / RF 1Mbps / interval BER,No checked bits,No checked bits,No checked bits,0.000E+0,Unavailable,Unavailable,Unavailable (RF),Unavailable (RF),Unavailable (RF)
2026-10-01 13:57:34,Diversity / RF 1Mbps / interval BER,No checked bits,No checked bits,No checked bits,0.000E+0,Unavailable,Unavailable,Unavailable (RF),Unavailable (RF),Unavailable (RF)
2026-10-01 13:57:35,Diversity / RF 1Mbps / interval BER,No checked bits,No checked bits,No checked bits,0.000E+0,Unavailable,Unavailable,Unavailable (RF),Unavailable (RF),Unavailable (RF)
2026-10-01 13:57:36,Diversity / RF 1Mbps / interval BER,No checked bits,No checked bits,No checked bits,0.000E+0,Unavailable,Unavailable,Unavailable (RF),Unavailable (RF),Unavailable (RF)
2026-10-01 13:57:37,Diversity / RF 1Mbps / interval BER,No checked bits,No checked bits,No checked bits,0.000E+0,Unavailable,Unavailable,Unavailable (RF),Unavailable (RF),Unavailable (RF)
2026-10-01 13:57:38,Diversity / RF 1Mbps / interval BER,No checked bits,No checked bits,No checked bits,0.000E+0,Unavailable,Unavailable,Unavailable (RF),Unavailable (RF),Unavailable (RF)
2026-10-01 13:57:39,Diversity / RF 1Mbps / interval BER,No checked bits,No checked bits,No checked bits,0.000E+0,Unavailable,Unavailable,Unavailable (RF),Unavailable (RF),Unavailable (RF)
2026-10-01 13:57:40,Diversity / RF 1Mbps / interval BER,No checked bits,No checked bits,No checked bits,0.000E+0,Unavailable,Unavailable,Unavailable (RF),Unavailable (RF),Unavailable (RF)
2026-10-01 13:57:41,Diversity / RF 1Mbps / interval BER,No checked bits,No checked bits,No checked bits,0.000E+0,Unavailable,Unavailable,Unavailable (RF),Unavailable (RF),Unavailable (RF)
2026-10-01 13:57:42,Diversity / RF 1Mbps / interval BER,No checked bits,No checked bits,No checked bits,0.000E+0,Unavailable,Unavailable,Unavailable (RF),Unavailable (RF),Unavailable (RF)
2026-10-01 13:57:43,Diversity / RF 1Mbps / interval BER,No checked bits,No checked bits,No checked bits,0.000E+0,Unavailable,Unavailable,Unavailable (RF),Unavailable (RF),Unavailable (RF)
2026-10-01 13:57:44,Diversity / RF 1Mbps / interval BER,No checked bits,No checked bits,No checked bits,0.000E+0,Unavailable,Unavailable,Unavailable (RF),Unavailable (RF),Unavailable (RF)
2026-10-01 13:57:45,Diversity / RF 1Mbps / interval BER,No checked bits,No checked bits,No checked bits,0.000E+0,Unavailable,Unavailable,Unavailable (RF),Unavailable (RF),Unavailable (RF)
2026-10-01 13:57:46,Diversity / RF 1Mbps / interval BER,No checked bits,No checked bits,No checked bits,0.000E+0,Unavailable,Unavailable,Unavailable (RF),Unavailable (RF),Unavailable (RF)
2026-10-01 13:57:47,Diversity / RF 1Mbps / interval BER,No checked bits,No checked bits,No checked bits,0.000E+0,Unavailable,Unavailable,Unavailable (RF),Unavailable (RF),Unavailable (RF)
2026-10-01 13:57:48,Diversity / RF 1Mbps / interval BER,No checked bits,No checked bits,No checked bits,0.000E+0,Unavailable,Unavailable,Unavailable (RF),Unavailable (RF),Unavailable (RF)
2026-10-01 13:57:49,Diversity / RF 1Mbps / interval BER,No checked bits,No checked bits,No checked bits,0.000E+0,Unavailable,Unavailable,Unavailable (RF),Unavailable (RF),Unavailable (RF)
2026-10-01 13:57:50,Diversity / RF 1Mbps / interval BER,No checked bits,No checked bits,No checked bits,0.000E+0,Unavailable,Unavailable,Unavailable (RF),Unavailable (RF),Unavailable (RF)
2026-10-01 13:57:51,Diversity / RF 1Mbps / interval BER,No checked bits,No checked bits,No checked bits,0.000E+0,Unavailable,Unavailable,Unavailable (RF),Unavailable (RF),Unavailable (RF)
2026-10-01 13:57:52,Diversity / RF 1Mbps / interval BER,No checked bits,No checked bits,No checked bits,0.000E+0,Unavailable,Unavailable,Unavailable (RF),Unavailable (RF),Unavailable (RF)
2026-10-01 13:57:53,Diversity / RF 1Mbps / interval BER,No checked bits,No checked bits,No checked bits,0.000E+0,Unavailable,Unavailable,Unavailable (RF),Unavailable (RF),Unavailable (RF)
2026-10-01 13:57:54,Diversity / RF 1Mbps / interval BER,No checked bits,No checked bits,No checked bits,0.000E+0,Unavailable,Unavailable,Unavailable (RF),Unavailable (RF),Unavailable (RF)
2026-10-01 13:57:55,Diversity / RF 1Mbps / interval BER,No checked bits,No checked bits,No checked bits,0.000E+0,Unavailable,Unavailable,Unavailable (RF),Unavailable (RF),Unavailable (RF)
2026-10-01 13:57:56,Diversity / RF 1Mbps / interval BER,No checked bits,No checked bits,No checked bits,0.000E+0,Unavailable,Unavailable,Unavailable (RF),Unavailable (RF),Unavailable (RF)
2026-10-01 13:57:57,Diversity / RF 1Mbps / interval BER,No checked bits,No checked bits,No checked bits,0.000E+0,Unavailable,Unavailable,Unavailable (RF),Unavailable (RF),Unavailable (RF)
2026-10-01 13:57:58,Diversity / RF 1Mbps / interval BER,No checked bits,No checked bits,No checked bits,0.000E+0,Unavailable,Unavailable,Unavailable (RF),Unavailable (RF),Unavailable (RF)
2026-10-01 13:57:59,Diversity / RF 1Mbps / interval BER,No checked bits,No checked bits,No checked bits,0.000E+0,Unavailable,Unavailable,Unavailable (RF),Unavailable (RF),Unavailable (RF)
2026-10-01 13:58:00,Diversity / RF 1Mbps / interval BER,No checked bits,No checked bits,No checked bits,0.000E+0,Unavailable,Unavailable,Unavailable (RF),Unavailable (RF),Unavailable (RF)
2026-10-01 13:58:01,Diversity / RF 1Mbps / interval BER,No checked bits,No checked bits,No checked bits,0.000E+0,Unavailable,Unavailable,Unavailable (RF),Unavailable (RF),Unavailable (RF)
2026-10-01 13:58:02,Diversity / RF 1Mbps / interval BER,No checked bits,No checked bits,No checked bits,0.000E+0,Unavailable,Unavailable,Unavailable (RF),Unavailable (RF),Unavailable (RF)
2026-10-01 13:58:03,Diversity / RF 1Mbps / interval BER,No checked bits,No checked bits,No checked bits,0.000E+0,Unavailable,Unavailable,Unavailable (RF),Unavailable (RF),Unavailable (RF)
2026-10-01 13:58:04,Diversity / RF 1Mbps / interval BER,No checked bits,No checked bits,No checked bits,0.000E+0,Unavailable,Unavailable,Unavailable (RF),Unavailable (RF),Unavailable (RF)
2026-10-01 13:58:05,Diversity / RF 1Mbps / interval BER,No checked bits,No checked bits,No checked bits,0.000E+0,Unavailable,Unavailable,Unavailable (RF),Unavailable (RF),Unavailable (RF)
2026-10-01 13:58:06,Diversity / RF 1Mbps / interval BER,No checked bits,No checked bits,No checked bits,0.000E+0,Unavailable,Unavailable,Unavailable (RF),Unavailable (RF),Unavailable (RF)
2026-10-01 13:58:07,Diversity / RF 1Mbps / interval BER,No checked bits,No checked bits,No checked bits,0.000E+0,Unavailable,Unavailable,Unavailable (RF),Unavailable (RF),Unavailable (RF)
2026-10-01 13:58:08,Diversity / RF 1Mbps / interval BER,No checked bits,No checked bits,No checked bits,0.000E+0,Unavailable,Unavailable,Unavailable (RF),Unavailable (RF),Unavailable (RF)
2026-10-01 13:58:09,Diversity / RF 1Mbps / interval BER,No checked bits,No checked bits,No checked bits,0.000E+0,Unavailable,Unavailable,Unavailable (RF),Unavailable (RF),Unavailable (RF)
2026-10-01 13:58:10,Diversity / RF 1Mbps / interval BER,No checked bits,No checked bits,No checked bits,0.000E+0,Unavailable,Unavailable,Unavailable (RF),Unavailable (RF),Unavailable (RF)
2026-10-01 13:58:11,Diversity / RF 1Mbps / interval BER,No checked bits,No checked bits,No checked bits,0.000E+0,Unavailable,Unavailable,Unavailable (RF),Unavailable (RF),Unavailable (RF)
2026-10-01 13:58:12,Diversity / RF 1Mbps / interval BER,No checked bits,No checked bits,No checked bits,0.000E+0,Unavailable,Unavailable,Unavailable (RF),Unavailable (RF),Unavailable (RF)
2026-10-01 13:58:13,Diversity / RF 1Mbps / interval BER,No checked bits,No checked bits,No checked bits,0.000E+0,Unavailable,Unavailable,Unavailable (RF),Unavailable (RF),Unavailable (RF)
2026-10-01 13:58:14,Diversity / RF 1Mbps / interval BER,No checked bits,No checked bits,No checked bits,0.000E+0,Unavailable,Unavailable,Unavailable (RF),Unavailable (RF),Unavailable (RF)
2026-10-01 13:58:15,Diversity / RF 1Mbps / interval BER,No checked bits,No checked bits,No checked bits,0.000E+0,Unavailable,Unavailable,Unavailable (RF),Unavailable (RF),Unavailable (RF)
2026-10-01 13:58:16,Diversity / RF 1Mbps / interval BER,No checked bits,No checked bits,No checked bits,0.000E+0,Unavailable,Unavailable,Unavailable (RF),Unavailable (RF),Unavailable (RF)
2026-10-01 13:58:17,Diversity / RF 1Mbps / interval BER,No checked bits,No checked bits,No checked bits,0.000E+0,Unavailable,Unavailable,Unavailable (RF),Unavailable (RF),Unavailable (RF)
2026-10-01 13:58:18,Diversity / RF 1Mbps / interval BER,No checked bits,No checked bits,No checked bits,0.000E+0,Unavailable,Unavailable,Unavailable (RF),Unavailable (RF),Unavailable (RF)
2026-10-01 13:58:19,Diversity / RF 1Mbps / interval BER,No checked bits,No checked bits,No checked bits,0.000E+0,Unavailable,Unavailable,Unavailable (RF),Unavailable (RF),Unavailable (RF)
2026-10-01 13:58:20,Diversity / RF 1Mbps / interval BER,No checked bits,No checked bits,No checked bits,0.000E+0,Unavailable,Unavailable,Unavailable (RF),Unavailable (RF),Unavailable (RF)
2026-10-01 13:58:21,Diversity / RF 1Mbps / interval BER,No checked bits,No checked bits,No checked bits,0.000E+0,Unavailable,Unavailable,Unavailable (RF),Unavailable (RF),Unavailable (RF)
2026-10-01 13:58:22,Diversity / RF 1Mbps / interval BER,No checked bits,No checked bits,No checked bits,0.000E+0,Unavailable,Unavailable,Unavailable (RF),Unavailable (RF),Unavailable (RF)
2026-10-01 13:58:23,Diversity / RF 1Mbps / interval BER,No checked bits,No checked bits,No checked bits,0.000E+0,Unavailable,Unavailable,Unavailable (RF),Unavailable (RF),Unavailable (RF)
2026-10-01 13:58:24,Diversity / RF 1Mbps / interval BER,No checked bits,No checked bits,No checked bits,0.000E+0,Unavailable,Unavailable,Unavailable (RF),Unavailable (RF),Unavailable (RF)
2026-10-01 13:58:25,Diversity / RF 1Mbps / interval BER,No checked bits,No checked bits,No checked bits,0.000E+0,Unavailable,Unavailable,Unavailable (RF),Unavailable (RF),Unavailable (RF)
2026-10-01 13:58:26,Diversity / RF 1Mbps / interval BER,No checked bits,No checked bits,No checked bits,0.000E+0,Unavailable,Unavailable,Unavailable (RF),Unavailable (RF),Unavailable (RF)
2026-10-01 13:58:27,Diversity / RF 1Mbps / interval BER,No checked bits,No checked bits,No checked bits,0.000E+0,Unavailable,Unavailable,Unavailable (RF),Unavailable (RF),Unavailable (RF)
2026-10-01 13:58:28,Diversity / RF 1Mbps / interval BER,No checked bits,No checked bits,No checked bits,0.000E+0,Unavailable,Unavailable,Unavailable (RF),Unavailable (RF),Unavailable (RF)
2026-10-01 13:58:29,Diversity / RF 1Mbps / interval BER,No checked bits,No checked bits,No checked bits,0.000E+0,Unavailable,Unavailable,Unavailable (RF),Unavailable (RF),Unavailable (RF)
2026-10-01 13:58:30,Diversity / RF 1Mbps / interval BER,No checked bits,No checked bits,No checked bits,0.000E+0,Unavailable,Unavailable,Unavailable (RF),Unavailable (RF),Unavailable (RF)
2026-10-01 13:58:31,Diversity / RF 1Mbps / interval BER,No checked bits,No checked bits,No checked bits,0.000E+0,Unavailable,Unavailable,Unavailable (RF),Unavailable (RF),Unavailable (RF)
2026-10-01 13:58:32,Diversity / RF 1Mbps / interval BER,No checked bits,No checked bits,No checked bits,0.000E+0,Unavailable,Unavailable,Unavailable (RF),Unavailable (RF),Unavailable (RF)
2026-10-01 13:58:33,Diversity / RF 1Mbps / interval BER,No checked bits,No checked bits,No checked bits,0.000E+0,Unavailable,Unavailable,Unavailable (RF),Unavailable (RF),Unavailable (RF)
2026-10-01 13:58:34,Diversity / RF 1Mbps / interval BER,No checked bits,No checked bits,No checked bits,0.000E+0,Unavailable,Unavailable,Unavailable (RF),Unavailable (RF),Unavailable (RF)
2026-10-01 13:58:35,Diversity / RF 1Mbps / interval BER,No checked bits,No checked bits,No checked bits,0.000E+0,Unavailable,Unavailable,Unavailable (RF),Unavailable (RF),Unavailable (RF)
2026-10-01 13:58:36,Diversity / RF 1Mbps / interval BER,No checked bits,No checked bits,No checked bits,0.000E+0,Unavailable,Unavailable,Unavailable (RF),Unavailable (RF),Unavailable (RF)
2026-10-01 13:58:37,Diversity / RF 1Mbps / interval BER,No checked bits,No checked bits,No checked bits,0.000E+0,Unavailable,Unavailable,Unavailable (RF),Unavailable (RF),Unavailable (RF)
2026-10-01 13:58:38,Diversity / RF 1Mbps / interval BER,No checked bits,No checked bits,No checked bits,0.000E+0,Unavailable,Unavailable,Unavailable (RF),Unavailable (RF),Unavailable (RF)
2026-10-01 13:58:39,Diversity / RF 1Mbps / interval BER,No checked bits,No checked bits,No checked bits,0.000E+0,Unavailable,Unavailable,Unavailable (RF),Unavailable (RF),Unavailable (RF)
2026-10-01 13:58:40,Diversity / RF 1Mbps / interval BER,No checked bits,No checked bits,No checked bits,0.000E+0,Unavailable,Unavailable,Unavailable (RF),Unavailable (RF),Unavailable (RF)
2026-10-01 13:58:41,Diversity / RF 1Mbps / interval BER,No checked bits,No checked bits,No checked bits,0.000E+0,Unavailable,Unavailable,Unavailable (RF),Unavailable (RF),Unavailable (RF)
2026-10-01 13:58:42,Diversity / RF 1Mbps / interval BER,No checked bits,No checked bits,No checked bits,0.000E+0,Unavailable,Unavailable,Unavailable (RF),Unavailable (RF),Unavailable (RF)
2026-10-01 13:58:43,Diversity / RF 1Mbps / interval BER,No checked bits,No checked bits,No checked bits,0.000E+0,Unavailable,Unavailable,Unavailable (RF),Unavailable (RF),Unavailable (RF)
2026-10-01 13:58:44,Diversity / RF 1Mbps / interval BER,No checked bits,No checked bits,No checked bits,0.000E+0,Unavailable,Unavailable,Unavailable (RF),Unavailable (RF),Unavailable (RF)
2026-10-01 13:58:45,Diversity / RF 1Mbps / interval BER,No checked bits,No checked bits,No checked bits,0.000E+0,Unavailable,Unavailable,Unavailable (RF),Unavailable (RF),Unavailable (RF)
2026-10-01 13:58:46,Diversity / RF 1Mbps / interval BER,No checked bits,No checked bits,No checked bits,0.000E+0,Unavailable,Unavailable,Unavailable (RF),Unavailable (RF),Unavailable (RF)
2026-10-01 13:58:47,Diversity / RF 1Mbps / interval BER,No checked bits,No checked bits,No checked bits,0.000E+0,Unavailable,Unavailable,Unavailable (RF),Unavailable (RF),Unavailable (RF)
2026-10-01 13:58:48,Diversity / RF 1Mbps / interval BER,No checked bits,No checked bits,No checked bits,0.000E+0,Unavailable,Unavailable,Unavailable (RF),Unavailable (RF),Unavailable (RF)
2026-10-01 13:58:49,Diversity / RF 1Mbps / interval BER,No checked bits,No checked bits,No checked bits,0.000E+0,Unavailable,Unavailable,Unavailable (RF),Unavailable (RF),Unavailable (RF)
2026-10-01 13:58:50,Diversity / RF 1Mbps / interval BER,No checked bits,No checked bits,No checked bits,0.000E+0,Unavailable,Unavailable,Unavailable (RF),Unavailable (RF),Unavailable (RF)
2026-10-01 13:58:51,Diversity / RF 1Mbps / interval BER,No checked bits,No checked bits,No checked bits,0.000E+0,Unavailable,Unavailable,Unavailable (RF),Unavailable (RF),Unavailable (RF)
2026-10-01 13:58:52,Diversity / RF 1Mbps / interval BER,No checked bits,No checked bits,No checked bits,0.000E+0,Unavailable,Unavailable,Unavailable (RF),Unavailable (RF),Unavailable (RF)
2026-10-01 13:58:53,Diversity / RF 1Mbps / interval BER,No checked bits,No checked bits,No checked bits,0.000E+0,Unavailable,Unavailable,Unavailable (RF),Unavailable (RF),Unavailable (RF)
2026-10-01 13:58:54,Diversity / RF 1Mbps / interval BER,No checked bits,No checked bits,No checked bits,0.000E+0,Unavailable,Unavailable,Unavailable (RF),Unavailable (RF),Unavailable (RF)
2026-10-01 13:58:55,Diversity / RF 1Mbps / interval BER,No checked bits,No checked bits,No checked bits,0.000E+0,Unavailable,Unavailable,Unavailable (RF),Unavailable (RF),Unavailable (RF)
2026-10-01 13:58:56,Diversity / RF 1Mbps / interval BER,No checked bits,No checked bits,No checked bits,0.000E+0,Unavailable,Unavailable,Unavailable (RF),Unavailable (RF),Unavailable (RF)
2026-10-01 13:58:57,Diversity / RF 1Mbps / interval BER,No checked bits,No checked bits,No checked bits,0.000E+0,Unavailable,Unavailable,Unavailable (RF),Unavailable (RF),Unavailable (RF)
2026-10-01 13:58:58,Diversity / RF 1Mbps / interval BER,No checked bits,No checked bits,No checked bits,0.000E+0,Unavailable,Unavailable,Unavailable (RF),Unavailable (RF),Unavailable (RF)
2026-10-01 13:58:59,Diversity / RF 1Mbps / interval BER,No checked bits,No checked bits,No checked bits,0.000E+0,Unavailable,Unavailable,Unavailable (RF),Unavailable (RF),Unavailable (RF)
2026-10-01 13:59:00,Diversity / RX1 / interval BER,1.249E-01,No checked bits,1.249E-01,N/A,22.101,0.000,1.248E-01,22.101047,0.000000
2026-10-01 13:59:01,Diversity / RX1 / interval BER,1.248E-01,No checked bits,1.248E-01,N/A,50.000,0.000,1.239E-01,50.000000,0.000000
2026-10-01 13:59:02,Diversity / RX1 / interval BER,1.207E-01,No checked bits,1.207E-01,N/A,50.000,0.000,1.072E-01,50.000000,0.000000
2026-10-01 13:59:03,Diversity / RX1 / interval BER,7.828E-02,No checked bits,7.828E-02,N/A,50.000,0.000,5.910E-02,50.000000,0.000000
2026-10-01 13:59:04,Diversity / RX1 / interval BER,5.971E-02,No checked bits,5.971E-02,N/A,50.000,0.000,6.555E-02,50.000000,0.000000
2026-10-01 13:59:05,Diversity / RX1 / interval BER,8.555E-02,No checked bits,8.555E-02,N/A,50.000,0.000,6.874E-02,49.999999,0.000000
2026-10-01 13:59:06,Diversity / RX1 / interval BER,8.500E-02,No checked bits,8.500E-02,N/A,50.000,0.000,7.800E-02,50.000000,0.000000
2026-10-01 13:59:07,Diversity / RX1 / interval BER,5.482E-02,No checked bits,5.482E-02,N/A,50.000,0.000,3.811E-02,50.000000,0.000000
2026-10-01 13:59:08,Diversity / RX1 / interval BER,5.146E-02,No checked bits,5.146E-02,N/A,50.000,0.000,5.048E-02,50.000000,0.000000
2026-10-01 13:59:09,Diversity / RX1 / interval BER,5.317E-02,No checked bits,5.317E-02,N/A,50.000,0.000,3.181E-02,50.000000,0.000000
2026-10-01 13:59:10,Diversity / RX1 / interval BER,7.452E-03,No checked bits,7.452E-03,N/A,50.000,0.000,4.400E-03,50.000000,0.000000
2026-10-01 13:59:11,Diversity / RX1 / interval BER,2.046E-03,No checked bits,2.046E-03,N/A,50.000,0.000,1.622E-03,50.000000,0.000000
2026-10-01 13:59:12,Diversity / RX1 / interval BER,3.024E-02,No checked bits,3.024E-02,N/A,50.000,0.000,2.779E-02,50.000001,0.000000
2026-10-01 13:59:13,Diversity / RX1 / interval BER,4.824E-03,No checked bits,4.824E-03,N/A,50.000,0.000,1.629E-03,49.999999,0.000000
2026-10-01 13:59:14,Diversity / RX1 / interval BER,6.884E-04,No checked bits,6.884E-04,N/A,50.000,0.000,3.127E-04,50.000000,0.000000
2026-10-01 13:59:15,Diversity / RX1 / interval BER,7.533E-05,No checked bits,7.533E-05,N/A,50.000,0.000,4.751E-05,50.000001,0.000000
2026-10-01 13:59:16,Diversity / RX1 / interval BER,1.781E-05,No checked bits,1.781E-05,N/A,50.000,0.000,7.411E-06,49.999999,0.000000
2026-10-01 13:59:17,Diversity / RX1 / interval BER,1.434E-06,No checked bits,1.434E-06,N/A,50.000,0.000,4.895E-07,50.000001,0.000000
2026-10-01 13:59:18,Diversity / RX1 / interval BER,0.000E+00,No checked bits,0.000E+00,N/A,50.000,0.000,0.000E+00,50.000000,0.000000
2026-10-01 13:59:19,Diversity / RX1 / interval BER,0.000E+00,No checked bits,0.000E+00,N/A,50.000,0.000,0.000E+00,50.000000,0.000000
2026-10-01 13:59:20,Diversity / RX1 / interval BER,0.000E+00,No checked bits,0.000E+00,N/A,50.000,0.000,0.000E+00,50.000000,0.000000
2026-10-01 13:59:21,Diversity / RX1 / interval BER,0.000E+00,No checked bits,0.000E+00,N/A,50.000,0.000,0.000E+00,50.000000,0.000000
2026-10-01 13:59:22,Diversity / RX1 / interval BER,0.000E+00,No checked bits,0.000E+00,N/A,50.000,0.000,0.000E+00,50.000000,0.000000
2026-10-01 13:59:23,Diversity / RX1 / interval BER,0.000E+00,No checked bits,0.000E+00,N/A,50.000,0.000,0.000E+00,50.000000,0.000000
2026-10-01 13:59:24,Diversity / RX1 / interval BER,0.000E+00,No checked bits,0.000E+00,N/A,50.000,0.000,0.000E+00,50.000000,0.000000
2026-10-01 13:59:25,Diversity / RX1 / interval BER,0.000E+00,No checked bits,0.000E+00,N/A,50.000,0.000,0.000E+00,50.000000,0.000000
2026-10-01 13:59:26,Diversity / RX1 / interval BER,0.000E+00,No checked bits,0.000E+00,N/A,50.000,0.000,0.000E+00,49.999999,0.000000
2026-10-01 13:59:27,Diversity / RX1 / interval BER,0.000E+00,No checked bits,0.000E+00,N/A,50.000,0.000,0.000E+00,50.000000,0.000000
2026-10-01 13:59:28,Diversity / RX1 / interval BER,0.000E+00,No checked bits,0.000E+00,N/A,50.000,0.000,0.000E+00,50.000000,0.000000
2026-10-01 13:59:29,Diversity / RX1 / interval BER,0.000E+00,No checked bits,0.000E+00,N/A,50.000,0.000,0.000E+00,50.000001,0.000000
2026-10-01 13:59:30,Diversity / RX1 / interval BER,0.000E+00,No checked bits,0.000E+00,N/A,50.000,0.000,0.000E+00,49.999999,0.000000
2026-10-01 13:59:31,Diversity / RX1 / interval BER,0.000E+00,No checked bits,0.000E+00,N/A,50.000,0.000,0.000E+00,50.000000,0.000000
2026-10-01 13:59:32,Diversity / RX1 / interval BER,0.000E+00,No checked bits,0.000E+00,N/A,50.000,0.000,0.000E+00,50.000000,0.000000
2026-10-01 13:59:33,Diversity / RX1 / interval BER,0.000E+00,No checked bits,0.000E+00,N/A,50.000,0.000,0.000E+00,50.000000,0.000000
2026-10-01 13:59:34,Diversity / RX1 / interval BER,0.000E+00,No checked bits,0.000E+00,N/A,50.000,0.000,0.000E+00,50.000001,0.000000
2026-10-01 13:59:35,Diversity / RX1 / interval BER,0.000E+00,No checked bits,0.000E+00,N/A,50.000,0.000,0.000E+00,49.999999,0.000000
2026-10-01 13:59:36,Diversity / RX1 / interval BER,0.000E+00,No checked bits,0.000E+00,N/A,50.000,0.000,0.000E+00,50.000000,0.000000
2026-10-01 13:59:37,Diversity / RX1 / interval BER,0.000E+00,No checked bits,0.000E+00,N/A,50.000,0.000,0.000E+00,50.000000,0.000000
2026-10-01 13:59:38,Diversity / RX1 / interval BER,0.000E+00,No checked bits,0.000E+00,N/A,50.000,0.000,0.000E+00,50.000000,0.000000
2026-10-01 13:59:39,Diversity / RX1 / interval BER,0.000E+00,No checked bits,0.000E+00,N/A,50.000,0.000,0.000E+00,50.000000,0.000000
2026-10-01 13:59:40,Diversity / RX1 / interval BER,0.000E+00,No checked bits,0.000E+00,N/A,50.000,0.000,0.000E+00,50.000000,0.000000
2026-10-01 13:59:41,Diversity / RX1 / interval BER,0.000E+00,No checked bits,0.000E+00,N/A,50.000,0.000,0.000E+00,50.000001,0.000000
2026-10-01 13:59:42,Diversity / RX1 / interval BER,0.000E+00,No checked bits,0.000E+00,N/A,50.000,0.000,0.000E+00,50.000000,0.000000
2026-10-01 13:59:43,Diversity / RX1 / interval BER,0.000E+00,No checked bits,0.000E+00,N/A,50.000,0.000,0.000E+00,50.000000,0.000000
2026-10-01 13:59:44,Diversity / RX1 / interval BER,0.000E+00,No checked bits,0.000E+00,N/A,50.000,0.000,0.000E+00,49.999999,0.000000
2026-10-01 13:59:45,Diversity / RX1 / interval BER,0.000E+00,No checked bits,0.000E+00,N/A,50.000,0.000,0.000E+00,50.000000,0.000000
2026-10-01 13:59:46,Diversity / RX1 / interval BER,0.000E+00,No checked bits,0.000E+00,N/A,50.000,0.000,0.000E+00,50.000001,0.000000
2026-10-01 13:59:47,Diversity / RX1 / interval BER,0.000E+00,No checked bits,0.000E+00,N/A,50.000,0.000,0.000E+00,50.000000,0.000000
2026-10-01 13:59:48,Diversity / RX1 / interval BER,0.000E+00,No checked bits,0.000E+00,N/A,50.000,0.000,0.000E+00,49.999999,0.000000
2026-10-01 13:59:49,Diversity / RX1 / interval BER,0.000E+00,No checked bits,0.000E+00,N/A,50.000,0.000,0.000E+00,50.000001,0.000000
2026-10-01 13:59:50,Diversity / RX1 / interval BER,0.000E+00,No checked bits,0.000E+00,N/A,50.000,0.000,0.000E+00,50.000000,0.000000
2026-10-01 13:59:51,Diversity / RX1 / interval BER,0.000E+00,No checked bits,0.000E+00,N/A,50.000,0.000,0.000E+00,50.000000,0.000000
2026-10-01 13:59:52,Diversity / RX1 / interval BER,0.000E+00,No checked bits,0.000E+00,N/A,50.000,0.000,0.000E+00,50.000001,0.000000
2026-10-01 13:59:53,Diversity / RX1 / interval BER,0.000E+00,No checked bits,0.000E+00,N/A,50.000,0.000,0.000E+00,50.000000,0.000000
2026-10-01 13:59:54,Diversity / RX1 / interval BER,0.000E+00,No checked bits,0.000E+00,N/A,50.000,0.000,0.000E+00,50.000000,0.000000
2026-10-01 13:59:55,Diversity / RX1 / interval BER,0.000E+00,No checked bits,0.000E+00,N/A,50.000,0.000,0.000E+00,49.999999,0.000000
2026-10-01 13:59:56,Diversity / RX1 / interval BER,0.000E+00,No checked bits,0.000E+00,N/A,50.000,0.000,0.000E+00,50.000000,0.000000
2026-10-01 13:59:57,Diversity / RX1 / interval BER,0.000E+00,No checked bits,0.000E+00,N/A,50.000,0.000,0.000E+00,50.000000,0.000000
2026-10-01 13:59:58,Diversity / RX1 / interval BER,0.000E+00,No checked bits,0.000E+00,N/A,50.000,0.000,0.000E+00,50.000000,0.000000
2026-10-01 13:59:59,Diversity / RX1 / interval BER,0.000E+00,No checked bits,0.000E+00,N/A,50.000,0.000,0.000E+00,50.000000,0.000000
2026-10-01 14:00:00,Diversity / RX1 / interval BER,0.000E+00,No checked bits,0.000E+00,N/A,50.000,0.000,0.000E+00,50.000000,0.000000
2026-10-01 14:00:01,Diversity / RX1 / interval BER,0.000E+00,No checked bits,0.000E+00,N/A,50.000,0.000,0.000E+00,50.000000,0.000000
2026-10-01 14:00:02,Diversity / RX1 / interval BER,0.000E+00,No checked bits,0.000E+00,N/A,50.000,0.000,0.000E+00,50.000000,0.000000
2026-10-01 14:00:03,Diversity / RX1 / interval BER,0.000E+00,No checked bits,0.000E+00,N/A,50.000,0.000,0.000E+00,50.000000,0.000000
2026-10-01 14:00:04,Diversity / RX1 / interval BER,0.000E+00,No checked bits,0.000E+00,N/A,50.000,0.000,0.000E+00,50.000000,0.000000
2026-10-01 14:00:05,Diversity / RX1 / interval BER,0.000E+00,No checked bits,0.000E+00,N/A,50.000,0.000,0.000E+00,50.000000,0.000000
2026-10-01 14:00:06,Diversity / RX1 / interval BER,0.000E+00,No checked bits,0.000E+00,N/A,50.000,0.000,0.000E+00,50.000000,0.000000
2026-10-01 14:00:07,Diversity / RX1 / interval BER,0.000E+00,No checked bits,0.000E+00,N/A,50.000,0.000,0.000E+00,49.999999,0.000000
2026-10-01 14:00:08,Diversity / RX1 / interval BER,0.000E+00,No checked bits,0.000E+00,N/A,50.000,0.000,0.000E+00,50.000000,0.000000
2026-10-01 14:00:09,Diversity / RX1 / interval BER,0.000E+00,No checked bits,0.000E+00,N/A,50.000,0.000,0.000E+00,50.000000,0.000000
2026-10-01 14:00:10,Diversity / RX1 / interval BER,0.000E+00,No checked bits,0.000E+00,N/A,50.000,0.000,0.000E+00,50.000000,0.000000
2026-10-01 14:00:11,Diversity / RX1 / interval BER,0.000E+00,No checked bits,0.000E+00,N/A,50.000,0.000,0.000E+00,50.000001,0.000000
2026-10-01 14:00:12,Diversity / RX1 / interval BER,0.000E+00,No checked bits,0.000E+00,N/A,50.000,0.000,0.000E+00,50.000000,0.000000
2026-10-01 14:00:13,Diversity / RX1 / interval BER,0.000E+00,No checked bits,0.000E+00,N/A,50.000,0.000,0.000E+00,49.999999,0.000000
2026-10-01 14:00:14,Diversity / RX1 / interval BER,0.000E+00,No checked bits,0.000E+00,N/A,50.000,0.000,0.000E+00,50.000000,0.000000
2026-10-01 14:00:15,Diversity / RX1 / interval BER,0.000E+00,No checked bits,0.000E+00,N/A,50.000,0.000,0.000E+00,50.000000,0.000000
2026-10-01 14:00:16,Diversity / RX1 / interval BER,0.000E+00,No checked bits,0.000E+00,N/A,50.000,0.000,0.000E+00,49.999999,0.000000
2026-10-01 14:00:17,Diversity / RX1 / interval BER,0.000E+00,No checked bits,0.000E+00,N/A,50.000,0.000,0.000E+00,50.000000,0.000000
2026-10-01 14:00:18,Diversity / RX1 / interval BER,0.000E+00,No checked bits,0.000E+00,N/A,50.000,0.000,0.000E+00,50.000000,0.000000
2026-10-01 14:00:19,Diversity / RX1 / interval BER,0.000E+00,No checked bits,0.000E+00,N/A,50.000,0.000,0.000E+00,50.000000,0.000000
2026-10-01 14:00:20,Diversity / RX1 / interval BER,0.000E+00,No checked bits,0.000E+00,N/A,50.000,0.000,0.000E+00,50.000000,0.000000
2026-10-01 14:00:21,Diversity / RX1 / interval BER,0.000E+00,No checked bits,0.000E+00,N/A,50.000,0.000,0.000E+00,50.000000,0.000000
2026-10-01 14:00:22,Diversity / RX1 / interval BER,0.000E+00,No checked bits,0.000E+00,N/A,50.000,0.000,0.000E+00,50.000000,0.000000
2026-10-01 14:00:23,Diversity / RX1 / interval BER,0.000E+00,No checked bits,0.000E+00,N/A,50.000,0.000,0.000E+00,50.000000,0.000000
2026-10-01 14:00:24,Diversity / RX1 / interval BER,0.000E+00,No checked bits,0.000E+00,N/A,50.000,0.000,0.000E+00,50.000000,0.000000
2026-10-01 14:00:25,Diversity / RX1 / interval BER,0.000E+00,No checked bits,0.000E+00,N/A,50.000,0.000,0.000E+00,50.000000,0.000000
2026-10-01 14:00:26,Diversity / RX1 / interval BER,0.000E+00,No checked bits,0.000E+00,N/A,50.000,0.000,0.000E+00,50.000000,0.000000
2026-10-01 14:00:27,Diversity / RX1 / interval BER,0.000E+00,No checked bits,0.000E+00,N/A,50.000,0.000,0.000E+00,50.000001,0.000000
2026-10-01 14:00:28,Diversity / RX1 / interval BER,0.000E+00,No checked bits,0.000E+00,N/A,50.000,0.000,0.000E+00,50.000000,0.000000
2026-10-01 14:00:29,Diversity / RX1 / interval BER,0.000E+00,No checked bits,0.000E+00,N/A,50.000,0.000,0.000E+00,50.000000,0.000000
2026-10-01 14:00:30,Diversity / RX1 / interval BER,0.000E+00,No checked bits,0.000E+00,N/A,50.000,0.000,0.000E+00,50.000000,0.000000
2026-10-01 14:00:31,Diversity / RX1 / interval BER,0.000E+00,No checked bits,0.000E+00,N/A,50.000,0.000,0.000E+00,50.000000,0.000000
2026-10-01 14:00:32,Diversity / RX1 / interval BER,0.000E+00,No checked bits,0.000E+00,N/A,50.000,0.000,0.000E+00,50.000000,0.000000
2026-10-01 14:00:33,Diversity / RX1 / interval BER,0.000E+00,No checked bits,0.000E+00,N/A,50.000,0.000,0.000E+00,50.000000,0.000000
2026-10-01 14:00:34,Diversity / RX1 / interval BER,0.000E+00,No checked bits,0.000E+00,N/A,50.000,0.000,0.000E+00,50.000000,0.000000
2026-10-01 14:00:35,Diversity / RX1 / interval BER,0.000E+00,No checked bits,0.000E+00,N/A,50.000,0.000,0.000E+00,50.000000,0.000000
2026-10-01 14:00:36,Diversity / RX1 / interval BER,0.000E+00,No checked bits,0.000E+00,N/A,50.000,0.000,0.000E+00,50.000000,0.000000
2026-10-01 14:00:37,Diversity / RX1 / interval BER,0.000E+00,No checked bits,0.000E+00,N/A,50.000,0.000,0.000E+00,50.000000,0.000000
2026-10-01 14:00:38,Diversity / RX1 / interval BER,0.000E+00,No checked bits,0.000E+00,N/A,50.000,0.000,0.000E+00,50.000001,0.000000
2026-10-01 14:00:39,Diversity / RX1 / interval BER,0.000E+00,No checked bits,0.000E+00,N/A,50.000,0.000,0.000E+00,49.999999,0.000000
2026-10-01 14:00:40,Diversity / RX1 / interval BER,0.000E+00,No checked bits,0.000E+00,N/A,50.000,0.000,0.000E+00,50.000001,0.000000
2026-10-01 14:00:41,Diversity / RX1 / interval BER,0.000E+00,No checked bits,0.000E+00,N/A,50.000,0.000,0.000E+00,50.000000,0.000000
2026-10-01 14:00:42,Diversity / RX1 / interval BER,0.000E+00,No checked bits,0.000E+00,N/A,50.000,0.000,0.000E+00,50.000000,0.000000
2026-10-01 14:00:43,Diversity / RX1 / interval BER,0.000E+00,No checked bits,0.000E+00,N/A,50.000,0.000,0.000E+00,50.000000,0.000000
2026-10-01 14:00:44,Diversity / RX1 / interval BER,0.000E+00,No checked bits,0.000E+00,N/A,50.000,0.000,0.000E+00,50.000000,0.000000
2026-10-01 14:00:45,Diversity / RX1 / interval BER,0.000E+00,0.000E+00,0.000E+00,N/A,50.000,0.000,0.000E+00,50.000000,0.000000
2026-10-01 14:00:46,Diversity / RX1 / interval BER,0.000E+00,No checked bits,0.000E+00,N/A,50.000,0.000,0.000E+00,50.000000,0.000000
2026-10-01 14:00:47,Diversity / RX1 / interval BER,0.000E+00,0.000E+00,0.000E+00,N/A,50.000,0.000,0.000E+00,50.000000,0.000000
2026-10-01 14:00:48,Diversity / RX1 / interval BER,0.000E+00,0.000E+00,0.000E+00,N/A,50.000,0.000,0.000E+00,50.000000,0.000000
2026-10-01 14:00:49,Diversity / RX1 / interval BER,0.000E+00,0.000E+00,0.000E+00,N/A,50.000,0.000,0.000E+00,50.000000,0.000000
2026-10-01 14:00:50,Diversity / RX1 / interval BER,0.000E+00,0.000E+00,0.000E+00,N/A,50.000,0.000,0.000E+00,50.000000,0.000000
2026-10-01 14:00:51,Diversity / RX1 / interval BER,0.000E+00,0.000E+00,0.000E+00,N/A,50.000,0.000,0.000E+00,50.000000,0.000000
2026-10-01 14:00:52,Diversity / RX1 / interval BER,0.000E+00,0.000E+00,0.000E+00,N/A,50.000,0.000,0.000E+00,50.000000,0.000000
2026-10-01 14:00:53,Diversity / RX1 / interval BER,0.000E+00,0.000E+00,0.000E+00,N/A,50.000,0.000,0.000E+00,50.000000,0.000000
2026-10-01 14:00:54,Diversity / RX1 / interval BER,0.000E+00,0.000E+00,0.000E+00,N/A,50.000,0.000,0.000E+00,50.000000,0.000000
2026-10-01 14:00:55,Diversity / RX1 / interval BER,0.000E+00,0.000E+00,0.000E+00,N/A,50.000,0.000,0.000E+00,50.000001,0.000000
2026-10-01 14:00:56,Diversity / RX1 / interval BER,0.000E+00,0.000E+00,0.000E+00,N/A,50.000,0.000,0.000E+00,50.000000,0.000000
2026-10-01 14:00:57,Diversity / RX1 / interval BER,0.000E+00,0.000E+00,0.000E+00,N/A,50.000,0.000,0.000E+00,50.000000,0.000000
2026-10-01 14:00:58,Diversity / RX1 / interval BER,0.000E+00,0.000E+00,0.000E+00,N/A,50.000,0.000,0.000E+00,50.000000,0.000000
2026-10-01 14:00:59,Diversity / RX1 / interval BER,0.000E+00,0.000E+00,0.000E+00,N/A,50.000,0.000,0.000E+00,50.000000,0.000000
2026-10-01 14:01:00,Diversity / RX1 / interval BER,0.000E+00,0.000E+00,0.000E+00,N/A,50.000,0.000,0.000E+00,50.000000,0.000000
2026-10-01 14:01:01,Diversity / RX1 / interval BER,0.000E+00,0.000E+00,0.000E+00,N/A,50.000,0.000,0.000E+00,50.000000,0.000000
2026-10-01 14:01:02,Diversity / RX1 / interval BER,0.000E+00,0.000E+00,0.000E+00,N/A,50.000,0.000,0.000E+00,50.000000,0.000000
2026-10-01 14:01:03,Diversity / RX1 / interval BER,0.000E+00,1.748E-01,5.263E-02,N/A,50.000,43.716,0.000E+00,50.000000,0.000000
2026-10-01 14:01:04,Diversity / RX1 / interval BER,0.000E+00,1.501E-01,6.808E-02,N/A,50.000,50.000,0.000E+00,50.000000,0.000000
2026-10-01 14:01:05,Diversity / RX1 / interval BER,0.000E+00,1.340E-01,6.466E-02,N/A,50.000,50.000,0.000E+00,50.000000,0.000000
2026-10-01 14:01:06,Diversity / RX1 / interval BER,0.000E+00,1.508E-01,6.833E-02,N/A,50.000,50.000,0.000E+00,50.000000,0.000000
2026-10-01 14:01:07,Diversity / RX1 / interval BER,0.000E+00,1.672E-01,7.152E-02,N/A,50.000,50.000,0.000E+00,50.000001,0.000000
2026-10-01 14:01:08,Diversity / RX1 / interval BER,0.000E+00,1.506E-01,6.830E-02,N/A,50.000,50.000,0.000E+00,50.000000,0.000000
2026-10-01 14:01:09,Diversity / RX1 / interval BER,0.000E+00,1.623E-01,7.062E-02,N/A,50.000,50.000,0.000E+00,50.000000,0.000000
2026-10-01 14:01:10,Diversity / RX1 / interval BER,0.000E+00,1.733E-01,7.262E-02,N/A,50.000,50.000,0.000E+00,50.000000,0.000000
2026-10-01 14:01:11,Diversity / RX1 / interval BER,0.000E+00,1.887E-01,7.513E-02,N/A,50.000,35.976,0.000E+00,50.000000,0.000000
2026-10-01 14:01:12,Diversity / RX1 / interval BER,0.000E+00,No checked bits,0.000E+00,N/A,50.000,0.000,0.000E+00,50.000000,0.000000
2026-10-01 14:01:13,Diversity / RX1 / interval BER,0.000E+00,No checked bits,0.000E+00,N/A,50.000,0.000,0.000E+00,50.000000,0.000000
2026-10-01 14:01:14,Diversity / RX1 / interval BER,0.000E+00,No checked bits,0.000E+00,N/A,50.000,0.000,0.000E+00,50.000000,0.000000
2026-10-01 14:01:15,Diversity / RX1 / interval BER,0.000E+00,No checked bits,0.000E+00,N/A,50.000,0.000,0.000E+00,50.000000,0.000000
2026-10-01 14:01:16,Diversity / RX1 / interval BER,0.000E+00,No checked bits,0.000E+00,N/A,50.000,0.000,0.000E+00,50.000001,0.000000
2026-10-01 14:01:17,Diversity / RX1 / interval BER,0.000E+00,No checked bits,0.000E+00,N/A,50.000,0.000,0.000E+00,50.000000,0.000000
2026-10-01 14:01:18,Diversity / RX1 / interval BER,0.000E+00,No checked bits,0.000E+00,N/A,50.000,0.000,0.000E+00,50.000000,0.000000
2026-10-01 14:01:19,Diversity / RX1 / interval BER,0.000E+00,No checked bits,0.000E+00,N/A,50.000,0.000,0.000E+00,50.000000,0.000000
2026-10-01 14:01:20,Diversity / RX1 / interval BER,0.000E+00,No checked bits,0.000E+00,N/A,50.000,0.000,0.000E+00,49.999999,0.000000
2026-10-01 14:01:21,Diversity / RX1 / interval BER,0.000E+00,No checked bits,0.000E+00,N/A,50.000,0.000,0.000E+00,50.000000,0.000000
2026-10-01 14:01:22,Diversity / RX1 / interval BER,0.000E+00,No checked bits,0.000E+00,N/A,50.000,0.000,0.000E+00,50.000001,0.000000
2026-10-01 14:01:23,Diversity / RX1 / interval BER,0.000E+00,No checked bits,0.000E+00,N/A,50.000,0.000,0.000E+00,50.000000,0.000000
2026-10-01 14:01:24,Diversity / RX1 / interval BER,0.000E+00,No checked bits,0.000E+00,N/A,50.000,0.000,0.000E+00,50.000000,0.000000
2026-10-01 14:01:25,Diversity / RX1 / interval BER,0.000E+00,No checked bits,0.000E+00,N/A,50.000,0.000,0.000E+00,49.999999,0.000000
2026-10-01 14:01:26,Diversity / RX1 / interval BER,0.000E+00,No checked bits,0.000E+00,N/A,50.000,0.000,0.000E+00,50.000000,0.000000
2026-10-01 14:01:27,Diversity / RX1 / interval BER,0.000E+00,No checked bits,0.000E+00,N/A,50.000,0.000,0.000E+00,50.000000,0.000000
2026-10-01 14:01:28,Diversity / RX1 / interval BER,0.000E+00,No checked bits,0.000E+00,N/A,50.000,0.000,0.000E+00,50.000000,0.000000
2026-10-01 14:01:29,Diversity / RX1 / interval BER,0.000E+00,No checked bits,0.000E+00,N/A,50.000,0.000,0.000E+00,50.000001,0.000000
2026-10-01 14:01:30,Diversity / RX1 / interval BER,0.000E+00,No checked bits,0.000E+00,N/A,50.000,0.000,0.000E+00,50.000000,0.000000
2026-10-01 14:01:31,Diversity / RX1 / interval BER,0.000E+00,No checked bits,0.000E+00,N/A,50.000,0.000,0.000E+00,49.999999,0.000000
2026-10-01 14:01:32,Diversity / RX1 / interval BER,0.000E+00,No checked bits,0.000E+00,N/A,50.000,0.000,0.000E+00,50.000001,0.000000
2026-10-01 14:01:33,Diversity / RX1 / interval BER,0.000E+00,No checked bits,0.000E+00,N/A,50.000,0.000,0.000E+00,50.000000,0.000000
2026-10-01 14:01:34,Diversity / RX1 / interval BER,0.000E+00,No checked bits,0.000E+00,N/A,50.000,0.000,0.000E+00,50.000000,0.000000
2026-10-01 14:01:35,Diversity / RX1 / interval BER,0.000E+00,No checked bits,0.000E+00,N/A,50.000,0.000,0.000E+00,50.000000,0.000000
2026-10-01 14:01:36,Diversity / RX1 / interval BER,0.000E+00,No checked bits,0.000E+00,N/A,50.000,0.000,0.000E+00,50.000001,0.000000
2026-10-01 14:01:37,Diversity / RX1 / interval BER,0.000E+00,No checked bits,0.000E+00,N/A,50.000,0.000,0.000E+00,50.000000,0.000000
2026-10-01 14:01:38,Diversity / RX1 / interval BER,0.000E+00,No checked bits,0.000E+00,N/A,50.000,0.000,0.000E+00,49.999999,0.000000
2026-10-01 14:01:39,Diversity / RX1 / interval BER,0.000E+00,No checked bits,0.000E+00,N/A,50.000,0.000,0.000E+00,50.000000,0.000000
2026-10-01 14:01:40,Diversity / RX1 / interval BER,0.000E+00,No checked bits,0.000E+00,N/A,50.000,0.000,0.000E+00,50.000000,0.000000
2026-10-01 14:01:41,Diversity / RX1 / interval BER,0.000E+00,No checked bits,0.000E+00,N/A,50.000,0.000,0.000E+00,50.000000,0.000000
2026-10-01 14:01:42,Diversity / RX1 / interval BER,0.000E+00,No checked bits,0.000E+00,N/A,50.000,0.000,0.000E+00,50.000000,0.000000
2026-10-01 14:01:43,Diversity / RX1 / interval BER,0.000E+00,No checked bits,0.000E+00,N/A,50.000,0.000,0.000E+00,50.000000,0.000000
2026-10-01 14:01:44,Diversity / RX1 / interval BER,0.000E+00,No checked bits,0.000E+00,N/A,50.000,0.000,0.000E+00,50.000000,0.000000
2026-10-01 14:01:45,Diversity / RX1 / interval BER,0.000E+00,No checked bits,0.000E+00,N/A,50.000,0.000,0.000E+00,49.999999,0.000000
2026-10-01 14:01:46,Diversity / RX1 / interval BER,0.000E+00,0.000E+00,0.000E+00,N/A,50.000,0.000,0.000E+00,50.000000,0.000000
2026-10-01 14:01:47,Diversity / RX1 / interval BER,0.000E+00,0.000E+00,0.000E+00,N/A,50.000,0.000,0.000E+00,50.000000,0.000000
2026-10-01 14:01:48,Diversity / RX1 / interval BER,0.000E+00,0.000E+00,0.000E+00,N/A,50.000,0.000,0.000E+00,50.000000,0.000000
2026-10-01 14:01:49,Diversity / RX1 / interval BER,0.000E+00,0.000E+00,0.000E+00,N/A,50.000,0.000,0.000E+00,50.000000,0.000000
2026-10-01 14:01:50,Diversity / RX1 / interval BER,0.000E+00,0.000E+00,0.000E+00,N/A,50.000,0.000,0.000E+00,50.000000,0.000000
2026-10-01 14:01:51,Diversity / RX1 / interval BER,0.000E+00,0.000E+00,0.000E+00,N/A,50.000,0.000,0.000E+00,50.000000,0.000000
2026-10-01 14:01:52,Diversity / RX1 / interval BER,0.000E+00,0.000E+00,0.000E+00,N/A,50.000,0.000,0.000E+00,50.000001,0.000000
2026-10-01 14:01:53,Diversity / RX1 / interval BER,0.000E+00,No checked bits,0.000E+00,N/A,50.000,0.000,0.000E+00,50.000000,0.000000
2026-10-01 14:01:54,Diversity / RX1 / interval BER,0.000E+00,No checked bits,0.000E+00,N/A,50.000,0.000,0.000E+00,50.000000,0.000000
2026-10-01 14:01:55,Diversity / RX1 / interval BER,0.000E+00,No checked bits,0.000E+00,N/A,50.000,0.000,0.000E+00,49.999999,0.000000
2026-10-01 14:01:56,Diversity / RX1 / interval BER,0.000E+00,0.000E+00,0.000E+00,N/A,50.000,0.000,0.000E+00,50.000000,0.000000
2026-10-01 14:01:57,Diversity / RX1 / interval BER,0.000E+00,No checked bits,0.000E+00,N/A,50.000,0.000,0.000E+00,50.000000,0.000000
2026-10-01 14:01:58,Diversity / RX1 / interval BER,0.000E+00,0.000E+00,0.000E+00,N/A,50.000,0.000,0.000E+00,50.000000,0.000000
2026-10-01 14:01:59,Diversity / RX1 / interval BER,0.000E+00,0.000E+00,0.000E+00,N/A,50.000,0.000,0.000E+00,50.000000,0.000000
2026-10-01 14:02:00,Diversity / RX1 / interval BER,0.000E+00,0.000E+00,0.000E+00,N/A,50.000,0.000,0.000E+00,50.000001,0.000000
2026-10-01 14:02:01,Diversity / RX1 / interval BER,0.000E+00,No checked bits,0.000E+00,N/A,50.000,0.000,0.000E+00,49.999999,0.000000
2026-10-01 14:02:02,Diversity / RX1 / interval BER,0.000E+00,No checked bits,0.000E+00,N/A,50.000,0.000,0.000E+00,50.000000,0.000000
2026-10-01 14:02:03,Diversity / RX1 / interval BER,0.000E+00,No checked bits,0.000E+00,N/A,50.000,0.000,0.000E+00,50.000000,0.000000
2026-10-01 14:02:04,Diversity / RX1 / interval BER,0.000E+00,No checked bits,0.000E+00,N/A,50.000,0.000,0.000E+00,50.000000,0.000000
2026-10-01 14:02:05,Diversity / RX1 / interval BER,0.000E+00,No checked bits,0.000E+00,N/A,50.000,0.000,0.000E+00,50.000000,0.000000
2026-10-01 14:02:06,Diversity / RX1 / interval BER,0.000E+00,No checked bits,0.000E+00,N/A,50.000,0.000,0.000E+00,50.000000,0.000000
2026-10-01 14:02:07,Diversity / RX1 / interval BER,0.000E+00,No checked bits,0.000E+00,N/A,50.000,0.000,0.000E+00,50.000000,0.000000
2026-10-01 14:02:08,Diversity / RX1 / interval BER,0.000E+00,No checked bits,0.000E+00,N/A,50.000,0.000,0.000E+00,50.000000,0.000000
2026-10-01 14:02:09,Diversity / RX1 / interval BER,0.000E+00,No checked bits,0.000E+00,N/A,50.000,0.000,0.000E+00,50.000000,0.000000
2026-10-01 14:02:10,Diversity / RX1 / interval BER,0.000E+00,No checked bits,0.000E+00,N/A,50.000,0.000,0.000E+00,50.000000,0.000000
2026-10-01 14:02:11,Diversity / RX1 / interval BER,0.000E+00,No checked bits,0.000E+00,N/A,50.000,0.000,0.000E+00,50.000000,0.000000
2026-10-01 14:02:12,Diversity / RX1 / interval BER,0.000E+00,No checked bits,0.000E+00,N/A,50.000,0.000,0.000E+00,50.000000,0.000000
2026-10-01 14:02:13,Diversity / RX1 / interval BER,0.000E+00,No checked bits,0.000E+00,N/A,50.000,0.000,0.000E+00,50.000000,0.000000
2026-10-01 14:02:14,Diversity / RX1 / interval BER,0.000E+00,0.000E+00,0.000E+00,N/A,50.000,0.000,0.000E+00,50.000000,0.000000
2026-10-01 14:02:15,Diversity / RX1 / interval BER,0.000E+00,0.000E+00,0.000E+00,N/A,50.000,0.000,0.000E+00,49.999999,0.000000
2026-10-01 14:02:16,Diversity / RX1 / interval BER,0.000E+00,0.000E+00,0.000E+00,N/A,50.000,0.000,0.000E+00,50.000001,0.000000
2026-10-01 14:02:17,Diversity / RX1 / interval BER,0.000E+00,0.000E+00,0.000E+00,N/A,50.000,0.000,0.000E+00,49.999999,0.000000
2026-10-01 14:02:18,Diversity / RX1 / interval BER,0.000E+00,0.000E+00,0.000E+00,N/A,50.000,0.000,0.000E+00,50.000001,0.000000
2026-10-01 14:02:19,Diversity / RX1 / interval BER,0.000E+00,0.000E+00,0.000E+00,N/A,50.000,0.000,0.000E+00,50.000000,0.000000
2026-10-01 14:02:20,Diversity / RX1 / interval BER,0.000E+00,0.000E+00,0.000E+00,N/A,50.000,0.000,0.000E+00,50.000000,0.000000
2026-10-01 14:02:21,Diversity / RX1 / interval BER,0.000E+00,0.000E+00,0.000E+00,N/A,50.000,0.000,0.000E+00,50.000000,0.000000
2026-10-01 14:02:22,Diversity / RX1 / interval BER,0.000E+00,1.273E-01,4.313E-02,N/A,50.000,39.146,0.000E+00,49.999999,0.000000
2026-10-01 14:02:23,Diversity / RX1 / interval BER,0.000E+00,1.759E-01,6.733E-02,N/A,50.000,50.000,0.000E+00,50.000001,0.000000
2026-10-01 14:02:24,Diversity / RX1 / interval BER,0.000E+00,8.186E-02,3.561E-02,N/A,50.000,50.000,0.000E+00,50.000000,0.000000
2026-10-01 14:02:25,Diversity / RX1 / interval BER,0.000E+00,6.822E-02,2.968E-02,N/A,50.000,50.000,0.000E+00,50.000000,0.000000
2026-10-01 14:02:26,Diversity / RX1 / interval BER,0.000E+00,6.848E-02,2.883E-02,N/A,50.000,50.000,0.000E+00,50.000000,0.000000
2026-10-01 14:02:27,Diversity / RX1 / interval BER,0.000E+00,4.644E-02,2.241E-02,N/A,50.000,50.000,0.000E+00,50.000000,0.000000
2026-10-01 14:02:28,Diversity / RX1 / interval BER,0.000E+00,2.163E-02,9.570E-03,N/A,50.000,50.000,0.000E+00,50.000000,0.000000
2026-10-01 14:02:29,Diversity / RX1 / interval BER,0.000E+00,1.021E-02,4.629E-03,N/A,50.000,50.000,0.000E+00,49.999999,0.000000
2026-10-01 14:02:30,Diversity / RX1 / interval BER,0.000E+00,7.503E-03,3.246E-03,N/A,50.000,50.000,0.000E+00,50.000000,0.000000
2026-10-01 14:02:31,Diversity / RX1 / interval BER,0.000E+00,1.090E-03,4.584E-04,N/A,50.000,50.000,0.000E+00,50.000000,0.000000
2026-10-01 14:02:32,Diversity / RX1 / interval BER,0.000E+00,7.769E-05,2.915E-05,N/A,50.000,50.000,0.000E+00,50.000000,0.000000
2026-10-01 14:02:33,Diversity / RX1 / interval BER,0.000E+00,9.663E-06,4.433E-06,N/A,50.000,50.000,0.000E+00,50.000000,0.000000
2026-10-01 14:02:34,Diversity / RX1 / interval BER,0.000E+00,5.345E-06,2.293E-06,N/A,50.000,50.000,0.000E+00,49.999999,0.000000
2026-10-01 14:02:35,Diversity / RX1 / interval BER,0.000E+00,1.411E-06,5.406E-07,N/A,50.000,50.000,0.000E+00,50.000000,0.000000
2026-10-01 14:02:36,Diversity / RX1 / interval BER,0.000E+00,1.173E-07,5.389E-08,N/A,50.000,50.000,0.000E+00,50.000000,0.000000
2026-10-01 14:02:37,Diversity / RX1 / interval BER,0.000E+00,2.292E-08,1.073E-08,N/A,50.000,50.000,0.000E+00,49.999999,0.000000
2026-10-01 14:02:38,Diversity / RX1 / interval BER,0.000E+00,0.000E+00,0.000E+00,N/A,50.000,50.000,0.000E+00,50.000001,0.000000
2026-10-01 14:02:39,Diversity / RX1 / interval BER,0.000E+00,0.000E+00,0.000E+00,N/A,50.000,50.000,0.000E+00,50.000000,0.000000
2026-10-01 14:02:40,Diversity / RX1 / interval BER,0.000E+00,0.000E+00,0.000E+00,N/A,50.000,50.000,0.000E+00,49.999999,0.000000
2026-10-01 14:02:41,Diversity / RX1 / interval BER,0.000E+00,0.000E+00,0.000E+00,N/A,50.000,50.000,0.000E+00,50.000001,0.000000
2026-10-01 14:02:42,Diversity / RX1 / interval BER,0.000E+00,0.000E+00,0.000E+00,N/A,50.000,50.000,0.000E+00,50.000000,0.000000
2026-10-01 14:02:43,Diversity / RX1 / interval BER,0.000E+00,0.000E+00,0.000E+00,N/A,50.000,50.000,0.000E+00,50.000000,0.000000
2026-10-01 14:02:44,Diversity / RX1 / interval BER,0.000E+00,0.000E+00,0.000E+00,N/A,50.000,50.000,0.000E+00,50.000000,0.000000
2026-10-01 14:02:45,Diversity / RX1 / interval BER,0.000E+00,0.000E+00,0.000E+00,N/A,50.000,50.000,0.000E+00,50.000001,0.000000
2026-10-01 14:02:46,Diversity / RX1 / interval BER,0.000E+00,0.000E+00,0.000E+00,N/A,50.000,50.000,0.000E+00,50.000000,0.000000
2026-10-01 14:02:47,Diversity / RX1 / interval BER,0.000E+00,0.000E+00,0.000E+00,N/A,50.000,50.000,0.000E+00,50.000000,0.000000
2026-10-01 14:02:48,Diversity / RX1 / interval BER,0.000E+00,0.000E+00,0.000E+00,N/A,50.000,50.000,0.000E+00,50.000000,0.000000
2026-10-01 14:02:49,Diversity / RX1 / interval BER,0.000E+00,0.000E+00,0.000E+00,N/A,50.000,50.000,0.000E+00,50.000000,0.000000
2026-10-01 14:02:50,Diversity / RX1 / interval BER,0.000E+00,0.000E+00,0.000E+00,N/A,50.000,50.000,0.000E+00,50.000000,0.000000
2026-10-01 14:02:51,Diversity / RX1 / interval BER,0.000E+00,0.000E+00,0.000E+00,N/A,50.000,50.000,0.000E+00,50.000000,0.000000
2026-10-01 14:02:52,Diversity / RX1 / interval BER,0.000E+00,0.000E+00,0.000E+00,N/A,50.000,50.000,0.000E+00,50.000001,0.000000
2026-10-01 14:02:53,Diversity / RX1 / interval BER,0.000E+00,0.000E+00,0.000E+00,N/A,50.000,50.000,0.000E+00,50.000000,0.000000
2026-10-01 14:02:54,Diversity / RX1 / interval BER,0.000E+00,0.000E+00,0.000E+00,N/A,50.000,50.000,0.000E+00,49.999999,0.000000
2026-10-01 14:02:55,Diversity / RX1 / interval BER,0.000E+00,0.000E+00,0.000E+00,N/A,50.000,50.000,0.000E+00,50.000000,0.000000
2026-10-01 14:02:56,Diversity / RX1 / interval BER,0.000E+00,0.000E+00,0.000E+00,N/A,50.000,50.000,0.000E+00,50.000000,0.000000
2026-10-01 14:02:57,Diversity / RX1 / interval BER,0.000E+00,0.000E+00,0.000E+00,N/A,50.000,50.000,0.000E+00,50.000000,0.000000
2026-10-01 14:02:58,Diversity / RX1 / interval BER,0.000E+00,0.000E+00,0.000E+00,N/A,50.000,50.000,0.000E+00,50.000001,0.000000
2026-10-01 14:02:59,Diversity / RX1 / interval BER,0.000E+00,0.000E+00,0.000E+00,N/A,50.000,50.000,0.000E+00,50.000000,0.000000
2026-10-01 14:03:00,Diversity / RX1 / interval BER,0.000E+00,0.000E+00,0.000E+00,N/A,50.000,50.000,0.000E+00,50.000000,0.000000
2026-10-01 14:03:01,Diversity / RX1 / interval BER,0.000E+00,0.000E+00,0.000E+00,N/A,50.000,50.000,0.000E+00,50.000000,0.000000
2026-10-01 14:03:02,Diversity / RX1 / interval BER,0.000E+00,0.000E+00,0.000E+00,N/A,50.000,50.000,0.000E+00,49.999999,0.000000
2026-10-01 14:03:03,Diversity / RX1 / interval BER,0.000E+00,0.000E+00,0.000E+00,N/A,50.000,50.000,0.000E+00,50.000000,0.000000
2026-10-01 14:03:04,Diversity / RX1 / interval BER,0.000E+00,0.000E+00,0.000E+00,N/A,50.000,50.000,0.000E+00,50.000000,0.000000
2026-10-01 14:03:05,Diversity / RX1 / interval BER,0.000E+00,0.000E+00,0.000E+00,N/A,50.000,50.000,0.000E+00,50.000000,0.000000
2026-10-01 14:03:06,Diversity / RX1 / interval BER,0.000E+00,0.000E+00,0.000E+00,N/A,50.000,50.000,0.000E+00,49.999999,0.000000
2026-10-01 14:03:07,Diversity / RX1 / interval BER,0.000E+00,0.000E+00,0.000E+00,N/A,50.000,50.000,0.000E+00,50.000001,0.000000
2026-10-01 14:03:08,Diversity / RX1 / interval BER,0.000E+00,0.000E+00,0.000E+00,N/A,50.000,50.000,0.000E+00,50.000000,0.000000
2026-10-01 14:03:09,Diversity / RX1 / interval BER,0.000E+00,0.000E+00,0.000E+00,N/A,50.000,50.000,0.000E+00,50.000000,0.000000
2026-10-01 14:03:10,Diversity / RX1 / interval BER,0.000E+00,0.000E+00,0.000E+00,N/A,50.000,50.000,0.000E+00,50.000000,0.000000
2026-10-01 14:03:11,Diversity / RX1 / interval BER,0.000E+00,0.000E+00,0.000E+00,N/A,50.000,50.000,0.000E+00,50.000000,0.000000
2026-10-01 14:03:12,Diversity / RX1 / interval BER,0.000E+00,0.000E+00,0.000E+00,N/A,50.000,50.000,0.000E+00,50.000000,0.000000
2026-10-01 14:03:13,Diversity / RX1 / interval BER,0.000E+00,0.000E+00,0.000E+00,N/A,50.000,50.000,0.000E+00,50.000000,0.000000
2026-10-01 14:03:14,Diversity / RX1 / interval BER,0.000E+00,0.000E+00,0.000E+00,N/A,50.000,50.000,0.000E+00,49.999999,0.000000
2026-10-01 14:03:15,Diversity / RX1 / interval BER,0.000E+00,0.000E+00,0.000E+00,N/A,50.000,50.000,0.000E+00,50.000001,0.000000
2026-10-01 14:03:16,Diversity / RX1 / interval BER,0.000E+00,0.000E+00,0.000E+00,N/A,50.000,50.000,0.000E+00,50.000000,0.000000
2026-10-01 14:03:17,Diversity / RX1 / interval BER,0.000E+00,0.000E+00,0.000E+00,N/A,50.000,50.000,0.000E+00,50.000000,0.000000
2026-10-01 14:03:18,Diversity / RX1 / interval BER,0.000E+00,0.000E+00,0.000E+00,N/A,50.000,50.000,0.000E+00,50.000000,0.000000
2026-10-01 14:03:19,Diversity / RX1 / interval BER,0.000E+00,0.000E+00,0.000E+00,N/A,50.000,50.000,0.000E+00,50.000000,0.000000
2026-10-01 14:03:20,Diversity / RX1 / interval BER,0.000E+00,0.000E+00,0.000E+00,N/A,50.000,50.000,0.000E+00,50.000000,0.000000
2026-10-01 14:03:21,Diversity / RX1 / interval BER,0.000E+00,0.000E+00,0.000E+00,N/A,50.000,50.000,0.000E+00,50.000001,0.000000
2026-10-01 14:03:22,Diversity / RX1 / interval BER,0.000E+00,0.000E+00,0.000E+00,N/A,50.000,50.000,0.000E+00,49.999999,0.000000
2026-10-01 14:03:23,Diversity / RX1 / interval BER,0.000E+00,0.000E+00,0.000E+00,N/A,50.000,50.000,0.000E+00,50.000001,0.000000
2026-10-01 14:03:24,Diversity / RX1 / interval BER,0.000E+00,0.000E+00,0.000E+00,N/A,50.000,50.000,0.000E+00,50.000000,0.000000
2026-10-01 14:03:25,Diversity / RX1 / interval BER,0.000E+00,0.000E+00,0.000E+00,N/A,50.000,50.000,0.000E+00,50.000000,0.000000
2026-10-01 14:03:26,Diversity / RX1 / interval BER,0.000E+00,0.000E+00,0.000E+00,N/A,50.000,50.000,0.000E+00,50.000000,0.000000
2026-10-01 14:03:27,Diversity / RX1 / interval BER,0.000E+00,0.000E+00,0.000E+00,N/A,50.000,50.000,0.000E+00,50.000000,0.000000
2026-10-01 14:03:28,Diversity / RX1 / interval BER,0.000E+00,0.000E+00,0.000E+00,N/A,50.000,50.000,0.000E+00,50.000000,0.000000
2026-10-01 14:03:29,Diversity / RX1 / interval BER,0.000E+00,0.000E+00,0.000E+00,N/A,50.000,50.000,0.000E+00,50.000000,0.000000
2026-10-01 14:03:30,Diversity / RX1 / interval BER,0.000E+00,0.000E+00,0.000E+00,N/A,50.000,50.000,0.000E+00,50.000000,0.000000
2026-10-01 14:03:31,Diversity / RX1 / interval BER,0.000E+00,0.000E+00,0.000E+00,N/A,50.000,50.000,0.000E+00,50.000000,0.000000
2026-10-01 14:03:32,Diversity / RX1 / interval BER,0.000E+00,0.000E+00,0.000E+00,N/A,50.000,50.000,0.000E+00,50.000000,0.000000
2026-10-01 14:03:33,Diversity / RX1 / interval BER,0.000E+00,0.000E+00,0.000E+00,N/A,50.000,50.000,0.000E+00,50.000001,0.000000
2026-10-01 14:03:34,Diversity / RX1 / interval BER,0.000E+00,0.000E+00,0.000E+00,N/A,50.000,50.000,0.000E+00,50.000000,0.000000
2026-10-01 14:03:35,Diversity / RX1 / interval BER,0.000E+00,0.000E+00,0.000E+00,N/A,50.000,50.000,0.000E+00,50.000000,0.000000
2026-10-01 14:03:36,Diversity / RX1 / interval BER,0.000E+00,0.000E+00,0.000E+00,N/A,50.000,50.000,0.000E+00,50.000000,0.000000
2026-10-01 14:03:37,Diversity / RX1 / interval BER,0.000E+00,0.000E+00,0.000E+00,N/A,50.000,50.000,0.000E+00,50.000000,0.000000
2026-10-01 14:03:38,Diversity / RX1 / interval BER,0.000E+00,0.000E+00,0.000E+00,N/A,50.000,50.000,0.000E+00,50.000000,0.000000
2026-10-01 14:03:39,Diversity / RX1 / interval BER,0.000E+00,0.000E+00,0.000E+00,N/A,50.000,50.000,0.000E+00,50.000000,0.000000
2026-10-01 14:03:40,Diversity / RX1 / interval BER,0.000E+00,0.000E+00,0.000E+00,N/A,50.000,50.000,0.000E+00,50.000000,0.000000
2026-10-01 14:03:41,Diversity / RX1 / interval BER,0.000E+00,0.000E+00,0.000E+00,N/A,50.000,50.000,0.000E+00,50.000000,0.000000
2026-10-01 14:03:42,Diversity / RX1 / interval BER,0.000E+00,0.000E+00,0.000E+00,N/A,50.000,50.000,0.000E+00,49.999999,0.000000
2026-10-01 14:03:43,Diversity / RX1 / interval BER,0.000E+00,0.000E+00,0.000E+00,N/A,50.000,50.000,0.000E+00,50.000001,0.000000
2026-10-01 14:03:44,Diversity / RX1 / interval BER,0.000E+00,0.000E+00,0.000E+00,N/A,50.000,50.000,0.000E+00,50.000000,0.000000
2026-10-01 14:03:45,Diversity / RX1 / interval BER,0.000E+00,0.000E+00,0.000E+00,N/A,50.000,50.000,0.000E+00,50.000000,0.000000
2026-10-01 14:03:46,Diversity / RX1 / interval BER,0.000E+00,0.000E+00,0.000E+00,N/A,50.000,50.000,0.000E+00,50.000000,0.000000
2026-10-01 14:03:47,Diversity / RX1 / interval BER,0.000E+00,0.000E+00,0.000E+00,N/A,50.000,50.000,0.000E+00,50.000000,0.000000
2026-10-01 14:03:48,Diversity / RX1 / interval BER,0.000E+00,0.000E+00,0.000E+00,N/A,50.000,50.000,0.000E+00,49.999999,0.000000
2026-10-01 14:03:49,Diversity / RX1 / interval BER,0.000E+00,0.000E+00,0.000E+00,N/A,50.000,50.000,0.000E+00,50.000000,0.000000
2026-10-01 14:03:50,Diversity / RX1 / interval BER,0.000E+00,0.000E+00,0.000E+00,N/A,50.000,50.000,0.000E+00,50.000000,0.000000
2026-10-01 14:03:51,Diversity / RX1 / interval BER,0.000E+00,0.000E+00,0.000E+00,N/A,50.000,50.000,0.000E+00,50.000000,0.000000
2026-10-01 14:03:52,Diversity / RX1 / interval BER,0.000E+00,0.000E+00,0.000E+00,N/A,50.000,50.000,0.000E+00,50.000000,0.000000
2026-10-01 14:03:53,Diversity / RX1 / interval BER,0.000E+00,0.000E+00,0.000E+00,N/A,50.000,50.000,0.000E+00,50.000000,0.000000
2026-10-01 14:03:54,Diversity / RX1 / interval BER,0.000E+00,0.000E+00,0.000E+00,N/A,50.000,50.000,0.000E+00,50.000000,0.000000
2026-10-01 14:03:55,Diversity / RX1 / interval BER,0.000E+00,0.000E+00,0.000E+00,N/A,50.000,50.000,0.000E+00,49.999999,0.000000
2026-10-01 14:03:56,Diversity / RX1 / interval BER,0.000E+00,0.000E+00,0.000E+00,N/A,50.000,50.000,0.000E+00,50.000001,0.000000
2026-10-01 14:03:57,Diversity / RX1 / interval BER,0.000E+00,0.000E+00,0.000E+00,N/A,50.000,50.000,0.000E+00,50.000000,0.000000
2026-10-01 14:03:58,Diversity / RX1 / interval BER,0.000E+00,0.000E+00,0.000E+00,N/A,50.000,50.000,0.000E+00,50.000000,0.000000
2026-10-01 14:03:59,Diversity / RX1 / interval BER,0.000E+00,0.000E+00,0.000E+00,N/A,50.000,50.000,0.000E+00,50.000000,0.000000
2026-10-01 14:04:00,Diversity / RX1 / interval BER,0.000E+00,0.000E+00,0.000E+00,N/A,50.000,50.000,0.000E+00,50.000000,0.000000
2026-10-01 14:04:01,Diversity / RX1 / interval BER,0.000E+00,0.000E+00,0.000E+00,N/A,50.000,50.000,0.000E+00,50.000000,0.000000
2026-10-01 14:04:02,Diversity / RX1 / interval BER,0.000E+00,0.000E+00,0.000E+00,N/A,50.000,50.000,0.000E+00,50.000000,0.000000
2026-10-01 14:04:03,Diversity / RX1 / interval BER,0.000E+00,0.000E+00,0.000E+00,N/A,50.000,50.000,0.000E+00,50.000001,0.000000
2026-10-01 14:04:04,Diversity / RX1 / interval BER,0.000E+00,0.000E+00,0.000E+00,N/A,50.000,50.000,0.000E+00,50.000000,0.000000
2026-10-01 14:04:05,Diversity / RX1 / interval BER,0.000E+00,0.000E+00,0.000E+00,N/A,50.000,50.000,0.000E+00,50.000000,0.000000
2026-10-01 14:04:06,Diversity / RX1 / interval BER,0.000E+00,0.000E+00,0.000E+00,N/A,50.000,50.000,0.000E+00,50.000000,0.000000
2026-10-01 14:04:07,Diversity / RX1 / interval BER,0.000E+00,0.000E+00,0.000E+00,N/A,50.000,50.000,0.000E+00,50.000000,0.000000
2026-10-01 14:04:08,Diversity / RX1 / interval BER,0.000E+00,0.000E+00,0.000E+00,N/A,50.000,50.000,0.000E+00,50.000000,0.000000
2026-10-01 14:04:09,Diversity / RX1 / interval BER,0.000E+00,0.000E+00,0.000E+00,N/A,50.000,50.000,0.000E+00,50.000000,0.000000
2026-10-01 14:04:10,Diversity / RX1 / interval BER,0.000E+00,0.000E+00,0.000E+00,N/A,50.000,50.000,0.000E+00,50.000000,0.000000
2026-10-01 14:04:11,Diversity / RX1 / interval BER,0.000E+00,0.000E+00,0.000E+00,N/A,50.000,50.000,0.000E+00,50.000001,0.000000
2026-10-01 14:04:12,Diversity / RX1 / interval BER,0.000E+00,0.000E+00,0.000E+00,N/A,50.000,50.000,0.000E+00,50.000000,0.000000
