Time,Mode,FSO-BER1,FSO-BER2,FSO-ABER,RF-BER,Rx1,Rx2,OBER,Throughput,Delivery
2026-10-02 17:07:02,Diversity / RX2 / interval BER,Measuring...,Measuring...,Measuring...,N/A,Measuring...,Measuring...,Measuring...,Measuring...,Measuring...
2026-10-02 17:07:03,Diversity / RX2 / interval BER,4.058E-05,0.000E+00,1.328E-05,N/A,50.000,50.000,0.000E+00,50.000001,0.000000
2026-10-02 17:07:04,Diversity / RX2 / interval BER,0.000E+00,0.000E+00,0.000E+00,N/A,50.000,50.000,0.000E+00,50.000000,0.000000
2026-10-02 17:07:05,Diversity / RX2 / interval BER,0.000E+00,0.000E+00,0.000E+00,N/A,50.000,50.000,0.000E+00,50.000000,0.000000
2026-10-02 17:07:06,Diversity / RX2 / interval BER,0.000E+00,0.000E+00,0.000E+00,N/A,50.000,50.000,0.000E+00,50.000000,0.000000
2026-10-02 17:07:07,Diversity / RX2 / interval BER,0.000E+00,0.000E+00,0.000E+00,N/A,50.000,50.000,0.000E+00,50.000000,0.000000
2026-10-02 17:07:08,Diversity / RX2 / interval BER,0.000E+00,0.000E+00,0.000E+00,N/A,50.000,50.000,0.000E+00,50.000000,0.000000
2026-10-02 17:07:09,Diversity / RX2 / interval BER,0.000E+00,0.000E+00,0.000E+00,N/A,50.000,50.000,0.000E+00,50.000001,0.000000
2026-10-02 17:07:10,Diversity / RX2 / interval BER,0.000E+00,0.000E+00,0.000E+00,N/A,50.000,50.000,0.000E+00,50.000000,0.000000
2026-10-02 17:07:11,Diversity / RX2 / interval BER,0.000E+00,0.000E+00,0.000E+00,N/A,50.000,50.000,0.000E+00,50.000000,0.000000
2026-10-02 17:07:12,Diversity / RX2 / interval BER,0.000E+00,0.000E+00,0.000E+00,N/A,50.000,50.000,0.000E+00,49.999999,0.000000
2026-10-02 17:07:13,Diversity / RX2 / interval BER,0.000E+00,0.000E+00,0.000E+00,N/A,50.000,50.000,0.000E+00,50.000001,0.000000
2026-10-02 17:07:14,Diversity / RX2 / interval BER,0.000E+00,0.000E+00,0.000E+00,N/A,50.000,50.000,0.000E+00,50.000000,0.000000
2026-10-02 17:07:15,Diversity / RX2 / interval BER,0.000E+00,0.000E+00,0.000E+00,N/A,50.000,50.000,0.000E+00,49.999999,0.000000
2026-10-02 17:07:16,Diversity / RX2 / interval BER,0.000E+00,0.000E+00,0.000E+00,N/A,50.000,50.000,0.000E+00,50.000000,0.000000
2026-10-02 17:07:17,Diversity / RX2 / interval BER,0.000E+00,0.000E+00,0.000E+00,N/A,50.000,50.000,0.000E+00,50.000000,0.000000
2026-10-02 17:07:18,Diversity / RX2 / interval BER,0.000E+00,0.000E+00,0.000E+00,N/A,50.000,50.000,0.000E+00,50.000000,0.000000
2026-10-02 17:07:19,Diversity / RX2 / interval BER,0.000E+00,0.000E+00,0.000E+00,N/A,50.000,50.000,0.000E+00,50.000000,0.000000
2026-10-02 17:07:20,Diversity / RX2 / interval BER,0.000E+00,0.000E+00,0.000E+00,N/A,50.000,50.000,0.000E+00,49.999999,0.000000
2026-10-02 17:07:21,Diversity / RX2 / interval BER,0.000E+00,0.000E+00,0.000E+00,N/A,50.000,50.000,0.000E+00,50.000001,0.000000
2026-10-02 17:07:22,Diversity / RX2 / interval BER,0.000E+00,0.000E+00,0.000E+00,N/A,50.000,50.000,0.000E+00,49.999999,0.000000
2026-10-02 17:07:23,Diversity / RX2 / interval BER,0.000E+00,0.000E+00,0.000E+00,N/A,50.000,50.000,0.000E+00,50.000001,0.000000
2026-10-02 17:07:24,Diversity / RX2 / interval BER,0.000E+00,0.000E+00,0.000E+00,N/A,50.000,50.000,0.000E+00,50.000000,0.000000
2026-10-02 17:07:25,Diversity / RX2 / interval BER,0.000E+00,0.000E+00,0.000E+00,N/A,50.000,50.000,0.000E+00,50.000000,0.000000
2026-10-02 17:07:26,Diversity / RX2 / interval BER,0.000E+00,0.000E+00,0.000E+00,N/A,50.000,50.000,0.000E+00,50.000000,0.000000
2026-10-02 17:07:27,Diversity / RX2 / interval BER,0.000E+00,0.000E+00,0.000E+00,N/A,50.000,50.000,0.000E+00,50.000000,0.000000
2026-10-02 17:07:28,Diversity / RX2 / interval BER,0.000E+00,0.000E+00,0.000E+00,N/A,50.000,50.000,0.000E+00,50.000000,0.000000
2026-10-02 17:07:29,Diversity / RX2 / interval BER,0.000E+00,0.000E+00,0.000E+00,N/A,50.000,50.000,0.000E+00,50.000001,0.000000
2026-10-02 17:07:30,Diversity / RX2 / interval BER,0.000E+00,0.000E+00,0.000E+00,N/A,50.000,50.000,0.000E+00,50.000000,0.000000
2026-10-02 17:07:31,Diversity / RX2 / interval BER,0.000E+00,0.000E+00,0.000E+00,N/A,50.000,50.000,0.000E+00,50.000000,0.000000
2026-10-02 17:07:32,Diversity / RX2 / interval BER,0.000E+00,0.000E+00,0.000E+00,N/A,50.000,50.000,0.000E+00,50.000000,0.000000
2026-10-02 17:07:33,Diversity / RX2 / interval BER,0.000E+00,0.000E+00,0.000E+00,N/A,50.000,50.000,0.000E+00,50.000000,0.000000
2026-10-02 17:07:34,Diversity / RX2 / interval BER,0.000E+00,0.000E+00,0.000E+00,N/A,50.000,50.000,0.000E+00,50.000000,0.000000
2026-10-02 17:07:35,Diversity / RX2 / interval BER,0.000E+00,0.000E+00,0.000E+00,N/A,50.000,50.000,0.000E+00,49.999999,0.000000
2026-10-02 17:07:36,Diversity / RX2 / interval BER,0.000E+00,0.000E+00,0.000E+00,N/A,50.000,50.000,0.000E+00,50.000000,0.000000
2026-10-02 17:07:37,Diversity / RX2 / interval BER,0.000E+00,0.000E+00,0.000E+00,N/A,50.000,50.000,0.000E+00,50.000000,0.000000
2026-10-02 17:07:38,Diversity / RX2 / interval BER,0.000E+00,0.000E+00,0.000E+00,N/A,50.000,50.000,0.000E+00,50.000000,0.000000
2026-10-02 17:07:39,Diversity / RX2 / interval BER,0.000E+00,0.000E+00,0.000E+00,N/A,50.000,50.000,0.000E+00,50.000000,0.000000
2026-10-02 17:07:40,Diversity / RX2 / interval BER,0.000E+00,0.000E+00,0.000E+00,N/A,50.000,50.000,0.000E+00,49.999999,0.000000
2026-10-02 17:07:41,Diversity / RX2 / interval BER,0.000E+00,0.000E+00,0.000E+00,N/A,50.000,50.000,0.000E+00,50.000000,0.000000
2026-10-02 17:07:42,Diversity / RX2 / interval BER,0.000E+00,0.000E+00,0.000E+00,N/A,50.000,50.000,0.000E+00,50.000000,0.000000
2026-10-02 17:07:43,Diversity / RX2 / interval BER,0.000E+00,0.000E+00,0.000E+00,N/A,50.000,50.000,0.000E+00,50.000000,0.000000
2026-10-02 17:07:44,Diversity / RX2 / interval BER,0.000E+00,0.000E+00,0.000E+00,N/A,50.000,50.000,0.000E+00,50.000000,0.000000
2026-10-02 17:07:45,Diversity / RX2 / interval BER,0.000E+00,0.000E+00,0.000E+00,N/A,50.000,50.000,0.000E+00,50.000000,0.000000
2026-10-02 17:07:46,Diversity / RX2 / interval BER,0.000E+00,0.000E+00,0.000E+00,N/A,50.000,50.000,0.000E+00,50.000000,0.000000
2026-10-02 17:07:47,Diversity / RX2 / interval BER,0.000E+00,0.000E+00,0.000E+00,N/A,50.000,50.000,0.000E+00,50.000000,0.000000
2026-10-02 17:07:48,Diversity / RX2 / interval BER,0.000E+00,0.000E+00,0.000E+00,N/A,50.000,50.000,0.000E+00,50.000000,0.000000
2026-10-02 17:07:49,Diversity / RX2 / interval BER,0.000E+00,0.000E+00,0.000E+00,N/A,50.000,50.000,0.000E+00,50.000000,0.000000
2026-10-02 17:07:50,Diversity / RX2 / interval BER,0.000E+00,0.000E+00,0.000E+00,N/A,50.000,50.000,0.000E+00,50.000000,0.000000
2026-10-02 17:07:51,Diversity / RX2 / interval BER,0.000E+00,0.000E+00,0.000E+00,N/A,50.000,50.000,0.000E+00,50.000000,0.000000
2026-10-02 17:07:52,Diversity / RX2 / interval BER,0.000E+00,0.000E+00,0.000E+00,N/A,50.000,50.000,0.000E+00,50.000001,0.000000
2026-10-02 17:07:53,Diversity / RX2 / interval BER,0.000E+00,0.000E+00,0.000E+00,N/A,50.000,50.000,0.000E+00,50.000000,0.000000
2026-10-02 17:07:54,Diversity / RX2 / interval BER,0.000E+00,0.000E+00,0.000E+00,N/A,50.000,50.000,0.000E+00,50.000000,0.000000
2026-10-02 17:07:55,Diversity / RX2 / interval BER,0.000E+00,0.000E+00,0.000E+00,N/A,50.000,50.000,0.000E+00,50.000001,0.000000
2026-10-02 17:07:56,Diversity / RX2 / interval BER,0.000E+00,0.000E+00,0.000E+00,N/A,50.000,50.000,0.000E+00,50.000000,0.000000
2026-10-02 17:07:57,Diversity / RX2 / interval BER,0.000E+00,0.000E+00,0.000E+00,N/A,50.000,50.000,0.000E+00,49.999999,0.000000
2026-10-02 17:07:58,Diversity / RX2 / interval BER,0.000E+00,0.000E+00,0.000E+00,N/A,50.000,50.000,0.000E+00,50.000001,0.000000
2026-10-02 17:07:59,Diversity / RX2 / interval BER,0.000E+00,0.000E+00,0.000E+00,N/A,50.000,50.000,0.000E+00,49.999999,0.000000
2026-10-02 17:08:00,Diversity / RX2 / interval BER,0.000E+00,0.000E+00,0.000E+00,N/A,50.000,50.000,0.000E+00,50.000000,0.000000
2026-10-02 17:08:01,Diversity / RX2 / interval BER,0.000E+00,0.000E+00,0.000E+00,N/A,50.000,50.000,0.000E+00,50.000000,0.000000
2026-10-02 17:08:02,Diversity / RX2 / interval BER,0.000E+00,0.000E+00,0.000E+00,N/A,50.000,50.000,0.000E+00,50.000000,0.000000
2026-10-02 17:08:03,Diversity / RX2 / interval BER,0.000E+00,0.000E+00,0.000E+00,N/A,50.000,50.000,0.000E+00,50.000000,0.000000
2026-10-02 17:08:04,Diversity / RX2 / interval BER,0.000E+00,0.000E+00,0.000E+00,N/A,50.000,50.000,0.000E+00,50.000000,0.000000
2026-10-02 17:08:05,Diversity / RX2 / interval BER,0.000E+00,0.000E+00,0.000E+00,N/A,50.000,50.000,0.000E+00,50.000001,0.000000
2026-10-02 17:08:06,Diversity / RX2 / interval BER,0.000E+00,0.000E+00,0.000E+00,N/A,50.000,50.000,0.000E+00,50.000000,0.000000
2026-10-02 17:08:07,Diversity / RX2 / interval BER,0.000E+00,0.000E+00,0.000E+00,N/A,50.000,50.000,0.000E+00,49.999999,0.000000
2026-10-02 17:08:08,Diversity / RX2 / interval BER,0.000E+00,0.000E+00,0.000E+00,N/A,50.000,50.000,0.000E+00,50.000001,0.000000
2026-10-02 17:08:09,Diversity / RX2 / interval BER,0.000E+00,0.000E+00,0.000E+00,N/A,50.000,50.000,0.000E+00,50.000000,0.000000
2026-10-02 17:08:10,Diversity / RX2 / interval BER,0.000E+00,0.000E+00,0.000E+00,N/A,50.000,50.000,0.000E+00,50.000000,0.000000
2026-10-02 17:08:11,Diversity / RX2 / interval BER,0.000E+00,0.000E+00,0.000E+00,N/A,50.000,50.000,0.000E+00,50.000000,0.000000
2026-10-02 17:08:12,Diversity / RX2 / interval BER,0.000E+00,0.000E+00,0.000E+00,N/A,50.000,50.000,0.000E+00,50.000000,0.000000
2026-10-02 17:08:13,Diversity / RX2 / interval BER,1.669E-04,0.000E+00,5.247E-05,N/A,26.579,50.000,0.000E+00,50.000000,0.000000
2026-10-02 17:08:14,Diversity / RX2 / interval BER,No checked bits,0.000E+00,0.000E+00,N/A,0.000,50.000,0.000E+00,50.000000,0.000000
2026-10-02 17:08:15,Diversity / RX2 / interval BER,No checked bits,0.000E+00,0.000E+00,N/A,0.000,50.000,0.000E+00,50.000000,0.000000
2026-10-02 17:08:16,Diversity / RX2 / interval BER,No checked bits,0.000E+00,0.000E+00,N/A,4.033,50.000,0.000E+00,50.000000,0.000000
2026-10-02 17:08:17,Diversity / RX2 / interval BER,6.289E-05,0.000E+00,1.630E-05,N/A,50.000,50.000,0.000E+00,49.999999,0.000000
2026-10-02 17:08:18,Diversity / RX2 / interval BER,0.000E+00,0.000E+00,0.000E+00,N/A,50.000,50.000,0.000E+00,50.000001,0.000000
2026-10-02 17:08:19,Diversity / RX2 / interval BER,0.000E+00,0.000E+00,0.000E+00,N/A,50.000,50.000,0.000E+00,50.000000,0.000000
2026-10-02 17:08:20,Diversity / RX2 / interval BER,0.000E+00,0.000E+00,0.000E+00,N/A,50.000,50.000,0.000E+00,50.000000,0.000000
2026-10-02 17:08:21,Diversity / RX2 / interval BER,0.000E+00,0.000E+00,0.000E+00,N/A,50.000,50.000,0.000E+00,50.000001,0.000000
2026-10-02 17:08:22,Diversity / RX2 / interval BER,0.000E+00,0.000E+00,0.000E+00,N/A,50.000,50.000,0.000E+00,50.000000,0.000000
2026-10-02 17:08:23,Diversity / RX2 / interval BER,0.000E+00,0.000E+00,0.000E+00,N/A,50.000,50.000,0.000E+00,49.999999,0.000000
2026-10-02 17:08:24,Diversity / RX2 / interval BER,0.000E+00,0.000E+00,0.000E+00,N/A,50.000,50.000,0.000E+00,50.000000,0.000000
2026-10-02 17:08:25,Diversity / RX2 / interval BER,0.000E+00,0.000E+00,0.000E+00,N/A,50.000,50.000,0.000E+00,50.000000,0.000000
2026-10-02 17:08:26,Diversity / RX2 / interval BER,0.000E+00,0.000E+00,0.000E+00,N/A,50.000,50.000,0.000E+00,50.000000,0.000000
2026-10-02 17:08:27,Diversity / RX2 / interval BER,0.000E+00,0.000E+00,0.000E+00,N/A,50.000,50.000,0.000E+00,50.000000,0.000000
2026-10-02 17:08:28,Diversity / RX2 / interval BER,0.000E+00,0.000E+00,0.000E+00,N/A,50.000,50.000,0.000E+00,50.000001,0.000000
2026-10-02 17:08:29,Diversity / RX2 / interval BER,0.000E+00,0.000E+00,0.000E+00,N/A,50.000,50.000,0.000E+00,50.000000,0.000000
2026-10-02 17:08:30,Diversity / RX2 / interval BER,0.000E+00,0.000E+00,0.000E+00,N/A,50.000,50.000,0.000E+00,50.000000,0.000000
2026-10-02 17:08:31,Diversity / RX2 / interval BER,0.000E+00,0.000E+00,0.000E+00,N/A,50.000,50.000,0.000E+00,50.000000,0.000000
2026-10-02 17:08:32,Diversity / RX2 / interval BER,0.000E+00,0.000E+00,0.000E+00,N/A,50.000,50.000,0.000E+00,50.000000,0.000000
2026-10-02 17:08:33,Diversity / RX2 / interval BER,0.000E+00,0.000E+00,0.000E+00,N/A,50.000,50.000,0.000E+00,50.000000,0.000000
2026-10-02 17:08:34,Diversity / RX2 / interval BER,0.000E+00,0.000E+00,0.000E+00,N/A,50.000,50.000,0.000E+00,50.000000,0.000000
2026-10-02 17:08:35,Diversity / RX2 / interval BER,0.000E+00,0.000E+00,0.000E+00,N/A,50.000,50.000,0.000E+00,50.000000,0.000000
2026-10-02 17:08:36,Diversity / RX2 / interval BER,0.000E+00,0.000E+00,0.000E+00,N/A,50.000,50.000,0.000E+00,50.000001,0.000000
2026-10-02 17:08:37,Diversity / RX2 / interval BER,0.000E+00,0.000E+00,0.000E+00,N/A,50.000,50.000,0.000E+00,50.000000,0.000000
2026-10-02 17:08:38,Diversity / RX2 / interval BER,3.090E-04,0.000E+00,6.501E-05,N/A,7.712,50.000,0.000E+00,50.000000,0.000000
2026-10-02 17:08:39,Diversity / RX2 / interval BER,No checked bits,0.000E+00,0.000E+00,N/A,0.000,50.000,0.000E+00,50.000000,0.000000
2026-10-02 17:08:40,Diversity / RX2 / interval BER,No checked bits,0.000E+00,0.000E+00,N/A,0.000,50.000,0.000E+00,50.000000,0.000000
2026-10-02 17:08:41,Diversity / RX2 / interval BER,No checked bits,0.000E+00,0.000E+00,N/A,0.000,50.000,0.000E+00,50.000000,0.000000
2026-10-02 17:08:42,Diversity / RX2 / interval BER,No checked bits,0.000E+00,0.000E+00,N/A,0.000,50.000,0.000E+00,50.000000,0.000000
2026-10-02 17:08:43,Diversity / RX2 / interval BER,No checked bits,0.000E+00,0.000E+00,N/A,15.400,50.000,0.000E+00,50.000000,0.000000
2026-10-02 17:08:44,Diversity / RX2 / interval BER,8.585E-06,0.000E+00,2.753E-06,N/A,50.000,50.000,0.000E+00,50.000000,0.000000
2026-10-02 17:08:45,Diversity / RX2 / interval BER,0.000E+00,0.000E+00,0.000E+00,N/A,50.000,50.000,0.000E+00,50.000000,0.000000
2026-10-02 17:08:46,Diversity / RX2 / interval BER,0.000E+00,0.000E+00,0.000E+00,N/A,50.000,50.000,0.000E+00,49.999999,0.000000
2026-10-02 17:08:47,Diversity / RX2 / interval BER,0.000E+00,0.000E+00,0.000E+00,N/A,50.000,50.000,0.000E+00,50.000000,0.000000
2026-10-02 17:08:48,Diversity / RX2 / interval BER,0.000E+00,0.000E+00,0.000E+00,N/A,50.000,50.000,0.000E+00,50.000000,0.000000
2026-10-02 17:08:49,Diversity / RX2 / interval BER,0.000E+00,0.000E+00,0.000E+00,N/A,50.000,50.000,0.000E+00,50.000001,0.000000
2026-10-02 17:08:50,Diversity / RX2 / interval BER,0.000E+00,0.000E+00,0.000E+00,N/A,50.000,50.000,0.000E+00,50.000000,0.000000
2026-10-02 17:08:51,Diversity / RX2 / interval BER,2.008E-04,0.000E+00,5.286E-05,N/A,16.489,50.000,0.000E+00,50.000000,0.000000
2026-10-02 17:08:52,Diversity / RX2 / interval BER,No checked bits,0.000E+00,0.000E+00,N/A,0.000,50.000,0.000E+00,50.000000,0.000000
2026-10-02 17:08:53,Diversity / RX2 / interval BER,No checked bits,0.000E+00,0.000E+00,N/A,0.000,50.000,0.000E+00,50.000001,0.000000
2026-10-02 17:08:54,Diversity / RX2 / interval BER,1.434E-04,0.000E+00,6.766E-06,N/A,23.543,50.000,0.000E+00,50.000000,0.000000
2026-10-02 17:08:55,Diversity / RX2 / interval BER,0.000E+00,0.000E+00,0.000E+00,N/A,50.000,50.000,0.000E+00,49.999999,0.000000
2026-10-02 17:08:56,Diversity / RX2 / interval BER,0.000E+00,0.000E+00,0.000E+00,N/A,50.000,50.000,0.000E+00,50.000000,0.000000
2026-10-02 17:08:57,Diversity / RX2 / interval BER,0.000E+00,0.000E+00,0.000E+00,N/A,50.000,50.000,0.000E+00,50.000000,0.000000
2026-10-02 17:08:58,Diversity / RX2 / interval BER,0.000E+00,0.000E+00,0.000E+00,N/A,50.000,50.000,0.000E+00,50.000000,0.000000
2026-10-02 17:08:59,Diversity / RX2 / interval BER,0.000E+00,0.000E+00,0.000E+00,N/A,50.000,50.000,0.000E+00,50.000000,0.000000
2026-10-02 17:09:00,Diversity / RX2 / interval BER,0.000E+00,0.000E+00,0.000E+00,N/A,50.000,50.000,0.000E+00,50.000001,0.000000
2026-10-02 17:09:01,Diversity / RX2 / interval BER,0.000E+00,0.000E+00,0.000E+00,N/A,50.000,50.000,0.000E+00,49.999999,0.000000
2026-10-02 17:09:02,Diversity / RX2 / interval BER,0.000E+00,0.000E+00,0.000E+00,N/A,50.000,50.000,0.000E+00,50.000000,0.000000
2026-10-02 17:09:03,Diversity / RX2 / interval BER,0.000E+00,0.000E+00,0.000E+00,N/A,50.000,50.000,0.000E+00,50.000000,0.000000
2026-10-02 17:09:04,Diversity / RX2 / interval BER,0.000E+00,0.000E+00,0.000E+00,N/A,50.000,50.000,0.000E+00,50.000000,0.000000
2026-10-02 17:09:05,Diversity / RX2 / interval BER,0.000E+00,0.000E+00,0.000E+00,N/A,50.000,50.000,0.000E+00,50.000000,0.000000
2026-10-02 17:09:06,Diversity / RX2 / interval BER,0.000E+00,0.000E+00,0.000E+00,N/A,50.000,50.000,0.000E+00,50.000000,0.000000
2026-10-02 17:09:07,Diversity / RX2 / interval BER,0.000E+00,0.000E+00,0.000E+00,N/A,50.000,50.000,0.000E+00,50.000000,0.000000
2026-10-02 17:09:08,Diversity / RX2 / interval BER,0.000E+00,0.000E+00,0.000E+00,N/A,50.000,50.000,0.000E+00,50.000001,0.000000
2026-10-02 17:09:09,Diversity / RX2 / interval BER,0.000E+00,0.000E+00,0.000E+00,N/A,50.000,50.000,0.000E+00,50.000000,0.000000
2026-10-02 17:09:10,Diversity / RX2 / interval BER,0.000E+00,0.000E+00,0.000E+00,N/A,50.000,50.000,0.000E+00,49.999999,0.000000
2026-10-02 17:09:11,Diversity / RX2 / interval BER,0.000E+00,0.000E+00,0.000E+00,N/A,50.000,50.000,0.000E+00,50.000000,0.000000
2026-10-02 17:09:12,Diversity / RX2 / interval BER,0.000E+00,0.000E+00,0.000E+00,N/A,50.000,50.000,0.000E+00,50.000000,0.000000
2026-10-02 17:09:13,Diversity / RX2 / interval BER,0.000E+00,0.000E+00,0.000E+00,N/A,50.000,50.000,0.000E+00,50.000001,0.000000
2026-10-02 17:09:14,Diversity / RX2 / interval BER,0.000E+00,0.000E+00,0.000E+00,N/A,50.000,50.000,0.000E+00,50.000000,0.000000
2026-10-02 17:09:15,Diversity / RX2 / interval BER,0.000E+00,0.000E+00,0.000E+00,N/A,50.000,50.000,0.000E+00,50.000000,0.000000
2026-10-02 17:09:16,Diversity / RX2 / interval BER,0.000E+00,0.000E+00,0.000E+00,N/A,50.000,50.000,0.000E+00,49.999999,0.000000
2026-10-02 17:09:17,Diversity / RX2 / interval BER,0.000E+00,0.000E+00,0.000E+00,N/A,50.000,50.000,0.000E+00,50.000001,0.000000
2026-10-02 17:09:18,Diversity / RX2 / interval BER,0.000E+00,0.000E+00,0.000E+00,N/A,50.000,50.000,0.000E+00,50.000000,0.000000
2026-10-02 17:09:19,Diversity / RX2 / interval BER,0.000E+00,0.000E+00,0.000E+00,N/A,50.000,50.000,0.000E+00,50.000000,0.000000
2026-10-02 17:09:20,Diversity / RX2 / interval BER,0.000E+00,0.000E+00,0.000E+00,N/A,50.000,50.000,0.000E+00,50.000000,0.000000
2026-10-02 17:09:21,Diversity / RX2 / interval BER,0.000E+00,0.000E+00,0.000E+00,N/A,50.000,50.000,0.000E+00,50.000000,0.000000
2026-10-02 17:09:22,Diversity / RX2 / interval BER,0.000E+00,0.000E+00,0.000E+00,N/A,50.000,50.000,0.000E+00,50.000001,0.000000
2026-10-02 17:09:23,Diversity / RX2 / interval BER,0.000E+00,0.000E+00,0.000E+00,N/A,50.000,50.000,0.000E+00,50.000000,0.000000
2026-10-02 17:09:24,Diversity / RX2 / interval BER,0.000E+00,0.000E+00,0.000E+00,N/A,50.000,50.000,0.000E+00,50.000000,0.000000
2026-10-02 17:09:25,Diversity / RX2 / interval BER,0.000E+00,0.000E+00,0.000E+00,N/A,50.000,50.000,0.000E+00,50.000000,0.000000
2026-10-02 17:09:26,Diversity / RX2 / interval BER,0.000E+00,0.000E+00,0.000E+00,N/A,50.000,50.000,0.000E+00,50.000000,0.000000
2026-10-02 17:09:27,Diversity / RX2 / interval BER,0.000E+00,0.000E+00,0.000E+00,N/A,50.000,50.000,0.000E+00,50.000001,0.000000
2026-10-02 17:09:28,Diversity / RX2 / interval BER,0.000E+00,0.000E+00,0.000E+00,N/A,50.000,50.000,0.000E+00,49.999999,0.000000
2026-10-02 17:09:29,Diversity / RX2 / interval BER,0.000E+00,0.000E+00,0.000E+00,N/A,50.000,50.000,0.000E+00,50.000000,0.000000
2026-10-02 17:09:30,Diversity / RX2 / interval BER,0.000E+00,0.000E+00,0.000E+00,N/A,50.000,50.000,0.000E+00,50.000000,0.000000
2026-10-02 17:09:31,Diversity / RX2 / interval BER,0.000E+00,0.000E+00,0.000E+00,N/A,50.000,50.000,0.000E+00,49.999999,0.000000
2026-10-02 17:09:32,Diversity / RX2 / interval BER,0.000E+00,0.000E+00,0.000E+00,N/A,50.000,50.000,0.000E+00,50.000000,0.000000
2026-10-02 17:09:33,Diversity / RX2 / interval BER,0.000E+00,0.000E+00,0.000E+00,N/A,50.000,50.000,0.000E+00,50.000000,0.000000
2026-10-02 17:09:34,Diversity / RX2 / interval BER,0.000E+00,0.000E+00,0.000E+00,N/A,50.000,50.000,0.000E+00,50.000000,0.000000
2026-10-02 17:09:35,Diversity / RX2 / interval BER,0.000E+00,0.000E+00,0.000E+00,N/A,50.000,50.000,0.000E+00,50.000000,0.000000
2026-10-02 17:09:36,Diversity / RX2 / interval BER,0.000E+00,0.000E+00,0.000E+00,N/A,50.000,50.000,0.000E+00,50.000001,0.000000
2026-10-02 17:09:37,Diversity / RX2 / interval BER,0.000E+00,0.000E+00,0.000E+00,N/A,50.000,50.000,0.000E+00,50.000000,0.000000
2026-10-02 17:09:38,Diversity / RX2 / interval BER,0.000E+00,0.000E+00,0.000E+00,N/A,50.000,50.000,0.000E+00,50.000000,0.000000
2026-10-02 17:09:39,Diversity / RX2 / interval BER,0.000E+00,0.000E+00,0.000E+00,N/A,50.000,50.000,0.000E+00,50.000000,0.000000
2026-10-02 17:09:40,Diversity / RX2 / interval BER,0.000E+00,0.000E+00,0.000E+00,N/A,50.000,50.000,0.000E+00,50.000000,0.000000
2026-10-02 17:09:41,Diversity / RX2 / interval BER,0.000E+00,0.000E+00,0.000E+00,N/A,50.000,50.000,0.000E+00,50.000001,0.000000
2026-10-02 17:09:42,Diversity / RX2 / interval BER,0.000E+00,0.000E+00,0.000E+00,N/A,50.000,50.000,0.000E+00,50.000000,0.000000
2026-10-02 17:09:43,Diversity / RX2 / interval BER,0.000E+00,0.000E+00,0.000E+00,N/A,50.000,50.000,0.000E+00,49.999999,0.000000
2026-10-02 17:09:44,Diversity / RX2 / interval BER,0.000E+00,0.000E+00,0.000E+00,N/A,50.000,50.000,0.000E+00,50.000000,0.000000
2026-10-02 17:09:45,Diversity / RX2 / interval BER,0.000E+00,0.000E+00,0.000E+00,N/A,50.000,50.000,0.000E+00,50.000000,0.000000
2026-10-02 17:09:46,Diversity / RX2 / interval BER,0.000E+00,0.000E+00,0.000E+00,N/A,50.000,50.000,0.000E+00,50.000000,0.000000
2026-10-02 17:09:47,Diversity / RX2 / interval BER,0.000E+00,0.000E+00,0.000E+00,N/A,50.000,50.000,0.000E+00,50.000000,0.000000
2026-10-02 17:09:48,Diversity / RX2 / interval BER,0.000E+00,0.000E+00,0.000E+00,N/A,50.000,50.000,0.000E+00,50.000000,0.000000
2026-10-02 17:09:49,Diversity / RX2 / interval BER,0.000E+00,0.000E+00,0.000E+00,N/A,50.000,50.000,0.000E+00,50.000000,0.000000
2026-10-02 17:09:50,Diversity / RX2 / interval BER,0.000E+00,0.000E+00,0.000E+00,N/A,50.000,50.000,0.000E+00,50.000000,0.000000
2026-10-02 17:09:51,Diversity / RX2 / interval BER,0.000E+00,0.000E+00,0.000E+00,N/A,50.000,50.000,0.000E+00,50.000000,0.000000
2026-10-02 17:09:52,Diversity / RX2 / interval BER,0.000E+00,0.000E+00,0.000E+00,N/A,50.000,50.000,0.000E+00,50.000001,0.000000
2026-10-02 17:09:53,Diversity / RX2 / interval BER,0.000E+00,0.000E+00,0.000E+00,N/A,50.000,50.000,0.000E+00,50.000000,0.000000
2026-10-02 17:09:54,Diversity / RX2 / interval BER,0.000E+00,0.000E+00,0.000E+00,N/A,50.000,50.000,0.000E+00,50.000000,0.000000
2026-10-02 17:09:55,Diversity / RX2 / interval BER,0.000E+00,0.000E+00,0.000E+00,N/A,50.000,50.000,0.000E+00,50.000000,0.000000
2026-10-02 17:09:56,Diversity / RX2 / interval BER,0.000E+00,0.000E+00,0.000E+00,N/A,50.000,50.000,0.000E+00,50.000000,0.000000
2026-10-02 17:09:57,Diversity / RX2 / interval BER,0.000E+00,0.000E+00,0.000E+00,N/A,50.000,50.000,0.000E+00,49.999999,0.000000
2026-10-02 17:09:58,Diversity / RX2 / interval BER,0.000E+00,0.000E+00,0.000E+00,N/A,50.000,50.000,0.000E+00,50.000000,0.000000
2026-10-02 17:09:59,Diversity / RX2 / interval BER,0.000E+00,0.000E+00,0.000E+00,N/A,50.000,50.000,0.000E+00,50.000000,0.000000
2026-10-02 17:10:00,Diversity / RX2 / interval BER,0.000E+00,0.000E+00,0.000E+00,N/A,50.000,50.000,0.000E+00,50.000000,0.000000
2026-10-02 17:10:01,Diversity / RX2 / interval BER,0.000E+00,0.000E+00,0.000E+00,N/A,50.000,50.000,0.000E+00,50.000000,0.000000
2026-10-02 17:10:02,Diversity / RX2 / interval BER,0.000E+00,0.000E+00,0.000E+00,N/A,50.000,50.000,0.000E+00,50.000000,0.000000
2026-10-02 17:10:03,Diversity / RX2 / interval BER,0.000E+00,0.000E+00,0.000E+00,N/A,50.000,50.000,0.000E+00,50.000001,0.000000
2026-10-02 17:10:04,Diversity / RX2 / interval BER,0.000E+00,0.000E+00,0.000E+00,N/A,50.000,50.000,0.000E+00,50.000000,0.000000
2026-10-02 17:10:05,Diversity / RX2 / interval BER,0.000E+00,0.000E+00,0.000E+00,N/A,50.000,50.000,0.000E+00,50.000000,0.000000
2026-10-02 17:10:06,Diversity / RX2 / interval BER,0.000E+00,0.000E+00,0.000E+00,N/A,50.000,50.000,0.000E+00,49.999999,0.000000
2026-10-02 17:10:07,Diversity / RX2 / interval BER,0.000E+00,0.000E+00,0.000E+00,N/A,50.000,50.000,0.000E+00,50.000000,0.000000
2026-10-02 17:10:08,Diversity / RX2 / interval BER,0.000E+00,0.000E+00,0.000E+00,N/A,50.000,50.000,0.000E+00,50.000000,0.000000
2026-10-02 17:10:09,Diversity / RX2 / interval BER,0.000E+00,0.000E+00,0.000E+00,N/A,50.000,50.000,0.000E+00,50.000000,0.000000
2026-10-02 17:10:10,Diversity / RX2 / interval BER,0.000E+00,0.000E+00,0.000E+00,N/A,50.000,50.000,0.000E+00,50.000000,0.000000
2026-10-02 17:10:11,Diversity / RX2 / interval BER,0.000E+00,0.000E+00,0.000E+00,N/A,50.000,50.000,0.000E+00,50.000000,0.000000
2026-10-02 17:10:12,Diversity / RX2 / interval BER,0.000E+00,0.000E+00,0.000E+00,N/A,50.000,50.000,0.000E+00,50.000000,0.000000
2026-10-02 17:10:13,Diversity / RX2 / interval BER,0.000E+00,0.000E+00,0.000E+00,N/A,50.000,50.000,0.000E+00,49.999999,0.000000
2026-10-02 17:10:14,Diversity / RX2 / interval BER,0.000E+00,0.000E+00,0.000E+00,N/A,50.000,50.000,0.000E+00,50.000000,0.000000
2026-10-02 17:10:15,Diversity / RX2 / interval BER,0.000E+00,0.000E+00,0.000E+00,N/A,50.000,50.000,0.000E+00,50.000000,0.000000
2026-10-02 17:10:16,Diversity / RX2 / interval BER,0.000E+00,0.000E+00,0.000E+00,N/A,50.000,50.000,0.000E+00,50.000001,0.000000
2026-10-02 17:10:17,Diversity / RX2 / interval BER,0.000E+00,0.000E+00,0.000E+00,N/A,50.000,50.000,0.000E+00,49.999999,0.000000
2026-10-02 17:10:18,Diversity / RX2 / interval BER,0.000E+00,0.000E+00,0.000E+00,N/A,50.000,50.000,0.000E+00,50.000001,0.000000
2026-10-02 17:10:19,Diversity / RX2 / interval BER,0.000E+00,0.000E+00,0.000E+00,N/A,50.000,50.000,0.000E+00,50.000000,0.000000
2026-10-02 17:10:20,Diversity / RX2 / interval BER,0.000E+00,0.000E+00,0.000E+00,N/A,50.000,50.000,0.000E+00,50.000000,0.000000
2026-10-02 17:10:21,Diversity / RX2 / interval BER,0.000E+00,0.000E+00,0.000E+00,N/A,50.000,50.000,0.000E+00,50.000000,0.000000
2026-10-02 17:10:22,Diversity / RX2 / interval BER,0.000E+00,0.000E+00,0.000E+00,N/A,50.000,50.000,0.000E+00,49.999999,0.000000
2026-10-02 17:10:23,Diversity / RX2 / interval BER,0.000E+00,0.000E+00,0.000E+00,N/A,50.000,50.000,0.000E+00,50.000001,0.000000
2026-10-02 17:10:24,Diversity / RX2 / interval BER,0.000E+00,0.000E+00,0.000E+00,N/A,50.000,50.000,0.000E+00,50.000000,0.000000
2026-10-02 17:10:25,Diversity / RX2 / interval BER,0.000E+00,0.000E+00,0.000E+00,N/A,50.000,50.000,0.000E+00,50.000000,0.000000
2026-10-02 17:10:26,Diversity / RX2 / interval BER,0.000E+00,0.000E+00,0.000E+00,N/A,50.000,50.000,0.000E+00,50.000001,0.000000
2026-10-02 17:10:27,Diversity / RX2 / interval BER,0.000E+00,0.000E+00,0.000E+00,N/A,50.000,50.000,0.000E+00,50.000000,0.000000
2026-10-02 17:10:28,Diversity / RX2 / interval BER,0.000E+00,0.000E+00,0.000E+00,N/A,50.000,50.000,0.000E+00,49.999999,0.000000
2026-10-02 17:10:29,Diversity / RX2 / interval BER,0.000E+00,0.000E+00,0.000E+00,N/A,50.000,50.000,0.000E+00,50.000001,0.000000
2026-10-02 17:10:30,Diversity / RX2 / interval BER,0.000E+00,0.000E+00,0.000E+00,N/A,50.000,50.000,0.000E+00,50.000000,0.000000
2026-10-02 17:10:31,Diversity / RX2 / interval BER,0.000E+00,0.000E+00,0.000E+00,N/A,50.000,50.000,0.000E+00,49.999999,0.000000
2026-10-02 17:10:32,Diversity / RX2 / interval BER,0.000E+00,0.000E+00,0.000E+00,N/A,50.000,50.000,0.000E+00,50.000000,0.000000
2026-10-02 17:10:33,Diversity / RX2 / interval BER,0.000E+00,0.000E+00,0.000E+00,N/A,50.000,50.000,0.000E+00,50.000000,0.000000
2026-10-02 17:10:34,Diversity / RX2 / interval BER,0.000E+00,0.000E+00,0.000E+00,N/A,50.000,50.000,0.000E+00,49.999999,0.000000
2026-10-02 17:10:35,Diversity / RX2 / interval BER,0.000E+00,0.000E+00,0.000E+00,N/A,50.000,50.000,0.000E+00,50.000001,0.000000
2026-10-02 17:10:36,Diversity / RX2 / interval BER,0.000E+00,0.000E+00,0.000E+00,N/A,50.000,50.000,0.000E+00,50.000000,0.000000
2026-10-02 17:10:37,Diversity / RX2 / interval BER,0.000E+00,0.000E+00,0.000E+00,N/A,50.000,50.000,0.000E+00,49.999999,0.000000
2026-10-02 17:10:38,Diversity / RX2 / interval BER,0.000E+00,0.000E+00,0.000E+00,N/A,50.000,50.000,0.000E+00,50.000000,0.000000
2026-10-02 17:10:39,Diversity / RX2 / interval BER,0.000E+00,0.000E+00,0.000E+00,N/A,50.000,50.000,0.000E+00,50.000001,0.000000
2026-10-02 17:10:40,Diversity / RX2 / interval BER,0.000E+00,0.000E+00,0.000E+00,N/A,50.000,50.000,0.000E+00,49.999999,0.000000
2026-10-02 17:10:41,Diversity / RX2 / interval BER,0.000E+00,0.000E+00,0.000E+00,N/A,50.000,50.000,0.000E+00,50.000000,0.000000
2026-10-02 17:10:42,Diversity / RX2 / interval BER,0.000E+00,0.000E+00,0.000E+00,N/A,50.000,50.000,0.000E+00,50.000000,0.000000
2026-10-02 17:10:43,Diversity / RX2 / interval BER,0.000E+00,0.000E+00,0.000E+00,N/A,50.000,50.000,0.000E+00,50.000000,0.000000
2026-10-02 17:10:44,Diversity / RX2 / interval BER,0.000E+00,0.000E+00,0.000E+00,N/A,50.000,50.000,0.000E+00,50.000000,0.000000
2026-10-02 17:10:45,Diversity / RX2 / interval BER,0.000E+00,0.000E+00,0.000E+00,N/A,50.000,50.000,0.000E+00,50.000000,0.000000
2026-10-02 17:10:46,Diversity / RX2 / interval BER,0.000E+00,0.000E+00,0.000E+00,N/A,50.000,50.000,0.000E+00,50.000000,0.000000
2026-10-02 17:10:47,Diversity / RX2 / interval BER,0.000E+00,0.000E+00,0.000E+00,N/A,50.000,50.000,0.000E+00,50.000000,0.000000
2026-10-02 17:10:48,Diversity / RX2 / interval BER,0.000E+00,0.000E+00,0.000E+00,N/A,50.000,50.000,0.000E+00,50.000000,0.000000
2026-10-02 17:10:49,Diversity / RX2 / interval BER,0.000E+00,0.000E+00,0.000E+00,N/A,50.000,50.000,0.000E+00,50.000001,0.000000
2026-10-02 17:10:50,Diversity / RX2 / interval BER,0.000E+00,0.000E+00,0.000E+00,N/A,50.000,50.000,0.000E+00,50.000000,0.000000
2026-10-02 17:10:51,Diversity / RX2 / interval BER,0.000E+00,0.000E+00,0.000E+00,N/A,50.000,50.000,0.000E+00,50.000000,0.000000
2026-10-02 17:10:52,Diversity / RX2 / interval BER,0.000E+00,0.000E+00,0.000E+00,N/A,50.000,50.000,0.000E+00,50.000000,0.000000
2026-10-02 17:10:53,Diversity / RX2 / interval BER,0.000E+00,0.000E+00,0.000E+00,N/A,50.000,50.000,0.000E+00,50.000001,0.000000
2026-10-02 17:10:54,Diversity / RX2 / interval BER,0.000E+00,0.000E+00,0.000E+00,N/A,50.000,50.000,0.000E+00,49.999999,0.000000
2026-10-02 17:10:55,Diversity / RX2 / interval BER,0.000E+00,0.000E+00,0.000E+00,N/A,50.000,50.000,0.000E+00,50.000001,0.000000
2026-10-02 17:10:56,Diversity / RX2 / interval BER,0.000E+00,0.000E+00,0.000E+00,N/A,50.000,50.000,0.000E+00,50.000000,0.000000
2026-10-02 17:10:57,Diversity / RX2 / interval BER,0.000E+00,0.000E+00,0.000E+00,N/A,50.000,50.000,0.000E+00,49.999999,0.000000
2026-10-02 17:10:58,Diversity / RX2 / interval BER,0.000E+00,0.000E+00,0.000E+00,N/A,50.000,50.000,0.000E+00,50.000000,0.000000
2026-10-02 17:10:59,Diversity / RX2 / interval BER,0.000E+00,0.000E+00,0.000E+00,N/A,50.000,50.000,0.000E+00,50.000000,0.000000
2026-10-02 17:11:00,Diversity / RX2 / interval BER,0.000E+00,0.000E+00,0.000E+00,N/A,50.000,50.000,0.000E+00,50.000000,0.000000
2026-10-02 17:11:01,Diversity / RX2 / interval BER,0.000E+00,0.000E+00,0.000E+00,N/A,50.000,50.000,0.000E+00,50.000000,0.000000
2026-10-02 17:11:02,Diversity / RX2 / interval BER,0.000E+00,0.000E+00,0.000E+00,N/A,50.000,50.000,0.000E+00,50.000000,0.000000
2026-10-02 17:11:03,Diversity / RX2 / interval BER,0.000E+00,0.000E+00,0.000E+00,N/A,50.000,50.000,0.000E+00,50.000000,0.000000
2026-10-02 17:11:04,Diversity / RX2 / interval BER,0.000E+00,0.000E+00,0.000E+00,N/A,50.000,50.000,0.000E+00,50.000000,0.000000
2026-10-02 17:11:05,Diversity / RX2 / interval BER,0.000E+00,0.000E+00,0.000E+00,N/A,50.000,50.000,0.000E+00,50.000001,0.000000
2026-10-02 17:11:06,Diversity / RX2 / interval BER,0.000E+00,0.000E+00,0.000E+00,N/A,50.000,50.000,0.000E+00,50.000000,0.000000
2026-10-02 17:11:07,Diversity / RX2 / interval BER,0.000E+00,0.000E+00,0.000E+00,N/A,50.000,50.000,0.000E+00,49.999999,0.000000
2026-10-02 17:11:08,Diversity / RX2 / interval BER,0.000E+00,0.000E+00,0.000E+00,N/A,50.000,50.000,0.000E+00,50.000000,0.000000
2026-10-02 17:11:09,Diversity / RX2 / interval BER,0.000E+00,0.000E+00,0.000E+00,N/A,50.000,50.000,0.000E+00,50.000000,0.000000
2026-10-02 17:11:10,Diversity / RX2 / interval BER,0.000E+00,0.000E+00,0.000E+00,N/A,50.000,50.000,0.000E+00,50.000000,0.000000
2026-10-02 17:11:11,Diversity / RX2 / interval BER,0.000E+00,0.000E+00,0.000E+00,N/A,50.000,50.000,0.000E+00,50.000000,0.000000
2026-10-02 17:11:12,Diversity / RX2 / interval BER,0.000E+00,0.000E+00,0.000E+00,N/A,50.000,50.000,0.000E+00,50.000000,0.000000
2026-10-02 17:11:13,Diversity / RX2 / interval BER,0.000E+00,0.000E+00,0.000E+00,N/A,50.000,50.000,0.000E+00,50.000000,0.000000
2026-10-02 17:11:14,Diversity / RX2 / interval BER,0.000E+00,0.000E+00,0.000E+00,N/A,50.000,50.000,0.000E+00,50.000000,0.000000
2026-10-02 17:11:15,Diversity / RX2 / interval BER,0.000E+00,0.000E+00,0.000E+00,N/A,50.000,50.000,0.000E+00,50.000000,0.000000
2026-10-02 17:11:16,Diversity / RX2 / interval BER,0.000E+00,0.000E+00,0.000E+00,N/A,50.000,50.000,0.000E+00,50.000001,0.000000
2026-10-02 17:11:17,Diversity / RX2 / interval BER,0.000E+00,0.000E+00,0.000E+00,N/A,50.000,50.000,0.000E+00,50.000000,0.000000
2026-10-02 17:11:18,Diversity / RX2 / interval BER,0.000E+00,0.000E+00,0.000E+00,N/A,50.000,50.000,0.000E+00,50.000000,0.000000
2026-10-02 17:11:19,Diversity / RX2 / interval BER,0.000E+00,0.000E+00,0.000E+00,N/A,50.000,50.000,0.000E+00,50.000000,0.000000
2026-10-02 17:11:20,Diversity / RX2 / interval BER,0.000E+00,0.000E+00,0.000E+00,N/A,50.000,50.000,0.000E+00,49.999999,0.000000
2026-10-02 17:11:21,Diversity / RX2 / interval BER,0.000E+00,0.000E+00,0.000E+00,N/A,50.000,50.000,0.000E+00,50.000000,0.000000
2026-10-02 17:11:22,Diversity / RX2 / interval BER,0.000E+00,0.000E+00,0.000E+00,N/A,50.000,50.000,0.000E+00,50.000001,0.000000
2026-10-02 17:11:23,Diversity / RX2 / interval BER,0.000E+00,0.000E+00,0.000E+00,N/A,50.000,50.000,0.000E+00,50.000000,0.000000
2026-10-02 17:11:24,Diversity / RX2 / interval BER,0.000E+00,0.000E+00,0.000E+00,N/A,50.000,50.000,0.000E+00,50.000000,0.000000
2026-10-02 17:11:25,Diversity / RX2 / interval BER,0.000E+00,0.000E+00,0.000E+00,N/A,50.000,50.000,0.000E+00,50.000000,0.000000
2026-10-02 17:11:26,Diversity / RX2 / interval BER,0.000E+00,0.000E+00,0.000E+00,N/A,50.000,50.000,0.000E+00,50.000000,0.000000
2026-10-02 17:11:27,Diversity / RX2 / interval BER,0.000E+00,0.000E+00,0.000E+00,N/A,50.000,50.000,0.000E+00,50.000000,0.000000
2026-10-02 17:11:28,Diversity / RX2 / interval BER,0.000E+00,0.000E+00,0.000E+00,N/A,50.000,50.000,0.000E+00,50.000000,0.000000
2026-10-02 17:11:29,Diversity / RX2 / interval BER,0.000E+00,0.000E+00,0.000E+00,N/A,50.000,50.000,0.000E+00,50.000000,0.000000
2026-10-02 17:11:30,Diversity / RX2 / interval BER,0.000E+00,0.000E+00,0.000E+00,N/A,50.000,50.000,0.000E+00,50.000000,0.000000
2026-10-02 17:11:31,Diversity / RX2 / interval BER,0.000E+00,0.000E+00,0.000E+00,N/A,50.000,50.000,0.000E+00,50.000000,0.000000
2026-10-02 17:11:32,Diversity / RX2 / interval BER,0.000E+00,0.000E+00,0.000E+00,N/A,50.000,50.000,0.000E+00,50.000000,0.000000
2026-10-02 17:11:33,Diversity / RX2 / interval BER,0.000E+00,0.000E+00,0.000E+00,N/A,50.000,50.000,0.000E+00,50.000000,0.000000
2026-10-02 17:11:34,Diversity / RX2 / interval BER,0.000E+00,0.000E+00,0.000E+00,N/A,50.000,50.000,0.000E+00,50.000000,0.000000
2026-10-02 17:11:35,Diversity / RX2 / interval BER,0.000E+00,0.000E+00,0.000E+00,N/A,50.000,50.000,0.000E+00,50.000000,0.000000
2026-10-02 17:11:36,Diversity / RX2 / interval BER,0.000E+00,0.000E+00,0.000E+00,N/A,50.000,50.000,0.000E+00,50.000000,0.000000
2026-10-02 17:11:37,Diversity / RX2 / interval BER,0.000E+00,0.000E+00,0.000E+00,N/A,50.000,50.000,0.000E+00,49.999999,0.000000
2026-10-02 17:11:38,Diversity / RX2 / interval BER,0.000E+00,0.000E+00,0.000E+00,N/A,50.000,50.000,0.000E+00,50.000000,0.000000
2026-10-02 17:11:39,Diversity / RX2 / interval BER,0.000E+00,0.000E+00,0.000E+00,N/A,50.000,50.000,0.000E+00,50.000000,0.000000
2026-10-02 17:11:40,Diversity / RX2 / interval BER,0.000E+00,0.000E+00,0.000E+00,N/A,50.000,50.000,0.000E+00,50.000000,0.000000
2026-10-02 17:11:41,Diversity / RX2 / interval BER,0.000E+00,0.000E+00,0.000E+00,N/A,50.000,50.000,0.000E+00,50.000000,0.000000
2026-10-02 17:11:42,Diversity / RX2 / interval BER,0.000E+00,0.000E+00,0.000E+00,N/A,50.000,50.000,0.000E+00,50.000000,0.000000
2026-10-02 17:11:43,Diversity / RX2 / interval BER,0.000E+00,0.000E+00,0.000E+00,N/A,50.000,50.000,0.000E+00,50.000000,0.000000
2026-10-02 17:11:44,Diversity / RX2 / interval BER,0.000E+00,0.000E+00,0.000E+00,N/A,50.000,50.000,0.000E+00,49.999999,0.000000
2026-10-02 17:11:45,Diversity / RX2 / interval BER,0.000E+00,0.000E+00,0.000E+00,N/A,50.000,50.000,0.000E+00,50.000000,0.000000
2026-10-02 17:11:46,Diversity / RX2 / interval BER,0.000E+00,0.000E+00,0.000E+00,N/A,50.000,50.000,0.000E+00,50.000000,0.000000
2026-10-02 17:11:47,Diversity / RX2 / interval BER,0.000E+00,0.000E+00,0.000E+00,N/A,50.000,50.000,0.000E+00,50.000000,0.000000
2026-10-02 17:11:48,Diversity / RX2 / interval BER,0.000E+00,0.000E+00,0.000E+00,N/A,50.000,50.000,0.000E+00,50.000000,0.000000
2026-10-02 17:11:49,Diversity / RX2 / interval BER,0.000E+00,0.000E+00,0.000E+00,N/A,50.000,50.000,0.000E+00,50.000000,0.000000
2026-10-02 17:11:50,Diversity / RX2 / interval BER,0.000E+00,0.000E+00,0.000E+00,N/A,50.000,50.000,0.000E+00,50.000000,0.000000
2026-10-02 17:11:51,Diversity / RX2 / interval BER,0.000E+00,0.000E+00,0.000E+00,N/A,50.000,50.000,0.000E+00,50.000000,0.000000
2026-10-02 17:11:52,Diversity / RX2 / interval BER,0.000E+00,0.000E+00,0.000E+00,N/A,50.000,50.000,0.000E+00,50.000000,0.000000
2026-10-02 17:11:53,Diversity / RX2 / interval BER,0.000E+00,0.000E+00,0.000E+00,N/A,50.000,50.000,0.000E+00,50.000001,0.000000
2026-10-02 17:11:54,Diversity / RX2 / interval BER,0.000E+00,0.000E+00,0.000E+00,N/A,50.000,50.000,0.000E+00,50.000000,0.000000
2026-10-02 17:11:55,Diversity / RX2 / interval BER,0.000E+00,0.000E+00,0.000E+00,N/A,50.000,50.000,0.000E+00,50.000000,0.000000
2026-10-02 17:11:56,Diversity / RX2 / interval BER,0.000E+00,0.000E+00,0.000E+00,N/A,50.000,50.000,0.000E+00,50.000000,0.000000
2026-10-02 17:11:57,Diversity / RX2 / interval BER,0.000E+00,0.000E+00,0.000E+00,N/A,50.000,50.000,0.000E+00,50.000000,0.000000
2026-10-02 17:11:58,Diversity / RX2 / interval BER,0.000E+00,0.000E+00,0.000E+00,N/A,50.000,50.000,0.000E+00,50.000000,0.000000
2026-10-02 17:11:59,Diversity / RX2 / interval BER,0.000E+00,0.000E+00,0.000E+00,N/A,50.000,50.000,0.000E+00,49.999999,0.000000
2026-10-02 17:12:00,Diversity / RX2 / interval BER,0.000E+00,0.000E+00,0.000E+00,N/A,50.000,50.000,0.000E+00,50.000000,0.000000
2026-10-02 17:12:01,Diversity / RX2 / interval BER,0.000E+00,0.000E+00,0.000E+00,N/A,50.000,50.000,0.000E+00,50.000000,0.000000
2026-10-02 17:12:02,Diversity / RX2 / interval BER,0.000E+00,0.000E+00,0.000E+00,N/A,50.000,50.000,0.000E+00,50.000000,0.000000
2026-10-02 17:12:03,Diversity / RX2 / interval BER,0.000E+00,0.000E+00,0.000E+00,N/A,50.000,50.000,0.000E+00,50.000000,0.000000
2026-10-02 17:12:04,Diversity / RX2 / interval BER,0.000E+00,0.000E+00,0.000E+00,N/A,50.000,50.000,0.000E+00,50.000000,0.000000
2026-10-02 17:12:05,Diversity / RX2 / interval BER,0.000E+00,0.000E+00,0.000E+00,N/A,50.000,50.000,0.000E+00,50.000001,0.000000
2026-10-02 17:12:06,Diversity / RX2 / interval BER,0.000E+00,0.000E+00,0.000E+00,N/A,50.000,50.000,0.000E+00,50.000000,0.000000
2026-10-02 17:12:07,Diversity / RX2 / interval BER,0.000E+00,0.000E+00,0.000E+00,N/A,50.000,50.000,0.000E+00,49.999999,0.000000
2026-10-02 17:12:08,Diversity / RX2 / interval BER,0.000E+00,0.000E+00,0.000E+00,N/A,50.000,50.000,0.000E+00,50.000000,0.000000
2026-10-02 17:12:09,Diversity / RX2 / interval BER,0.000E+00,0.000E+00,0.000E+00,N/A,50.000,50.000,0.000E+00,50.000000,0.000000
2026-10-02 17:12:10,Diversity / RX2 / interval BER,0.000E+00,0.000E+00,0.000E+00,N/A,50.000,50.000,0.000E+00,50.000001,0.000000
2026-10-02 17:12:11,Diversity / RX2 / interval BER,0.000E+00,0.000E+00,0.000E+00,N/A,50.000,50.000,0.000E+00,50.000000,0.000000
2026-10-02 17:12:12,Diversity / RX2 / interval BER,0.000E+00,0.000E+00,0.000E+00,N/A,50.000,50.000,0.000E+00,49.999999,0.000000
2026-10-02 17:12:13,Diversity / RX2 / interval BER,0.000E+00,0.000E+00,0.000E+00,N/A,50.000,50.000,0.000E+00,50.000000,0.000000
2026-10-02 17:12:14,Diversity / RX2 / interval BER,0.000E+00,0.000E+00,0.000E+00,N/A,50.000,50.000,0.000E+00,50.000000,0.000000
2026-10-02 17:12:15,Diversity / RX2 / interval BER,0.000E+00,0.000E+00,0.000E+00,N/A,50.000,50.000,0.000E+00,50.000000,0.000000
2026-10-02 17:12:16,Diversity / RX2 / interval BER,0.000E+00,0.000E+00,0.000E+00,N/A,50.000,50.000,0.000E+00,50.000000,0.000000
2026-10-02 17:12:17,Diversity / RX2 / interval BER,0.000E+00,0.000E+00,0.000E+00,N/A,50.000,50.000,0.000E+00,50.000000,0.000000
2026-10-02 17:12:18,Diversity / RX2 / interval BER,0.000E+00,0.000E+00,0.000E+00,N/A,50.000,50.000,0.000E+00,50.000000,0.000000
2026-10-02 17:12:19,Diversity / RX2 / interval BER,0.000E+00,0.000E+00,0.000E+00,N/A,50.000,50.000,0.000E+00,50.000000,0.000000
2026-10-02 17:12:20,Diversity / RX2 / interval BER,0.000E+00,0.000E+00,0.000E+00,N/A,50.000,50.000,0.000E+00,50.000000,0.000000
2026-10-02 17:12:21,Diversity / RX2 / interval BER,0.000E+00,0.000E+00,0.000E+00,N/A,50.000,50.000,0.000E+00,50.000000,0.000000
2026-10-02 17:12:22,Diversity / RX2 / interval BER,0.000E+00,0.000E+00,0.000E+00,N/A,50.000,50.000,0.000E+00,50.000000,0.000000
2026-10-02 17:12:23,Diversity / RX2 / interval BER,0.000E+00,0.000E+00,0.000E+00,N/A,50.000,50.000,0.000E+00,49.999999,0.000000
2026-10-02 17:12:24,Diversity / RX2 / interval BER,0.000E+00,0.000E+00,0.000E+00,N/A,50.000,50.000,0.000E+00,50.000001,0.000000
2026-10-02 17:12:25,Diversity / RX2 / interval BER,0.000E+00,0.000E+00,0.000E+00,N/A,50.000,50.000,0.000E+00,50.000000,0.000000
2026-10-02 17:12:26,Diversity / RX2 / interval BER,0.000E+00,0.000E+00,0.000E+00,N/A,50.000,50.000,0.000E+00,50.000000,0.000000
2026-10-02 17:12:27,Diversity / RX2 / interval BER,0.000E+00,0.000E+00,0.000E+00,N/A,50.000,50.000,0.000E+00,50.000000,0.000000
2026-10-02 17:12:28,Diversity / RX2 / interval BER,0.000E+00,0.000E+00,0.000E+00,N/A,50.000,50.000,0.000E+00,50.000000,0.000000
2026-10-02 17:12:29,Diversity / RX2 / interval BER,0.000E+00,0.000E+00,0.000E+00,N/A,50.000,50.000,0.000E+00,50.000000,0.000000
2026-10-02 17:12:30,Diversity / RX2 / interval BER,0.000E+00,0.000E+00,0.000E+00,N/A,50.000,50.000,0.000E+00,49.999999,0.000000
2026-10-02 17:12:31,Diversity / RX2 / interval BER,0.000E+00,0.000E+00,0.000E+00,N/A,50.000,50.000,0.000E+00,50.000000,0.000000
2026-10-02 17:12:32,Diversity / RX2 / interval BER,0.000E+00,0.000E+00,0.000E+00,N/A,50.000,50.000,0.000E+00,50.000000,0.000000
2026-10-02 17:12:33,Diversity / RX2 / interval BER,0.000E+00,0.000E+00,0.000E+00,N/A,50.000,50.000,0.000E+00,49.999999,0.000000
2026-10-02 17:12:34,Diversity / RX2 / interval BER,0.000E+00,0.000E+00,0.000E+00,N/A,50.000,50.000,0.000E+00,50.000001,0.000000
2026-10-02 17:12:35,Diversity / RX2 / interval BER,0.000E+00,0.000E+00,0.000E+00,N/A,50.000,50.000,0.000E+00,50.000000,0.000000
2026-10-02 17:12:36,Diversity / RX2 / interval BER,0.000E+00,0.000E+00,0.000E+00,N/A,50.000,50.000,0.000E+00,50.000000,0.000000
2026-10-02 17:12:37,Diversity / RX2 / interval BER,0.000E+00,0.000E+00,0.000E+00,N/A,50.000,50.000,0.000E+00,50.000001,0.000000
2026-10-02 17:12:38,Diversity / RX2 / interval BER,0.000E+00,0.000E+00,0.000E+00,N/A,50.000,50.000,0.000E+00,50.000000,0.000000
2026-10-02 17:12:39,Diversity / RX2 / interval BER,0.000E+00,0.000E+00,0.000E+00,N/A,50.000,50.000,0.000E+00,50.000000,0.000000
2026-10-02 17:12:40,Diversity / RX2 / interval BER,0.000E+00,0.000E+00,0.000E+00,N/A,50.000,50.000,0.000E+00,50.000000,0.000000
2026-10-02 17:12:41,Diversity / RX2 / interval BER,0.000E+00,0.000E+00,0.000E+00,N/A,50.000,50.000,0.000E+00,50.000000,0.000000
2026-10-02 17:12:42,Diversity / RX2 / interval BER,0.000E+00,0.000E+00,0.000E+00,N/A,50.000,50.000,0.000E+00,50.000000,0.000000
2026-10-02 17:12:43,Diversity / RX2 / interval BER,0.000E+00,0.000E+00,0.000E+00,N/A,50.000,50.000,0.000E+00,50.000000,0.000000
2026-10-02 17:12:44,Diversity / RX2 / interval BER,0.000E+00,0.000E+00,0.000E+00,N/A,50.000,50.000,0.000E+00,50.000000,0.000000
2026-10-02 17:12:45,Diversity / RX2 / interval BER,0.000E+00,0.000E+00,0.000E+00,N/A,50.000,50.000,0.000E+00,50.000000,0.000000
2026-10-02 17:12:46,Diversity / RX2 / interval BER,0.000E+00,0.000E+00,0.000E+00,N/A,50.000,50.000,0.000E+00,50.000000,0.000000
2026-10-02 17:12:47,Diversity / RX2 / interval BER,0.000E+00,0.000E+00,0.000E+00,N/A,50.000,50.000,0.000E+00,50.000000,0.000000
2026-10-02 17:12:48,Diversity / RX2 / interval BER,0.000E+00,0.000E+00,0.000E+00,N/A,50.000,50.000,0.000E+00,50.000000,0.000000
2026-10-02 17:12:49,Diversity / RX2 / interval BER,0.000E+00,0.000E+00,0.000E+00,N/A,50.000,50.000,0.000E+00,50.000000,0.000000
2026-10-02 17:12:50,Diversity / RX2 / interval BER,0.000E+00,0.000E+00,0.000E+00,N/A,50.000,50.000,0.000E+00,49.999999,0.000000
2026-10-02 17:12:51,Diversity / RX2 / interval BER,0.000E+00,0.000E+00,0.000E+00,N/A,50.000,50.000,0.000E+00,50.000001,0.000000
2026-10-02 17:12:52,Diversity / RX2 / interval BER,0.000E+00,0.000E+00,0.000E+00,N/A,50.000,50.000,0.000E+00,49.999999,0.000000
2026-10-02 17:12:53,Diversity / RX2 / interval BER,0.000E+00,0.000E+00,0.000E+00,N/A,50.000,50.000,0.000E+00,50.000001,0.000000
2026-10-02 17:12:54,Diversity / RX2 / interval BER,0.000E+00,0.000E+00,0.000E+00,N/A,50.000,50.000,0.000E+00,49.999999,0.000000
2026-10-02 17:12:55,Diversity / RX2 / interval BER,0.000E+00,0.000E+00,0.000E+00,N/A,50.000,50.000,0.000E+00,50.000000,0.000000
2026-10-02 17:12:56,Diversity / RX2 / interval BER,0.000E+00,0.000E+00,0.000E+00,N/A,50.000,50.000,0.000E+00,50.000000,0.000000
2026-10-02 17:12:57,Diversity / RX2 / interval BER,0.000E+00,0.000E+00,0.000E+00,N/A,50.000,50.000,0.000E+00,50.000000,0.000000
2026-10-02 17:12:58,Diversity / RX2 / interval BER,0.000E+00,0.000E+00,0.000E+00,N/A,50.000,50.000,0.000E+00,50.000000,0.000000
2026-10-02 17:12:59,Diversity / RX2 / interval BER,0.000E+00,0.000E+00,0.000E+00,N/A,50.000,50.000,0.000E+00,50.000001,0.000000
2026-10-02 17:13:00,Diversity / RX2 / interval BER,0.000E+00,0.000E+00,0.000E+00,N/A,50.000,50.000,0.000E+00,49.999999,0.000000
2026-10-02 17:13:01,Diversity / RX2 / interval BER,0.000E+00,0.000E+00,0.000E+00,N/A,50.000,50.000,0.000E+00,50.000000,0.000000
2026-10-02 17:13:02,Diversity / RX2 / interval BER,0.000E+00,0.000E+00,0.000E+00,N/A,50.000,50.000,0.000E+00,50.000001,0.000000
2026-10-02 17:13:03,Diversity / RX2 / interval BER,0.000E+00,0.000E+00,0.000E+00,N/A,50.000,50.000,0.000E+00,50.000000,0.000000
2026-10-02 17:13:04,Diversity / RX2 / interval BER,0.000E+00,0.000E+00,0.000E+00,N/A,50.000,50.000,0.000E+00,50.000000,0.000000
2026-10-02 17:13:05,Diversity / RX2 / interval BER,0.000E+00,0.000E+00,0.000E+00,N/A,50.000,50.000,0.000E+00,50.000000,0.000000
2026-10-02 17:13:06,Diversity / RX2 / interval BER,0.000E+00,0.000E+00,0.000E+00,N/A,50.000,50.000,0.000E+00,50.000000,0.000000
2026-10-02 17:13:07,Diversity / RX2 / interval BER,0.000E+00,0.000E+00,0.000E+00,N/A,50.000,50.000,0.000E+00,50.000000,0.000000
2026-10-02 17:13:08,Diversity / RX2 / interval BER,0.000E+00,0.000E+00,0.000E+00,N/A,50.000,50.000,0.000E+00,50.000000,0.000000
2026-10-02 17:13:09,Diversity / RX2 / interval BER,0.000E+00,0.000E+00,0.000E+00,N/A,50.000,50.000,0.000E+00,49.999999,0.000000
2026-10-02 17:13:10,Diversity / RX2 / interval BER,0.000E+00,0.000E+00,0.000E+00,N/A,50.000,50.000,0.000E+00,50.000000,0.000000
2026-10-02 17:13:11,Diversity / RX2 / interval BER,0.000E+00,4.109E-03,2.739E-03,N/A,50.000,46.773,1.533E-02,50.000000,0.000000
2026-10-02 17:13:13,Diversity / RX1 / interval BER,0.000E+00,4.191E-02,2.004E-02,N/A,50.000,9.146,0.000E+00,50.000000,0.000000
2026-10-02 17:13:14,Diversity / RX1 / interval BER,7.727E-03,9.408E-02,1.300E-02,N/A,5.991,1.375,4.509E-02,5.990554,0.000000
2026-10-02 17:13:15,Diversity / RF pending / interval BER,No checked bits,No checked bits,No checked bits,N/A,Unavailable,Unavailable,Unavailable (RF),Unavailable (RF),Unavailable (RF)
2026-10-02 17:13:16,Diversity / RF 1Mbps / interval BER,No checked bits,No checked bits,No checked bits,N/A,Unavailable,Unavailable,Unavailable (RF),Unavailable (RF),Unavailable (RF)
2026-10-02 17:13:17,Diversity / RF 1Mbps / interval BER,No checked bits,No checked bits,No checked bits,0.000E+0,Unavailable,Unavailable,Unavailable (RF),Unavailable (RF),Unavailable (RF)
2026-10-02 17:13:18,Diversity / RF 1Mbps / interval BER,No checked bits,No checked bits,No checked bits,0.000E+0,Unavailable,Unavailable,Unavailable (RF),Unavailable (RF),Unavailable (RF)
2026-10-02 17:13:20,Diversity / RF 1Mbps / interval BER,No checked bits,No checked bits,No checked bits,0.000E+0,Unavailable,Unavailable,Unavailable (RF),Unavailable (RF),Unavailable (RF)
2026-10-02 17:13:21,Diversity / RF 1Mbps / interval BER,No checked bits,No checked bits,No checked bits,0.000E+0,Unavailable,Unavailable,Unavailable (RF),Unavailable (RF),Unavailable (RF)
2026-10-02 17:13:22,Diversity / RF 1Mbps / interval BER,No checked bits,No checked bits,No checked bits,0.000E+0,Unavailable,Unavailable,Unavailable (RF),Unavailable (RF),Unavailable (RF)
2026-10-02 17:13:23,Diversity / RF 1Mbps / interval BER,No checked bits,No checked bits,No checked bits,0.000E+0,Unavailable,Unavailable,Unavailable (RF),Unavailable (RF),Unavailable (RF)
2026-10-02 17:13:24,Diversity / RF 1Mbps / interval BER,No checked bits,No checked bits,No checked bits,0.000E+0,Unavailable,Unavailable,Unavailable (RF),Unavailable (RF),Unavailable (RF)
2026-10-02 17:13:25,Diversity / RF 1Mbps / interval BER,No checked bits,No checked bits,No checked bits,0.000E+0,Unavailable,Unavailable,Unavailable (RF),Unavailable (RF),Unavailable (RF)
2026-10-02 17:13:26,Diversity / RF 1Mbps / interval BER,No checked bits,No checked bits,No checked bits,0.000E+0,Unavailable,Unavailable,Unavailable (RF),Unavailable (RF),Unavailable (RF)
2026-10-02 17:13:27,Diversity / RF 1Mbps / interval BER,No checked bits,No checked bits,No checked bits,0.000E+0,Unavailable,Unavailable,Unavailable (RF),Unavailable (RF),Unavailable (RF)
2026-10-02 17:13:28,Diversity / RF 1Mbps / interval BER,No checked bits,No checked bits,No checked bits,0.000E+0,Unavailable,Unavailable,Unavailable (RF),Unavailable (RF),Unavailable (RF)
2026-10-02 17:13:29,Diversity / RF 1Mbps / interval BER,No checked bits,No checked bits,No checked bits,0.000E+0,Unavailable,Unavailable,Unavailable (RF),Unavailable (RF),Unavailable (RF)
2026-10-02 17:13:30,Diversity / RF 1Mbps / interval BER,No checked bits,No checked bits,No checked bits,0.000E+0,Unavailable,Unavailable,Unavailable (RF),Unavailable (RF),Unavailable (RF)
2026-10-02 17:13:31,Diversity / RF 1Mbps / interval BER,No checked bits,No checked bits,No checked bits,0.000E+0,Unavailable,Unavailable,Unavailable (RF),Unavailable (RF),Unavailable (RF)
2026-10-02 17:13:32,Diversity / RF 1Mbps / interval BER,No checked bits,No checked bits,No checked bits,0.000E+0,Unavailable,Unavailable,Unavailable (RF),Unavailable (RF),Unavailable (RF)
2026-10-02 17:13:34,Diversity / RF 1Mbps / interval BER,No checked bits,No checked bits,No checked bits,0.000E+0,Unavailable,Unavailable,Unavailable (RF),Unavailable (RF),Unavailable (RF)
2026-10-02 17:13:35,Diversity / RF 1Mbps / interval BER,No checked bits,No checked bits,No checked bits,0.000E+0,Unavailable,Unavailable,Unavailable (RF),Unavailable (RF),Unavailable (RF)
2026-10-02 17:13:36,Diversity / RF 1Mbps / interval BER,No checked bits,No checked bits,No checked bits,0.000E+0,Unavailable,Unavailable,Unavailable (RF),Unavailable (RF),Unavailable (RF)
2026-10-02 17:13:37,Diversity / RF 1Mbps / interval BER,No checked bits,No checked bits,No checked bits,0.000E+0,Unavailable,Unavailable,Unavailable (RF),Unavailable (RF),Unavailable (RF)
2026-10-02 17:13:38,Diversity / RF 1Mbps / interval BER,No checked bits,No checked bits,No checked bits,0.000E+0,Unavailable,Unavailable,Unavailable (RF),Unavailable (RF),Unavailable (RF)
2026-10-02 17:13:39,Diversity / RF 1Mbps / interval BER,No checked bits,No checked bits,No checked bits,0.000E+0,Unavailable,Unavailable,Unavailable (RF),Unavailable (RF),Unavailable (RF)
2026-10-02 17:13:40,Diversity / RF 1Mbps / interval BER,No checked bits,No checked bits,No checked bits,0.000E+0,Unavailable,Unavailable,Unavailable (RF),Unavailable (RF),Unavailable (RF)
2026-10-02 17:13:41,Diversity / RF 1Mbps / interval BER,No checked bits,No checked bits,No checked bits,0.000E+0,Unavailable,Unavailable,Unavailable (RF),Unavailable (RF),Unavailable (RF)
2026-10-02 17:13:42,Diversity / RF 1Mbps / interval BER,No checked bits,No checked bits,No checked bits,0.000E+0,Unavailable,Unavailable,Unavailable (RF),Unavailable (RF),Unavailable (RF)
2026-10-02 17:13:44,Diversity / RF 1Mbps / interval BER,No checked bits,No checked bits,No checked bits,0.000E+0,Unavailable,Unavailable,Unavailable (RF),Unavailable (RF),Unavailable (RF)
2026-10-02 17:13:45,Diversity / RF 1Mbps / interval BER,No checked bits,No checked bits,No checked bits,0.000E+0,Unavailable,Unavailable,Unavailable (RF),Unavailable (RF),Unavailable (RF)
2026-10-02 17:13:46,Diversity / RF 1Mbps / interval BER,No checked bits,No checked bits,No checked bits,0.000E+0,Unavailable,Unavailable,Unavailable (RF),Unavailable (RF),Unavailable (RF)
2026-10-02 17:13:47,Diversity / RF 1Mbps / interval BER,No checked bits,No checked bits,No checked bits,0.000E+0,Unavailable,Unavailable,Unavailable (RF),Unavailable (RF),Unavailable (RF)
2026-10-02 17:13:48,Diversity / RF 1Mbps / interval BER,No checked bits,No checked bits,No checked bits,0.000E+0,Unavailable,Unavailable,Unavailable (RF),Unavailable (RF),Unavailable (RF)
2026-10-02 17:13:49,Diversity / RF 1Mbps / interval BER,No checked bits,No checked bits,No checked bits,0.000E+0,Unavailable,Unavailable,Unavailable (RF),Unavailable (RF),Unavailable (RF)
2026-10-02 17:13:50,Diversity / RF 1Mbps / interval BER,No checked bits,No checked bits,No checked bits,0.000E+0,Unavailable,Unavailable,Unavailable (RF),Unavailable (RF),Unavailable (RF)
2026-10-02 17:13:51,Diversity / RF 1Mbps / interval BER,No checked bits,No checked bits,No checked bits,0.000E+0,Unavailable,Unavailable,Unavailable (RF),Unavailable (RF),Unavailable (RF)
2026-10-02 17:13:52,Diversity / RF 1Mbps / interval BER,No checked bits,No checked bits,No checked bits,0.000E+0,Unavailable,Unavailable,Unavailable (RF),Unavailable (RF),Unavailable (RF)
2026-10-02 17:13:54,Diversity / RF 1Mbps / interval BER,No checked bits,No checked bits,No checked bits,0.000E+0,Unavailable,Unavailable,Unavailable (RF),Unavailable (RF),Unavailable (RF)
2026-10-02 17:13:55,Diversity / RF 1Mbps / interval BER,No checked bits,No checked bits,No checked bits,0.000E+0,Unavailable,Unavailable,Unavailable (RF),Unavailable (RF),Unavailable (RF)
2026-10-02 17:13:56,Diversity / RF 1Mbps / interval BER,No checked bits,No checked bits,No checked bits,0.000E+0,Unavailable,Unavailable,Unavailable (RF),Unavailable (RF),Unavailable (RF)
2026-10-02 17:13:57,Diversity / RF 1Mbps / interval BER,No checked bits,No checked bits,No checked bits,0.000E+0,Unavailable,Unavailable,Unavailable (RF),Unavailable (RF),Unavailable (RF)
2026-10-02 17:13:58,Diversity / RF 1Mbps / interval BER,No checked bits,No checked bits,No checked bits,0.000E+0,Unavailable,Unavailable,Unavailable (RF),Unavailable (RF),Unavailable (RF)
2026-10-02 17:13:59,Diversity / RF 1Mbps / interval BER,No checked bits,No checked bits,No checked bits,0.000E+0,Unavailable,Unavailable,Unavailable (RF),Unavailable (RF),Unavailable (RF)
2026-10-02 17:14:00,Diversity / RF 1Mbps / interval BER,No checked bits,No checked bits,No checked bits,0.000E+0,Unavailable,Unavailable,Unavailable (RF),Unavailable (RF),Unavailable (RF)
2026-10-02 17:14:01,Diversity / RF 1Mbps / interval BER,No checked bits,No checked bits,No checked bits,0.000E+0,Unavailable,Unavailable,Unavailable (RF),Unavailable (RF),Unavailable (RF)
2026-10-02 17:14:02,Diversity / RF 1Mbps / interval BER,No checked bits,No checked bits,No checked bits,0.000E+0,Unavailable,Unavailable,Unavailable (RF),Unavailable (RF),Unavailable (RF)
2026-10-02 17:14:03,Diversity / RF 1Mbps / interval BER,No checked bits,No checked bits,No checked bits,0.000E+0,Unavailable,Unavailable,Unavailable (RF),Unavailable (RF),Unavailable (RF)
2026-10-02 17:14:04,Diversity / RF 1Mbps / interval BER,No checked bits,No checked bits,No checked bits,0.000E+0,Unavailable,Unavailable,Unavailable (RF),Unavailable (RF),Unavailable (RF)
2026-10-02 17:14:05,Diversity / RF 1Mbps / interval BER,No checked bits,No checked bits,No checked bits,0.000E+0,Unavailable,Unavailable,Unavailable (RF),Unavailable (RF),Unavailable (RF)
2026-10-02 17:14:06,Diversity / RF 1Mbps / interval BER,No checked bits,No checked bits,No checked bits,0.000E+0,Unavailable,Unavailable,Unavailable (RF),Unavailable (RF),Unavailable (RF)
2026-10-02 17:14:08,Diversity / RF 1Mbps / interval BER,No checked bits,No checked bits,No checked bits,0.000E+0,Unavailable,Unavailable,Unavailable (RF),Unavailable (RF),Unavailable (RF)
2026-10-02 17:14:09,Diversity / RF 1Mbps / interval BER,No checked bits,No checked bits,No checked bits,0.000E+0,Unavailable,Unavailable,Unavailable (RF),Unavailable (RF),Unavailable (RF)
2026-10-02 17:14:10,Diversity / RF 1Mbps / interval BER,No checked bits,No checked bits,No checked bits,0.000E+0,Unavailable,Unavailable,Unavailable (RF),Unavailable (RF),Unavailable (RF)
2026-10-02 17:14:11,Diversity / RF 1Mbps / interval BER,No checked bits,No checked bits,No checked bits,0.000E+0,Unavailable,Unavailable,Unavailable (RF),Unavailable (RF),Unavailable (RF)
2026-10-02 17:14:12,Diversity / RF 1Mbps / interval BER,No checked bits,No checked bits,No checked bits,0.000E+0,Unavailable,Unavailable,Unavailable (RF),Unavailable (RF),Unavailable (RF)
2026-10-02 17:14:13,Diversity / RF 1Mbps / interval BER,No checked bits,No checked bits,No checked bits,0.000E+0,Unavailable,Unavailable,Unavailable (RF),Unavailable (RF),Unavailable (RF)
2026-10-02 17:14:14,Diversity / RF 1Mbps / interval BER,No checked bits,No checked bits,No checked bits,0.000E+0,Unavailable,Unavailable,Unavailable (RF),Unavailable (RF),Unavailable (RF)
2026-10-02 17:14:15,Diversity / RF 1Mbps / interval BER,No checked bits,No checked bits,No checked bits,0.000E+0,Unavailable,Unavailable,Unavailable (RF),Unavailable (RF),Unavailable (RF)
2026-10-02 17:14:16,Diversity / RF 1Mbps / interval BER,No checked bits,No checked bits,No checked bits,0.000E+0,Unavailable,Unavailable,Unavailable (RF),Unavailable (RF),Unavailable (RF)
2026-10-02 17:14:17,Diversity / RF 1Mbps / interval BER,No checked bits,No checked bits,No checked bits,0.000E+0,Unavailable,Unavailable,Unavailable (RF),Unavailable (RF),Unavailable (RF)
2026-10-02 17:14:18,Diversity / RF 1Mbps / interval BER,No checked bits,No checked bits,No checked bits,0.000E+0,Unavailable,Unavailable,Unavailable (RF),Unavailable (RF),Unavailable (RF)
2026-10-02 17:14:19,Diversity / RF 1Mbps / interval BER,No checked bits,No checked bits,No checked bits,0.000E+0,Unavailable,Unavailable,Unavailable (RF),Unavailable (RF),Unavailable (RF)
2026-10-02 17:14:20,Diversity / RF 1Mbps / interval BER,No checked bits,No checked bits,No checked bits,0.000E+0,Unavailable,Unavailable,Unavailable (RF),Unavailable (RF),Unavailable (RF)
2026-10-02 17:14:21,Diversity / RF 1Mbps / interval BER,No checked bits,No checked bits,No checked bits,0.000E+0,Unavailable,Unavailable,Unavailable (RF),Unavailable (RF),Unavailable (RF)
2026-10-02 17:14:22,Diversity / RF 1Mbps / interval BER,No checked bits,No checked bits,No checked bits,0.000E+0,Unavailable,Unavailable,Unavailable (RF),Unavailable (RF),Unavailable (RF)
2026-10-02 17:14:23,Diversity / RF 1Mbps / interval BER,No checked bits,No checked bits,No checked bits,0.000E+0,Unavailable,Unavailable,Unavailable (RF),Unavailable (RF),Unavailable (RF)
2026-10-02 17:14:24,Diversity / RF 1Mbps / interval BER,No checked bits,No checked bits,No checked bits,0.000E+0,Unavailable,Unavailable,Unavailable (RF),Unavailable (RF),Unavailable (RF)
2026-10-02 17:14:25,Diversity / RF 1Mbps / interval BER,No checked bits,No checked bits,No checked bits,0.000E+0,Unavailable,Unavailable,Unavailable (RF),Unavailable (RF),Unavailable (RF)
2026-10-02 17:14:26,Diversity / RF 1Mbps / interval BER,No checked bits,No checked bits,No checked bits,0.000E+0,Unavailable,Unavailable,Unavailable (RF),Unavailable (RF),Unavailable (RF)
2026-10-02 17:14:27,Diversity / RF 1Mbps / interval BER,No checked bits,No checked bits,No checked bits,0.000E+0,Unavailable,Unavailable,Unavailable (RF),Unavailable (RF),Unavailable (RF)
2026-10-02 17:14:28,Diversity / RF 1Mbps / interval BER,No checked bits,No checked bits,No checked bits,0.000E+0,Unavailable,Unavailable,Unavailable (RF),Unavailable (RF),Unavailable (RF)
2026-10-02 17:14:29,Diversity / RF 1Mbps / interval BER,No checked bits,No checked bits,No checked bits,0.000E+0,Unavailable,Unavailable,Unavailable (RF),Unavailable (RF),Unavailable (RF)
2026-10-02 17:14:31,Diversity / RF 1Mbps / interval BER,No checked bits,No checked bits,No checked bits,0.000E+0,Unavailable,Unavailable,Unavailable (RF),Unavailable (RF),Unavailable (RF)
2026-10-02 17:14:32,Diversity / RF 1Mbps / interval BER,No checked bits,No checked bits,No checked bits,0.000E+0,Unavailable,Unavailable,Unavailable (RF),Unavailable (RF),Unavailable (RF)
2026-10-02 17:14:33,Diversity / RF 1Mbps / interval BER,No checked bits,No checked bits,No checked bits,0.000E+0,Unavailable,Unavailable,Unavailable (RF),Unavailable (RF),Unavailable (RF)
2026-10-02 17:14:34,Diversity / RF 1Mbps / interval BER,No checked bits,No checked bits,No checked bits,0.000E+0,Unavailable,Unavailable,Unavailable (RF),Unavailable (RF),Unavailable (RF)
2026-10-02 17:14:35,Diversity / RF 1Mbps / interval BER,No checked bits,No checked bits,No checked bits,0.000E+0,Unavailable,Unavailable,Unavailable (RF),Unavailable (RF),Unavailable (RF)
2026-10-02 17:14:36,Diversity / RF 1Mbps / interval BER,No checked bits,No checked bits,No checked bits,0.000E+0,Unavailable,Unavailable,Unavailable (RF),Unavailable (RF),Unavailable (RF)
2026-10-02 17:14:37,Diversity / RF 1Mbps / interval BER,No checked bits,No checked bits,No checked bits,0.000E+0,Unavailable,Unavailable,Unavailable (RF),Unavailable (RF),Unavailable (RF)
2026-10-02 17:14:38,Diversity / RF 1Mbps / interval BER,No checked bits,No checked bits,No checked bits,0.000E+0,Unavailable,Unavailable,Unavailable (RF),Unavailable (RF),Unavailable (RF)
2026-10-02 17:14:39,Diversity / RF 1Mbps / interval BER,No checked bits,No checked bits,No checked bits,0.000E+0,Unavailable,Unavailable,Unavailable (RF),Unavailable (RF),Unavailable (RF)
2026-10-02 17:14:40,Diversity / RF 1Mbps / interval BER,No checked bits,No checked bits,No checked bits,0.000E+0,Unavailable,Unavailable,Unavailable (RF),Unavailable (RF),Unavailable (RF)
2026-10-02 17:14:41,Diversity / RF 1Mbps / interval BER,No checked bits,No checked bits,No checked bits,0.000E+0,Unavailable,Unavailable,Unavailable (RF),Unavailable (RF),Unavailable (RF)
2026-10-02 17:14:42,Diversity / RF 1Mbps / interval BER,No checked bits,No checked bits,No checked bits,0.000E+0,Unavailable,Unavailable,Unavailable (RF),Unavailable (RF),Unavailable (RF)
2026-10-02 17:14:43,Diversity / RF 1Mbps / interval BER,No checked bits,No checked bits,No checked bits,0.000E+0,Unavailable,Unavailable,Unavailable (RF),Unavailable (RF),Unavailable (RF)
2026-10-02 17:14:44,Diversity / RF 1Mbps / interval BER,No checked bits,No checked bits,No checked bits,0.000E+0,Unavailable,Unavailable,Unavailable (RF),Unavailable (RF),Unavailable (RF)
2026-10-02 17:14:45,Diversity / RF 1Mbps / interval BER,No checked bits,No checked bits,No checked bits,0.000E+0,Unavailable,Unavailable,Unavailable (RF),Unavailable (RF),Unavailable (RF)
2026-10-02 17:14:46,Diversity / RF 1Mbps / interval BER,No checked bits,No checked bits,No checked bits,0.000E+0,Unavailable,Unavailable,Unavailable (RF),Unavailable (RF),Unavailable (RF)
2026-10-02 17:14:48,Diversity / RF 1Mbps / interval BER,No checked bits,No checked bits,No checked bits,0.000E+0,Unavailable,Unavailable,Unavailable (RF),Unavailable (RF),Unavailable (RF)
2026-10-02 17:14:49,Diversity / RF 1Mbps / interval BER,No checked bits,No checked bits,No checked bits,0.000E+0,Unavailable,Unavailable,Unavailable (RF),Unavailable (RF),Unavailable (RF)
2026-10-02 17:14:50,Diversity / RF 1Mbps / interval BER,No checked bits,No checked bits,No checked bits,0.000E+0,Unavailable,Unavailable,Unavailable (RF),Unavailable (RF),Unavailable (RF)
2026-10-02 17:14:51,Diversity / RF 1Mbps / interval BER,No checked bits,No checked bits,No checked bits,0.000E+0,Unavailable,Unavailable,Unavailable (RF),Unavailable (RF),Unavailable (RF)
2026-10-02 17:14:52,Diversity / RF 1Mbps / interval BER,No checked bits,No checked bits,No checked bits,0.000E+0,Unavailable,Unavailable,Unavailable (RF),Unavailable (RF),Unavailable (RF)
2026-10-02 17:14:53,Diversity / RF 1Mbps / interval BER,No checked bits,No checked bits,No checked bits,0.000E+0,Unavailable,Unavailable,Unavailable (RF),Unavailable (RF),Unavailable (RF)
2026-10-02 17:14:54,Diversity / RF 1Mbps / interval BER,No checked bits,No checked bits,No checked bits,0.000E+0,Unavailable,Unavailable,Unavailable (RF),Unavailable (RF),Unavailable (RF)
2026-10-02 17:14:55,Diversity / RF 1Mbps / interval BER,No checked bits,No checked bits,No checked bits,0.000E+0,Unavailable,Unavailable,Unavailable (RF),Unavailable (RF),Unavailable (RF)
2026-10-02 17:14:56,Diversity / RF 1Mbps / interval BER,No checked bits,No checked bits,No checked bits,0.000E+0,Unavailable,Unavailable,Unavailable (RF),Unavailable (RF),Unavailable (RF)
2026-10-02 17:14:57,Diversity / RF 1Mbps / interval BER,No checked bits,No checked bits,No checked bits,0.000E+0,Unavailable,Unavailable,Unavailable (RF),Unavailable (RF),Unavailable (RF)
2026-10-02 17:14:59,Diversity / RF 1Mbps / interval BER,No checked bits,No checked bits,No checked bits,0.000E+0,Unavailable,Unavailable,Unavailable (RF),Unavailable (RF),Unavailable (RF)
2026-10-02 17:15:00,Diversity / RF 1Mbps / interval BER,No checked bits,No checked bits,No checked bits,0.000E+0,Unavailable,Unavailable,Unavailable (RF),Unavailable (RF),Unavailable (RF)
2026-10-02 17:15:01,Diversity / RF 1Mbps / interval BER,No checked bits,No checked bits,No checked bits,0.000E+0,Unavailable,Unavailable,Unavailable (RF),Unavailable (RF),Unavailable (RF)
2026-10-02 17:15:02,Diversity / RF 1Mbps / interval BER,No checked bits,No checked bits,No checked bits,0.000E+0,Unavailable,Unavailable,Unavailable (RF),Unavailable (RF),Unavailable (RF)
2026-10-02 17:15:03,Diversity / RF 1Mbps / interval BER,No checked bits,No checked bits,No checked bits,0.000E+0,Unavailable,Unavailable,Unavailable (RF),Unavailable (RF),Unavailable (RF)
2026-10-02 17:15:04,Diversity / RF 1Mbps / interval BER,No checked bits,No checked bits,No checked bits,0.000E+0,Unavailable,Unavailable,Unavailable (RF),Unavailable (RF),Unavailable (RF)
2026-10-02 17:15:05,Diversity / RF 1Mbps / interval BER,No checked bits,No checked bits,No checked bits,0.000E+0,Unavailable,Unavailable,Unavailable (RF),Unavailable (RF),Unavailable (RF)
2026-10-02 17:15:06,Diversity / RF 1Mbps / interval BER,No checked bits,No checked bits,No checked bits,0.000E+0,Unavailable,Unavailable,Unavailable (RF),Unavailable (RF),Unavailable (RF)
2026-10-02 17:15:07,Diversity / RF 1Mbps / interval BER,No checked bits,No checked bits,No checked bits,0.000E+0,Unavailable,Unavailable,Unavailable (RF),Unavailable (RF),Unavailable (RF)
2026-10-02 17:15:08,Diversity / RF 1Mbps / interval BER,No checked bits,No checked bits,No checked bits,0.000E+0,Unavailable,Unavailable,Unavailable (RF),Unavailable (RF),Unavailable (RF)
2026-10-02 17:15:10,Diversity / RF 1Mbps / interval BER,No checked bits,No checked bits,No checked bits,0.000E+0,Unavailable,Unavailable,Unavailable (RF),Unavailable (RF),Unavailable (RF)
2026-10-02 17:15:11,Diversity / RF 1Mbps / interval BER,No checked bits,No checked bits,No checked bits,0.000E+0,Unavailable,Unavailable,Unavailable (RF),Unavailable (RF),Unavailable (RF)
2026-10-02 17:15:12,Diversity / RF 1Mbps / interval BER,No checked bits,No checked bits,No checked bits,0.000E+0,Unavailable,Unavailable,Unavailable (RF),Unavailable (RF),Unavailable (RF)
2026-10-02 17:15:13,Diversity / RF 1Mbps / interval BER,No checked bits,No checked bits,No checked bits,0.000E+0,Unavailable,Unavailable,Unavailable (RF),Unavailable (RF),Unavailable (RF)
2026-10-02 17:15:14,Diversity / RF 1Mbps / interval BER,No checked bits,No checked bits,No checked bits,0.000E+0,Unavailable,Unavailable,Unavailable (RF),Unavailable (RF),Unavailable (RF)
2026-10-02 17:15:15,Diversity / RF 1Mbps / interval BER,No checked bits,No checked bits,No checked bits,0.000E+0,Unavailable,Unavailable,Unavailable (RF),Unavailable (RF),Unavailable (RF)
2026-10-02 17:15:16,Diversity / RF 1Mbps / interval BER,No checked bits,No checked bits,No checked bits,0.000E+0,Unavailable,Unavailable,Unavailable (RF),Unavailable (RF),Unavailable (RF)
2026-10-02 17:15:17,Diversity / RF 1Mbps / interval BER,No checked bits,No checked bits,No checked bits,0.000E+0,Unavailable,Unavailable,Unavailable (RF),Unavailable (RF),Unavailable (RF)
2026-10-02 17:15:18,Diversity / RF 1Mbps / interval BER,No checked bits,No checked bits,No checked bits,0.000E+0,Unavailable,Unavailable,Unavailable (RF),Unavailable (RF),Unavailable (RF)
2026-10-02 17:15:19,Diversity / RF 1Mbps / interval BER,No checked bits,No checked bits,No checked bits,0.000E+0,Unavailable,Unavailable,Unavailable (RF),Unavailable (RF),Unavailable (RF)
2026-10-02 17:15:21,Diversity / RF 1Mbps / interval BER,No checked bits,No checked bits,No checked bits,0.000E+0,Unavailable,Unavailable,Unavailable (RF),Unavailable (RF),Unavailable (RF)
2026-10-02 17:15:22,Diversity / RF 1Mbps / interval BER,No checked bits,No checked bits,No checked bits,0.000E+0,Unavailable,Unavailable,Unavailable (RF),Unavailable (RF),Unavailable (RF)
2026-10-02 17:15:23,Diversity / RF 1Mbps / interval BER,No checked bits,No checked bits,No checked bits,0.000E+0,Unavailable,Unavailable,Unavailable (RF),Unavailable (RF),Unavailable (RF)
2026-10-02 17:15:24,Diversity / RF 1Mbps / interval BER,No checked bits,No checked bits,No checked bits,0.000E+0,Unavailable,Unavailable,Unavailable (RF),Unavailable (RF),Unavailable (RF)
2026-10-02 17:15:25,Diversity / RF 1Mbps / interval BER,No checked bits,No checked bits,No checked bits,0.000E+0,Unavailable,Unavailable,Unavailable (RF),Unavailable (RF),Unavailable (RF)
2026-10-02 17:15:26,Diversity / RF 1Mbps / interval BER,No checked bits,No checked bits,No checked bits,0.000E+0,Unavailable,Unavailable,Unavailable (RF),Unavailable (RF),Unavailable (RF)
2026-10-02 17:15:27,Diversity / RF 1Mbps / interval BER,No checked bits,No checked bits,No checked bits,0.000E+0,Unavailable,Unavailable,Unavailable (RF),Unavailable (RF),Unavailable (RF)
2026-10-02 17:15:28,Diversity / RF 1Mbps / interval BER,No checked bits,No checked bits,No checked bits,0.000E+0,Unavailable,Unavailable,Unavailable (RF),Unavailable (RF),Unavailable (RF)
2026-10-02 17:15:29,Diversity / RF 1Mbps / interval BER,No checked bits,No checked bits,No checked bits,0.000E+0,Unavailable,Unavailable,Unavailable (RF),Unavailable (RF),Unavailable (RF)
2026-10-02 17:15:30,Diversity / RF 1Mbps / interval BER,No checked bits,No checked bits,No checked bits,0.000E+0,Unavailable,Unavailable,Unavailable (RF),Unavailable (RF),Unavailable (RF)
2026-10-02 17:15:32,Diversity / RF 1Mbps / interval BER,No checked bits,No checked bits,No checked bits,0.000E+0,Unavailable,Unavailable,Unavailable (RF),Unavailable (RF),Unavailable (RF)
2026-10-02 17:15:33,Diversity / RF 1Mbps / interval BER,No checked bits,No checked bits,No checked bits,0.000E+0,Unavailable,Unavailable,Unavailable (RF),Unavailable (RF),Unavailable (RF)
2026-10-02 17:15:34,Diversity / RF 1Mbps / interval BER,No checked bits,No checked bits,No checked bits,0.000E+0,Unavailable,Unavailable,Unavailable (RF),Unavailable (RF),Unavailable (RF)
2026-10-02 17:15:35,Diversity / RF 1Mbps / interval BER,No checked bits,No checked bits,No checked bits,0.000E+0,Unavailable,Unavailable,Unavailable (RF),Unavailable (RF),Unavailable (RF)
2026-10-02 17:15:36,Diversity / RF 1Mbps / interval BER,No checked bits,No checked bits,No checked bits,0.000E+0,Unavailable,Unavailable,Unavailable (RF),Unavailable (RF),Unavailable (RF)
2026-10-02 17:15:37,Diversity / RF 1Mbps / interval BER,No checked bits,No checked bits,No checked bits,0.000E+0,Unavailable,Unavailable,Unavailable (RF),Unavailable (RF),Unavailable (RF)
2026-10-02 17:15:38,Diversity / RF 1Mbps / interval BER,No checked bits,No checked bits,No checked bits,0.000E+0,Unavailable,Unavailable,Unavailable (RF),Unavailable (RF),Unavailable (RF)
2026-10-02 17:15:39,Diversity / RF 1Mbps / interval BER,No checked bits,No checked bits,No checked bits,0.000E+0,Unavailable,Unavailable,Unavailable (RF),Unavailable (RF),Unavailable (RF)
2026-10-02 17:15:41,Diversity / RF 1Mbps / interval BER,No checked bits,No checked bits,No checked bits,0.000E+0,Unavailable,Unavailable,Unavailable (RF),Unavailable (RF),Unavailable (RF)
2026-10-02 17:15:42,Diversity / RF 1Mbps / interval BER,No checked bits,No checked bits,No checked bits,0.000E+0,Unavailable,Unavailable,Unavailable (RF),Unavailable (RF),Unavailable (RF)
2026-10-02 17:15:43,Diversity / RF 1Mbps / interval BER,No checked bits,No checked bits,No checked bits,0.000E+0,Unavailable,Unavailable,Unavailable (RF),Unavailable (RF),Unavailable (RF)
2026-10-02 17:15:44,Diversity / RF 1Mbps / interval BER,No checked bits,No checked bits,No checked bits,0.000E+0,Unavailable,Unavailable,Unavailable (RF),Unavailable (RF),Unavailable (RF)
2026-10-02 17:15:45,Diversity / RF 1Mbps / interval BER,No checked bits,No checked bits,No checked bits,0.000E+0,Unavailable,Unavailable,Unavailable (RF),Unavailable (RF),Unavailable (RF)
2026-10-02 17:15:46,Diversity / RF 1Mbps / interval BER,No checked bits,No checked bits,No checked bits,0.000E+0,Unavailable,Unavailable,Unavailable (RF),Unavailable (RF),Unavailable (RF)
2026-10-02 17:15:47,Diversity / RF 1Mbps / interval BER,No checked bits,No checked bits,No checked bits,0.000E+0,Unavailable,Unavailable,Unavailable (RF),Unavailable (RF),Unavailable (RF)
2026-10-02 17:15:49,Diversity / RF 1Mbps / interval BER,No checked bits,No checked bits,No checked bits,0.000E+0,Unavailable,Unavailable,Unavailable (RF),Unavailable (RF),Unavailable (RF)
2026-10-02 17:15:50,Diversity / RF 1Mbps / interval BER,No checked bits,No checked bits,No checked bits,0.000E+0,Unavailable,Unavailable,Unavailable (RF),Unavailable (RF),Unavailable (RF)
2026-10-02 17:15:51,Diversity / RF 1Mbps / interval BER,No checked bits,No checked bits,No checked bits,0.000E+0,Unavailable,Unavailable,Unavailable (RF),Unavailable (RF),Unavailable (RF)
2026-10-02 17:15:52,Diversity / RF 1Mbps / interval BER,No checked bits,No checked bits,No checked bits,0.000E+0,Unavailable,Unavailable,Unavailable (RF),Unavailable (RF),Unavailable (RF)
2026-10-02 17:15:53,Diversity / RF 1Mbps / interval BER,No checked bits,No checked bits,No checked bits,0.000E+0,Unavailable,Unavailable,Unavailable (RF),Unavailable (RF),Unavailable (RF)
2026-10-02 17:15:54,Diversity / RF 1Mbps / interval BER,No checked bits,No checked bits,No checked bits,0.000E+0,Unavailable,Unavailable,Unavailable (RF),Unavailable (RF),Unavailable (RF)
2026-10-02 17:15:55,Diversity / RF 1Mbps / interval BER,No checked bits,No checked bits,No checked bits,0.000E+0,Unavailable,Unavailable,Unavailable (RF),Unavailable (RF),Unavailable (RF)
2026-10-02 17:15:56,Diversity / RF 1Mbps / interval BER,No checked bits,No checked bits,No checked bits,0.000E+0,Unavailable,Unavailable,Unavailable (RF),Unavailable (RF),Unavailable (RF)
2026-10-02 17:15:57,Diversity / RF 1Mbps / interval BER,No checked bits,No checked bits,No checked bits,0.000E+0,Unavailable,Unavailable,Unavailable (RF),Unavailable (RF),Unavailable (RF)
2026-10-02 17:15:59,Diversity / RF 1Mbps / interval BER,No checked bits,No checked bits,No checked bits,0.000E+0,Unavailable,Unavailable,Unavailable (RF),Unavailable (RF),Unavailable (RF)
2026-10-02 17:16:00,Diversity / RF 1Mbps / interval BER,No checked bits,No checked bits,No checked bits,0.000E+0,Unavailable,Unavailable,Unavailable (RF),Unavailable (RF),Unavailable (RF)
2026-10-02 17:16:01,Diversity / RF 1Mbps / interval BER,No checked bits,No checked bits,No checked bits,0.000E+0,Unavailable,Unavailable,Unavailable (RF),Unavailable (RF),Unavailable (RF)
2026-10-02 17:16:02,Diversity / RF 1Mbps / interval BER,No checked bits,No checked bits,No checked bits,0.000E+0,Unavailable,Unavailable,Unavailable (RF),Unavailable (RF),Unavailable (RF)
2026-10-02 17:16:03,Diversity / RF 1Mbps / interval BER,No checked bits,No checked bits,No checked bits,0.000E+0,Unavailable,Unavailable,Unavailable (RF),Unavailable (RF),Unavailable (RF)
2026-10-02 17:16:04,Diversity / RF 1Mbps / interval BER,No checked bits,No checked bits,No checked bits,0.000E+0,Unavailable,Unavailable,Unavailable (RF),Unavailable (RF),Unavailable (RF)
2026-10-02 17:16:05,Diversity / RF 1Mbps / interval BER,No checked bits,No checked bits,No checked bits,0.000E+0,Unavailable,Unavailable,Unavailable (RF),Unavailable (RF),Unavailable (RF)
2026-10-02 17:16:06,Diversity / RF 1Mbps / interval BER,No checked bits,No checked bits,No checked bits,0.000E+0,Unavailable,Unavailable,Unavailable (RF),Unavailable (RF),Unavailable (RF)
2026-10-02 17:16:07,Diversity / RF 1Mbps / interval BER,No checked bits,No checked bits,No checked bits,0.000E+0,Unavailable,Unavailable,Unavailable (RF),Unavailable (RF),Unavailable (RF)
2026-10-02 17:16:08,Diversity / RF 1Mbps / interval BER,No checked bits,No checked bits,No checked bits,0.000E+0,Unavailable,Unavailable,Unavailable (RF),Unavailable (RF),Unavailable (RF)
2026-10-02 17:16:09,Diversity / RF 1Mbps / interval BER,No checked bits,No checked bits,No checked bits,0.000E+0,Unavailable,Unavailable,Unavailable (RF),Unavailable (RF),Unavailable (RF)
2026-10-02 17:16:10,Diversity / RF 1Mbps / interval BER,No checked bits,No checked bits,No checked bits,0.000E+0,Unavailable,Unavailable,Unavailable (RF),Unavailable (RF),Unavailable (RF)
2026-10-02 17:16:12,Diversity / RF 1Mbps / interval BER,No checked bits,No checked bits,No checked bits,0.000E+0,Unavailable,Unavailable,Unavailable (RF),Unavailable (RF),Unavailable (RF)
2026-10-02 17:16:13,Diversity / RF 1Mbps / interval BER,No checked bits,No checked bits,No checked bits,0.000E+0,Unavailable,Unavailable,Unavailable (RF),Unavailable (RF),Unavailable (RF)
2026-10-02 17:16:14,Diversity / RF 1Mbps / interval BER,No checked bits,No checked bits,No checked bits,0.000E+0,Unavailable,Unavailable,Unavailable (RF),Unavailable (RF),Unavailable (RF)
2026-10-02 17:16:15,Diversity / RF 1Mbps / interval BER,No checked bits,No checked bits,No checked bits,0.000E+0,Unavailable,Unavailable,Unavailable (RF),Unavailable (RF),Unavailable (RF)
2026-10-02 17:16:16,Diversity / RF 1Mbps / interval BER,No checked bits,No checked bits,No checked bits,0.000E+0,Unavailable,Unavailable,Unavailable (RF),Unavailable (RF),Unavailable (RF)
2026-10-02 17:16:17,Diversity / RF 1Mbps / interval BER,No checked bits,No checked bits,No checked bits,0.000E+0,Unavailable,Unavailable,Unavailable (RF),Unavailable (RF),Unavailable (RF)
2026-10-02 17:16:18,Diversity / RF 1Mbps / interval BER,No checked bits,No checked bits,No checked bits,0.000E+0,Unavailable,Unavailable,Unavailable (RF),Unavailable (RF),Unavailable (RF)
2026-10-02 17:16:19,Diversity / RF 1Mbps / interval BER,No checked bits,No checked bits,No checked bits,0.000E+0,Unavailable,Unavailable,Unavailable (RF),Unavailable (RF),Unavailable (RF)
2026-10-02 17:16:20,Diversity / RF 1Mbps / interval BER,No checked bits,No checked bits,No checked bits,0.000E+0,Unavailable,Unavailable,Unavailable (RF),Unavailable (RF),Unavailable (RF)
2026-10-02 17:16:21,Diversity / RF 1Mbps / interval BER,No checked bits,No checked bits,No checked bits,0.000E+0,Unavailable,Unavailable,Unavailable (RF),Unavailable (RF),Unavailable (RF)
2026-10-02 17:16:23,Diversity / RF 1Mbps / interval BER,No checked bits,No checked bits,No checked bits,0.000E+0,Unavailable,Unavailable,Unavailable (RF),Unavailable (RF),Unavailable (RF)
2026-10-02 17:16:24,Diversity / RF 1Mbps / interval BER,No checked bits,No checked bits,No checked bits,0.000E+0,Unavailable,Unavailable,Unavailable (RF),Unavailable (RF),Unavailable (RF)
2026-10-02 17:16:25,Diversity / RF 1Mbps / interval BER,No checked bits,No checked bits,No checked bits,0.000E+0,Unavailable,Unavailable,Unavailable (RF),Unavailable (RF),Unavailable (RF)
2026-10-02 17:16:26,Diversity / RF 1Mbps / interval BER,No checked bits,No checked bits,No checked bits,0.000E+0,Unavailable,Unavailable,Unavailable (RF),Unavailable (RF),Unavailable (RF)
2026-10-02 17:16:27,Diversity / RF 1Mbps / interval BER,No checked bits,No checked bits,No checked bits,0.000E+0,Unavailable,Unavailable,Unavailable (RF),Unavailable (RF),Unavailable (RF)
2026-10-02 17:16:28,Diversity / RF 1Mbps / interval BER,No checked bits,No checked bits,No checked bits,0.000E+0,Unavailable,Unavailable,Unavailable (RF),Unavailable (RF),Unavailable (RF)
2026-10-02 17:16:29,Diversity / RF 1Mbps / interval BER,No checked bits,No checked bits,No checked bits,0.000E+0,Unavailable,Unavailable,Unavailable (RF),Unavailable (RF),Unavailable (RF)
2026-10-02 17:16:30,Diversity / RF 1Mbps / interval BER,No checked bits,No checked bits,No checked bits,0.000E+0,Unavailable,Unavailable,Unavailable (RF),Unavailable (RF),Unavailable (RF)
2026-10-02 17:16:31,Diversity / RF 1Mbps / interval BER,No checked bits,No checked bits,No checked bits,0.000E+0,Unavailable,Unavailable,Unavailable (RF),Unavailable (RF),Unavailable (RF)
2026-10-02 17:16:32,Diversity / RF 1Mbps / interval BER,No checked bits,No checked bits,No checked bits,0.000E+0,Unavailable,Unavailable,Unavailable (RF),Unavailable (RF),Unavailable (RF)
2026-10-02 17:16:34,Diversity / RF 1Mbps / interval BER,No checked bits,No checked bits,No checked bits,0.000E+0,Unavailable,Unavailable,Unavailable (RF),Unavailable (RF),Unavailable (RF)
2026-10-02 17:16:35,Diversity / RF 1Mbps / interval BER,No checked bits,No checked bits,No checked bits,0.000E+0,Unavailable,Unavailable,Unavailable (RF),Unavailable (RF),Unavailable (RF)
2026-10-02 17:16:36,Diversity / RF 1Mbps / interval BER,No checked bits,No checked bits,No checked bits,0.000E+0,Unavailable,Unavailable,Unavailable (RF),Unavailable (RF),Unavailable (RF)
2026-10-02 17:16:37,Diversity / RF 1Mbps / interval BER,No checked bits,No checked bits,No checked bits,0.000E+0,Unavailable,Unavailable,Unavailable (RF),Unavailable (RF),Unavailable (RF)
2026-10-02 17:16:38,Diversity / RF 1Mbps / interval BER,No checked bits,No checked bits,No checked bits,0.000E+0,Unavailable,Unavailable,Unavailable (RF),Unavailable (RF),Unavailable (RF)
2026-10-02 17:16:39,Diversity / RF 1Mbps / interval BER,No checked bits,No checked bits,No checked bits,0.000E+0,Unavailable,Unavailable,Unavailable (RF),Unavailable (RF),Unavailable (RF)
2026-10-02 17:16:40,Diversity / RF 1Mbps / interval BER,No checked bits,No checked bits,No checked bits,0.000E+0,Unavailable,Unavailable,Unavailable (RF),Unavailable (RF),Unavailable (RF)
2026-10-02 17:16:41,Diversity / RF 1Mbps / interval BER,No checked bits,No checked bits,No checked bits,0.000E+0,Unavailable,Unavailable,Unavailable (RF),Unavailable (RF),Unavailable (RF)
2026-10-02 17:16:43,Diversity / RF 1Mbps / interval BER,No checked bits,No checked bits,No checked bits,0.000E+0,Unavailable,Unavailable,Unavailable (RF),Unavailable (RF),Unavailable (RF)
2026-10-02 17:16:44,Diversity / RF 1Mbps / interval BER,No checked bits,No checked bits,No checked bits,0.000E+0,Unavailable,Unavailable,Unavailable (RF),Unavailable (RF),Unavailable (RF)
2026-10-02 17:16:45,Diversity / RF 1Mbps / interval BER,No checked bits,No checked bits,No checked bits,0.000E+0,Unavailable,Unavailable,Unavailable (RF),Unavailable (RF),Unavailable (RF)
2026-10-02 17:16:46,Diversity / RF 1Mbps / interval BER,No checked bits,No checked bits,No checked bits,0.000E+0,Unavailable,Unavailable,Unavailable (RF),Unavailable (RF),Unavailable (RF)
2026-10-02 17:16:47,Diversity / RF 1Mbps / interval BER,No checked bits,No checked bits,No checked bits,0.000E+0,Unavailable,Unavailable,Unavailable (RF),Unavailable (RF),Unavailable (RF)
2026-10-02 17:16:48,Diversity / RF 1Mbps / interval BER,No checked bits,No checked bits,No checked bits,0.000E+0,Unavailable,Unavailable,Unavailable (RF),Unavailable (RF),Unavailable (RF)
2026-10-02 17:16:49,Diversity / RF 1Mbps / interval BER,No checked bits,No checked bits,No checked bits,0.000E+0,Unavailable,Unavailable,Unavailable (RF),Unavailable (RF),Unavailable (RF)
2026-10-02 17:16:50,Diversity / RF 1Mbps / interval BER,No checked bits,No checked bits,No checked bits,0.000E+0,Unavailable,Unavailable,Unavailable (RF),Unavailable (RF),Unavailable (RF)
2026-10-02 17:16:51,Diversity / RF 1Mbps / interval BER,No checked bits,No checked bits,No checked bits,0.000E+0,Unavailable,Unavailable,Unavailable (RF),Unavailable (RF),Unavailable (RF)
2026-10-02 17:16:52,Diversity / RF 1Mbps / interval BER,No checked bits,No checked bits,No checked bits,0.000E+0,Unavailable,Unavailable,Unavailable (RF),Unavailable (RF),Unavailable (RF)
2026-10-02 17:16:53,Diversity / RF 1Mbps / interval BER,No checked bits,No checked bits,No checked bits,0.000E+0,Unavailable,Unavailable,Unavailable (RF),Unavailable (RF),Unavailable (RF)
2026-10-02 17:16:54,Diversity / RF 1Mbps / interval BER,No checked bits,No checked bits,No checked bits,0.000E+0,Unavailable,Unavailable,Unavailable (RF),Unavailable (RF),Unavailable (RF)
2026-10-02 17:16:56,Diversity / RF 1Mbps / interval BER,No checked bits,No checked bits,No checked bits,0.000E+0,Unavailable,Unavailable,Unavailable (RF),Unavailable (RF),Unavailable (RF)
2026-10-02 17:16:57,Diversity / RF 1Mbps / interval BER,No checked bits,No checked bits,No checked bits,0.000E+0,Unavailable,Unavailable,Unavailable (RF),Unavailable (RF),Unavailable (RF)
2026-10-02 17:16:58,Diversity / RF 1Mbps / interval BER,No checked bits,No checked bits,No checked bits,0.000E+0,Unavailable,Unavailable,Unavailable (RF),Unavailable (RF),Unavailable (RF)
2026-10-02 17:16:59,Diversity / RF 1Mbps / interval BER,No checked bits,No checked bits,No checked bits,0.000E+0,Unavailable,Unavailable,Unavailable (RF),Unavailable (RF),Unavailable (RF)
2026-10-02 17:17:00,Diversity / RF 1Mbps / interval BER,No checked bits,No checked bits,No checked bits,0.000E+0,Unavailable,Unavailable,Unavailable (RF),Unavailable (RF),Unavailable (RF)
2026-10-02 17:17:01,Diversity / RF 1Mbps / interval BER,No checked bits,No checked bits,No checked bits,0.000E+0,Unavailable,Unavailable,Unavailable (RF),Unavailable (RF),Unavailable (RF)
2026-10-02 17:17:02,Diversity / RF 1Mbps / interval BER,No checked bits,No checked bits,No checked bits,0.000E+0,Unavailable,Unavailable,Unavailable (RF),Unavailable (RF),Unavailable (RF)
2026-10-02 17:17:03,Diversity / RF 1Mbps / interval BER,No checked bits,No checked bits,No checked bits,0.000E+0,Unavailable,Unavailable,Unavailable (RF),Unavailable (RF),Unavailable (RF)
2026-10-02 17:17:04,Diversity / RF 1Mbps / interval BER,No checked bits,No checked bits,No checked bits,0.000E+0,Unavailable,Unavailable,Unavailable (RF),Unavailable (RF),Unavailable (RF)
2026-10-02 17:17:05,Diversity / RF 1Mbps / interval BER,No checked bits,No checked bits,No checked bits,0.000E+0,Unavailable,Unavailable,Unavailable (RF),Unavailable (RF),Unavailable (RF)
2026-10-02 17:17:07,Diversity / RF 1Mbps / interval BER,No checked bits,No checked bits,No checked bits,0.000E+0,Unavailable,Unavailable,Unavailable (RF),Unavailable (RF),Unavailable (RF)
2026-10-02 17:17:08,Diversity / RF 1Mbps / interval BER,No checked bits,No checked bits,No checked bits,0.000E+0,Unavailable,Unavailable,Unavailable (RF),Unavailable (RF),Unavailable (RF)
2026-10-02 17:17:09,Diversity / RF 1Mbps / interval BER,No checked bits,No checked bits,No checked bits,0.000E+0,Unavailable,Unavailable,Unavailable (RF),Unavailable (RF),Unavailable (RF)
2026-10-02 17:17:10,Diversity / RF 1Mbps / interval BER,No checked bits,No checked bits,No checked bits,0.000E+0,Unavailable,Unavailable,Unavailable (RF),Unavailable (RF),Unavailable (RF)
2026-10-02 17:17:11,Diversity / RF 1Mbps / interval BER,No checked bits,No checked bits,No checked bits,0.000E+0,Unavailable,Unavailable,Unavailable (RF),Unavailable (RF),Unavailable (RF)
2026-10-02 17:17:12,Diversity / RF 1Mbps / interval BER,No checked bits,No checked bits,No checked bits,0.000E+0,Unavailable,Unavailable,Unavailable (RF),Unavailable (RF),Unavailable (RF)
2026-10-02 17:17:13,Diversity / RF 1Mbps / interval BER,No checked bits,No checked bits,No checked bits,0.000E+0,Unavailable,Unavailable,Unavailable (RF),Unavailable (RF),Unavailable (RF)
2026-10-02 17:17:14,Diversity / RF 1Mbps / interval BER,No checked bits,No checked bits,No checked bits,0.000E+0,Unavailable,Unavailable,Unavailable (RF),Unavailable (RF),Unavailable (RF)
2026-10-02 17:17:15,Diversity / RF 1Mbps / interval BER,No checked bits,No checked bits,No checked bits,0.000E+0,Unavailable,Unavailable,Unavailable (RF),Unavailable (RF),Unavailable (RF)
2026-10-02 17:17:17,Diversity / RF 1Mbps / interval BER,No checked bits,No checked bits,No checked bits,0.000E+0,Unavailable,Unavailable,Unavailable (RF),Unavailable (RF),Unavailable (RF)
2026-10-02 17:17:18,Diversity / RF 1Mbps / interval BER,No checked bits,No checked bits,No checked bits,0.000E+0,Unavailable,Unavailable,Unavailable (RF),Unavailable (RF),Unavailable (RF)
2026-10-02 17:17:19,Diversity / RF 1Mbps / interval BER,No checked bits,No checked bits,No checked bits,0.000E+0,Unavailable,Unavailable,Unavailable (RF),Unavailable (RF),Unavailable (RF)
2026-10-02 17:17:20,Diversity / RF 1Mbps / interval BER,No checked bits,No checked bits,No checked bits,0.000E+0,Unavailable,Unavailable,Unavailable (RF),Unavailable (RF),Unavailable (RF)
2026-10-02 17:17:21,Diversity / RF 1Mbps / interval BER,No checked bits,No checked bits,No checked bits,0.000E+0,Unavailable,Unavailable,Unavailable (RF),Unavailable (RF),Unavailable (RF)
2026-10-02 17:17:22,Diversity / RF 1Mbps / interval BER,No checked bits,No checked bits,No checked bits,0.000E+0,Unavailable,Unavailable,Unavailable (RF),Unavailable (RF),Unavailable (RF)
2026-10-02 17:17:23,Diversity / RF 1Mbps / interval BER,No checked bits,No checked bits,No checked bits,0.000E+0,Unavailable,Unavailable,Unavailable (RF),Unavailable (RF),Unavailable (RF)
2026-10-02 17:17:24,Diversity / RF 1Mbps / interval BER,No checked bits,No checked bits,No checked bits,0.000E+0,Unavailable,Unavailable,Unavailable (RF),Unavailable (RF),Unavailable (RF)
2026-10-02 17:17:25,Diversity / RF 1Mbps / interval BER,No checked bits,No checked bits,No checked bits,0.000E+0,Unavailable,Unavailable,Unavailable (RF),Unavailable (RF),Unavailable (RF)
2026-10-02 17:17:26,Diversity / RF 1Mbps / interval BER,No checked bits,No checked bits,No checked bits,0.000E+0,Unavailable,Unavailable,Unavailable (RF),Unavailable (RF),Unavailable (RF)
2026-10-02 17:17:27,Diversity / RF 1Mbps / interval BER,No checked bits,No checked bits,No checked bits,0.000E+0,Unavailable,Unavailable,Unavailable (RF),Unavailable (RF),Unavailable (RF)
2026-10-02 17:17:29,Diversity / RF 1Mbps / interval BER,No checked bits,No checked bits,No checked bits,0.000E+0,Unavailable,Unavailable,Unavailable (RF),Unavailable (RF),Unavailable (RF)
2026-10-02 17:17:30,Diversity / RF 1Mbps / interval BER,No checked bits,No checked bits,No checked bits,0.000E+0,Unavailable,Unavailable,Unavailable (RF),Unavailable (RF),Unavailable (RF)
2026-10-02 17:17:31,Diversity / RF 1Mbps / interval BER,No checked bits,No checked bits,No checked bits,0.000E+0,Unavailable,Unavailable,Unavailable (RF),Unavailable (RF),Unavailable (RF)
2026-10-02 17:17:32,Diversity / RF 1Mbps / interval BER,No checked bits,No checked bits,No checked bits,0.000E+0,Unavailable,Unavailable,Unavailable (RF),Unavailable (RF),Unavailable (RF)
2026-10-02 17:17:33,Diversity / RF 1Mbps / interval BER,No checked bits,No checked bits,No checked bits,0.000E+0,Unavailable,Unavailable,Unavailable (RF),Unavailable (RF),Unavailable (RF)
2026-10-02 17:17:34,Diversity / RF 1Mbps / interval BER,No checked bits,No checked bits,No checked bits,0.000E+0,Unavailable,Unavailable,Unavailable (RF),Unavailable (RF),Unavailable (RF)
2026-10-02 17:17:35,Diversity / RF 1Mbps / interval BER,No checked bits,No checked bits,No checked bits,0.000E+0,Unavailable,Unavailable,Unavailable (RF),Unavailable (RF),Unavailable (RF)
2026-10-02 17:17:36,Diversity / RF 1Mbps / interval BER,No checked bits,No checked bits,No checked bits,0.000E+0,Unavailable,Unavailable,Unavailable (RF),Unavailable (RF),Unavailable (RF)
2026-10-02 17:17:37,Diversity / RF 1Mbps / interval BER,No checked bits,No checked bits,No checked bits,0.000E+0,Unavailable,Unavailable,Unavailable (RF),Unavailable (RF),Unavailable (RF)
2026-10-02 17:17:38,Diversity / RF 1Mbps / interval BER,No checked bits,No checked bits,No checked bits,0.000E+0,Unavailable,Unavailable,Unavailable (RF),Unavailable (RF),Unavailable (RF)
2026-10-02 17:17:39,Diversity / RF 1Mbps / interval BER,No checked bits,No checked bits,No checked bits,0.000E+0,Unavailable,Unavailable,Unavailable (RF),Unavailable (RF),Unavailable (RF)
2026-10-02 17:17:40,Diversity / RF 1Mbps / interval BER,No checked bits,No checked bits,No checked bits,0.000E+0,Unavailable,Unavailable,Unavailable (RF),Unavailable (RF),Unavailable (RF)
2026-10-02 17:17:42,Diversity / RF 1Mbps / interval BER,No checked bits,No checked bits,No checked bits,0.000E+0,Unavailable,Unavailable,Unavailable (RF),Unavailable (RF),Unavailable (RF)
2026-10-02 17:17:43,Diversity / RF 1Mbps / interval BER,No checked bits,No checked bits,No checked bits,0.000E+0,Unavailable,Unavailable,Unavailable (RF),Unavailable (RF),Unavailable (RF)
2026-10-02 17:17:44,Diversity / RF 1Mbps / interval BER,No checked bits,No checked bits,No checked bits,0.000E+0,Unavailable,Unavailable,Unavailable (RF),Unavailable (RF),Unavailable (RF)
2026-10-02 17:17:45,Diversity / RF 1Mbps / interval BER,No checked bits,No checked bits,No checked bits,0.000E+0,Unavailable,Unavailable,Unavailable (RF),Unavailable (RF),Unavailable (RF)
2026-10-02 17:17:46,Diversity / RF 1Mbps / interval BER,No checked bits,No checked bits,No checked bits,0.000E+0,Unavailable,Unavailable,Unavailable (RF),Unavailable (RF),Unavailable (RF)
2026-10-02 17:17:47,Diversity / RF 1Mbps / interval BER,No checked bits,No checked bits,No checked bits,0.000E+0,Unavailable,Unavailable,Unavailable (RF),Unavailable (RF),Unavailable (RF)
2026-10-02 17:17:48,Diversity / RF 1Mbps / interval BER,No checked bits,No checked bits,No checked bits,0.000E+0,Unavailable,Unavailable,Unavailable (RF),Unavailable (RF),Unavailable (RF)
2026-10-02 17:17:49,Diversity / RF 1Mbps / interval BER,No checked bits,No checked bits,No checked bits,0.000E+0,Unavailable,Unavailable,Unavailable (RF),Unavailable (RF),Unavailable (RF)
2026-10-02 17:17:50,Diversity / RF 1Mbps / interval BER,No checked bits,No checked bits,No checked bits,0.000E+0,Unavailable,Unavailable,Unavailable (RF),Unavailable (RF),Unavailable (RF)
2026-10-02 17:17:51,Diversity / RF 1Mbps / interval BER,No checked bits,No checked bits,No checked bits,0.000E+0,Unavailable,Unavailable,Unavailable (RF),Unavailable (RF),Unavailable (RF)
2026-10-02 17:17:52,Diversity / RF 1Mbps / interval BER,No checked bits,No checked bits,No checked bits,0.000E+0,Unavailable,Unavailable,Unavailable (RF),Unavailable (RF),Unavailable (RF)
2026-10-02 17:17:53,Diversity / RF 1Mbps / interval BER,No checked bits,No checked bits,No checked bits,0.000E+0,Unavailable,Unavailable,Unavailable (RF),Unavailable (RF),Unavailable (RF)
2026-10-02 17:17:55,Diversity / RF 1Mbps / interval BER,No checked bits,No checked bits,No checked bits,0.000E+0,Unavailable,Unavailable,Unavailable (RF),Unavailable (RF),Unavailable (RF)
2026-10-02 17:17:56,Diversity / RF 1Mbps / interval BER,No checked bits,No checked bits,No checked bits,0.000E+0,Unavailable,Unavailable,Unavailable (RF),Unavailable (RF),Unavailable (RF)
2026-10-02 17:17:57,Diversity / RF 1Mbps / interval BER,No checked bits,No checked bits,No checked bits,0.000E+0,Unavailable,Unavailable,Unavailable (RF),Unavailable (RF),Unavailable (RF)
2026-10-02 17:17:58,Diversity / RF 1Mbps / interval BER,No checked bits,No checked bits,No checked bits,0.000E+0,Unavailable,Unavailable,Unavailable (RF),Unavailable (RF),Unavailable (RF)
2026-10-02 17:17:59,Diversity / RF 1Mbps / interval BER,No checked bits,No checked bits,No checked bits,0.000E+0,Unavailable,Unavailable,Unavailable (RF),Unavailable (RF),Unavailable (RF)
2026-10-02 17:18:00,Diversity / RF 1Mbps / interval BER,No checked bits,No checked bits,No checked bits,0.000E+0,Unavailable,Unavailable,Unavailable (RF),Unavailable (RF),Unavailable (RF)
2026-10-02 17:18:01,Diversity / RF 1Mbps / interval BER,No checked bits,No checked bits,No checked bits,0.000E+0,Unavailable,Unavailable,Unavailable (RF),Unavailable (RF),Unavailable (RF)
2026-10-02 17:18:02,Diversity / RF 1Mbps / interval BER,No checked bits,No checked bits,No checked bits,0.000E+0,Unavailable,Unavailable,Unavailable (RF),Unavailable (RF),Unavailable (RF)
2026-10-02 17:18:03,Diversity / RF 1Mbps / interval BER,No checked bits,No checked bits,No checked bits,0.000E+0,Unavailable,Unavailable,Unavailable (RF),Unavailable (RF),Unavailable (RF)
2026-10-02 17:18:04,Diversity / RF 1Mbps / interval BER,No checked bits,No checked bits,No checked bits,0.000E+0,Unavailable,Unavailable,Unavailable (RF),Unavailable (RF),Unavailable (RF)
2026-10-02 17:18:06,Diversity / RF 1Mbps / interval BER,No checked bits,No checked bits,No checked bits,0.000E+0,Unavailable,Unavailable,Unavailable (RF),Unavailable (RF),Unavailable (RF)
2026-10-02 17:18:07,Diversity / RF 1Mbps / interval BER,No checked bits,No checked bits,No checked bits,0.000E+0,Unavailable,Unavailable,Unavailable (RF),Unavailable (RF),Unavailable (RF)
2026-10-02 17:18:08,Diversity / RF 1Mbps / interval BER,No checked bits,No checked bits,No checked bits,0.000E+0,Unavailable,Unavailable,Unavailable (RF),Unavailable (RF),Unavailable (RF)
2026-10-02 17:18:09,Diversity / RF 1Mbps / interval BER,No checked bits,No checked bits,No checked bits,0.000E+0,Unavailable,Unavailable,Unavailable (RF),Unavailable (RF),Unavailable (RF)
2026-10-02 17:18:10,Diversity / RF 1Mbps / interval BER,No checked bits,No checked bits,No checked bits,0.000E+0,Unavailable,Unavailable,Unavailable (RF),Unavailable (RF),Unavailable (RF)
2026-10-02 17:18:11,Diversity / RF 1Mbps / interval BER,No checked bits,No checked bits,No checked bits,0.000E+0,Unavailable,Unavailable,Unavailable (RF),Unavailable (RF),Unavailable (RF)
2026-10-02 17:18:12,Diversity / RF 1Mbps / interval BER,No checked bits,No checked bits,No checked bits,0.000E+0,Unavailable,Unavailable,Unavailable (RF),Unavailable (RF),Unavailable (RF)
2026-10-02 17:18:14,Diversity / RF 1Mbps / interval BER,No checked bits,No checked bits,No checked bits,0.000E+0,Unavailable,Unavailable,Unavailable (RF),Unavailable (RF),Unavailable (RF)
2026-10-02 17:18:15,Diversity / RF 1Mbps / interval BER,No checked bits,No checked bits,No checked bits,0.000E+0,Unavailable,Unavailable,Unavailable (RF),Unavailable (RF),Unavailable (RF)
2026-10-02 17:18:16,Diversity / RF 1Mbps / interval BER,No checked bits,No checked bits,No checked bits,0.000E+0,Unavailable,Unavailable,Unavailable (RF),Unavailable (RF),Unavailable (RF)
2026-10-02 17:18:17,Diversity / RF 1Mbps / interval BER,No checked bits,No checked bits,No checked bits,0.000E+0,Unavailable,Unavailable,Unavailable (RF),Unavailable (RF),Unavailable (RF)
2026-10-02 17:18:18,Diversity / RF 1Mbps / interval BER,No checked bits,No checked bits,No checked bits,0.000E+0,Unavailable,Unavailable,Unavailable (RF),Unavailable (RF),Unavailable (RF)
2026-10-02 17:18:19,Diversity / RF 1Mbps / interval BER,No checked bits,No checked bits,No checked bits,0.000E+0,Unavailable,Unavailable,Unavailable (RF),Unavailable (RF),Unavailable (RF)
2026-10-02 17:18:20,Diversity / RF 1Mbps / interval BER,No checked bits,No checked bits,No checked bits,0.000E+0,Unavailable,Unavailable,Unavailable (RF),Unavailable (RF),Unavailable (RF)
2026-10-02 17:18:21,Diversity / RF 1Mbps / interval BER,No checked bits,No checked bits,No checked bits,0.000E+0,Unavailable,Unavailable,Unavailable (RF),Unavailable (RF),Unavailable (RF)
2026-10-02 17:18:23,Diversity / RF 1Mbps / interval BER,No checked bits,No checked bits,No checked bits,0.000E+0,Unavailable,Unavailable,Unavailable (RF),Unavailable (RF),Unavailable (RF)
2026-10-02 17:18:24,Diversity / RF 1Mbps / interval BER,No checked bits,No checked bits,No checked bits,0.000E+0,Unavailable,Unavailable,Unavailable (RF),Unavailable (RF),Unavailable (RF)
2026-10-02 17:18:25,Diversity / RF 1Mbps / interval BER,No checked bits,No checked bits,No checked bits,0.000E+0,Unavailable,Unavailable,Unavailable (RF),Unavailable (RF),Unavailable (RF)
2026-10-02 17:18:26,Diversity / RF 1Mbps / interval BER,No checked bits,No checked bits,No checked bits,0.000E+0,Unavailable,Unavailable,Unavailable (RF),Unavailable (RF),Unavailable (RF)
2026-10-02 17:18:27,Diversity / RF 1Mbps / interval BER,No checked bits,No checked bits,No checked bits,0.000E+0,Unavailable,Unavailable,Unavailable (RF),Unavailable (RF),Unavailable (RF)
2026-10-02 17:18:28,Diversity / RF 1Mbps / interval BER,No checked bits,No checked bits,No checked bits,0.000E+0,Unavailable,Unavailable,Unavailable (RF),Unavailable (RF),Unavailable (RF)
2026-10-02 17:18:30,Diversity / RF 1Mbps / interval BER,No checked bits,No checked bits,No checked bits,0.000E+0,Unavailable,Unavailable,Unavailable (RF),Unavailable (RF),Unavailable (RF)
2026-10-02 17:18:31,Diversity / RF 1Mbps / interval BER,No checked bits,No checked bits,No checked bits,0.000E+0,Unavailable,Unavailable,Unavailable (RF),Unavailable (RF),Unavailable (RF)
2026-10-02 17:18:32,Diversity / RF 1Mbps / interval BER,No checked bits,No checked bits,No checked bits,0.000E+0,Unavailable,Unavailable,Unavailable (RF),Unavailable (RF),Unavailable (RF)
2026-10-02 17:18:33,Diversity / RF 1Mbps / interval BER,No checked bits,No checked bits,No checked bits,0.000E+0,Unavailable,Unavailable,Unavailable (RF),Unavailable (RF),Unavailable (RF)
2026-10-02 17:18:34,Diversity / RF 1Mbps / interval BER,No checked bits,No checked bits,No checked bits,0.000E+0,Unavailable,Unavailable,Unavailable (RF),Unavailable (RF),Unavailable (RF)
2026-10-02 17:18:36,Diversity / RF 1Mbps / interval BER,No checked bits,No checked bits,No checked bits,0.000E+0,Unavailable,Unavailable,Unavailable (RF),Unavailable (RF),Unavailable (RF)
2026-10-02 17:18:37,Diversity / RF 1Mbps / interval BER,No checked bits,No checked bits,No checked bits,0.000E+0,Unavailable,Unavailable,Unavailable (RF),Unavailable (RF),Unavailable (RF)
2026-10-02 17:18:38,Diversity / RF 1Mbps / interval BER,No checked bits,No checked bits,No checked bits,0.000E+0,Unavailable,Unavailable,Unavailable (RF),Unavailable (RF),Unavailable (RF)
2026-10-02 17:18:39,Diversity / RF 1Mbps / interval BER,No checked bits,No checked bits,No checked bits,0.000E+0,Unavailable,Unavailable,Unavailable (RF),Unavailable (RF),Unavailable (RF)
2026-10-02 17:18:40,Diversity / RF 1Mbps / interval BER,No checked bits,No checked bits,No checked bits,0.000E+0,4.127,0.000,Unavailable (RF),Unavailable (RF),Unavailable (RF)
2026-10-02 17:18:42,Diversity / RF 1Mbps / interval BER,1.248E-01,No checked bits,1.248E-01,0.000E+0,5.850,0.000,Unavailable (RF),Unavailable (RF),Unavailable (RF)
2026-10-02 17:18:43,Diversity / RF 1Mbps / interval BER,No checked bits,No checked bits,No checked bits,0.000E+0,Unavailable,Unavailable,Unavailable (RF),Unavailable (RF),Unavailable (RF)
2026-10-02 17:18:44,Diversity / RX1 / interval BER,1.250E-01,No checked bits,1.250E-01,N/A,23.665,0.000,1.256E-01,23.664892,0.000000
2026-10-02 17:18:46,Diversity / RX1 / interval BER,1.252E-01,No checked bits,1.252E-01,N/A,16.061,0.000,1.261E-01,16.060771,0.000000
2026-10-02 17:18:47,Diversity / RX1 / interval BER,1.248E-01,No checked bits,1.248E-01,N/A,50.000,0.000,1.240E-01,50.000000,0.000000
2026-10-02 17:18:48,Diversity / RX1 / interval BER,1.249E-01,No checked bits,1.249E-01,N/A,50.000,0.000,1.239E-01,50.000000,0.000000
2026-10-02 17:18:49,Diversity / RX1 / interval BER,1.250E-01,No checked bits,1.250E-01,N/A,50.000,0.000,1.156E-01,50.000000,0.000000
2026-10-02 17:18:50,Diversity / RX1 / interval BER,9.318E-02,No checked bits,9.318E-02,N/A,50.000,0.000,9.879E-02,50.000000,0.000000
2026-10-02 17:18:51,Diversity / RX1 / interval BER,1.249E-01,No checked bits,1.249E-01,N/A,50.000,0.000,1.106E-01,50.000000,0.000000
2026-10-02 17:18:52,Diversity / RX1 / interval BER,7.144E-02,No checked bits,7.144E-02,N/A,50.000,0.000,7.404E-02,50.000000,0.000000
2026-10-02 17:18:53,Diversity / RX1 / interval BER,1.109E-01,No checked bits,1.109E-01,N/A,50.000,0.000,1.074E-01,50.000000,0.000000
2026-10-02 17:18:54,Diversity / RX1 / interval BER,1.171E-01,No checked bits,1.171E-01,N/A,50.000,0.000,9.731E-02,50.000000,0.000000
2026-10-02 17:18:55,Diversity / RX1 / interval BER,6.202E-02,No checked bits,6.202E-02,N/A,50.000,0.000,6.231E-02,50.000000,0.000000
2026-10-02 17:18:56,Diversity / RX1 / interval BER,7.008E-02,No checked bits,7.008E-02,N/A,50.000,0.000,5.981E-02,50.000000,0.000000
2026-10-02 17:18:57,Diversity / RX1 / interval BER,4.380E-02,No checked bits,4.380E-02,N/A,50.000,0.000,9.573E-03,50.000000,0.000000
2026-10-02 17:18:58,Diversity / RX1 / interval BER,1.191E-04,No checked bits,1.191E-04,N/A,50.000,0.000,1.091E-04,50.000001,0.000000
2026-10-02 17:18:59,Diversity / RX1 / interval BER,1.304E-04,No checked bits,1.304E-04,N/A,50.000,0.000,2.743E-05,50.000000,0.000000
2026-10-02 17:19:00,Diversity / RX1 / interval BER,7.870E-06,No checked bits,7.870E-06,N/A,50.000,0.000,1.386E-05,50.000000,0.000000
2026-10-02 17:19:01,Diversity / RX1 / interval BER,2.198E-05,No checked bits,2.198E-05,N/A,50.000,0.000,6.274E-06,50.000000,0.000000
2026-10-02 17:19:02,Diversity / RX1 / interval BER,5.722E-06,No checked bits,5.722E-06,N/A,50.000,0.000,1.738E-06,49.999999,0.000000
2026-10-02 17:19:03,Diversity / RX1 / interval BER,1.940E-08,No checked bits,1.940E-08,N/A,50.000,0.000,0.000E+00,50.000000,0.000000
2026-10-02 17:19:05,Diversity / RX1 / interval BER,0.000E+00,No checked bits,0.000E+00,N/A,50.000,0.000,0.000E+00,50.000000,0.000000
2026-10-02 17:19:06,Diversity / RX1 / interval BER,0.000E+00,No checked bits,0.000E+00,N/A,50.000,0.000,0.000E+00,50.000000,0.000000
2026-10-02 17:19:07,Diversity / RX1 / interval BER,0.000E+00,No checked bits,0.000E+00,N/A,50.000,0.000,0.000E+00,50.000000,0.000000
2026-10-02 17:19:08,Diversity / RX1 / interval BER,0.000E+00,No checked bits,0.000E+00,N/A,50.000,0.000,0.000E+00,50.000000,0.000000
2026-10-02 17:19:09,Diversity / RX1 / interval BER,0.000E+00,No checked bits,0.000E+00,N/A,50.000,0.000,0.000E+00,50.000000,0.000000
2026-10-02 17:19:10,Diversity / RX1 / interval BER,0.000E+00,No checked bits,0.000E+00,N/A,50.000,0.000,0.000E+00,50.000000,0.000000
2026-10-02 17:19:11,Diversity / RX1 / interval BER,0.000E+00,No checked bits,0.000E+00,N/A,50.000,0.000,0.000E+00,50.000000,0.000000
2026-10-02 17:19:12,Diversity / RX1 / interval BER,0.000E+00,No checked bits,0.000E+00,N/A,50.000,0.000,0.000E+00,50.000000,0.000000
2026-10-02 17:19:13,Diversity / RX1 / interval BER,0.000E+00,No checked bits,0.000E+00,N/A,50.000,0.000,0.000E+00,50.000000,0.000000
2026-10-02 17:19:14,Diversity / RX1 / interval BER,0.000E+00,No checked bits,0.000E+00,N/A,50.000,0.000,0.000E+00,50.000000,0.000000
2026-10-02 17:19:15,Diversity / RX1 / interval BER,0.000E+00,No checked bits,0.000E+00,N/A,50.000,0.000,0.000E+00,49.999999,0.000000
2026-10-02 17:19:16,Diversity / RX1 / interval BER,0.000E+00,No checked bits,0.000E+00,N/A,50.000,0.000,0.000E+00,50.000001,0.000000
2026-10-02 17:19:17,Diversity / RX1 / interval BER,0.000E+00,No checked bits,0.000E+00,N/A,50.000,0.000,0.000E+00,49.999999,0.000000
2026-10-02 17:19:18,Diversity / RX1 / interval BER,0.000E+00,No checked bits,0.000E+00,N/A,50.000,0.000,0.000E+00,50.000001,0.000000
2026-10-02 17:19:19,Diversity / RX1 / interval BER,0.000E+00,No checked bits,0.000E+00,N/A,50.000,0.000,0.000E+00,50.000000,0.000000
2026-10-02 17:19:20,Diversity / RX1 / interval BER,0.000E+00,No checked bits,0.000E+00,N/A,50.000,0.000,0.000E+00,50.000000,0.000000
2026-10-02 17:19:21,Diversity / RX1 / interval BER,0.000E+00,No checked bits,0.000E+00,N/A,50.000,0.000,0.000E+00,49.999999,0.000000
2026-10-02 17:19:22,Diversity / RX1 / interval BER,0.000E+00,No checked bits,0.000E+00,N/A,50.000,0.000,0.000E+00,50.000000,0.000000
2026-10-02 17:19:23,Diversity / RX1 / interval BER,0.000E+00,No checked bits,0.000E+00,N/A,50.000,0.000,0.000E+00,50.000000,0.000000
2026-10-02 17:19:24,Diversity / RX1 / interval BER,0.000E+00,No checked bits,0.000E+00,N/A,50.000,0.000,0.000E+00,50.000001,0.000000
2026-10-02 17:19:25,Diversity / RX1 / interval BER,0.000E+00,No checked bits,0.000E+00,N/A,50.000,0.000,0.000E+00,49.999999,0.000000
2026-10-02 17:19:26,Diversity / RX1 / interval BER,0.000E+00,No checked bits,0.000E+00,N/A,50.000,0.000,0.000E+00,50.000001,0.000000
2026-10-02 17:19:27,Diversity / RX1 / interval BER,0.000E+00,No checked bits,0.000E+00,N/A,50.000,0.000,0.000E+00,50.000000,0.000000
2026-10-02 17:19:28,Diversity / RX1 / interval BER,0.000E+00,No checked bits,0.000E+00,N/A,50.000,0.000,0.000E+00,50.000000,0.000000
2026-10-02 17:19:29,Diversity / RX1 / interval BER,0.000E+00,No checked bits,0.000E+00,N/A,50.000,0.000,0.000E+00,50.000000,0.000000
2026-10-02 17:19:30,Diversity / RX1 / interval BER,0.000E+00,No checked bits,0.000E+00,N/A,50.000,0.000,0.000E+00,50.000000,0.000000
2026-10-02 17:19:31,Diversity / RX1 / interval BER,0.000E+00,No checked bits,0.000E+00,N/A,50.000,0.000,0.000E+00,50.000000,0.000000
2026-10-02 17:19:32,Diversity / RX1 / interval BER,0.000E+00,No checked bits,0.000E+00,N/A,50.000,0.000,0.000E+00,50.000000,0.000000
2026-10-02 17:19:33,Diversity / RX1 / interval BER,0.000E+00,No checked bits,0.000E+00,N/A,50.000,0.000,0.000E+00,50.000000,0.000000
2026-10-02 17:19:34,Diversity / RX1 / interval BER,0.000E+00,No checked bits,0.000E+00,N/A,50.000,0.000,0.000E+00,49.999999,0.000000
2026-10-02 17:19:35,Diversity / RX1 / interval BER,0.000E+00,No checked bits,0.000E+00,N/A,50.000,0.000,0.000E+00,50.000000,0.000000
2026-10-02 17:19:36,Diversity / RX1 / interval BER,0.000E+00,No checked bits,0.000E+00,N/A,50.000,0.000,0.000E+00,50.000000,0.000000
2026-10-02 17:19:37,Diversity / RX1 / interval BER,0.000E+00,No checked bits,0.000E+00,N/A,50.000,0.000,0.000E+00,50.000000,0.000000
2026-10-02 17:19:38,Diversity / RX1 / interval BER,0.000E+00,No checked bits,0.000E+00,N/A,50.000,0.000,0.000E+00,50.000000,0.000000
2026-10-02 17:19:39,Diversity / RX1 / interval BER,0.000E+00,No checked bits,0.000E+00,N/A,50.000,0.000,0.000E+00,50.000001,0.000000
2026-10-02 17:19:40,Diversity / RX1 / interval BER,0.000E+00,No checked bits,0.000E+00,N/A,50.000,0.000,0.000E+00,50.000000,0.000000
2026-10-02 17:19:41,Diversity / RX1 / interval BER,0.000E+00,No checked bits,0.000E+00,N/A,50.000,0.000,0.000E+00,50.000000,0.000000
2026-10-02 17:19:42,Diversity / RX1 / interval BER,0.000E+00,No checked bits,0.000E+00,N/A,50.000,0.000,0.000E+00,50.000000,0.000000
2026-10-02 17:19:43,Diversity / RX1 / interval BER,0.000E+00,No checked bits,0.000E+00,N/A,50.000,0.000,0.000E+00,50.000000,0.000000
2026-10-02 17:19:44,Diversity / RX1 / interval BER,0.000E+00,No checked bits,0.000E+00,N/A,50.000,0.000,0.000E+00,50.000000,0.000000
2026-10-02 17:19:45,Diversity / RX1 / interval BER,0.000E+00,No checked bits,0.000E+00,N/A,50.000,0.000,0.000E+00,50.000000,0.000000
2026-10-02 17:19:46,Diversity / RX1 / interval BER,0.000E+00,No checked bits,0.000E+00,N/A,50.000,0.000,0.000E+00,50.000000,0.000000
2026-10-02 17:19:47,Diversity / RX1 / interval BER,0.000E+00,No checked bits,0.000E+00,N/A,50.000,0.000,0.000E+00,50.000000,0.000000
2026-10-02 17:19:48,Diversity / RX1 / interval BER,0.000E+00,No checked bits,0.000E+00,N/A,50.000,0.000,0.000E+00,50.000000,0.000000
2026-10-02 17:19:49,Diversity / RX1 / interval BER,0.000E+00,No checked bits,0.000E+00,N/A,50.000,0.000,0.000E+00,49.999999,0.000000
2026-10-02 17:19:50,Diversity / RX1 / interval BER,0.000E+00,No checked bits,0.000E+00,N/A,50.000,0.000,0.000E+00,50.000001,0.000000
2026-10-02 17:19:51,Diversity / RX1 / interval BER,0.000E+00,No checked bits,0.000E+00,N/A,50.000,0.000,0.000E+00,50.000000,0.000000
2026-10-02 17:19:53,Diversity / RX1 / interval BER,0.000E+00,No checked bits,0.000E+00,N/A,50.000,0.000,0.000E+00,50.000000,0.000000
2026-10-02 17:19:54,Diversity / RX1 / interval BER,0.000E+00,No checked bits,0.000E+00,N/A,50.000,0.000,0.000E+00,50.000000,0.000000
2026-10-02 17:19:55,Diversity / RX1 / interval BER,0.000E+00,No checked bits,0.000E+00,N/A,50.000,0.000,0.000E+00,50.000001,0.000000
2026-10-02 17:19:56,Diversity / RX1 / interval BER,0.000E+00,No checked bits,0.000E+00,N/A,50.000,0.000,0.000E+00,50.000000,0.000000
2026-10-02 17:19:57,Diversity / RX1 / interval BER,0.000E+00,No checked bits,0.000E+00,N/A,50.000,0.000,0.000E+00,50.000000,0.000000
2026-10-02 17:19:58,Diversity / RX1 / interval BER,0.000E+00,No checked bits,0.000E+00,N/A,50.000,0.000,0.000E+00,50.000000,0.000000
2026-10-02 17:19:59,Diversity / RX1 / interval BER,0.000E+00,No checked bits,0.000E+00,N/A,50.000,0.000,0.000E+00,50.000000,0.000000
2026-10-02 17:20:00,Diversity / RX1 / interval BER,0.000E+00,No checked bits,0.000E+00,N/A,50.000,0.000,0.000E+00,50.000000,0.000000
2026-10-02 17:20:01,Diversity / RX1 / interval BER,0.000E+00,No checked bits,0.000E+00,N/A,50.000,0.000,0.000E+00,50.000000,0.000000
2026-10-02 17:20:02,Diversity / RX1 / interval BER,0.000E+00,No checked bits,0.000E+00,N/A,50.000,0.000,0.000E+00,50.000000,0.000000
2026-10-02 17:20:03,Diversity / RX1 / interval BER,0.000E+00,No checked bits,0.000E+00,N/A,50.000,0.000,0.000E+00,50.000000,0.000000
2026-10-02 17:20:04,Diversity / RX1 / interval BER,0.000E+00,No checked bits,0.000E+00,N/A,50.000,0.000,0.000E+00,50.000000,0.000000
2026-10-02 17:20:05,Diversity / RX1 / interval BER,0.000E+00,No checked bits,0.000E+00,N/A,50.000,0.000,0.000E+00,50.000000,0.000000
2026-10-02 17:20:06,Diversity / RX1 / interval BER,0.000E+00,No checked bits,0.000E+00,N/A,50.000,0.000,0.000E+00,49.999999,0.000000
2026-10-02 17:20:07,Diversity / RX1 / interval BER,0.000E+00,No checked bits,0.000E+00,N/A,50.000,0.000,0.000E+00,50.000000,0.000000
2026-10-02 17:20:08,Diversity / RX1 / interval BER,0.000E+00,No checked bits,0.000E+00,N/A,50.000,0.000,0.000E+00,50.000000,0.000000
2026-10-02 17:20:09,Diversity / RX1 / interval BER,0.000E+00,No checked bits,0.000E+00,N/A,50.000,0.000,0.000E+00,50.000000,0.000000
2026-10-02 17:20:10,Diversity / RX1 / interval BER,0.000E+00,No checked bits,0.000E+00,N/A,50.000,0.000,0.000E+00,50.000000,0.000000
2026-10-02 17:20:11,Diversity / RX1 / interval BER,0.000E+00,No checked bits,0.000E+00,N/A,50.000,0.000,0.000E+00,50.000000,0.000000
2026-10-02 17:20:12,Diversity / RX1 / interval BER,0.000E+00,No checked bits,0.000E+00,N/A,50.000,0.000,0.000E+00,50.000000,0.000000
2026-10-02 17:20:13,Diversity / RX1 / interval BER,0.000E+00,No checked bits,0.000E+00,N/A,50.000,0.000,0.000E+00,50.000000,0.000000
2026-10-02 17:20:15,Diversity / RX1 / interval BER,0.000E+00,No checked bits,0.000E+00,N/A,50.000,0.000,0.000E+00,50.000000,0.000000
2026-10-02 17:20:16,Diversity / RX1 / interval BER,0.000E+00,No checked bits,0.000E+00,N/A,50.000,0.000,0.000E+00,50.000001,0.000000
2026-10-02 17:20:17,Diversity / RX1 / interval BER,0.000E+00,No checked bits,0.000E+00,N/A,50.000,0.000,0.000E+00,50.000000,0.000000
2026-10-02 17:20:18,Diversity / RX1 / interval BER,0.000E+00,No checked bits,0.000E+00,N/A,50.000,0.000,0.000E+00,50.000000,0.000000
2026-10-02 17:20:19,Diversity / RX1 / interval BER,0.000E+00,No checked bits,0.000E+00,N/A,50.000,0.000,0.000E+00,49.999999,0.000000
2026-10-02 17:20:20,Diversity / RX1 / interval BER,0.000E+00,No checked bits,0.000E+00,N/A,50.000,0.000,0.000E+00,50.000000,0.000000
2026-10-02 17:20:21,Diversity / RX1 / interval BER,0.000E+00,No checked bits,0.000E+00,N/A,50.000,0.000,0.000E+00,50.000001,0.000000
2026-10-02 17:20:22,Diversity / RX1 / interval BER,0.000E+00,No checked bits,0.000E+00,N/A,50.000,0.000,0.000E+00,50.000000,0.000000
2026-10-02 17:20:23,Diversity / RX1 / interval BER,0.000E+00,No checked bits,0.000E+00,N/A,50.000,0.000,0.000E+00,49.999999,0.000000
2026-10-02 17:20:24,Diversity / RX1 / interval BER,0.000E+00,No checked bits,0.000E+00,N/A,50.000,0.000,0.000E+00,50.000000,0.000000
2026-10-02 17:20:25,Diversity / RX1 / interval BER,0.000E+00,No checked bits,0.000E+00,N/A,50.000,0.000,0.000E+00,50.000001,0.000000
2026-10-02 17:20:26,Diversity / RX1 / interval BER,0.000E+00,No checked bits,0.000E+00,N/A,50.000,0.000,0.000E+00,50.000000,0.000000
2026-10-02 17:20:27,Diversity / RX1 / interval BER,0.000E+00,No checked bits,0.000E+00,N/A,50.000,0.000,0.000E+00,50.000000,0.000000
2026-10-02 17:20:28,Diversity / RX1 / interval BER,0.000E+00,No checked bits,0.000E+00,N/A,50.000,0.000,0.000E+00,50.000000,0.000000
2026-10-02 17:20:29,Diversity / RX1 / interval BER,0.000E+00,No checked bits,0.000E+00,N/A,50.000,0.000,0.000E+00,50.000000,0.000000
2026-10-02 17:20:30,Diversity / RX1 / interval BER,0.000E+00,No checked bits,0.000E+00,N/A,50.000,0.000,0.000E+00,50.000000,0.000000
2026-10-02 17:20:31,Diversity / RX1 / interval BER,0.000E+00,No checked bits,0.000E+00,N/A,50.000,0.000,0.000E+00,50.000000,0.000000
2026-10-02 17:20:32,Diversity / RX1 / interval BER,0.000E+00,No checked bits,0.000E+00,N/A,50.000,0.000,0.000E+00,50.000000,0.000000
2026-10-02 17:20:34,Diversity / RX1 / interval BER,0.000E+00,No checked bits,0.000E+00,N/A,50.000,0.000,0.000E+00,50.000000,0.000000
2026-10-02 17:20:35,Diversity / RX1 / interval BER,0.000E+00,No checked bits,0.000E+00,N/A,50.000,0.000,0.000E+00,50.000000,0.000000
2026-10-02 17:20:36,Diversity / RX1 / interval BER,0.000E+00,No checked bits,0.000E+00,N/A,50.000,0.000,0.000E+00,50.000000,0.000000
2026-10-02 17:20:37,Diversity / RX1 / interval BER,0.000E+00,No checked bits,0.000E+00,N/A,50.000,0.000,0.000E+00,50.000000,0.000000
2026-10-02 17:20:38,Diversity / RX1 / interval BER,0.000E+00,No checked bits,0.000E+00,N/A,50.000,0.000,0.000E+00,50.000001,0.000000
2026-10-02 17:20:39,Diversity / RX1 / interval BER,0.000E+00,No checked bits,0.000E+00,N/A,50.000,0.000,0.000E+00,50.000000,0.000000
2026-10-02 17:20:40,Diversity / RX1 / interval BER,0.000E+00,0.000E+00,0.000E+00,N/A,50.000,0.000,0.000E+00,50.000000,0.000000
2026-10-02 17:20:41,Diversity / RX1 / interval BER,0.000E+00,No checked bits,0.000E+00,N/A,50.000,0.000,0.000E+00,50.000000,0.000000
2026-10-02 17:20:42,Diversity / RX1 / interval BER,0.000E+00,0.000E+00,0.000E+00,N/A,50.000,0.000,0.000E+00,50.000000,0.000000
2026-10-02 17:20:43,Diversity / RX1 / interval BER,0.000E+00,0.000E+00,0.000E+00,N/A,50.000,0.000,0.000E+00,50.000000,0.000000
2026-10-02 17:20:44,Diversity / RX1 / interval BER,0.000E+00,0.000E+00,0.000E+00,N/A,50.000,0.000,0.000E+00,50.000000,0.000000
2026-10-02 17:20:45,Diversity / RX1 / interval BER,0.000E+00,0.000E+00,0.000E+00,N/A,50.000,0.000,0.000E+00,50.000000,0.000000
2026-10-02 17:20:46,Diversity / RX1 / interval BER,0.000E+00,0.000E+00,0.000E+00,N/A,50.000,0.000,0.000E+00,49.999999,0.000000
2026-10-02 17:20:47,Diversity / RX1 / interval BER,0.000E+00,No checked bits,0.000E+00,N/A,50.000,0.000,0.000E+00,50.000000,0.000000
2026-10-02 17:20:48,Diversity / RX1 / interval BER,0.000E+00,No checked bits,0.000E+00,N/A,50.000,0.000,0.000E+00,50.000000,0.000000
2026-10-02 17:20:49,Diversity / RX1 / interval BER,0.000E+00,No checked bits,0.000E+00,N/A,50.000,0.000,0.000E+00,50.000000,0.000000
2026-10-02 17:20:51,Diversity / RX1 / interval BER,0.000E+00,No checked bits,0.000E+00,N/A,50.000,0.000,0.000E+00,50.000000,0.000000
2026-10-02 17:20:52,Diversity / RX1 / interval BER,0.000E+00,No checked bits,0.000E+00,N/A,50.000,0.000,0.000E+00,50.000000,0.000000
2026-10-02 17:20:53,Diversity / RX1 / interval BER,0.000E+00,No checked bits,0.000E+00,N/A,50.000,0.000,0.000E+00,50.000000,0.000000
2026-10-02 17:20:54,Diversity / RX1 / interval BER,0.000E+00,No checked bits,0.000E+00,N/A,50.000,0.000,0.000E+00,50.000000,0.000000
2026-10-02 17:20:55,Diversity / RX1 / interval BER,0.000E+00,No checked bits,0.000E+00,N/A,50.000,0.000,0.000E+00,50.000000,0.000000
2026-10-02 17:20:56,Diversity / RX1 / interval BER,0.000E+00,No checked bits,0.000E+00,N/A,50.000,0.000,0.000E+00,50.000000,0.000000
2026-10-02 17:20:57,Diversity / RX1 / interval BER,0.000E+00,No checked bits,0.000E+00,N/A,50.000,0.000,0.000E+00,50.000000,0.000000
2026-10-02 17:20:58,Diversity / RX1 / interval BER,0.000E+00,No checked bits,0.000E+00,N/A,50.000,0.000,0.000E+00,50.000000,0.000000
2026-10-02 17:20:59,Diversity / RX1 / interval BER,0.000E+00,No checked bits,0.000E+00,N/A,50.000,0.000,0.000E+00,50.000000,0.000000
2026-10-02 17:21:00,Diversity / RX1 / interval BER,0.000E+00,No checked bits,0.000E+00,N/A,50.000,0.000,0.000E+00,50.000000,0.000000
2026-10-02 17:21:01,Diversity / RX1 / interval BER,0.000E+00,No checked bits,0.000E+00,N/A,50.000,0.000,0.000E+00,50.000000,0.000000
2026-10-02 17:21:02,Diversity / RX1 / interval BER,0.000E+00,No checked bits,0.000E+00,N/A,50.000,0.000,0.000E+00,49.999999,0.000000
2026-10-02 17:21:03,Diversity / RX1 / interval BER,0.000E+00,No checked bits,0.000E+00,N/A,50.000,0.000,0.000E+00,50.000001,0.000000
2026-10-02 17:21:04,Diversity / RX1 / interval BER,0.000E+00,No checked bits,0.000E+00,N/A,50.000,0.000,0.000E+00,50.000000,0.000000
2026-10-02 17:21:05,Diversity / RX1 / interval BER,0.000E+00,No checked bits,0.000E+00,N/A,50.000,0.000,0.000E+00,50.000000,0.000000
2026-10-02 17:21:06,Diversity / RX1 / interval BER,0.000E+00,No checked bits,0.000E+00,N/A,50.000,0.000,0.000E+00,50.000000,0.000000
2026-10-02 17:21:07,Diversity / RX1 / interval BER,0.000E+00,No checked bits,0.000E+00,N/A,50.000,0.000,0.000E+00,49.999999,0.000000
2026-10-02 17:21:08,Diversity / RX1 / interval BER,0.000E+00,0.000E+00,0.000E+00,N/A,50.000,0.000,0.000E+00,50.000000,0.000000
2026-10-02 17:21:09,Diversity / RX1 / interval BER,0.000E+00,0.000E+00,0.000E+00,N/A,50.000,0.000,0.000E+00,50.000000,0.000000
2026-10-02 17:21:10,Diversity / RX1 / interval BER,0.000E+00,0.000E+00,0.000E+00,N/A,50.000,0.817,0.000E+00,50.000000,0.000000
2026-10-02 17:21:11,Diversity / RX1 / interval BER,0.000E+00,1.380E-01,4.812E-02,N/A,50.000,50.000,0.000E+00,50.000000,0.000000
2026-10-02 17:21:12,Diversity / RX1 / interval BER,0.000E+00,1.387E-01,6.432E-02,N/A,50.000,50.000,0.000E+00,49.999999,0.000000
2026-10-02 17:21:13,Diversity / RX1 / interval BER,0.000E+00,1.143E-01,5.392E-02,N/A,50.000,50.000,0.000E+00,50.000000,0.000000
2026-10-02 17:21:14,Diversity / RX1 / interval BER,0.000E+00,1.086E-01,5.359E-02,N/A,50.000,50.000,0.000E+00,50.000001,0.000000
2026-10-02 17:21:15,Diversity / RX1 / interval BER,0.000E+00,8.541E-02,4.126E-02,N/A,50.000,50.000,0.000E+00,50.000000,0.000000
2026-10-02 17:21:16,Diversity / RX1 / interval BER,0.000E+00,4.914E-02,2.338E-02,N/A,50.000,50.000,0.000E+00,50.000000,0.000000
2026-10-02 17:21:17,Diversity / RX1 / interval BER,0.000E+00,2.769E-02,1.270E-02,N/A,50.000,50.000,0.000E+00,50.000001,0.000000
2026-10-02 17:21:18,Diversity / RX1 / interval BER,0.000E+00,1.923E-02,9.061E-03,N/A,50.000,50.000,0.000E+00,50.000000,0.000000
2026-10-02 17:21:19,Diversity / RX1 / interval BER,0.000E+00,2.038E-02,1.010E-02,N/A,50.000,50.000,0.000E+00,50.000000,0.000000
2026-10-02 17:21:20,Diversity / RX1 / interval BER,0.000E+00,2.954E-02,1.358E-02,N/A,50.000,50.000,0.000E+00,50.000000,0.000000
2026-10-02 17:21:21,Diversity / RX1 / interval BER,0.000E+00,1.101E-02,5.316E-03,N/A,50.000,50.000,0.000E+00,50.000000,0.000000
2026-10-02 17:21:22,Diversity / RX1 / interval BER,0.000E+00,1.363E-04,6.078E-05,N/A,50.000,50.000,0.000E+00,50.000000,0.000000
2026-10-02 17:21:23,Diversity / RX1 / interval BER,0.000E+00,3.176E-05,1.613E-05,N/A,50.000,50.000,0.000E+00,50.000000,0.000000
2026-10-02 17:21:24,Diversity / RX1 / interval BER,0.000E+00,8.323E-06,4.390E-06,N/A,50.000,50.000,0.000E+00,50.000000,0.000000
2026-10-02 17:21:25,Diversity / RX1 / interval BER,0.000E+00,3.766E-06,1.700E-06,N/A,50.000,50.000,0.000E+00,50.000000,0.000000
2026-10-02 17:21:26,Diversity / RX1 / interval BER,0.000E+00,1.007E-06,4.790E-07,N/A,50.000,50.000,0.000E+00,50.000000,0.000000
2026-10-02 17:21:27,Diversity / RX1 / interval BER,0.000E+00,3.243E-07,1.419E-07,N/A,50.000,50.000,0.000E+00,50.000000,0.000000
2026-10-02 17:21:28,Diversity / RX1 / interval BER,0.000E+00,2.196E-08,1.030E-08,N/A,50.000,50.000,0.000E+00,50.000000,0.000000
2026-10-02 17:21:29,Diversity / RX1 / interval BER,0.000E+00,0.000E+00,0.000E+00,N/A,50.000,50.000,0.000E+00,49.999999,0.000000
2026-10-02 17:21:30,Diversity / RX1 / interval BER,0.000E+00,0.000E+00,0.000E+00,N/A,50.000,50.000,0.000E+00,50.000001,0.000000
2026-10-02 17:21:31,Diversity / RX1 / interval BER,0.000E+00,0.000E+00,0.000E+00,N/A,50.000,50.000,0.000E+00,49.999999,0.000000
2026-10-02 17:21:32,Diversity / RX1 / interval BER,0.000E+00,0.000E+00,0.000E+00,N/A,50.000,50.000,0.000E+00,50.000001,0.000000
2026-10-02 17:21:33,Diversity / RX1 / interval BER,0.000E+00,0.000E+00,0.000E+00,N/A,50.000,50.000,0.000E+00,50.000000,0.000000
2026-10-02 17:21:34,Diversity / RX1 / interval BER,0.000E+00,0.000E+00,0.000E+00,N/A,50.000,50.000,0.000E+00,50.000000,0.000000
2026-10-02 17:21:35,Diversity / RX1 / interval BER,0.000E+00,0.000E+00,0.000E+00,N/A,50.000,50.000,0.000E+00,50.000000,0.000000
2026-10-02 17:21:36,Diversity / RX1 / interval BER,0.000E+00,0.000E+00,0.000E+00,N/A,50.000,50.000,0.000E+00,49.999999,0.000000
2026-10-02 17:21:37,Diversity / RX1 / interval BER,0.000E+00,0.000E+00,0.000E+00,N/A,50.000,50.000,0.000E+00,50.000001,0.000000
2026-10-02 17:21:38,Diversity / RX1 / interval BER,0.000E+00,0.000E+00,0.000E+00,N/A,50.000,50.000,0.000E+00,50.000000,0.000000
2026-10-02 17:21:39,Diversity / RX1 / interval BER,0.000E+00,0.000E+00,0.000E+00,N/A,50.000,50.000,0.000E+00,50.000000,0.000000
2026-10-02 17:21:40,Diversity / RX1 / interval BER,0.000E+00,0.000E+00,0.000E+00,N/A,50.000,50.000,0.000E+00,50.000000,0.000000
2026-10-02 17:21:42,Diversity / RX1 / interval BER,0.000E+00,0.000E+00,0.000E+00,N/A,50.000,50.000,0.000E+00,50.000001,0.000000
2026-10-02 17:21:43,Diversity / RX1 / interval BER,0.000E+00,0.000E+00,0.000E+00,N/A,50.000,50.000,0.000E+00,50.000000,0.000000
2026-10-02 17:21:44,Diversity / RX1 / interval BER,0.000E+00,0.000E+00,0.000E+00,N/A,50.000,50.000,0.000E+00,50.000000,0.000000
2026-10-02 17:21:45,Diversity / RX1 / interval BER,0.000E+00,0.000E+00,0.000E+00,N/A,50.000,50.000,0.000E+00,50.000000,0.000000
2026-10-02 17:21:46,Diversity / RX1 / interval BER,0.000E+00,0.000E+00,0.000E+00,N/A,50.000,50.000,0.000E+00,50.000000,0.000000
2026-10-02 17:21:47,Diversity / RX1 / interval BER,0.000E+00,0.000E+00,0.000E+00,N/A,50.000,50.000,0.000E+00,50.000000,0.000000
2026-10-02 17:21:48,Diversity / RX1 / interval BER,0.000E+00,0.000E+00,0.000E+00,N/A,50.000,50.000,0.000E+00,50.000000,0.000000
2026-10-02 17:21:49,Diversity / RX1 / interval BER,0.000E+00,0.000E+00,0.000E+00,N/A,50.000,50.000,0.000E+00,50.000000,0.000000
2026-10-02 17:21:50,Diversity / RX1 / interval BER,0.000E+00,0.000E+00,0.000E+00,N/A,50.000,50.000,0.000E+00,50.000000,0.000000
2026-10-02 17:21:51,Diversity / RX1 / interval BER,0.000E+00,0.000E+00,0.000E+00,N/A,50.000,50.000,0.000E+00,49.999999,0.000000
2026-10-02 17:21:52,Diversity / RX1 / interval BER,0.000E+00,0.000E+00,0.000E+00,N/A,50.000,50.000,0.000E+00,50.000001,0.000000
2026-10-02 17:21:53,Diversity / RX1 / interval BER,0.000E+00,0.000E+00,0.000E+00,N/A,50.000,50.000,0.000E+00,50.000000,0.000000
2026-10-02 17:21:54,Diversity / RX1 / interval BER,0.000E+00,0.000E+00,0.000E+00,N/A,50.000,50.000,0.000E+00,49.999999,0.000000
2026-10-02 17:21:55,Diversity / RX1 / interval BER,0.000E+00,0.000E+00,0.000E+00,N/A,50.000,50.000,0.000E+00,50.000000,0.000000
2026-10-02 17:21:57,Diversity / RX1 / interval BER,0.000E+00,0.000E+00,0.000E+00,N/A,50.000,50.000,0.000E+00,50.000000,0.000000
2026-10-02 17:21:58,Diversity / RX1 / interval BER,0.000E+00,0.000E+00,0.000E+00,N/A,50.000,50.000,0.000E+00,50.000000,0.000000
2026-10-02 17:21:59,Diversity / RX1 / interval BER,0.000E+00,0.000E+00,0.000E+00,N/A,50.000,50.000,0.000E+00,50.000000,0.000000
2026-10-02 17:22:00,Diversity / RX1 / interval BER,0.000E+00,0.000E+00,0.000E+00,N/A,50.000,50.000,0.000E+00,50.000001,0.000000
2026-10-02 17:22:01,Diversity / RX1 / interval BER,0.000E+00,0.000E+00,0.000E+00,N/A,50.000,50.000,0.000E+00,50.000000,0.000000
2026-10-02 17:22:02,Diversity / RX1 / interval BER,0.000E+00,0.000E+00,0.000E+00,N/A,50.000,50.000,0.000E+00,49.999999,0.000000
2026-10-02 17:22:03,Diversity / RX1 / interval BER,0.000E+00,0.000E+00,0.000E+00,N/A,50.000,50.000,0.000E+00,50.000000,0.000000
2026-10-02 17:22:04,Diversity / RX1 / interval BER,0.000E+00,0.000E+00,0.000E+00,N/A,50.000,50.000,0.000E+00,50.000000,0.000000
2026-10-02 17:22:05,Diversity / RX1 / interval BER,0.000E+00,0.000E+00,0.000E+00,N/A,50.000,50.000,0.000E+00,50.000000,0.000000
2026-10-02 17:22:06,Diversity / RX1 / interval BER,0.000E+00,0.000E+00,0.000E+00,N/A,50.000,50.000,0.000E+00,50.000000,0.000000
2026-10-02 17:22:07,Diversity / RX1 / interval BER,0.000E+00,0.000E+00,0.000E+00,N/A,50.000,50.000,0.000E+00,50.000001,0.000000
2026-10-02 17:22:09,Diversity / RX1 / interval BER,0.000E+00,0.000E+00,0.000E+00,N/A,50.000,50.000,0.000E+00,50.000000,0.000000
2026-10-02 17:22:10,Diversity / RX1 / interval BER,0.000E+00,0.000E+00,0.000E+00,N/A,50.000,50.000,0.000E+00,50.000000,0.000000
2026-10-02 17:22:11,Diversity / RX1 / interval BER,0.000E+00,0.000E+00,0.000E+00,N/A,50.000,50.000,0.000E+00,50.000000,0.000000
2026-10-02 17:22:12,Diversity / RX1 / interval BER,0.000E+00,0.000E+00,0.000E+00,N/A,50.000,50.000,0.000E+00,50.000000,0.000000
2026-10-02 17:22:13,Diversity / RX1 / interval BER,0.000E+00,0.000E+00,0.000E+00,N/A,50.000,50.000,0.000E+00,49.999999,0.000000
2026-10-02 17:22:14,Diversity / RX1 / interval BER,0.000E+00,0.000E+00,0.000E+00,N/A,50.000,50.000,0.000E+00,50.000001,0.000000
2026-10-02 17:22:15,Diversity / RX1 / interval BER,0.000E+00,0.000E+00,0.000E+00,N/A,50.000,50.000,0.000E+00,49.999999,0.000000
2026-10-02 17:22:16,Diversity / RX1 / interval BER,0.000E+00,0.000E+00,0.000E+00,N/A,50.000,50.000,0.000E+00,50.000001,0.000000
2026-10-02 17:22:17,Diversity / RX1 / interval BER,0.000E+00,0.000E+00,0.000E+00,N/A,50.000,50.000,0.000E+00,50.000000,0.000000
2026-10-02 17:22:18,Diversity / RX1 / interval BER,0.000E+00,0.000E+00,0.000E+00,N/A,50.000,50.000,0.000E+00,50.000000,0.000000
2026-10-02 17:22:19,Diversity / RX1 / interval BER,0.000E+00,0.000E+00,0.000E+00,N/A,50.000,50.000,0.000E+00,50.000000,0.000000
2026-10-02 17:22:20,Diversity / RX1 / interval BER,0.000E+00,0.000E+00,0.000E+00,N/A,50.000,50.000,0.000E+00,50.000001,0.000000
2026-10-02 17:22:21,Diversity / RX1 / interval BER,0.000E+00,0.000E+00,0.000E+00,N/A,50.000,50.000,0.000E+00,50.000000,0.000000
2026-10-02 17:22:22,Diversity / RX1 / interval BER,0.000E+00,0.000E+00,0.000E+00,N/A,50.000,50.000,0.000E+00,50.000000,0.000000
2026-10-02 17:22:23,Diversity / RX1 / interval BER,0.000E+00,0.000E+00,0.000E+00,N/A,50.000,50.000,0.000E+00,50.000000,0.000000
2026-10-02 17:22:24,Diversity / RX1 / interval BER,0.000E+00,0.000E+00,0.000E+00,N/A,50.000,50.000,0.000E+00,50.000000,0.000000
2026-10-02 17:22:25,Diversity / RX1 / interval BER,0.000E+00,0.000E+00,0.000E+00,N/A,50.000,50.000,0.000E+00,49.999999,0.000000
2026-10-02 17:22:26,Diversity / RX1 / interval BER,0.000E+00,0.000E+00,0.000E+00,N/A,50.000,50.000,0.000E+00,50.000000,0.000000
2026-10-02 17:22:27,Diversity / RX1 / interval BER,0.000E+00,0.000E+00,0.000E+00,N/A,50.000,50.000,0.000E+00,50.000001,0.000000
2026-10-02 17:22:28,Diversity / RX1 / interval BER,0.000E+00,0.000E+00,0.000E+00,N/A,50.000,50.000,0.000E+00,50.000000,0.000000
2026-10-02 17:22:29,Diversity / RX1 / interval BER,0.000E+00,0.000E+00,0.000E+00,N/A,50.000,50.000,0.000E+00,50.000000,0.000000
2026-10-02 17:22:31,Diversity / RX1 / interval BER,0.000E+00,0.000E+00,0.000E+00,N/A,50.000,50.000,0.000E+00,50.000000,0.000000
2026-10-02 17:22:32,Diversity / RX1 / interval BER,0.000E+00,0.000E+00,0.000E+00,N/A,50.000,50.000,0.000E+00,50.000000,0.000000
2026-10-02 17:22:33,Diversity / RX1 / interval BER,0.000E+00,0.000E+00,0.000E+00,N/A,50.000,50.000,0.000E+00,50.000000,0.000000
2026-10-02 17:22:34,Diversity / RX1 / interval BER,0.000E+00,0.000E+00,0.000E+00,N/A,50.000,50.000,0.000E+00,50.000001,0.000000
2026-10-02 17:22:35,Diversity / RX1 / interval BER,0.000E+00,0.000E+00,0.000E+00,N/A,50.000,50.000,0.000E+00,49.999999,0.000000
2026-10-02 17:22:36,Diversity / RX1 / interval BER,0.000E+00,0.000E+00,0.000E+00,N/A,50.000,50.000,0.000E+00,50.000000,0.000000
2026-10-02 17:22:37,Diversity / RX1 / interval BER,0.000E+00,0.000E+00,0.000E+00,N/A,50.000,50.000,0.000E+00,50.000000,0.000000
2026-10-02 17:22:38,Diversity / RX1 / interval BER,0.000E+00,0.000E+00,0.000E+00,N/A,50.000,50.000,0.000E+00,50.000000,0.000000
2026-10-02 17:22:39,Diversity / RX1 / interval BER,0.000E+00,0.000E+00,0.000E+00,N/A,50.000,50.000,0.000E+00,50.000000,0.000000
2026-10-02 17:22:40,Diversity / RX1 / interval BER,0.000E+00,0.000E+00,0.000E+00,N/A,50.000,50.000,0.000E+00,50.000000,0.000000
2026-10-02 17:22:41,Diversity / RX1 / interval BER,0.000E+00,0.000E+00,0.000E+00,N/A,50.000,50.000,0.000E+00,50.000000,0.000000
2026-10-02 17:22:42,Diversity / RX1 / interval BER,0.000E+00,0.000E+00,0.000E+00,N/A,50.000,50.000,0.000E+00,50.000000,0.000000
2026-10-02 17:22:43,Diversity / RX1 / interval BER,0.000E+00,0.000E+00,0.000E+00,N/A,50.000,50.000,0.000E+00,50.000000,0.000000
2026-10-02 17:22:44,Diversity / RX1 / interval BER,0.000E+00,0.000E+00,0.000E+00,N/A,50.000,50.000,0.000E+00,50.000001,0.000000
2026-10-02 17:22:45,Diversity / RX1 / interval BER,0.000E+00,0.000E+00,0.000E+00,N/A,50.000,50.000,0.000E+00,50.000000,0.000000
2026-10-02 17:22:46,Diversity / RX1 / interval BER,0.000E+00,0.000E+00,0.000E+00,N/A,50.000,50.000,0.000E+00,50.000000,0.000000
2026-10-02 17:22:47,Diversity / RX1 / interval BER,0.000E+00,0.000E+00,0.000E+00,N/A,50.000,50.000,0.000E+00,50.000000,0.000000
2026-10-02 17:22:48,Diversity / RX1 / interval BER,0.000E+00,0.000E+00,0.000E+00,N/A,50.000,50.000,0.000E+00,50.000000,0.000000
2026-10-02 17:22:49,Diversity / RX1 / interval BER,0.000E+00,0.000E+00,0.000E+00,N/A,50.000,50.000,0.000E+00,50.000001,0.000000
2026-10-02 17:22:50,Diversity / RX1 / interval BER,0.000E+00,0.000E+00,0.000E+00,N/A,50.000,50.000,0.000E+00,49.999999,0.000000
2026-10-02 17:22:51,Diversity / RX1 / interval BER,0.000E+00,0.000E+00,0.000E+00,N/A,50.000,50.000,0.000E+00,50.000000,0.000000
2026-10-02 17:22:52,Diversity / RX1 / interval BER,0.000E+00,0.000E+00,0.000E+00,N/A,50.000,50.000,0.000E+00,50.000000,0.000000
2026-10-02 17:22:53,Diversity / RX1 / interval BER,0.000E+00,0.000E+00,0.000E+00,N/A,50.000,50.000,0.000E+00,50.000000,0.000000
2026-10-02 17:22:54,Diversity / RX1 / interval BER,0.000E+00,0.000E+00,0.000E+00,N/A,50.000,50.000,0.000E+00,50.000000,0.000000
2026-10-02 17:22:55,Diversity / RX1 / interval BER,0.000E+00,0.000E+00,0.000E+00,N/A,50.000,50.000,0.000E+00,50.000000,0.000000
2026-10-02 17:22:57,Diversity / RX1 / interval BER,0.000E+00,0.000E+00,0.000E+00,N/A,50.000,50.000,0.000E+00,50.000001,0.000000
2026-10-02 17:22:58,Diversity / RX1 / interval BER,0.000E+00,0.000E+00,0.000E+00,N/A,50.000,50.000,0.000E+00,50.000000,0.000000
2026-10-02 17:22:59,Diversity / RX1 / interval BER,0.000E+00,0.000E+00,0.000E+00,N/A,50.000,50.000,0.000E+00,50.000000,0.000000
2026-10-02 17:23:00,Diversity / RX1 / interval BER,0.000E+00,0.000E+00,0.000E+00,N/A,50.000,50.000,0.000E+00,50.000000,0.000000
2026-10-02 17:23:01,Diversity / RX1 / interval BER,0.000E+00,0.000E+00,0.000E+00,N/A,50.000,50.000,0.000E+00,50.000001,0.000000
2026-10-02 17:23:02,Diversity / RX1 / interval BER,0.000E+00,0.000E+00,0.000E+00,N/A,50.000,50.000,0.000E+00,49.999999,0.000000
2026-10-02 17:23:03,Diversity / RX1 / interval BER,0.000E+00,0.000E+00,0.000E+00,N/A,50.000,50.000,0.000E+00,50.000000,0.000000
2026-10-02 17:23:04,Diversity / RX1 / interval BER,0.000E+00,0.000E+00,0.000E+00,N/A,50.000,50.000,0.000E+00,50.000000,0.000000
2026-10-02 17:23:05,Diversity / RX1 / interval BER,0.000E+00,0.000E+00,0.000E+00,N/A,50.000,50.000,0.000E+00,50.000000,0.000000
2026-10-02 17:23:06,Diversity / RX1 / interval BER,0.000E+00,0.000E+00,0.000E+00,N/A,50.000,50.000,0.000E+00,50.000000,0.000000
2026-10-02 17:23:07,Diversity / RX1 / interval BER,0.000E+00,0.000E+00,0.000E+00,N/A,50.000,50.000,0.000E+00,50.000000,0.000000
2026-10-02 17:23:08,Diversity / RX1 / interval BER,0.000E+00,0.000E+00,0.000E+00,N/A,50.000,50.000,0.000E+00,50.000000,0.000000
2026-10-02 17:23:09,Diversity / RX1 / interval BER,0.000E+00,0.000E+00,0.000E+00,N/A,50.000,50.000,0.000E+00,50.000000,0.000000
2026-10-02 17:23:11,Diversity / RX1 / interval BER,0.000E+00,0.000E+00,0.000E+00,N/A,50.000,50.000,0.000E+00,50.000000,0.000000
2026-10-02 17:23:12,Diversity / RX1 / interval BER,0.000E+00,0.000E+00,0.000E+00,N/A,50.000,50.000,0.000E+00,50.000000,0.000000
2026-10-02 17:23:13,Diversity / RX1 / interval BER,0.000E+00,0.000E+00,0.000E+00,N/A,50.000,50.000,0.000E+00,50.000000,0.000000
2026-10-02 17:23:14,Diversity / RX1 / interval BER,0.000E+00,0.000E+00,0.000E+00,N/A,50.000,50.000,0.000E+00,50.000000,0.000000
2026-10-02 17:23:15,Diversity / RX1 / interval BER,0.000E+00,0.000E+00,0.000E+00,N/A,50.000,50.000,0.000E+00,49.999999,0.000000
2026-10-02 17:23:16,Diversity / RX1 / interval BER,0.000E+00,0.000E+00,0.000E+00,N/A,50.000,50.000,0.000E+00,50.000001,0.000000
2026-10-02 17:23:17,Diversity / RX1 / interval BER,0.000E+00,0.000E+00,0.000E+00,N/A,50.000,50.000,0.000E+00,50.000000,0.000000
2026-10-02 17:23:18,Diversity / RX1 / interval BER,0.000E+00,0.000E+00,0.000E+00,N/A,50.000,50.000,0.000E+00,49.999999,0.000000
2026-10-02 17:23:19,Diversity / RX1 / interval BER,0.000E+00,0.000E+00,0.000E+00,N/A,50.000,50.000,0.000E+00,50.000001,0.000000
2026-10-02 17:23:20,Diversity / RX1 / interval BER,0.000E+00,0.000E+00,0.000E+00,N/A,50.000,50.000,0.000E+00,50.000000,0.000000
2026-10-02 17:23:21,Diversity / RX1 / interval BER,0.000E+00,0.000E+00,0.000E+00,N/A,50.000,50.000,0.000E+00,50.000000,0.000000
2026-10-02 17:23:22,Diversity / RX1 / interval BER,0.000E+00,0.000E+00,0.000E+00,N/A,50.000,50.000,0.000E+00,50.000000,0.000000
2026-10-02 17:23:23,Diversity / RX1 / interval BER,0.000E+00,0.000E+00,0.000E+00,N/A,50.000,50.000,0.000E+00,50.000000,0.000000
2026-10-02 17:23:24,Diversity / RX1 / interval BER,0.000E+00,0.000E+00,0.000E+00,N/A,50.000,50.000,0.000E+00,49.999999,0.000000
2026-10-02 17:23:25,Diversity / RX1 / interval BER,0.000E+00,0.000E+00,0.000E+00,N/A,50.000,50.000,0.000E+00,50.000000,0.000000
2026-10-02 17:23:26,Diversity / RX1 / interval BER,0.000E+00,0.000E+00,0.000E+00,N/A,50.000,50.000,0.000E+00,50.000000,0.000000
2026-10-02 17:23:27,Diversity / RX1 / interval BER,0.000E+00,0.000E+00,0.000E+00,N/A,50.000,50.000,0.000E+00,50.000000,0.000000
2026-10-02 17:23:28,Diversity / RX1 / interval BER,0.000E+00,0.000E+00,0.000E+00,N/A,50.000,50.000,0.000E+00,50.000000,0.000000
2026-10-02 17:23:29,Diversity / RX1 / interval BER,0.000E+00,0.000E+00,0.000E+00,N/A,50.000,50.000,0.000E+00,50.000001,0.000000
2026-10-02 17:23:30,Diversity / RX1 / interval BER,0.000E+00,0.000E+00,0.000E+00,N/A,50.000,50.000,0.000E+00,50.000000,0.000000
2026-10-02 17:23:31,Diversity / RX1 / interval BER,0.000E+00,0.000E+00,0.000E+00,N/A,50.000,50.000,0.000E+00,50.000000,0.000000
2026-10-02 17:23:32,Diversity / RX1 / interval BER,0.000E+00,0.000E+00,0.000E+00,N/A,50.000,50.000,0.000E+00,50.000000,0.000000
2026-10-02 17:23:33,Diversity / RX1 / interval BER,0.000E+00,0.000E+00,0.000E+00,N/A,50.000,50.000,0.000E+00,50.000000,0.000000
2026-10-02 17:23:34,Diversity / RX1 / interval BER,0.000E+00,0.000E+00,0.000E+00,N/A,50.000,50.000,0.000E+00,50.000000,0.000000
2026-10-02 17:23:35,Diversity / RX1 / interval BER,0.000E+00,0.000E+00,0.000E+00,N/A,50.000,50.000,0.000E+00,50.000000,0.000000
2026-10-02 17:23:36,Diversity / RX1 / interval BER,0.000E+00,0.000E+00,0.000E+00,N/A,50.000,50.000,0.000E+00,50.000000,0.000000
2026-10-02 17:23:37,Diversity / RX1 / interval BER,0.000E+00,0.000E+00,0.000E+00,N/A,50.000,50.000,0.000E+00,49.999999,0.000000
2026-10-02 17:23:38,Diversity / RX1 / interval BER,0.000E+00,0.000E+00,0.000E+00,N/A,50.000,50.000,0.000E+00,50.000001,0.000000
2026-10-02 17:23:39,Diversity / RX1 / interval BER,0.000E+00,0.000E+00,0.000E+00,N/A,50.000,50.000,0.000E+00,50.000000,0.000000
2026-10-02 17:23:40,Diversity / RX1 / interval BER,0.000E+00,0.000E+00,0.000E+00,N/A,50.000,50.000,0.000E+00,50.000000,0.000000
2026-10-02 17:23:41,Diversity / RX1 / interval BER,0.000E+00,0.000E+00,0.000E+00,N/A,50.000,50.000,0.000E+00,50.000000,0.000000
2026-10-02 17:23:42,Diversity / RX1 / interval BER,0.000E+00,0.000E+00,0.000E+00,N/A,50.000,50.000,0.000E+00,50.000000,0.000000
2026-10-02 17:23:43,Diversity / RX1 / interval BER,0.000E+00,0.000E+00,0.000E+00,N/A,50.000,50.000,0.000E+00,50.000000,0.000000
2026-10-02 17:23:44,Diversity / RX1 / interval BER,0.000E+00,0.000E+00,0.000E+00,N/A,50.000,50.000,0.000E+00,50.000000,0.000000
2026-10-02 17:23:45,Diversity / RX1 / interval BER,0.000E+00,0.000E+00,0.000E+00,N/A,50.000,50.000,0.000E+00,50.000000,0.000000
2026-10-02 17:23:46,Diversity / RX1 / interval BER,0.000E+00,0.000E+00,0.000E+00,N/A,50.000,50.000,0.000E+00,50.000000,0.000000
2026-10-02 17:23:48,Diversity / RX1 / interval BER,0.000E+00,0.000E+00,0.000E+00,N/A,50.000,50.000,0.000E+00,50.000001,0.000000
2026-10-02 17:23:49,Diversity / RX1 / interval BER,0.000E+00,0.000E+00,0.000E+00,N/A,50.000,50.000,0.000E+00,50.000000,0.000000
2026-10-02 17:23:50,Diversity / RX1 / interval BER,0.000E+00,0.000E+00,0.000E+00,N/A,50.000,50.000,0.000E+00,50.000000,0.000000
2026-10-02 17:23:51,Diversity / RX1 / interval BER,0.000E+00,0.000E+00,0.000E+00,N/A,50.000,50.000,0.000E+00,49.999999,0.000000
2026-10-02 17:23:52,Diversity / RX1 / interval BER,0.000E+00,0.000E+00,0.000E+00,N/A,50.000,50.000,0.000E+00,50.000000,0.000000
2026-10-02 17:23:53,Diversity / RX1 / interval BER,0.000E+00,0.000E+00,0.000E+00,N/A,50.000,50.000,0.000E+00,50.000000,0.000000
2026-10-02 17:23:54,Diversity / RX1 / interval BER,0.000E+00,0.000E+00,0.000E+00,N/A,50.000,50.000,0.000E+00,50.000000,0.000000
2026-10-02 17:23:55,Diversity / RX1 / interval BER,0.000E+00,0.000E+00,0.000E+00,N/A,50.000,50.000,0.000E+00,50.000001,0.000000
2026-10-02 17:23:56,Diversity / RX1 / interval BER,0.000E+00,0.000E+00,0.000E+00,N/A,50.000,50.000,0.000E+00,50.000000,0.000000
2026-10-02 17:23:57,Diversity / RX1 / interval BER,0.000E+00,0.000E+00,0.000E+00,N/A,50.000,50.000,0.000E+00,50.000000,0.000000
2026-10-02 17:23:58,Diversity / RX1 / interval BER,0.000E+00,0.000E+00,0.000E+00,N/A,50.000,50.000,0.000E+00,50.000000,0.000000
2026-10-02 17:23:59,Diversity / RX1 / interval BER,0.000E+00,0.000E+00,0.000E+00,N/A,50.000,50.000,0.000E+00,50.000000,0.000000
2026-10-02 17:24:00,Diversity / RX1 / interval BER,0.000E+00,0.000E+00,0.000E+00,N/A,50.000,50.000,0.000E+00,50.000000,0.000000
2026-10-02 17:24:01,Diversity / RX1 / interval BER,0.000E+00,0.000E+00,0.000E+00,N/A,50.000,50.000,0.000E+00,50.000000,0.000000
2026-10-02 17:24:02,Diversity / RX1 / interval BER,0.000E+00,0.000E+00,0.000E+00,N/A,50.000,50.000,0.000E+00,50.000000,0.000000
2026-10-02 17:24:03,Diversity / RX1 / interval BER,0.000E+00,0.000E+00,0.000E+00,N/A,50.000,50.000,0.000E+00,50.000000,0.000000
2026-10-02 17:24:04,Diversity / RX1 / interval BER,0.000E+00,0.000E+00,0.000E+00,N/A,50.000,50.000,0.000E+00,50.000000,0.000000
2026-10-02 17:24:05,Diversity / RX1 / interval BER,0.000E+00,0.000E+00,0.000E+00,N/A,50.000,50.000,0.000E+00,50.000001,0.000000
2026-10-02 17:24:06,Diversity / RX1 / interval BER,0.000E+00,0.000E+00,0.000E+00,N/A,50.000,50.000,0.000E+00,50.000000,0.000000
2026-10-02 17:24:07,Diversity / RX1 / interval BER,0.000E+00,0.000E+00,0.000E+00,N/A,50.000,50.000,0.000E+00,50.000000,0.000000
2026-10-02 17:24:08,Diversity / RX1 / interval BER,0.000E+00,0.000E+00,0.000E+00,N/A,50.000,50.000,0.000E+00,50.000000,0.000000
2026-10-02 17:24:09,Diversity / RX1 / interval BER,0.000E+00,0.000E+00,0.000E+00,N/A,50.000,50.000,0.000E+00,50.000001,0.000000
2026-10-02 17:24:11,Diversity / RX1 / interval BER,0.000E+00,0.000E+00,0.000E+00,N/A,50.000,50.000,0.000E+00,50.000000,0.000000
2026-10-02 17:24:12,Diversity / RX1 / interval BER,0.000E+00,0.000E+00,0.000E+00,N/A,50.000,50.000,0.000E+00,50.000000,0.000000
2026-10-02 17:24:13,Diversity / RX1 / interval BER,0.000E+00,0.000E+00,0.000E+00,N/A,50.000,50.000,0.000E+00,49.999999,0.000000
2026-10-02 17:24:14,Diversity / RX1 / interval BER,0.000E+00,0.000E+00,0.000E+00,N/A,50.000,50.000,0.000E+00,50.000000,0.000000
2026-10-02 17:24:15,Diversity / RX1 / interval BER,0.000E+00,0.000E+00,0.000E+00,N/A,50.000,50.000,0.000E+00,49.999999,0.000000
2026-10-02 17:24:16,Diversity / RX1 / interval BER,0.000E+00,0.000E+00,0.000E+00,N/A,50.000,50.000,0.000E+00,50.000000,0.000000
2026-10-02 17:24:17,Diversity / RX1 / interval BER,0.000E+00,0.000E+00,0.000E+00,N/A,50.000,50.000,0.000E+00,50.000000,0.000000
2026-10-02 17:24:18,Diversity / RX1 / interval BER,0.000E+00,0.000E+00,0.000E+00,N/A,50.000,50.000,0.000E+00,50.000000,0.000000
2026-10-02 17:24:19,Diversity / RX1 / interval BER,0.000E+00,0.000E+00,0.000E+00,N/A,50.000,50.000,0.000E+00,50.000000,0.000000
2026-10-02 17:24:20,Diversity / RX1 / interval BER,0.000E+00,0.000E+00,0.000E+00,N/A,50.000,50.000,0.000E+00,50.000000,0.000000
2026-10-02 17:24:21,Diversity / RX1 / interval BER,0.000E+00,0.000E+00,0.000E+00,N/A,50.000,50.000,0.000E+00,50.000000,0.000000
2026-10-02 17:24:22,Diversity / RX1 / interval BER,0.000E+00,0.000E+00,0.000E+00,N/A,50.000,50.000,0.000E+00,50.000000,0.000000
2026-10-02 17:24:24,Diversity / RX1 / interval BER,0.000E+00,0.000E+00,0.000E+00,N/A,50.000,50.000,0.000E+00,50.000000,0.000000
2026-10-02 17:24:25,Diversity / RX1 / interval BER,0.000E+00,0.000E+00,0.000E+00,N/A,50.000,50.000,0.000E+00,50.000000,0.000000
2026-10-02 17:24:26,Diversity / RX1 / interval BER,0.000E+00,0.000E+00,0.000E+00,N/A,50.000,50.000,0.000E+00,50.000000,0.000000
2026-10-02 17:24:27,Diversity / RX1 / interval BER,0.000E+00,0.000E+00,0.000E+00,N/A,50.000,50.000,0.000E+00,50.000001,0.000000
2026-10-02 17:24:28,Diversity / RX1 / interval BER,0.000E+00,0.000E+00,0.000E+00,N/A,50.000,50.000,0.000E+00,49.999999,0.000000
2026-10-02 17:24:29,Diversity / RX1 / interval BER,0.000E+00,0.000E+00,0.000E+00,N/A,50.000,50.000,0.000E+00,50.000001,0.000000
2026-10-02 17:24:30,Diversity / RX1 / interval BER,0.000E+00,0.000E+00,0.000E+00,N/A,50.000,50.000,0.000E+00,50.000000,0.000000
2026-10-02 17:24:31,Diversity / RX1 / interval BER,0.000E+00,0.000E+00,0.000E+00,N/A,50.000,50.000,0.000E+00,50.000000,0.000000
2026-10-02 17:24:32,Diversity / RX1 / interval BER,0.000E+00,0.000E+00,0.000E+00,N/A,50.000,50.000,0.000E+00,50.000000,0.000000
2026-10-02 17:24:33,Diversity / RX1 / interval BER,0.000E+00,0.000E+00,0.000E+00,N/A,50.000,50.000,0.000E+00,49.999999,0.000000
2026-10-02 17:24:34,Diversity / RX1 / interval BER,0.000E+00,0.000E+00,0.000E+00,N/A,50.000,50.000,0.000E+00,50.000000,0.000000
2026-10-02 17:24:36,Diversity / RX1 / interval BER,0.000E+00,0.000E+00,0.000E+00,N/A,50.000,50.000,0.000E+00,50.000000,0.000000
2026-10-02 17:24:37,Diversity / RX1 / interval BER,0.000E+00,0.000E+00,0.000E+00,N/A,50.000,50.000,0.000E+00,50.000000,0.000000
2026-10-02 17:24:38,Diversity / RX1 / interval BER,0.000E+00,0.000E+00,0.000E+00,N/A,50.000,50.000,0.000E+00,50.000000,0.000000
2026-10-02 17:24:39,Diversity / RX1 / interval BER,0.000E+00,0.000E+00,0.000E+00,N/A,50.000,50.000,0.000E+00,50.000000,0.000000
2026-10-02 17:24:40,Diversity / RX1 / interval BER,0.000E+00,0.000E+00,0.000E+00,N/A,50.000,50.000,0.000E+00,50.000000,0.000000
2026-10-02 17:24:41,Diversity / RX1 / interval BER,0.000E+00,0.000E+00,0.000E+00,N/A,50.000,50.000,0.000E+00,50.000000,0.000000
2026-10-02 17:24:42,Diversity / RX1 / interval BER,0.000E+00,0.000E+00,0.000E+00,N/A,50.000,50.000,0.000E+00,50.000000,0.000000
2026-10-02 17:24:43,Diversity / RX1 / interval BER,0.000E+00,0.000E+00,0.000E+00,N/A,50.000,50.000,0.000E+00,50.000001,0.000000
2026-10-02 17:24:44,Diversity / RX1 / interval BER,0.000E+00,0.000E+00,0.000E+00,N/A,50.000,50.000,0.000E+00,50.000000,0.000000
2026-10-02 17:24:45,Diversity / RX1 / interval BER,0.000E+00,0.000E+00,0.000E+00,N/A,50.000,50.000,0.000E+00,50.000000,0.000000
2026-10-02 17:24:47,Diversity / RX1 / interval BER,0.000E+00,0.000E+00,0.000E+00,N/A,50.000,50.000,0.000E+00,50.000001,0.000000
2026-10-02 17:24:48,Diversity / RX1 / interval BER,0.000E+00,0.000E+00,0.000E+00,N/A,50.000,50.000,0.000E+00,50.000000,0.000000
2026-10-02 17:24:49,Diversity / RX1 / interval BER,0.000E+00,0.000E+00,0.000E+00,N/A,50.000,50.000,0.000E+00,50.000000,0.000000
2026-10-02 17:24:50,Diversity / RX1 / interval BER,0.000E+00,0.000E+00,0.000E+00,N/A,50.000,50.000,0.000E+00,50.000000,0.000000
2026-10-02 17:24:51,Diversity / RX1 / interval BER,0.000E+00,0.000E+00,0.000E+00,N/A,50.000,50.000,0.000E+00,50.000000,0.000000
2026-10-02 17:24:52,Diversity / RX1 / interval BER,0.000E+00,0.000E+00,0.000E+00,N/A,50.000,50.000,0.000E+00,50.000000,0.000000
2026-10-02 17:24:53,Diversity / RX1 / interval BER,0.000E+00,0.000E+00,0.000E+00,N/A,50.000,50.000,0.000E+00,50.000000,0.000000
2026-10-02 17:24:54,Diversity / RX1 / interval BER,0.000E+00,0.000E+00,0.000E+00,N/A,50.000,50.000,0.000E+00,50.000000,0.000000
2026-10-02 17:24:55,Diversity / RX1 / interval BER,0.000E+00,0.000E+00,0.000E+00,N/A,50.000,50.000,0.000E+00,49.999999,0.000000
2026-10-02 17:24:56,Diversity / RX1 / interval BER,0.000E+00,0.000E+00,0.000E+00,N/A,50.000,50.000,0.000E+00,50.000001,0.000000
2026-10-02 17:24:57,Diversity / RX1 / interval BER,0.000E+00,0.000E+00,0.000E+00,N/A,50.000,50.000,0.000E+00,49.999999,0.000000
2026-10-02 17:24:58,Diversity / RX1 / interval BER,0.000E+00,0.000E+00,0.000E+00,N/A,50.000,50.000,0.000E+00,50.000000,0.000000
2026-10-02 17:24:59,Diversity / RX1 / interval BER,0.000E+00,0.000E+00,0.000E+00,N/A,50.000,50.000,0.000E+00,50.000000,0.000000
2026-10-02 17:25:00,Diversity / RX1 / interval BER,0.000E+00,0.000E+00,0.000E+00,N/A,50.000,50.000,0.000E+00,50.000000,0.000000
2026-10-02 17:25:01,Diversity / RX1 / interval BER,0.000E+00,0.000E+00,0.000E+00,N/A,50.000,50.000,0.000E+00,50.000000,0.000000
2026-10-02 17:25:03,Diversity / RX1 / interval BER,0.000E+00,0.000E+00,0.000E+00,N/A,50.000,50.000,0.000E+00,50.000000,0.000000
2026-10-02 17:25:04,Diversity / RX1 / interval BER,0.000E+00,0.000E+00,0.000E+00,N/A,50.000,50.000,0.000E+00,50.000000,0.000000
2026-10-02 17:25:05,Diversity / RX1 / interval BER,0.000E+00,0.000E+00,0.000E+00,N/A,50.000,50.000,0.000E+00,50.000001,0.000000
2026-10-02 17:25:06,Diversity / RX1 / interval BER,0.000E+00,0.000E+00,0.000E+00,N/A,50.000,50.000,0.000E+00,50.000000,0.000000
2026-10-02 17:25:07,Diversity / RX1 / interval BER,0.000E+00,0.000E+00,0.000E+00,N/A,50.000,50.000,0.000E+00,50.000000,0.000000
2026-10-02 17:25:08,Diversity / RX1 / interval BER,0.000E+00,0.000E+00,0.000E+00,N/A,50.000,50.000,0.000E+00,49.999999,0.000000
2026-10-02 17:25:09,Diversity / RX1 / interval BER,0.000E+00,0.000E+00,0.000E+00,N/A,50.000,50.000,0.000E+00,50.000000,0.000000
2026-10-02 17:25:10,Diversity / RX1 / interval BER,0.000E+00,0.000E+00,0.000E+00,N/A,50.000,50.000,0.000E+00,50.000001,0.000000
2026-10-02 17:25:11,Diversity / RX1 / interval BER,0.000E+00,0.000E+00,0.000E+00,N/A,50.000,50.000,0.000E+00,49.999999,0.000000
2026-10-02 17:25:12,Diversity / RX1 / interval BER,0.000E+00,0.000E+00,0.000E+00,N/A,50.000,50.000,0.000E+00,50.000000,0.000000
2026-10-02 17:25:13,Diversity / RX1 / interval BER,0.000E+00,0.000E+00,0.000E+00,N/A,50.000,50.000,0.000E+00,50.000000,0.000000
2026-10-02 17:25:14,Diversity / RX1 / interval BER,0.000E+00,0.000E+00,0.000E+00,N/A,50.000,50.000,0.000E+00,50.000000,0.000000
2026-10-02 17:25:15,Diversity / RX1 / interval BER,0.000E+00,0.000E+00,0.000E+00,N/A,50.000,50.000,0.000E+00,49.999999,0.000000
2026-10-02 17:25:16,Diversity / RX1 / interval BER,0.000E+00,0.000E+00,0.000E+00,N/A,50.000,50.000,0.000E+00,50.000001,0.000000
2026-10-02 17:25:17,Diversity / RX1 / interval BER,0.000E+00,0.000E+00,0.000E+00,N/A,50.000,50.000,0.000E+00,49.999999,0.000000
2026-10-02 17:25:18,Diversity / RX1 / interval BER,0.000E+00,0.000E+00,0.000E+00,N/A,50.000,50.000,0.000E+00,50.000000,0.000000
2026-10-02 17:25:19,Diversity / RX1 / interval BER,0.000E+00,0.000E+00,0.000E+00,N/A,50.000,50.000,0.000E+00,50.000000,0.000000
2026-10-02 17:25:20,Diversity / RX1 / interval BER,0.000E+00,0.000E+00,0.000E+00,N/A,50.000,50.000,0.000E+00,50.000000,0.000000
2026-10-02 17:25:21,Diversity / RX1 / interval BER,0.000E+00,0.000E+00,0.000E+00,N/A,50.000,50.000,0.000E+00,50.000000,0.000000
2026-10-02 17:25:22,Diversity / RX1 / interval BER,0.000E+00,0.000E+00,0.000E+00,N/A,50.000,50.000,0.000E+00,50.000000,0.000000
2026-10-02 17:25:23,Diversity / RX1 / interval BER,0.000E+00,0.000E+00,0.000E+00,N/A,50.000,50.000,0.000E+00,50.000000,0.000000
2026-10-02 17:25:24,Diversity / RX1 / interval BER,0.000E+00,0.000E+00,0.000E+00,N/A,50.000,50.000,0.000E+00,50.000000,0.000000
2026-10-02 17:25:26,Diversity / RX1 / interval BER,0.000E+00,0.000E+00,0.000E+00,N/A,50.000,50.000,0.000E+00,50.000000,0.000000
2026-10-02 17:25:27,Diversity / RX1 / interval BER,0.000E+00,0.000E+00,0.000E+00,N/A,50.000,50.000,0.000E+00,50.000000,0.000000
2026-10-02 17:25:28,Diversity / RX1 / interval BER,0.000E+00,0.000E+00,0.000E+00,N/A,50.000,50.000,0.000E+00,50.000000,0.000000
2026-10-02 17:25:29,Diversity / RX1 / interval BER,0.000E+00,0.000E+00,0.000E+00,N/A,50.000,50.000,0.000E+00,50.000001,0.000000
2026-10-02 17:25:30,Diversity / RX1 / interval BER,0.000E+00,0.000E+00,0.000E+00,N/A,50.000,50.000,0.000E+00,50.000000,0.000000
2026-10-02 17:25:31,Diversity / RX1 / interval BER,0.000E+00,0.000E+00,0.000E+00,N/A,50.000,50.000,0.000E+00,50.000000,0.000000
2026-10-02 17:25:32,Diversity / RX1 / interval BER,0.000E+00,0.000E+00,0.000E+00,N/A,50.000,50.000,0.000E+00,50.000001,0.000000
2026-10-02 17:25:33,Diversity / RX1 / interval BER,0.000E+00,0.000E+00,0.000E+00,N/A,50.000,50.000,0.000E+00,50.000000,0.000000
2026-10-02 17:25:34,Diversity / RX1 / interval BER,0.000E+00,0.000E+00,0.000E+00,N/A,50.000,50.000,0.000E+00,50.000000,0.000000
2026-10-02 17:25:35,Diversity / RX1 / interval BER,0.000E+00,0.000E+00,0.000E+00,N/A,50.000,50.000,0.000E+00,50.000000,0.000000
2026-10-02 17:25:36,Diversity / RX1 / interval BER,0.000E+00,0.000E+00,0.000E+00,N/A,50.000,50.000,0.000E+00,49.999999,0.000000
2026-10-02 17:25:37,Diversity / RX1 / interval BER,0.000E+00,0.000E+00,0.000E+00,N/A,50.000,50.000,0.000E+00,50.000000,0.000000
2026-10-02 17:25:39,Diversity / RX1 / interval BER,0.000E+00,0.000E+00,0.000E+00,N/A,50.000,50.000,0.000E+00,50.000000,0.000000
2026-10-02 17:25:40,Diversity / RX1 / interval BER,0.000E+00,0.000E+00,0.000E+00,N/A,50.000,50.000,0.000E+00,50.000000,0.000000
2026-10-02 17:25:42,Diversity / RX1 / interval BER,0.000E+00,0.000E+00,0.000E+00,N/A,50.000,50.000,0.000E+00,50.000000,0.000000
2026-10-02 17:25:43,Diversity / RX1 / interval BER,0.000E+00,0.000E+00,0.000E+00,N/A,50.000,50.000,0.000E+00,50.000000,0.000000
2026-10-02 17:25:44,Diversity / RX1 / interval BER,0.000E+00,0.000E+00,0.000E+00,N/A,50.000,50.000,0.000E+00,50.000000,0.000000
2026-10-02 17:25:45,Diversity / RX1 / interval BER,0.000E+00,0.000E+00,0.000E+00,N/A,50.000,50.000,0.000E+00,50.000000,0.000000
2026-10-02 17:25:46,Diversity / RX1 / interval BER,0.000E+00,0.000E+00,0.000E+00,N/A,50.000,50.000,0.000E+00,50.000000,0.000000
2026-10-02 17:25:47,Diversity / RX1 / interval BER,0.000E+00,0.000E+00,0.000E+00,N/A,50.000,50.000,0.000E+00,50.000000,0.000000
2026-10-02 17:25:49,Diversity / RX1 / interval BER,0.000E+00,0.000E+00,0.000E+00,N/A,50.000,50.000,0.000E+00,50.000000,0.000000
