Time,Mode,FSO-BER1,FSO-BER2,FSO-ABER,RF-BER,Rx1,Rx2,OBER,Throughput,Delivery
2026-10-01 17:03:16,SMP / paired RX / per-link line rate / both lanes counting / interval BER,0.000E+00,0.000E+00,0.000E+00,N/A,10.000,10.000,0.000E+00,20.000000,79.491351
2026-10-01 17:03:17,SMP / paired RX / per-link line rate / both lanes counting / interval BER,0.000E+00,0.000E+00,0.000E+00,N/A,10.000,10.000,0.000E+00,19.999999,79.234909
2026-10-01 17:03:18,SMP / paired RX / per-link line rate / both lanes counting / interval BER,0.000E+00,0.000E+00,0.000E+00,N/A,10.000,10.000,0.000E+00,20.000000,78.458736
2026-10-01 17:03:19,SMP / paired RX / per-link line rate / both lanes counting / interval BER,0.000E+00,0.000E+00,0.000E+00,N/A,10.000,10.000,0.000E+00,19.999999,78.549318
2026-10-01 17:03:20,SMP / paired RX / per-link line rate / both lanes counting / interval BER,0.000E+00,0.000E+00,0.000E+00,N/A,10.000,10.000,0.000E+00,20.000001,78.331703
2026-10-01 17:03:21,SMP / paired RX / per-link line rate / both lanes counting / interval BER,0.000E+00,0.000E+00,0.000E+00,N/A,10.000,10.000,0.000E+00,20.000000,79.756493
2026-10-01 17:03:22,SMP / paired RX / per-link line rate / both lanes counting / interval BER,0.000E+00,0.000E+00,0.000E+00,N/A,10.000,10.000,0.000E+00,20.000000,79.682679
2026-10-01 17:03:23,SMP / paired RX / per-link line rate / both lanes counting / interval BER,0.000E+00,0.000E+00,0.000E+00,N/A,10.000,10.000,0.000E+00,19.999999,79.673558
2026-10-01 17:03:24,SMP / paired RX / per-link line rate / both lanes counting / interval BER,0.000E+00,0.000E+00,0.000E+00,N/A,10.000,10.000,0.000E+00,20.000000,79.078949
2026-10-01 17:03:25,SMP / paired RX / per-link line rate / both lanes counting / interval BER,0.000E+00,0.000E+00,0.000E+00,N/A,10.000,10.000,0.000E+00,20.000000,78.447773
2026-10-01 17:03:26,SMP / paired RX / per-link line rate / both lanes counting / interval BER,0.000E+00,0.000E+00,0.000E+00,N/A,10.000,10.000,0.000E+00,20.000001,78.492183
2026-10-01 17:03:27,SMP / paired RX / per-link line rate / both lanes counting / interval BER,0.000E+00,0.000E+00,0.000E+00,N/A,10.000,10.000,0.000E+00,19.999999,78.742244
2026-10-01 17:03:28,SMP / paired RX / per-link line rate / both lanes counting / interval BER,0.000E+00,0.000E+00,0.000E+00,N/A,10.000,10.000,0.000E+00,20.000000,79.903972
2026-10-01 17:03:29,SMP / paired RX / per-link line rate / both lanes counting / interval BER,0.000E+00,0.000E+00,0.000E+00,N/A,10.000,10.000,0.000E+00,20.000001,80.005846
2026-10-01 17:03:30,SMP / paired RX / per-link line rate / both lanes counting / interval BER,0.000E+00,0.000E+00,0.000E+00,N/A,10.000,10.000,0.000E+00,19.999999,79.835045
2026-10-01 17:03:31,SMP / paired RX / per-link line rate / both lanes counting / interval BER,0.000E+00,0.000E+00,0.000E+00,N/A,10.000,10.000,0.000E+00,19.999999,78.815250
2026-10-01 17:03:32,SMP / paired RX / per-link line rate / both lanes counting / interval BER,0.000E+00,0.000E+00,0.000E+00,N/A,10.000,10.000,0.000E+00,20.000001,78.559738
2026-10-01 17:03:33,SMP / paired RX / per-link line rate / both lanes counting / interval BER,0.000E+00,0.000E+00,0.000E+00,N/A,10.000,10.000,0.000E+00,20.000000,78.533696
2026-10-01 17:03:34,SMP / paired RX / per-link line rate / both lanes counting / interval BER,0.000E+00,0.000E+00,0.000E+00,N/A,10.000,10.000,0.000E+00,19.999999,79.053900
2026-10-01 17:03:35,SMP / paired RX / per-link line rate / both lanes counting / interval BER,0.000E+00,0.000E+00,0.000E+00,N/A,10.000,10.000,0.000E+00,20.000001,79.617110
2026-10-01 17:03:36,SMP / paired RX / per-link line rate / both lanes counting / interval BER,0.000E+00,0.000E+00,0.000E+00,N/A,10.000,10.000,0.000E+00,20.000000,79.636436
2026-10-01 17:03:37,SMP / paired RX / per-link line rate / both lanes counting / interval BER,0.000E+00,0.000E+00,0.000E+00,N/A,10.000,10.000,0.000E+00,19.999999,79.664971
2026-10-01 17:03:38,SMP / paired RX / per-link line rate / both lanes counting / interval BER,0.000E+00,0.000E+00,0.000E+00,N/A,10.000,10.000,0.000E+00,20.000001,78.638968
2026-10-01 17:03:39,SMP / paired RX / per-link line rate / both lanes counting / interval BER,0.000E+00,0.000E+00,0.000E+00,N/A,10.000,10.000,0.000E+00,19.999999,78.508145
2026-10-01 17:03:40,SMP / paired RX / per-link line rate / both lanes counting / interval BER,0.000E+00,0.000E+00,0.000E+00,N/A,10.000,10.000,0.000E+00,20.000001,78.590924
2026-10-01 17:03:41,SMP / paired RX / per-link line rate / both lanes counting / interval BER,0.000E+00,0.000E+00,0.000E+00,N/A,10.000,10.000,0.000E+00,19.999999,79.667050
2026-10-01 17:03:42,SMP / paired RX / per-link line rate / both lanes counting / interval BER,0.000E+00,0.000E+00,0.000E+00,N/A,10.000,10.000,0.000E+00,20.000000,79.743434
2026-10-01 17:03:43,SMP / paired RX / per-link line rate / both lanes counting / interval BER,0.000E+00,0.000E+00,0.000E+00,N/A,10.000,10.000,0.000E+00,20.000000,79.439941
2026-10-01 17:03:44,SMP / paired RX / per-link line rate / both lanes counting / interval BER,0.000E+00,0.000E+00,0.000E+00,N/A,10.000,10.000,0.000E+00,20.000000,79.063533
2026-10-01 17:03:45,SMP / paired RX / per-link line rate / both lanes counting / interval BER,0.000E+00,0.000E+00,0.000E+00,N/A,10.000,10.000,0.000E+00,19.999999,78.227247
2026-10-01 17:03:46,SMP / paired RX / per-link line rate / both lanes counting / interval BER,0.000E+00,0.000E+00,0.000E+00,N/A,10.000,10.000,0.000E+00,20.000000,78.399126
2026-10-01 17:03:47,SMP / paired RX / per-link line rate / both lanes counting / interval BER,0.000E+00,0.000E+00,0.000E+00,N/A,10.000,10.000,0.000E+00,20.000000,78.493054
2026-10-01 17:03:48,SMP / paired RX / per-link line rate / both lanes counting / interval BER,0.000E+00,0.000E+00,0.000E+00,N/A,10.000,10.000,0.000E+00,20.000000,79.737867
2026-10-01 17:03:49,SMP / paired RX / per-link line rate / both lanes counting / interval BER,0.000E+00,0.000E+00,0.000E+00,N/A,10.000,10.000,0.000E+00,20.000001,79.734327
2026-10-01 17:03:50,SMP / paired RX / per-link line rate / both lanes counting / interval BER,0.000E+00,0.000E+00,0.000E+00,N/A,10.000,10.000,0.000E+00,20.000000,79.503406
2026-10-01 17:03:51,SMP / paired RX / per-link line rate / both lanes counting / interval BER,0.000E+00,0.000E+00,0.000E+00,N/A,10.000,10.000,0.000E+00,19.999999,78.922741
2026-10-01 17:03:52,SMP / paired RX / per-link line rate / both lanes counting / interval BER,0.000E+00,0.000E+00,0.000E+00,N/A,10.000,10.000,0.000E+00,20.000000,78.560917
2026-10-01 17:03:53,SMP / paired RX / per-link line rate / both lanes counting / interval BER,0.000E+00,0.000E+00,0.000E+00,N/A,10.000,10.000,0.000E+00,20.000001,78.508086
2026-10-01 17:03:54,SMP / paired RX / per-link line rate / both lanes counting / interval BER,0.000E+00,0.000E+00,0.000E+00,N/A,10.000,10.000,0.000E+00,20.000000,79.036679
2026-10-01 17:03:55,SMP / paired RX / per-link line rate / both lanes counting / interval BER,0.000E+00,0.000E+00,0.000E+00,N/A,10.000,10.000,0.000E+00,20.000000,79.979016
2026-10-01 17:03:56,SMP / paired RX / per-link line rate / both lanes counting / interval BER,0.000E+00,0.000E+00,0.000E+00,N/A,10.000,10.000,0.000E+00,19.999999,79.597043
2026-10-01 17:03:57,SMP / paired RX / per-link line rate / both lanes counting / interval BER,0.000E+00,0.000E+00,0.000E+00,N/A,10.000,10.000,0.000E+00,20.000001,79.699954
2026-10-01 17:03:58,SMP / paired RX / per-link line rate / both lanes counting / interval BER,0.000E+00,0.000E+00,0.000E+00,N/A,10.000,10.000,0.000E+00,20.000000,78.419011
2026-10-01 17:03:59,SMP / paired RX / per-link line rate / both lanes counting / interval BER,0.000E+00,0.000E+00,0.000E+00,N/A,10.000,10.000,0.000E+00,20.000000,78.355799
2026-10-01 17:04:00,SMP / paired RX / per-link line rate / both lanes counting / interval BER,0.000E+00,0.000E+00,0.000E+00,N/A,10.000,10.000,0.000E+00,19.999999,78.515433
2026-10-01 17:04:01,SMP / paired RX / per-link line rate / both lanes counting / interval BER,0.000E+00,0.000E+00,0.000E+00,N/A,10.000,10.000,0.000E+00,20.000000,79.251107
2026-10-01 17:04:02,SMP / paired RX / per-link line rate / both lanes counting / interval BER,0.000E+00,0.000E+00,0.000E+00,N/A,10.000,10.000,0.000E+00,20.000001,79.462328
2026-10-01 17:04:03,SMP / paired RX / per-link line rate / both lanes counting / interval BER,0.000E+00,0.000E+00,0.000E+00,N/A,10.000,10.000,0.000E+00,20.000000,79.495272
2026-10-01 17:04:04,SMP / paired RX / per-link line rate / both lanes counting / interval BER,0.000E+00,0.000E+00,0.000E+00,N/A,10.000,10.000,0.000E+00,20.000000,79.309406
2026-10-01 17:04:05,SMP / paired RX / per-link line rate / both lanes counting / interval BER,0.000E+00,0.000E+00,0.000E+00,N/A,10.000,10.000,0.000E+00,19.999999,78.374665
2026-10-01 17:04:06,SMP / paired RX / per-link line rate / both lanes counting / interval BER,0.000E+00,0.000E+00,0.000E+00,N/A,10.000,10.000,0.000E+00,20.000001,78.322571
2026-10-01 17:04:07,SMP / paired RX / per-link line rate / both lanes counting / interval BER,0.000E+00,0.000E+00,0.000E+00,N/A,10.000,10.000,0.000E+00,20.000001,78.297172
2026-10-01 17:04:08,SMP / paired RX / per-link line rate / both lanes counting / interval BER,0.000E+00,0.000E+00,0.000E+00,N/A,10.000,10.000,0.000E+00,19.999999,79.476228
2026-10-01 17:04:09,SMP / paired RX / per-link line rate / both lanes counting / interval BER,0.000E+00,0.000E+00,0.000E+00,N/A,10.000,10.000,0.000E+00,20.000000,79.649865
2026-10-01 17:04:10,SMP / paired RX / per-link line rate / both lanes counting / interval BER,0.000E+00,0.000E+00,0.000E+00,N/A,10.000,10.000,0.000E+00,19.999999,79.734944
2026-10-01 17:04:11,SMP / paired RX / per-link line rate / both lanes counting / interval BER,0.000E+00,0.000E+00,0.000E+00,N/A,10.000,10.000,0.000E+00,20.000001,79.195254
2026-10-01 17:04:12,SMP / paired RX / per-link line rate / both lanes counting / interval BER,0.000E+00,0.000E+00,0.000E+00,N/A,10.000,10.000,0.000E+00,20.000000,78.316524
2026-10-01 17:04:13,SMP / paired RX / per-link line rate / both lanes counting / interval BER,0.000E+00,0.000E+00,0.000E+00,N/A,10.000,10.000,0.000E+00,20.000001,78.575629
2026-10-01 17:04:14,SMP / paired RX / per-link line rate / both lanes counting / interval BER,0.000E+00,0.000E+00,0.000E+00,N/A,10.000,10.000,0.000E+00,19.999999,78.705938
2026-10-01 17:04:15,SMP / paired RX / per-link line rate / both lanes counting / interval BER,0.000E+00,0.000E+00,0.000E+00,N/A,10.000,10.000,0.000E+00,20.000000,79.895629
2026-10-01 17:04:16,SMP / paired RX / per-link line rate / both lanes counting / interval BER,0.000E+00,0.000E+00,0.000E+00,N/A,10.000,10.000,0.000E+00,20.000000,79.911387
2026-10-01 17:04:17,SMP / paired RX / per-link line rate / both lanes counting / interval BER,0.000E+00,0.000E+00,0.000E+00,N/A,10.000,10.000,0.000E+00,20.000001,79.851115
2026-10-01 17:04:18,SMP / paired RX / per-link line rate / both lanes counting / interval BER,0.000E+00,0.000E+00,0.000E+00,N/A,10.000,10.000,0.000E+00,19.999999,78.477630
2026-10-01 17:04:19,SMP / paired RX / per-link line rate / both lanes counting / interval BER,0.000E+00,0.000E+00,0.000E+00,N/A,10.000,10.000,0.000E+00,19.999999,78.374179
2026-10-01 17:04:20,SMP / paired RX / per-link line rate / both lanes counting / interval BER,0.000E+00,0.000E+00,0.000E+00,N/A,10.000,10.000,0.000E+00,20.000002,78.348961
2026-10-01 17:04:21,SMP / paired RX / per-link line rate / both lanes counting / interval BER,0.000E+00,0.000E+00,0.000E+00,N/A,10.000,10.000,0.000E+00,19.999999,79.029324
2026-10-01 17:04:22,SMP / paired RX / per-link line rate / both lanes counting / interval BER,0.000E+00,0.000E+00,0.000E+00,N/A,10.000,10.000,0.000E+00,20.000001,79.717234
2026-10-01 17:04:23,SMP / paired RX / per-link line rate / both lanes counting / interval BER,0.000E+00,0.000E+00,0.000E+00,N/A,10.000,10.000,0.000E+00,19.999999,79.739673
2026-10-01 17:04:24,SMP / paired RX / per-link line rate / both lanes counting / interval BER,0.000E+00,0.000E+00,0.000E+00,N/A,10.000,10.000,0.000E+00,20.000000,79.225489
2026-10-01 17:04:25,SMP / paired RX / per-link line rate / both lanes counting / interval BER,0.000E+00,0.000E+00,0.000E+00,N/A,10.000,10.000,0.000E+00,20.000000,78.312098
2026-10-01 17:04:26,SMP / paired RX / per-link line rate / both lanes counting / interval BER,0.000E+00,0.000E+00,0.000E+00,N/A,10.000,10.000,0.000E+00,20.000001,78.227241
2026-10-01 17:04:27,SMP / paired RX / per-link line rate / both lanes counting / interval BER,0.000E+00,0.000E+00,0.000E+00,N/A,10.000,10.000,0.000E+00,19.999999,78.228094
2026-10-01 17:04:28,SMP / paired RX / per-link line rate / both lanes counting / interval BER,0.000E+00,0.000E+00,0.000E+00,N/A,10.000,10.000,0.000E+00,20.000000,79.223812
2026-10-01 17:04:29,SMP / paired RX / per-link line rate / both lanes counting / interval BER,0.000E+00,0.000E+00,0.000E+00,N/A,10.000,10.000,0.000E+00,20.000001,79.757111
2026-10-01 17:04:30,SMP / paired RX / per-link line rate / both lanes counting / interval BER,0.000E+00,0.000E+00,0.000E+00,N/A,10.000,10.000,0.000E+00,19.999999,79.740221
2026-10-01 17:04:31,SMP / paired RX / per-link line rate / both lanes counting / interval BER,0.000E+00,0.000E+00,0.000E+00,N/A,10.000,10.000,0.000E+00,20.000000,79.000091
2026-10-01 17:04:32,SMP / paired RX / per-link line rate / both lanes counting / interval BER,0.000E+00,0.000E+00,0.000E+00,N/A,10.000,10.000,0.000E+00,20.000000,78.173002
2026-10-01 17:04:33,SMP / paired RX / per-link line rate / both lanes counting / interval BER,0.000E+00,0.000E+00,0.000E+00,N/A,10.000,10.000,0.000E+00,20.000001,78.398752
2026-10-01 17:04:34,SMP / paired RX / per-link line rate / both lanes counting / interval BER,0.000E+00,0.000E+00,0.000E+00,N/A,10.000,10.000,0.000E+00,20.000000,78.297824
2026-10-01 17:04:35,SMP / paired RX / per-link line rate / both lanes counting / interval BER,0.000E+00,0.000E+00,0.000E+00,N/A,10.000,10.000,0.000E+00,19.999999,79.280161
2026-10-01 17:04:36,SMP / paired RX / per-link line rate / both lanes counting / interval BER,0.000E+00,0.000E+00,0.000E+00,N/A,10.000,10.000,0.000E+00,20.000001,79.344769
2026-10-01 17:04:37,SMP / paired RX / per-link line rate / both lanes counting / interval BER,0.000E+00,0.000E+00,0.000E+00,N/A,10.000,10.000,0.000E+00,20.000000,79.236222
2026-10-01 17:04:38,SMP / paired RX / per-link line rate / both lanes counting / interval BER,0.000E+00,0.000E+00,0.000E+00,N/A,10.000,10.000,0.000E+00,19.999999,78.493396
2026-10-01 17:04:39,SMP / paired RX / per-link line rate / both lanes counting / interval BER,0.000E+00,0.000E+00,0.000E+00,N/A,10.000,10.000,0.000E+00,20.000000,78.214395
2026-10-01 17:04:40,SMP / paired RX / per-link line rate / both lanes counting / interval BER,0.000E+00,0.000E+00,0.000E+00,N/A,10.000,10.000,0.000E+00,20.000001,78.295977
2026-10-01 17:04:41,SMP / paired RX / per-link line rate / both lanes counting / interval BER,0.000E+00,0.000E+00,0.000E+00,N/A,10.000,10.000,0.000E+00,20.000000,78.507233
2026-10-01 17:04:42,SMP / paired RX / per-link line rate / both lanes counting / interval BER,0.000E+00,0.000E+00,0.000E+00,N/A,10.000,10.000,0.000E+00,19.999999,79.379070
2026-10-01 17:04:43,SMP / paired RX / per-link line rate / both lanes counting / interval BER,0.000E+00,0.000E+00,0.000E+00,N/A,10.000,10.000,0.000E+00,19.999999,79.244509
2026-10-01 17:04:44,SMP / paired RX / per-link line rate / both lanes counting / interval BER,0.000E+00,0.000E+00,0.000E+00,N/A,10.000,10.000,0.000E+00,20.000001,79.426898
2026-10-01 17:04:45,SMP / paired RX / per-link line rate / both lanes counting / interval BER,0.000E+00,0.000E+00,0.000E+00,N/A,10.000,10.000,0.000E+00,19.999999,78.314058
2026-10-01 17:04:46,SMP / paired RX / per-link line rate / both lanes counting / interval BER,0.000E+00,0.000E+00,0.000E+00,N/A,10.000,10.000,0.000E+00,20.000000,78.381465
2026-10-01 17:04:47,SMP / paired RX / per-link line rate / both lanes counting / interval BER,0.000E+00,0.000E+00,0.000E+00,N/A,10.000,10.000,0.000E+00,20.000000,78.422235
2026-10-01 17:04:48,SMP / paired RX / per-link line rate / both lanes counting / interval BER,0.000E+00,0.000E+00,0.000E+00,N/A,10.000,10.000,0.000E+00,20.000000,79.257532
2026-10-01 17:04:49,SMP / paired RX / per-link line rate / both lanes counting / interval BER,0.000E+00,0.000E+00,0.000E+00,N/A,10.000,10.000,0.000E+00,20.000000,79.526510
2026-10-01 17:04:50,SMP / paired RX / per-link line rate / both lanes counting / interval BER,0.000E+00,0.000E+00,0.000E+00,N/A,10.000,10.000,0.000E+00,20.000000,79.606967
2026-10-01 17:04:51,SMP / paired RX / per-link line rate / both lanes counting / interval BER,0.000E+00,0.000E+00,0.000E+00,N/A,10.000,10.000,0.000E+00,20.000000,79.313251
2026-10-01 17:04:52,SMP / paired RX / per-link line rate / both lanes counting / interval BER,0.000E+00,0.000E+00,0.000E+00,N/A,10.000,10.000,0.000E+00,19.999999,78.291516
2026-10-01 17:04:53,SMP / paired RX / per-link line rate / both lanes counting / interval BER,0.000E+00,0.000E+00,0.000E+00,N/A,10.000,10.000,0.000E+00,20.000001,78.225232
2026-10-01 17:04:54,SMP / paired RX / per-link line rate / both lanes counting / interval BER,0.000E+00,0.000E+00,0.000E+00,N/A,10.000,10.000,0.000E+00,19.999999,78.280213
2026-10-01 17:04:55,SMP / paired RX / per-link line rate / both lanes counting / interval BER,0.000E+00,0.000E+00,0.000E+00,N/A,10.000,10.000,0.000E+00,19.999999,79.532907
2026-10-01 17:04:56,SMP / paired RX / per-link line rate / both lanes counting / interval BER,0.000E+00,0.000E+00,0.000E+00,N/A,10.000,10.000,0.000E+00,20.000001,79.619871
2026-10-01 17:04:57,SMP / paired RX / per-link line rate / both lanes counting / interval BER,0.000E+00,0.000E+00,0.000E+00,N/A,10.000,10.000,0.000E+00,20.000001,79.667816
2026-10-01 17:04:58,SMP / paired RX / per-link line rate / both lanes counting / interval BER,0.000E+00,0.000E+00,0.000E+00,N/A,10.000,10.000,0.000E+00,19.999999,78.707737
2026-10-01 17:04:59,SMP / paired RX / per-link line rate / both lanes counting / interval BER,0.000E+00,0.000E+00,0.000E+00,N/A,10.000,10.000,0.000E+00,20.000000,78.082995
2026-10-01 17:05:00,SMP / paired RX / per-link line rate / both lanes counting / interval BER,0.000E+00,0.000E+00,0.000E+00,N/A,10.000,10.000,0.000E+00,20.000001,78.289417
2026-10-01 17:05:01,SMP / paired RX / per-link line rate / both lanes counting / interval BER,0.000E+00,0.000E+00,0.000E+00,N/A,10.000,10.000,0.000E+00,20.000000,78.649260
2026-10-01 17:05:02,SMP / paired RX / per-link line rate / both lanes counting / interval BER,0.000E+00,0.000E+00,0.000E+00,N/A,10.000,10.000,0.000E+00,20.000000,79.989332
2026-10-01 17:05:03,SMP / paired RX / per-link line rate / both lanes counting / interval BER,0.000E+00,0.000E+00,0.000E+00,N/A,10.000,10.000,0.000E+00,19.999999,80.004551
2026-10-01 17:05:04,SMP / paired RX / per-link line rate / both lanes counting / interval BER,0.000E+00,0.000E+00,0.000E+00,N/A,10.000,10.000,0.000E+00,20.000001,80.024787
2026-10-01 17:05:05,SMP / paired RX / per-link line rate / both lanes counting / interval BER,0.000E+00,0.000E+00,0.000E+00,N/A,10.000,10.000,0.000E+00,20.000000,78.340737
2026-10-01 17:05:06,SMP / paired RX / per-link line rate / both lanes counting / interval BER,0.000E+00,0.000E+00,0.000E+00,N/A,10.000,10.000,0.000E+00,19.999999,78.065267
2026-10-01 17:05:07,SMP / paired RX / per-link line rate / both lanes counting / interval BER,0.000E+00,0.000E+00,0.000E+00,N/A,10.000,10.000,0.000E+00,20.000000,78.242338
2026-10-01 17:05:08,SMP / paired RX / per-link line rate / both lanes counting / interval BER,0.000E+00,0.000E+00,0.000E+00,N/A,10.000,10.000,0.000E+00,20.000000,79.177657
2026-10-01 17:05:09,SMP / paired RX / per-link line rate / both lanes counting / interval BER,0.000E+00,0.000E+00,0.000E+00,N/A,10.000,10.000,0.000E+00,20.000001,80.165868
2026-10-01 17:05:10,SMP / paired RX / per-link line rate / both lanes counting / interval BER,0.000E+00,0.000E+00,0.000E+00,N/A,10.000,10.000,0.000E+00,20.000000,79.746532
2026-10-01 17:05:11,SMP / paired RX / per-link line rate / both lanes counting / interval BER,0.000E+00,0.000E+00,0.000E+00,N/A,10.000,10.000,0.000E+00,19.999999,79.349993
2026-10-01 17:05:12,SMP / paired RX / per-link line rate / both lanes counting / interval BER,0.000E+00,0.000E+00,0.000E+00,N/A,10.000,10.000,3.432E-05,20.000001,77.854112
2026-10-01 17:05:13,SMP / paired RX / per-link line rate / INCOMPLETE: missing lane / interval BER,0.000E+00,7.639E-03,1.623E-03,N/A,10.000,1.423,6.911E-03,11.422743,8.732673
2026-10-01 17:05:14,SMP / RF pending / per-link line rate / INCOMPLETE: missing lane / interval BER,0.000E+00,No checked bits,0.000E+00,N/A,Unavailable,Unavailable,Unavailable (RF),Unavailable (RF),Unavailable (RF)
2026-10-01 17:05:15,SMP / RF 1Mbps / per-link line rate / INCOMPLETE: missing lane / interval BER,6.287E-03,No checked bits,6.287E-03,N/A,Unavailable,Unavailable,Unavailable (RF),Unavailable (RF),Unavailable (RF)
2026-10-01 17:05:16,SMP / RF 1Mbps / per-link line rate / INCOMPLETE: missing lane / interval BER,2.838E-03,No checked bits,2.838E-03,0.000E+0,Unavailable,Unavailable,Unavailable (RF),Unavailable (RF),Unavailable (RF)
2026-10-01 17:05:17,SMP / RF 1Mbps / per-link line rate / INCOMPLETE: missing lane / interval BER,4.473E-03,No checked bits,4.473E-03,0.000E+0,Unavailable,Unavailable,Unavailable (RF),Unavailable (RF),Unavailable (RF)
2026-10-01 17:05:18,SMP / RF 1Mbps / per-link line rate / INCOMPLETE: missing lane / interval BER,2.203E-01,No checked bits,2.203E-01,0.000E+0,Unavailable,Unavailable,Unavailable (RF),Unavailable (RF),Unavailable (RF)
2026-10-01 17:05:19,SMP / RF 1Mbps / per-link line rate / INCOMPLETE: missing lane / interval BER,No checked bits,No checked bits,No checked bits,0.000E+0,Unavailable,Unavailable,Unavailable (RF),Unavailable (RF),Unavailable (RF)
2026-10-01 17:05:20,SMP / RF 1Mbps / per-link line rate / INCOMPLETE: missing lane / interval BER,No checked bits,No checked bits,No checked bits,0.000E+0,Unavailable,Unavailable,Unavailable (RF),Unavailable (RF),Unavailable (RF)
2026-10-01 17:05:21,SMP / RF 1Mbps / per-link line rate / INCOMPLETE: missing lane / interval BER,No checked bits,No checked bits,No checked bits,0.000E+0,Unavailable,Unavailable,Unavailable (RF),Unavailable (RF),Unavailable (RF)
2026-10-01 17:05:22,SMP / RF 1Mbps / per-link line rate / INCOMPLETE: missing lane / interval BER,No checked bits,No checked bits,No checked bits,0.000E+0,Unavailable,Unavailable,Unavailable (RF),Unavailable (RF),Unavailable (RF)
2026-10-01 17:05:23,SMP / RF 1Mbps / per-link line rate / INCOMPLETE: missing lane / interval BER,No checked bits,No checked bits,No checked bits,0.000E+0,Unavailable,Unavailable,Unavailable (RF),Unavailable (RF),Unavailable (RF)
2026-10-01 17:05:24,SMP / RF 1Mbps / per-link line rate / INCOMPLETE: missing lane / interval BER,No checked bits,No checked bits,No checked bits,0.000E+0,Unavailable,Unavailable,Unavailable (RF),Unavailable (RF),Unavailable (RF)
2026-10-01 17:05:25,SMP / RF 1Mbps / per-link line rate / INCOMPLETE: missing lane / interval BER,No checked bits,No checked bits,No checked bits,0.000E+0,Unavailable,Unavailable,Unavailable (RF),Unavailable (RF),Unavailable (RF)
2026-10-01 17:05:26,SMP / RF 1Mbps / per-link line rate / INCOMPLETE: missing lane / interval BER,No checked bits,No checked bits,No checked bits,0.000E+0,Unavailable,Unavailable,Unavailable (RF),Unavailable (RF),Unavailable (RF)
2026-10-01 17:05:27,SMP / RF 1Mbps / per-link line rate / INCOMPLETE: missing lane / interval BER,No checked bits,No checked bits,No checked bits,0.000E+0,Unavailable,Unavailable,Unavailable (RF),Unavailable (RF),Unavailable (RF)
2026-10-01 17:05:28,SMP / RF 1Mbps / per-link line rate / INCOMPLETE: missing lane / interval BER,No checked bits,No checked bits,No checked bits,0.000E+0,Unavailable,Unavailable,Unavailable (RF),Unavailable (RF),Unavailable (RF)
2026-10-01 17:05:29,SMP / RF 1Mbps / per-link line rate / INCOMPLETE: missing lane / interval BER,No checked bits,No checked bits,No checked bits,0.000E+0,Unavailable,Unavailable,Unavailable (RF),Unavailable (RF),Unavailable (RF)
2026-10-01 17:05:30,SMP / RF 1Mbps / per-link line rate / INCOMPLETE: missing lane / interval BER,No checked bits,No checked bits,No checked bits,0.000E+0,Unavailable,Unavailable,Unavailable (RF),Unavailable (RF),Unavailable (RF)
2026-10-01 17:05:31,SMP / RF 1Mbps / per-link line rate / INCOMPLETE: missing lane / interval BER,No checked bits,No checked bits,No checked bits,0.000E+0,Unavailable,Unavailable,Unavailable (RF),Unavailable (RF),Unavailable (RF)
2026-10-01 17:05:32,SMP / RF 1Mbps / per-link line rate / INCOMPLETE: missing lane / interval BER,No checked bits,No checked bits,No checked bits,0.000E+0,Unavailable,Unavailable,Unavailable (RF),Unavailable (RF),Unavailable (RF)
2026-10-01 17:05:33,SMP / RF 1Mbps / per-link line rate / INCOMPLETE: missing lane / interval BER,No checked bits,No checked bits,No checked bits,0.000E+0,Unavailable,Unavailable,Unavailable (RF),Unavailable (RF),Unavailable (RF)
2026-10-01 17:05:34,SMP / RF 1Mbps / per-link line rate / INCOMPLETE: missing lane / interval BER,No checked bits,No checked bits,No checked bits,0.000E+0,Unavailable,Unavailable,Unavailable (RF),Unavailable (RF),Unavailable (RF)
2026-10-01 17:05:35,SMP / RF 1Mbps / per-link line rate / INCOMPLETE: missing lane / interval BER,No checked bits,No checked bits,No checked bits,0.000E+0,Unavailable,Unavailable,Unavailable (RF),Unavailable (RF),Unavailable (RF)
2026-10-01 17:05:36,SMP / RF 1Mbps / per-link line rate / INCOMPLETE: missing lane / interval BER,No checked bits,No checked bits,No checked bits,0.000E+0,Unavailable,Unavailable,Unavailable (RF),Unavailable (RF),Unavailable (RF)
2026-10-01 17:05:37,SMP / RF 1Mbps / per-link line rate / INCOMPLETE: missing lane / interval BER,No checked bits,No checked bits,No checked bits,0.000E+0,Unavailable,Unavailable,Unavailable (RF),Unavailable (RF),Unavailable (RF)
2026-10-01 17:05:38,SMP / RF 1Mbps / per-link line rate / INCOMPLETE: missing lane / interval BER,No checked bits,No checked bits,No checked bits,0.000E+0,Unavailable,Unavailable,Unavailable (RF),Unavailable (RF),Unavailable (RF)
2026-10-01 17:05:39,SMP / RF 1Mbps / per-link line rate / INCOMPLETE: missing lane / interval BER,No checked bits,No checked bits,No checked bits,0.000E+0,Unavailable,Unavailable,Unavailable (RF),Unavailable (RF),Unavailable (RF)
2026-10-01 17:05:40,SMP / RF 1Mbps / per-link line rate / INCOMPLETE: missing lane / interval BER,No checked bits,No checked bits,No checked bits,0.000E+0,Unavailable,Unavailable,Unavailable (RF),Unavailable (RF),Unavailable (RF)
2026-10-01 17:05:41,SMP / RF 1Mbps / per-link line rate / INCOMPLETE: missing lane / interval BER,No checked bits,No checked bits,No checked bits,0.000E+0,Unavailable,Unavailable,Unavailable (RF),Unavailable (RF),Unavailable (RF)
2026-10-01 17:05:42,SMP / RF 1Mbps / per-link line rate / INCOMPLETE: missing lane / interval BER,No checked bits,No checked bits,No checked bits,0.000E+0,Unavailable,Unavailable,Unavailable (RF),Unavailable (RF),Unavailable (RF)
2026-10-01 17:05:43,SMP / RF 1Mbps / per-link line rate / INCOMPLETE: missing lane / interval BER,No checked bits,No checked bits,No checked bits,0.000E+0,Unavailable,Unavailable,Unavailable (RF),Unavailable (RF),Unavailable (RF)
2026-10-01 17:05:44,SMP / RF 1Mbps / per-link line rate / INCOMPLETE: missing lane / interval BER,No checked bits,No checked bits,No checked bits,0.000E+0,Unavailable,Unavailable,Unavailable (RF),Unavailable (RF),Unavailable (RF)
2026-10-01 17:05:45,SMP / RF 1Mbps / per-link line rate / INCOMPLETE: missing lane / interval BER,No checked bits,No checked bits,No checked bits,0.000E+0,Unavailable,Unavailable,Unavailable (RF),Unavailable (RF),Unavailable (RF)
2026-10-01 17:05:46,SMP / RF 1Mbps / per-link line rate / INCOMPLETE: missing lane / interval BER,No checked bits,No checked bits,No checked bits,0.000E+0,Unavailable,Unavailable,Unavailable (RF),Unavailable (RF),Unavailable (RF)
2026-10-01 17:05:47,SMP / RF 1Mbps / per-link line rate / INCOMPLETE: missing lane / interval BER,No checked bits,No checked bits,No checked bits,0.000E+0,Unavailable,Unavailable,Unavailable (RF),Unavailable (RF),Unavailable (RF)
2026-10-01 17:05:48,SMP / RF 1Mbps / per-link line rate / INCOMPLETE: missing lane / interval BER,No checked bits,No checked bits,No checked bits,0.000E+0,Unavailable,Unavailable,Unavailable (RF),Unavailable (RF),Unavailable (RF)
2026-10-01 17:05:49,SMP / RF 1Mbps / per-link line rate / INCOMPLETE: missing lane / interval BER,No checked bits,No checked bits,No checked bits,0.000E+0,Unavailable,Unavailable,Unavailable (RF),Unavailable (RF),Unavailable (RF)
2026-10-01 17:05:50,SMP / RF 1Mbps / per-link line rate / INCOMPLETE: missing lane / interval BER,No checked bits,No checked bits,No checked bits,0.000E+0,Unavailable,Unavailable,Unavailable (RF),Unavailable (RF),Unavailable (RF)
2026-10-01 17:05:51,SMP / RF 1Mbps / per-link line rate / INCOMPLETE: missing lane / interval BER,No checked bits,No checked bits,No checked bits,0.000E+0,Unavailable,Unavailable,Unavailable (RF),Unavailable (RF),Unavailable (RF)
2026-10-01 17:05:52,SMP / RF 1Mbps / per-link line rate / INCOMPLETE: missing lane / interval BER,No checked bits,No checked bits,No checked bits,0.000E+0,Unavailable,Unavailable,Unavailable (RF),Unavailable (RF),Unavailable (RF)
2026-10-01 17:05:53,SMP / RF 1Mbps / per-link line rate / INCOMPLETE: missing lane / interval BER,No checked bits,No checked bits,No checked bits,0.000E+0,Unavailable,Unavailable,Unavailable (RF),Unavailable (RF),Unavailable (RF)
2026-10-01 17:05:54,SMP / RF 1Mbps / per-link line rate / INCOMPLETE: missing lane / interval BER,No checked bits,No checked bits,No checked bits,0.000E+0,Unavailable,Unavailable,Unavailable (RF),Unavailable (RF),Unavailable (RF)
2026-10-01 17:05:55,SMP / RF 1Mbps / per-link line rate / INCOMPLETE: missing lane / interval BER,No checked bits,No checked bits,No checked bits,0.000E+0,Unavailable,Unavailable,Unavailable (RF),Unavailable (RF),Unavailable (RF)
2026-10-01 17:05:56,SMP / RF 1Mbps / per-link line rate / INCOMPLETE: missing lane / interval BER,No checked bits,No checked bits,No checked bits,0.000E+0,Unavailable,Unavailable,Unavailable (RF),Unavailable (RF),Unavailable (RF)
2026-10-01 17:05:57,SMP / RF 1Mbps / per-link line rate / INCOMPLETE: missing lane / interval BER,No checked bits,No checked bits,No checked bits,0.000E+0,Unavailable,Unavailable,Unavailable (RF),Unavailable (RF),Unavailable (RF)
2026-10-01 17:05:58,SMP / RF 1Mbps / per-link line rate / INCOMPLETE: missing lane / interval BER,No checked bits,No checked bits,No checked bits,0.000E+0,Unavailable,Unavailable,Unavailable (RF),Unavailable (RF),Unavailable (RF)
2026-10-01 17:05:59,SMP / RF 1Mbps / per-link line rate / INCOMPLETE: missing lane / interval BER,No checked bits,No checked bits,No checked bits,0.000E+0,Unavailable,Unavailable,Unavailable (RF),Unavailable (RF),Unavailable (RF)
2026-10-01 17:06:00,SMP / RF 1Mbps / per-link line rate / INCOMPLETE: missing lane / interval BER,No checked bits,No checked bits,No checked bits,0.000E+0,Unavailable,Unavailable,Unavailable (RF),Unavailable (RF),Unavailable (RF)
2026-10-01 17:06:01,SMP / RF 1Mbps / per-link line rate / INCOMPLETE: missing lane / interval BER,No checked bits,No checked bits,No checked bits,0.000E+0,Unavailable,Unavailable,Unavailable (RF),Unavailable (RF),Unavailable (RF)
2026-10-01 17:06:02,SMP / RF 1Mbps / per-link line rate / INCOMPLETE: missing lane / interval BER,No checked bits,No checked bits,No checked bits,0.000E+0,Unavailable,Unavailable,Unavailable (RF),Unavailable (RF),Unavailable (RF)
2026-10-01 17:06:03,SMP / RF 1Mbps / per-link line rate / INCOMPLETE: missing lane / interval BER,No checked bits,No checked bits,No checked bits,0.000E+0,Unavailable,Unavailable,Unavailable (RF),Unavailable (RF),Unavailable (RF)
2026-10-01 17:06:04,SMP / RF 1Mbps / per-link line rate / INCOMPLETE: missing lane / interval BER,No checked bits,No checked bits,No checked bits,0.000E+0,Unavailable,Unavailable,Unavailable (RF),Unavailable (RF),Unavailable (RF)
2026-10-01 17:06:05,SMP / RF 1Mbps / per-link line rate / INCOMPLETE: missing lane / interval BER,No checked bits,No checked bits,No checked bits,0.000E+0,Unavailable,Unavailable,Unavailable (RF),Unavailable (RF),Unavailable (RF)
2026-10-01 17:06:06,SMP / RF 1Mbps / per-link line rate / INCOMPLETE: missing lane / interval BER,No checked bits,No checked bits,No checked bits,0.000E+0,Unavailable,Unavailable,Unavailable (RF),Unavailable (RF),Unavailable (RF)
2026-10-01 17:06:07,SMP / RF 1Mbps / per-link line rate / INCOMPLETE: missing lane / interval BER,No checked bits,No checked bits,No checked bits,0.000E+0,Unavailable,Unavailable,Unavailable (RF),Unavailable (RF),Unavailable (RF)
2026-10-01 17:06:08,SMP / RF 1Mbps / per-link line rate / INCOMPLETE: missing lane / interval BER,No checked bits,No checked bits,No checked bits,0.000E+0,Unavailable,Unavailable,Unavailable (RF),Unavailable (RF),Unavailable (RF)
2026-10-01 17:06:09,SMP / RF 1Mbps / per-link line rate / INCOMPLETE: missing lane / interval BER,No checked bits,No checked bits,No checked bits,0.000E+0,Unavailable,Unavailable,Unavailable (RF),Unavailable (RF),Unavailable (RF)
2026-10-01 17:06:10,SMP / RF 1Mbps / per-link line rate / INCOMPLETE: missing lane / interval BER,No checked bits,No checked bits,No checked bits,0.000E+0,Unavailable,Unavailable,Unavailable (RF),Unavailable (RF),Unavailable (RF)
2026-10-01 17:06:11,SMP / RF 1Mbps / per-link line rate / INCOMPLETE: missing lane / interval BER,No checked bits,No checked bits,No checked bits,0.000E+0,Unavailable,Unavailable,Unavailable (RF),Unavailable (RF),Unavailable (RF)
2026-10-01 17:06:12,SMP / RF 1Mbps / per-link line rate / INCOMPLETE: missing lane / interval BER,No checked bits,No checked bits,No checked bits,0.000E+0,Unavailable,Unavailable,Unavailable (RF),Unavailable (RF),Unavailable (RF)
2026-10-01 17:06:13,SMP / RF 1Mbps / per-link line rate / INCOMPLETE: missing lane / interval BER,No checked bits,No checked bits,No checked bits,0.000E+0,Unavailable,Unavailable,Unavailable (RF),Unavailable (RF),Unavailable (RF)
2026-10-01 17:06:14,SMP / RF 1Mbps / per-link line rate / INCOMPLETE: missing lane / interval BER,No checked bits,No checked bits,No checked bits,0.000E+0,Unavailable,Unavailable,Unavailable (RF),Unavailable (RF),Unavailable (RF)
2026-10-01 17:06:15,SMP / RF 1Mbps / per-link line rate / INCOMPLETE: missing lane / interval BER,No checked bits,No checked bits,No checked bits,0.000E+0,Unavailable,Unavailable,Unavailable (RF),Unavailable (RF),Unavailable (RF)
2026-10-01 17:06:16,SMP / RF 1Mbps / per-link line rate / INCOMPLETE: missing lane / interval BER,No checked bits,No checked bits,No checked bits,0.000E+0,Unavailable,Unavailable,Unavailable (RF),Unavailable (RF),Unavailable (RF)
2026-10-01 17:06:17,SMP / RF 1Mbps / per-link line rate / INCOMPLETE: missing lane / interval BER,No checked bits,No checked bits,No checked bits,0.000E+0,Unavailable,Unavailable,Unavailable (RF),Unavailable (RF),Unavailable (RF)
2026-10-01 17:06:18,SMP / RF 1Mbps / per-link line rate / INCOMPLETE: missing lane / interval BER,No checked bits,No checked bits,No checked bits,0.000E+0,Unavailable,Unavailable,Unavailable (RF),Unavailable (RF),Unavailable (RF)
2026-10-01 17:06:19,SMP / RF 1Mbps / per-link line rate / INCOMPLETE: missing lane / interval BER,No checked bits,No checked bits,No checked bits,0.000E+0,Unavailable,Unavailable,Unavailable (RF),Unavailable (RF),Unavailable (RF)
2026-10-01 17:06:20,SMP / RF 1Mbps / per-link line rate / INCOMPLETE: missing lane / interval BER,No checked bits,No checked bits,No checked bits,0.000E+0,Unavailable,Unavailable,Unavailable (RF),Unavailable (RF),Unavailable (RF)
2026-10-01 17:06:21,SMP / RF 1Mbps / per-link line rate / INCOMPLETE: missing lane / interval BER,No checked bits,No checked bits,No checked bits,0.000E+0,Unavailable,Unavailable,Unavailable (RF),Unavailable (RF),Unavailable (RF)
2026-10-01 17:06:22,SMP / RF 1Mbps / per-link line rate / INCOMPLETE: missing lane / interval BER,No checked bits,No checked bits,No checked bits,0.000E+0,Unavailable,Unavailable,Unavailable (RF),Unavailable (RF),Unavailable (RF)
2026-10-01 17:06:23,SMP / RF 1Mbps / per-link line rate / INCOMPLETE: missing lane / interval BER,No checked bits,No checked bits,No checked bits,0.000E+0,Unavailable,Unavailable,Unavailable (RF),Unavailable (RF),Unavailable (RF)
2026-10-01 17:06:24,SMP / RF 1Mbps / per-link line rate / INCOMPLETE: missing lane / interval BER,No checked bits,No checked bits,No checked bits,0.000E+0,Unavailable,Unavailable,Unavailable (RF),Unavailable (RF),Unavailable (RF)
2026-10-01 17:06:25,SMP / RF 1Mbps / per-link line rate / INCOMPLETE: missing lane / interval BER,No checked bits,No checked bits,No checked bits,0.000E+0,Unavailable,Unavailable,Unavailable (RF),Unavailable (RF),Unavailable (RF)
2026-10-01 17:06:26,SMP / RF 1Mbps / per-link line rate / INCOMPLETE: missing lane / interval BER,No checked bits,No checked bits,No checked bits,0.000E+0,Unavailable,Unavailable,Unavailable (RF),Unavailable (RF),Unavailable (RF)
2026-10-01 17:06:27,SMP / RF 1Mbps / per-link line rate / INCOMPLETE: missing lane / interval BER,No checked bits,No checked bits,No checked bits,0.000E+0,Unavailable,Unavailable,Unavailable (RF),Unavailable (RF),Unavailable (RF)
2026-10-01 17:06:28,SMP / RF 1Mbps / per-link line rate / INCOMPLETE: missing lane / interval BER,No checked bits,No checked bits,No checked bits,0.000E+0,Unavailable,Unavailable,Unavailable (RF),Unavailable (RF),Unavailable (RF)
2026-10-01 17:06:29,SMP / RF 1Mbps / per-link line rate / INCOMPLETE: missing lane / interval BER,No checked bits,No checked bits,No checked bits,0.000E+0,Unavailable,Unavailable,Unavailable (RF),Unavailable (RF),Unavailable (RF)
2026-10-01 17:06:30,SMP / RF 1Mbps / per-link line rate / INCOMPLETE: missing lane / interval BER,No checked bits,No checked bits,No checked bits,0.000E+0,Unavailable,Unavailable,Unavailable (RF),Unavailable (RF),Unavailable (RF)
2026-10-01 17:06:31,SMP / RF 1Mbps / per-link line rate / INCOMPLETE: missing lane / interval BER,No checked bits,No checked bits,No checked bits,0.000E+0,Unavailable,Unavailable,Unavailable (RF),Unavailable (RF),Unavailable (RF)
2026-10-01 17:06:32,SMP / RF 1Mbps / per-link line rate / INCOMPLETE: missing lane / interval BER,No checked bits,No checked bits,No checked bits,0.000E+0,Unavailable,Unavailable,Unavailable (RF),Unavailable (RF),Unavailable (RF)
2026-10-01 17:06:33,SMP / RF 1Mbps / per-link line rate / INCOMPLETE: missing lane / interval BER,No checked bits,No checked bits,No checked bits,0.000E+0,Unavailable,Unavailable,Unavailable (RF),Unavailable (RF),Unavailable (RF)
2026-10-01 17:06:34,SMP / RF 1Mbps / per-link line rate / INCOMPLETE: missing lane / interval BER,No checked bits,No checked bits,No checked bits,0.000E+0,Unavailable,Unavailable,Unavailable (RF),Unavailable (RF),Unavailable (RF)
2026-10-01 17:06:35,SMP / RF 1Mbps / per-link line rate / INCOMPLETE: missing lane / interval BER,No checked bits,No checked bits,No checked bits,0.000E+0,Unavailable,Unavailable,Unavailable (RF),Unavailable (RF),Unavailable (RF)
2026-10-01 17:06:36,SMP / RF 1Mbps / per-link line rate / INCOMPLETE: missing lane / interval BER,No checked bits,No checked bits,No checked bits,0.000E+0,Unavailable,Unavailable,Unavailable (RF),Unavailable (RF),Unavailable (RF)
2026-10-01 17:06:37,SMP / RF 1Mbps / per-link line rate / INCOMPLETE: missing lane / interval BER,No checked bits,No checked bits,No checked bits,0.000E+0,Unavailable,Unavailable,Unavailable (RF),Unavailable (RF),Unavailable (RF)
2026-10-01 17:06:38,SMP / RF 1Mbps / per-link line rate / INCOMPLETE: missing lane / interval BER,No checked bits,No checked bits,No checked bits,0.000E+0,Unavailable,Unavailable,Unavailable (RF),Unavailable (RF),Unavailable (RF)
2026-10-01 17:06:39,SMP / RF 1Mbps / per-link line rate / INCOMPLETE: missing lane / interval BER,No checked bits,No checked bits,No checked bits,0.000E+0,Unavailable,Unavailable,Unavailable (RF),Unavailable (RF),Unavailable (RF)
2026-10-01 17:06:40,SMP / RF 1Mbps / per-link line rate / INCOMPLETE: missing lane / interval BER,No checked bits,No checked bits,No checked bits,0.000E+0,Unavailable,Unavailable,Unavailable (RF),Unavailable (RF),Unavailable (RF)
2026-10-01 17:06:41,SMP / RF 1Mbps / per-link line rate / INCOMPLETE: missing lane / interval BER,No checked bits,No checked bits,No checked bits,0.000E+0,Unavailable,Unavailable,Unavailable (RF),Unavailable (RF),Unavailable (RF)
2026-10-01 17:06:42,SMP / RF 1Mbps / per-link line rate / INCOMPLETE: missing lane / interval BER,No checked bits,No checked bits,No checked bits,0.000E+0,Unavailable,Unavailable,Unavailable (RF),Unavailable (RF),Unavailable (RF)
2026-10-01 17:06:43,SMP / RF 1Mbps / per-link line rate / INCOMPLETE: missing lane / interval BER,No checked bits,No checked bits,No checked bits,0.000E+0,Unavailable,Unavailable,Unavailable (RF),Unavailable (RF),Unavailable (RF)
2026-10-01 17:06:44,SMP / RF 1Mbps / per-link line rate / INCOMPLETE: missing lane / interval BER,No checked bits,No checked bits,No checked bits,0.000E+0,Unavailable,Unavailable,Unavailable (RF),Unavailable (RF),Unavailable (RF)
2026-10-01 17:06:45,SMP / RF 1Mbps / per-link line rate / INCOMPLETE: missing lane / interval BER,No checked bits,No checked bits,No checked bits,0.000E+0,Unavailable,Unavailable,Unavailable (RF),Unavailable (RF),Unavailable (RF)
2026-10-01 17:06:46,SMP / RF 1Mbps / per-link line rate / INCOMPLETE: missing lane / interval BER,No checked bits,No checked bits,No checked bits,0.000E+0,Unavailable,Unavailable,Unavailable (RF),Unavailable (RF),Unavailable (RF)
2026-10-01 17:06:47,SMP / RF 1Mbps / per-link line rate / INCOMPLETE: missing lane / interval BER,No checked bits,No checked bits,No checked bits,0.000E+0,Unavailable,Unavailable,Unavailable (RF),Unavailable (RF),Unavailable (RF)
2026-10-01 17:06:48,SMP / RF 1Mbps / per-link line rate / INCOMPLETE: missing lane / interval BER,No checked bits,No checked bits,No checked bits,0.000E+0,Unavailable,Unavailable,Unavailable (RF),Unavailable (RF),Unavailable (RF)
2026-10-01 17:06:49,SMP / RF 1Mbps / per-link line rate / INCOMPLETE: missing lane / interval BER,No checked bits,No checked bits,No checked bits,0.000E+0,Unavailable,Unavailable,Unavailable (RF),Unavailable (RF),Unavailable (RF)
2026-10-01 17:06:50,SMP / RF 1Mbps / per-link line rate / INCOMPLETE: missing lane / interval BER,No checked bits,No checked bits,No checked bits,0.000E+0,Unavailable,Unavailable,Unavailable (RF),Unavailable (RF),Unavailable (RF)
2026-10-01 17:06:51,SMP / RF 1Mbps / per-link line rate / INCOMPLETE: missing lane / interval BER,No checked bits,No checked bits,No checked bits,0.000E+0,Unavailable,Unavailable,Unavailable (RF),Unavailable (RF),Unavailable (RF)
2026-10-01 17:06:52,SMP / RF 1Mbps / per-link line rate / INCOMPLETE: missing lane / interval BER,No checked bits,No checked bits,No checked bits,0.000E+0,Unavailable,Unavailable,Unavailable (RF),Unavailable (RF),Unavailable (RF)
2026-10-01 17:06:53,SMP / RF 1Mbps / per-link line rate / INCOMPLETE: missing lane / interval BER,No checked bits,No checked bits,No checked bits,0.000E+0,Unavailable,Unavailable,Unavailable (RF),Unavailable (RF),Unavailable (RF)
2026-10-01 17:06:54,SMP / RF 1Mbps / per-link line rate / INCOMPLETE: missing lane / interval BER,No checked bits,No checked bits,No checked bits,0.000E+0,Unavailable,Unavailable,Unavailable (RF),Unavailable (RF),Unavailable (RF)
2026-10-01 17:06:55,SMP / RF 1Mbps / per-link line rate / INCOMPLETE: missing lane / interval BER,No checked bits,No checked bits,No checked bits,0.000E+0,Unavailable,Unavailable,Unavailable (RF),Unavailable (RF),Unavailable (RF)
2026-10-01 17:06:56,SMP / RF 1Mbps / per-link line rate / INCOMPLETE: missing lane / interval BER,No checked bits,No checked bits,No checked bits,0.000E+0,Unavailable,Unavailable,Unavailable (RF),Unavailable (RF),Unavailable (RF)
2026-10-01 17:06:57,SMP / RF 1Mbps / per-link line rate / INCOMPLETE: missing lane / interval BER,No checked bits,No checked bits,No checked bits,0.000E+0,Unavailable,Unavailable,Unavailable (RF),Unavailable (RF),Unavailable (RF)
2026-10-01 17:06:58,SMP / RF 1Mbps / per-link line rate / INCOMPLETE: missing lane / interval BER,No checked bits,No checked bits,No checked bits,0.000E+0,Unavailable,Unavailable,Unavailable (RF),Unavailable (RF),Unavailable (RF)
2026-10-01 17:06:59,SMP / RF 1Mbps / per-link line rate / INCOMPLETE: missing lane / interval BER,No checked bits,No checked bits,No checked bits,0.000E+0,Unavailable,Unavailable,Unavailable (RF),Unavailable (RF),Unavailable (RF)
2026-10-01 17:07:00,SMP / RF 1Mbps / per-link line rate / INCOMPLETE: missing lane / interval BER,No checked bits,No checked bits,No checked bits,0.000E+0,Unavailable,Unavailable,Unavailable (RF),Unavailable (RF),Unavailable (RF)
2026-10-01 17:07:01,SMP / RF 1Mbps / per-link line rate / INCOMPLETE: missing lane / interval BER,No checked bits,No checked bits,No checked bits,0.000E+0,Unavailable,Unavailable,Unavailable (RF),Unavailable (RF),Unavailable (RF)
2026-10-01 17:07:02,SMP / RF 1Mbps / per-link line rate / INCOMPLETE: missing lane / interval BER,No checked bits,No checked bits,No checked bits,0.000E+0,Unavailable,Unavailable,Unavailable (RF),Unavailable (RF),Unavailable (RF)
2026-10-01 17:07:03,SMP / RF 1Mbps / per-link line rate / INCOMPLETE: missing lane / interval BER,No checked bits,No checked bits,No checked bits,0.000E+0,Unavailable,Unavailable,Unavailable (RF),Unavailable (RF),Unavailable (RF)
2026-10-01 17:07:04,SMP / RF 1Mbps / per-link line rate / INCOMPLETE: missing lane / interval BER,No checked bits,No checked bits,No checked bits,0.000E+0,Unavailable,Unavailable,Unavailable (RF),Unavailable (RF),Unavailable (RF)
2026-10-01 17:07:05,SMP / RF 1Mbps / per-link line rate / INCOMPLETE: missing lane / interval BER,No checked bits,No checked bits,No checked bits,0.000E+0,Unavailable,Unavailable,Unavailable (RF),Unavailable (RF),Unavailable (RF)
2026-10-01 17:07:06,SMP / RF 1Mbps / per-link line rate / INCOMPLETE: missing lane / interval BER,No checked bits,No checked bits,No checked bits,0.000E+0,Unavailable,Unavailable,Unavailable (RF),Unavailable (RF),Unavailable (RF)
2026-10-01 17:07:07,SMP / RF 1Mbps / per-link line rate / INCOMPLETE: missing lane / interval BER,No checked bits,No checked bits,No checked bits,0.000E+0,Unavailable,Unavailable,Unavailable (RF),Unavailable (RF),Unavailable (RF)
2026-10-01 17:07:08,SMP / RF 1Mbps / per-link line rate / INCOMPLETE: missing lane / interval BER,No checked bits,No checked bits,No checked bits,0.000E+0,Unavailable,Unavailable,Unavailable (RF),Unavailable (RF),Unavailable (RF)
2026-10-01 17:07:09,SMP / RF 1Mbps / per-link line rate / INCOMPLETE: missing lane / interval BER,No checked bits,No checked bits,No checked bits,0.000E+0,Unavailable,Unavailable,Unavailable (RF),Unavailable (RF),Unavailable (RF)
2026-10-01 17:07:10,SMP / RF 1Mbps / per-link line rate / INCOMPLETE: missing lane / interval BER,No checked bits,No checked bits,No checked bits,0.000E+0,Unavailable,Unavailable,Unavailable (RF),Unavailable (RF),Unavailable (RF)
2026-10-01 17:07:11,SMP / RF 1Mbps / per-link line rate / INCOMPLETE: missing lane / interval BER,No checked bits,No checked bits,No checked bits,0.000E+0,Unavailable,Unavailable,Unavailable (RF),Unavailable (RF),Unavailable (RF)
2026-10-01 17:07:12,SMP / RF 1Mbps / per-link line rate / INCOMPLETE: missing lane / interval BER,No checked bits,No checked bits,No checked bits,0.000E+0,Unavailable,Unavailable,Unavailable (RF),Unavailable (RF),Unavailable (RF)
2026-10-01 17:07:13,SMP / RF 1Mbps / per-link line rate / INCOMPLETE: missing lane / interval BER,No checked bits,No checked bits,No checked bits,0.000E+0,Unavailable,Unavailable,Unavailable (RF),Unavailable (RF),Unavailable (RF)
2026-10-01 17:07:14,SMP / RF 1Mbps / per-link line rate / INCOMPLETE: missing lane / interval BER,No checked bits,No checked bits,No checked bits,0.000E+0,Unavailable,Unavailable,Unavailable (RF),Unavailable (RF),Unavailable (RF)
2026-10-01 17:07:15,SMP / RF 1Mbps / per-link line rate / INCOMPLETE: missing lane / interval BER,No checked bits,No checked bits,No checked bits,0.000E+0,Unavailable,Unavailable,Unavailable (RF),Unavailable (RF),Unavailable (RF)
2026-10-01 17:07:16,SMP / RF 1Mbps / per-link line rate / INCOMPLETE: missing lane / interval BER,No checked bits,No checked bits,No checked bits,0.000E+0,Unavailable,Unavailable,Unavailable (RF),Unavailable (RF),Unavailable (RF)
2026-10-01 17:07:17,SMP / RF 1Mbps / per-link line rate / INCOMPLETE: missing lane / interval BER,No checked bits,No checked bits,No checked bits,0.000E+0,Unavailable,Unavailable,Unavailable (RF),Unavailable (RF),Unavailable (RF)
2026-10-01 17:07:18,SMP / RF 1Mbps / per-link line rate / INCOMPLETE: missing lane / interval BER,No checked bits,No checked bits,No checked bits,0.000E+0,Unavailable,Unavailable,Unavailable (RF),Unavailable (RF),Unavailable (RF)
2026-10-01 17:07:19,SMP / RF 1Mbps / per-link line rate / INCOMPLETE: missing lane / interval BER,No checked bits,No checked bits,No checked bits,0.000E+0,Unavailable,Unavailable,Unavailable (RF),Unavailable (RF),Unavailable (RF)
2026-10-01 17:07:20,SMP / RF 1Mbps / per-link line rate / INCOMPLETE: missing lane / interval BER,No checked bits,No checked bits,No checked bits,0.000E+0,Unavailable,Unavailable,Unavailable (RF),Unavailable (RF),Unavailable (RF)
2026-10-01 17:07:21,SMP / RF 1Mbps / per-link line rate / INCOMPLETE: missing lane / interval BER,No checked bits,No checked bits,No checked bits,0.000E+0,Unavailable,Unavailable,Unavailable (RF),Unavailable (RF),Unavailable (RF)
2026-10-01 17:07:22,SMP / RF 1Mbps / per-link line rate / INCOMPLETE: missing lane / interval BER,No checked bits,No checked bits,No checked bits,0.000E+0,Unavailable,Unavailable,Unavailable (RF),Unavailable (RF),Unavailable (RF)
2026-10-01 17:07:23,SMP / RF 1Mbps / per-link line rate / INCOMPLETE: missing lane / interval BER,No checked bits,No checked bits,No checked bits,0.000E+0,Unavailable,Unavailable,Unavailable (RF),Unavailable (RF),Unavailable (RF)
2026-10-01 17:07:24,SMP / RF 1Mbps / per-link line rate / INCOMPLETE: missing lane / interval BER,No checked bits,No checked bits,No checked bits,0.000E+0,Unavailable,Unavailable,Unavailable (RF),Unavailable (RF),Unavailable (RF)
2026-10-01 17:07:25,SMP / RF 1Mbps / per-link line rate / INCOMPLETE: missing lane / interval BER,No checked bits,No checked bits,No checked bits,0.000E+0,Unavailable,Unavailable,Unavailable (RF),Unavailable (RF),Unavailable (RF)
2026-10-01 17:07:26,SMP / RF 1Mbps / per-link line rate / INCOMPLETE: missing lane / interval BER,No checked bits,No checked bits,No checked bits,0.000E+0,Unavailable,Unavailable,Unavailable (RF),Unavailable (RF),Unavailable (RF)
2026-10-01 17:07:27,SMP / RF 1Mbps / per-link line rate / INCOMPLETE: missing lane / interval BER,No checked bits,No checked bits,No checked bits,0.000E+0,Unavailable,Unavailable,Unavailable (RF),Unavailable (RF),Unavailable (RF)
2026-10-01 17:07:28,SMP / RF 1Mbps / per-link line rate / INCOMPLETE: missing lane / interval BER,No checked bits,No checked bits,No checked bits,0.000E+0,Unavailable,Unavailable,Unavailable (RF),Unavailable (RF),Unavailable (RF)
2026-10-01 17:07:29,SMP / RF 1Mbps / per-link line rate / INCOMPLETE: missing lane / interval BER,No checked bits,No checked bits,No checked bits,0.000E+0,Unavailable,Unavailable,Unavailable (RF),Unavailable (RF),Unavailable (RF)
2026-10-01 17:07:30,SMP / RF 1Mbps / per-link line rate / INCOMPLETE: missing lane / interval BER,No checked bits,No checked bits,No checked bits,0.000E+0,Unavailable,Unavailable,Unavailable (RF),Unavailable (RF),Unavailable (RF)
2026-10-01 17:07:31,SMP / RF 1Mbps / per-link line rate / INCOMPLETE: missing lane / interval BER,No checked bits,No checked bits,No checked bits,0.000E+0,Unavailable,Unavailable,Unavailable (RF),Unavailable (RF),Unavailable (RF)
2026-10-01 17:07:32,SMP / RF 1Mbps / per-link line rate / INCOMPLETE: missing lane / interval BER,No checked bits,No checked bits,No checked bits,0.000E+0,Unavailable,Unavailable,Unavailable (RF),Unavailable (RF),Unavailable (RF)
2026-10-01 17:07:33,SMP / RF 1Mbps / per-link line rate / INCOMPLETE: missing lane / interval BER,No checked bits,No checked bits,No checked bits,0.000E+0,Unavailable,Unavailable,Unavailable (RF),Unavailable (RF),Unavailable (RF)
2026-10-01 17:07:34,SMP / RF 1Mbps / per-link line rate / INCOMPLETE: missing lane / interval BER,No checked bits,No checked bits,No checked bits,0.000E+0,Unavailable,Unavailable,Unavailable (RF),Unavailable (RF),Unavailable (RF)
2026-10-01 17:07:35,SMP / RF 1Mbps / per-link line rate / INCOMPLETE: missing lane / interval BER,No checked bits,No checked bits,No checked bits,0.000E+0,Unavailable,Unavailable,Unavailable (RF),Unavailable (RF),Unavailable (RF)
2026-10-01 17:07:36,SMP / RF 1Mbps / per-link line rate / INCOMPLETE: missing lane / interval BER,No checked bits,No checked bits,No checked bits,0.000E+0,Unavailable,Unavailable,Unavailable (RF),Unavailable (RF),Unavailable (RF)
2026-10-01 17:07:37,SMP / RF 1Mbps / per-link line rate / INCOMPLETE: missing lane / interval BER,No checked bits,No checked bits,No checked bits,0.000E+0,Unavailable,Unavailable,Unavailable (RF),Unavailable (RF),Unavailable (RF)
2026-10-01 17:07:38,SMP / RF 1Mbps / per-link line rate / INCOMPLETE: missing lane / interval BER,No checked bits,No checked bits,No checked bits,0.000E+0,Unavailable,Unavailable,Unavailable (RF),Unavailable (RF),Unavailable (RF)
2026-10-01 17:07:39,SMP / RF 1Mbps / per-link line rate / INCOMPLETE: missing lane / interval BER,No checked bits,No checked bits,No checked bits,0.000E+0,Unavailable,Unavailable,Unavailable (RF),Unavailable (RF),Unavailable (RF)
2026-10-01 17:07:40,SMP / RF 1Mbps / per-link line rate / INCOMPLETE: missing lane / interval BER,No checked bits,No checked bits,No checked bits,0.000E+0,Unavailable,Unavailable,Unavailable (RF),Unavailable (RF),Unavailable (RF)
2026-10-01 17:07:41,SMP / RF 1Mbps / per-link line rate / INCOMPLETE: missing lane / interval BER,No checked bits,No checked bits,No checked bits,0.000E+0,Unavailable,Unavailable,Unavailable (RF),Unavailable (RF),Unavailable (RF)
2026-10-01 17:07:42,SMP / RF 1Mbps / per-link line rate / INCOMPLETE: missing lane / interval BER,No checked bits,No checked bits,No checked bits,0.000E+0,Unavailable,Unavailable,Unavailable (RF),Unavailable (RF),Unavailable (RF)
2026-10-01 17:07:43,SMP / RF 1Mbps / per-link line rate / INCOMPLETE: missing lane / interval BER,No checked bits,No checked bits,No checked bits,0.000E+0,Unavailable,Unavailable,Unavailable (RF),Unavailable (RF),Unavailable (RF)
2026-10-01 17:07:44,SMP / RF 1Mbps / per-link line rate / INCOMPLETE: missing lane / interval BER,No checked bits,No checked bits,No checked bits,0.000E+0,Unavailable,Unavailable,Unavailable (RF),Unavailable (RF),Unavailable (RF)
2026-10-01 17:07:45,SMP / RF 1Mbps / per-link line rate / INCOMPLETE: missing lane / interval BER,No checked bits,No checked bits,No checked bits,0.000E+0,Unavailable,Unavailable,Unavailable (RF),Unavailable (RF),Unavailable (RF)
2026-10-01 17:07:46,SMP / RF 1Mbps / per-link line rate / INCOMPLETE: missing lane / interval BER,No checked bits,No checked bits,No checked bits,0.000E+0,Unavailable,Unavailable,Unavailable (RF),Unavailable (RF),Unavailable (RF)
2026-10-01 17:07:47,SMP / RF 1Mbps / per-link line rate / INCOMPLETE: missing lane / interval BER,No checked bits,No checked bits,No checked bits,0.000E+0,Unavailable,Unavailable,Unavailable (RF),Unavailable (RF),Unavailable (RF)
2026-10-01 17:07:48,SMP / RF 1Mbps / per-link line rate / INCOMPLETE: missing lane / interval BER,No checked bits,No checked bits,No checked bits,0.000E+0,Unavailable,Unavailable,Unavailable (RF),Unavailable (RF),Unavailable (RF)
2026-10-01 17:07:49,SMP / RF 1Mbps / per-link line rate / INCOMPLETE: missing lane / interval BER,No checked bits,No checked bits,No checked bits,0.000E+0,Unavailable,Unavailable,Unavailable (RF),Unavailable (RF),Unavailable (RF)
2026-10-01 17:07:50,SMP / RF 1Mbps / per-link line rate / INCOMPLETE: missing lane / interval BER,No checked bits,No checked bits,No checked bits,0.000E+0,Unavailable,Unavailable,Unavailable (RF),Unavailable (RF),Unavailable (RF)
2026-10-01 17:07:51,SMP / RF 1Mbps / per-link line rate / INCOMPLETE: missing lane / interval BER,No checked bits,No checked bits,No checked bits,0.000E+0,Unavailable,Unavailable,Unavailable (RF),Unavailable (RF),Unavailable (RF)
2026-10-01 17:07:52,SMP / RF 1Mbps / per-link line rate / INCOMPLETE: missing lane / interval BER,No checked bits,No checked bits,No checked bits,0.000E+0,Unavailable,Unavailable,Unavailable (RF),Unavailable (RF),Unavailable (RF)
2026-10-01 17:07:53,SMP / RF 1Mbps / per-link line rate / INCOMPLETE: missing lane / interval BER,No checked bits,No checked bits,No checked bits,0.000E+0,Unavailable,Unavailable,Unavailable (RF),Unavailable (RF),Unavailable (RF)
2026-10-01 17:07:54,SMP / RF 1Mbps / per-link line rate / INCOMPLETE: missing lane / interval BER,No checked bits,No checked bits,No checked bits,0.000E+0,Unavailable,Unavailable,Unavailable (RF),Unavailable (RF),Unavailable (RF)
2026-10-01 17:07:55,SMP / RF 1Mbps / per-link line rate / INCOMPLETE: missing lane / interval BER,No checked bits,No checked bits,No checked bits,0.000E+0,Unavailable,Unavailable,Unavailable (RF),Unavailable (RF),Unavailable (RF)
2026-10-01 17:07:56,SMP / RF 1Mbps / per-link line rate / INCOMPLETE: missing lane / interval BER,No checked bits,No checked bits,No checked bits,0.000E+0,Unavailable,Unavailable,Unavailable (RF),Unavailable (RF),Unavailable (RF)
2026-10-01 17:07:57,SMP / RF 1Mbps / per-link line rate / INCOMPLETE: missing lane / interval BER,No checked bits,No checked bits,No checked bits,0.000E+0,Unavailable,Unavailable,Unavailable (RF),Unavailable (RF),Unavailable (RF)
2026-10-01 17:07:58,SMP / RF 1Mbps / per-link line rate / INCOMPLETE: missing lane / interval BER,No checked bits,No checked bits,No checked bits,0.000E+0,Unavailable,Unavailable,Unavailable (RF),Unavailable (RF),Unavailable (RF)
2026-10-01 17:07:59,SMP / RF 1Mbps / per-link line rate / INCOMPLETE: missing lane / interval BER,No checked bits,No checked bits,No checked bits,0.000E+0,Unavailable,Unavailable,Unavailable (RF),Unavailable (RF),Unavailable (RF)
2026-10-01 17:08:00,SMP / RF 1Mbps / per-link line rate / INCOMPLETE: missing lane / interval BER,No checked bits,No checked bits,No checked bits,0.000E+0,Unavailable,Unavailable,Unavailable (RF),Unavailable (RF),Unavailable (RF)
2026-10-01 17:08:01,SMP / RF 1Mbps / per-link line rate / INCOMPLETE: missing lane / interval BER,No checked bits,No checked bits,No checked bits,0.000E+0,Unavailable,Unavailable,Unavailable (RF),Unavailable (RF),Unavailable (RF)
2026-10-01 17:08:02,SMP / RF 1Mbps / per-link line rate / INCOMPLETE: missing lane / interval BER,No checked bits,No checked bits,No checked bits,0.000E+0,Unavailable,Unavailable,Unavailable (RF),Unavailable (RF),Unavailable (RF)
2026-10-01 17:08:03,SMP / RF 1Mbps / per-link line rate / INCOMPLETE: missing lane / interval BER,No checked bits,No checked bits,No checked bits,0.000E+0,Unavailable,Unavailable,Unavailable (RF),Unavailable (RF),Unavailable (RF)
2026-10-01 17:08:04,SMP / RF 1Mbps / per-link line rate / INCOMPLETE: missing lane / interval BER,No checked bits,No checked bits,No checked bits,0.000E+0,Unavailable,Unavailable,Unavailable (RF),Unavailable (RF),Unavailable (RF)
2026-10-01 17:08:05,SMP / RF 1Mbps / per-link line rate / INCOMPLETE: missing lane / interval BER,No checked bits,No checked bits,No checked bits,0.000E+0,Unavailable,Unavailable,Unavailable (RF),Unavailable (RF),Unavailable (RF)
2026-10-01 17:08:06,SMP / RF 1Mbps / per-link line rate / INCOMPLETE: missing lane / interval BER,No checked bits,No checked bits,No checked bits,0.000E+0,Unavailable,Unavailable,Unavailable (RF),Unavailable (RF),Unavailable (RF)
2026-10-01 17:08:07,SMP / RF 1Mbps / per-link line rate / INCOMPLETE: missing lane / interval BER,No checked bits,No checked bits,No checked bits,0.000E+0,Unavailable,Unavailable,Unavailable (RF),Unavailable (RF),Unavailable (RF)
2026-10-01 17:08:08,SMP / RF 1Mbps / per-link line rate / INCOMPLETE: missing lane / interval BER,No checked bits,No checked bits,No checked bits,0.000E+0,Unavailable,Unavailable,Unavailable (RF),Unavailable (RF),Unavailable (RF)
2026-10-01 17:08:09,SMP / RF 1Mbps / per-link line rate / INCOMPLETE: missing lane / interval BER,No checked bits,No checked bits,No checked bits,0.000E+0,Unavailable,Unavailable,Unavailable (RF),Unavailable (RF),Unavailable (RF)
2026-10-01 17:08:10,SMP / RF 1Mbps / per-link line rate / INCOMPLETE: missing lane / interval BER,No checked bits,No checked bits,No checked bits,0.000E+0,Unavailable,Unavailable,Unavailable (RF),Unavailable (RF),Unavailable (RF)
2026-10-01 17:08:11,SMP / RF 1Mbps / per-link line rate / INCOMPLETE: missing lane / interval BER,No checked bits,No checked bits,No checked bits,0.000E+0,Unavailable,Unavailable,Unavailable (RF),Unavailable (RF),Unavailable (RF)
2026-10-01 17:08:12,SMP / RF 1Mbps / per-link line rate / INCOMPLETE: missing lane / interval BER,No checked bits,No checked bits,No checked bits,0.000E+0,Unavailable,Unavailable,Unavailable (RF),Unavailable (RF),Unavailable (RF)
2026-10-01 17:08:13,SMP / RF 1Mbps / per-link line rate / INCOMPLETE: missing lane / interval BER,No checked bits,No checked bits,No checked bits,0.000E+0,Unavailable,Unavailable,Unavailable (RF),Unavailable (RF),Unavailable (RF)
2026-10-01 17:08:14,SMP / RF 1Mbps / per-link line rate / INCOMPLETE: missing lane / interval BER,No checked bits,No checked bits,No checked bits,0.000E+0,Unavailable,Unavailable,Unavailable (RF),Unavailable (RF),Unavailable (RF)
2026-10-01 17:08:15,SMP / RF 1Mbps / per-link line rate / INCOMPLETE: missing lane / interval BER,No checked bits,No checked bits,No checked bits,0.000E+0,Unavailable,Unavailable,Unavailable (RF),Unavailable (RF),Unavailable (RF)
2026-10-01 17:08:16,SMP / RF 1Mbps / per-link line rate / INCOMPLETE: missing lane / interval BER,No checked bits,No checked bits,No checked bits,0.000E+0,Unavailable,Unavailable,Unavailable (RF),Unavailable (RF),Unavailable (RF)
2026-10-01 17:08:17,SMP / RF 1Mbps / per-link line rate / INCOMPLETE: missing lane / interval BER,No checked bits,No checked bits,No checked bits,0.000E+0,Unavailable,Unavailable,Unavailable (RF),Unavailable (RF),Unavailable (RF)
2026-10-01 17:08:18,SMP / RF 1Mbps / per-link line rate / INCOMPLETE: missing lane / interval BER,No checked bits,No checked bits,No checked bits,0.000E+0,Unavailable,Unavailable,Unavailable (RF),Unavailable (RF),Unavailable (RF)
2026-10-01 17:08:19,SMP / RF 1Mbps / per-link line rate / INCOMPLETE: missing lane / interval BER,No checked bits,No checked bits,No checked bits,0.000E+0,Unavailable,Unavailable,Unavailable (RF),Unavailable (RF),Unavailable (RF)
2026-10-01 17:08:20,SMP / RF 1Mbps / per-link line rate / INCOMPLETE: missing lane / interval BER,No checked bits,No checked bits,No checked bits,0.000E+0,Unavailable,Unavailable,Unavailable (RF),Unavailable (RF),Unavailable (RF)
2026-10-01 17:08:21,SMP / RF 1Mbps / per-link line rate / INCOMPLETE: missing lane / interval BER,No checked bits,No checked bits,No checked bits,0.000E+0,Unavailable,Unavailable,Unavailable (RF),Unavailable (RF),Unavailable (RF)
2026-10-01 17:08:22,SMP / RF 1Mbps / per-link line rate / INCOMPLETE: missing lane / interval BER,No checked bits,No checked bits,No checked bits,0.000E+0,Unavailable,Unavailable,Unavailable (RF),Unavailable (RF),Unavailable (RF)
2026-10-01 17:08:23,SMP / RF 1Mbps / per-link line rate / INCOMPLETE: missing lane / interval BER,No checked bits,No checked bits,No checked bits,0.000E+0,Unavailable,Unavailable,Unavailable (RF),Unavailable (RF),Unavailable (RF)
2026-10-01 17:08:24,SMP / RF 1Mbps / per-link line rate / INCOMPLETE: missing lane / interval BER,No checked bits,No checked bits,No checked bits,0.000E+0,Unavailable,Unavailable,Unavailable (RF),Unavailable (RF),Unavailable (RF)
2026-10-01 17:08:25,SMP / RF 1Mbps / per-link line rate / INCOMPLETE: missing lane / interval BER,No checked bits,No checked bits,No checked bits,0.000E+0,Unavailable,Unavailable,Unavailable (RF),Unavailable (RF),Unavailable (RF)
2026-10-01 17:08:26,SMP / RF 1Mbps / per-link line rate / INCOMPLETE: missing lane / interval BER,No checked bits,No checked bits,No checked bits,0.000E+0,Unavailable,Unavailable,Unavailable (RF),Unavailable (RF),Unavailable (RF)
2026-10-01 17:08:27,SMP / RF 1Mbps / per-link line rate / INCOMPLETE: missing lane / interval BER,No checked bits,No checked bits,No checked bits,0.000E+0,Unavailable,Unavailable,Unavailable (RF),Unavailable (RF),Unavailable (RF)
2026-10-01 17:08:28,SMP / RF 1Mbps / per-link line rate / INCOMPLETE: missing lane / interval BER,No checked bits,No checked bits,No checked bits,0.000E+0,Unavailable,Unavailable,Unavailable (RF),Unavailable (RF),Unavailable (RF)
2026-10-01 17:08:29,SMP / RF 1Mbps / per-link line rate / INCOMPLETE: missing lane / interval BER,No checked bits,No checked bits,No checked bits,0.000E+0,Unavailable,Unavailable,Unavailable (RF),Unavailable (RF),Unavailable (RF)
2026-10-01 17:08:30,SMP / RF 1Mbps / per-link line rate / INCOMPLETE: missing lane / interval BER,No checked bits,No checked bits,No checked bits,0.000E+0,Unavailable,Unavailable,Unavailable (RF),Unavailable (RF),Unavailable (RF)
2026-10-01 17:08:31,SMP / RF 1Mbps / per-link line rate / INCOMPLETE: missing lane / interval BER,No checked bits,No checked bits,No checked bits,0.000E+0,Unavailable,Unavailable,Unavailable (RF),Unavailable (RF),Unavailable (RF)
2026-10-01 17:08:32,SMP / RF 1Mbps / per-link line rate / INCOMPLETE: missing lane / interval BER,No checked bits,No checked bits,No checked bits,0.000E+0,Unavailable,Unavailable,Unavailable (RF),Unavailable (RF),Unavailable (RF)
2026-10-01 17:08:33,SMP / RF 1Mbps / per-link line rate / INCOMPLETE: missing lane / interval BER,No checked bits,No checked bits,No checked bits,0.000E+0,Unavailable,Unavailable,Unavailable (RF),Unavailable (RF),Unavailable (RF)
2026-10-01 17:08:34,SMP / RF 1Mbps / per-link line rate / INCOMPLETE: missing lane / interval BER,No checked bits,No checked bits,No checked bits,0.000E+0,Unavailable,Unavailable,Unavailable (RF),Unavailable (RF),Unavailable (RF)
2026-10-01 17:08:35,SMP / RF 1Mbps / per-link line rate / INCOMPLETE: missing lane / interval BER,No checked bits,No checked bits,No checked bits,0.000E+0,Unavailable,Unavailable,Unavailable (RF),Unavailable (RF),Unavailable (RF)
2026-10-01 17:08:36,SMP / RF 1Mbps / per-link line rate / INCOMPLETE: missing lane / interval BER,No checked bits,No checked bits,No checked bits,0.000E+0,Unavailable,Unavailable,Unavailable (RF),Unavailable (RF),Unavailable (RF)
2026-10-01 17:08:37,SMP / RF 1Mbps / per-link line rate / INCOMPLETE: missing lane / interval BER,No checked bits,No checked bits,No checked bits,0.000E+0,Unavailable,Unavailable,Unavailable (RF),Unavailable (RF),Unavailable (RF)
2026-10-01 17:08:38,SMP / RF 1Mbps / per-link line rate / INCOMPLETE: missing lane / interval BER,No checked bits,No checked bits,No checked bits,0.000E+0,Unavailable,Unavailable,Unavailable (RF),Unavailable (RF),Unavailable (RF)
2026-10-01 17:08:39,SMP / RF 1Mbps / per-link line rate / INCOMPLETE: missing lane / interval BER,No checked bits,No checked bits,No checked bits,0.000E+0,Unavailable,Unavailable,Unavailable (RF),Unavailable (RF),Unavailable (RF)
2026-10-01 17:08:40,SMP / RF 1Mbps / per-link line rate / INCOMPLETE: missing lane / interval BER,No checked bits,No checked bits,No checked bits,0.000E+0,Unavailable,Unavailable,Unavailable (RF),Unavailable (RF),Unavailable (RF)
2026-10-01 17:08:41,SMP / RF 1Mbps / per-link line rate / INCOMPLETE: missing lane / interval BER,No checked bits,No checked bits,No checked bits,0.000E+0,Unavailable,Unavailable,Unavailable (RF),Unavailable (RF),Unavailable (RF)
2026-10-01 17:08:42,SMP / RF 1Mbps / per-link line rate / INCOMPLETE: missing lane / interval BER,No checked bits,No checked bits,No checked bits,0.000E+0,Unavailable,Unavailable,Unavailable (RF),Unavailable (RF),Unavailable (RF)
2026-10-01 17:08:43,SMP / RF 1Mbps / per-link line rate / INCOMPLETE: missing lane / interval BER,No checked bits,No checked bits,No checked bits,0.000E+0,Unavailable,Unavailable,Unavailable (RF),Unavailable (RF),Unavailable (RF)
2026-10-01 17:08:44,SMP / RF 1Mbps / per-link line rate / INCOMPLETE: missing lane / interval BER,No checked bits,No checked bits,No checked bits,0.000E+0,Unavailable,Unavailable,Unavailable (RF),Unavailable (RF),Unavailable (RF)
2026-10-01 17:08:45,SMP / RF 1Mbps / per-link line rate / INCOMPLETE: missing lane / interval BER,No checked bits,No checked bits,No checked bits,0.000E+0,Unavailable,Unavailable,Unavailable (RF),Unavailable (RF),Unavailable (RF)
2026-10-01 17:08:46,SMP / RF 1Mbps / per-link line rate / INCOMPLETE: missing lane / interval BER,No checked bits,No checked bits,No checked bits,0.000E+0,Unavailable,Unavailable,Unavailable (RF),Unavailable (RF),Unavailable (RF)
2026-10-01 17:08:47,SMP / RF 1Mbps / per-link line rate / INCOMPLETE: missing lane / interval BER,No checked bits,No checked bits,No checked bits,0.000E+0,Unavailable,Unavailable,Unavailable (RF),Unavailable (RF),Unavailable (RF)
2026-10-01 17:08:48,SMP / RF 1Mbps / per-link line rate / INCOMPLETE: missing lane / interval BER,No checked bits,No checked bits,No checked bits,0.000E+0,Unavailable,Unavailable,Unavailable (RF),Unavailable (RF),Unavailable (RF)
2026-10-01 17:08:49,SMP / RF 1Mbps / per-link line rate / INCOMPLETE: missing lane / interval BER,No checked bits,No checked bits,No checked bits,0.000E+0,Unavailable,Unavailable,Unavailable (RF),Unavailable (RF),Unavailable (RF)
2026-10-01 17:08:50,SMP / RF 1Mbps / per-link line rate / INCOMPLETE: missing lane / interval BER,No checked bits,No checked bits,No checked bits,0.000E+0,Unavailable,Unavailable,Unavailable (RF),Unavailable (RF),Unavailable (RF)
2026-10-01 17:08:51,SMP / RF 1Mbps / per-link line rate / INCOMPLETE: missing lane / interval BER,No checked bits,No checked bits,No checked bits,0.000E+0,Unavailable,Unavailable,Unavailable (RF),Unavailable (RF),Unavailable (RF)
2026-10-01 17:08:52,SMP / RF 1Mbps / per-link line rate / INCOMPLETE: missing lane / interval BER,No checked bits,No checked bits,No checked bits,0.000E+0,Unavailable,Unavailable,Unavailable (RF),Unavailable (RF),Unavailable (RF)
2026-10-01 17:08:53,SMP / RF 1Mbps / per-link line rate / INCOMPLETE: missing lane / interval BER,No checked bits,No checked bits,No checked bits,0.000E+0,Unavailable,Unavailable,Unavailable (RF),Unavailable (RF),Unavailable (RF)
2026-10-01 17:08:54,SMP / RF 1Mbps / per-link line rate / INCOMPLETE: missing lane / interval BER,No checked bits,No checked bits,No checked bits,0.000E+0,Unavailable,Unavailable,Unavailable (RF),Unavailable (RF),Unavailable (RF)
2026-10-01 17:08:55,SMP / RF 1Mbps / per-link line rate / INCOMPLETE: missing lane / interval BER,No checked bits,No checked bits,No checked bits,0.000E+0,Unavailable,Unavailable,Unavailable (RF),Unavailable (RF),Unavailable (RF)
2026-10-01 17:08:56,SMP / RF 1Mbps / per-link line rate / INCOMPLETE: missing lane / interval BER,No checked bits,No checked bits,No checked bits,0.000E+0,Unavailable,Unavailable,Unavailable (RF),Unavailable (RF),Unavailable (RF)
2026-10-01 17:08:57,SMP / RF 1Mbps / per-link line rate / INCOMPLETE: missing lane / interval BER,No checked bits,No checked bits,No checked bits,0.000E+0,Unavailable,Unavailable,Unavailable (RF),Unavailable (RF),Unavailable (RF)
2026-10-01 17:08:58,SMP / RF 1Mbps / per-link line rate / INCOMPLETE: missing lane / interval BER,No checked bits,No checked bits,No checked bits,0.000E+0,Unavailable,Unavailable,Unavailable (RF),Unavailable (RF),Unavailable (RF)
2026-10-01 17:08:59,SMP / RF 1Mbps / per-link line rate / INCOMPLETE: missing lane / interval BER,No checked bits,No checked bits,No checked bits,0.000E+0,Unavailable,Unavailable,Unavailable (RF),Unavailable (RF),Unavailable (RF)
2026-10-01 17:09:00,SMP / RF 1Mbps / per-link line rate / INCOMPLETE: missing lane / interval BER,No checked bits,No checked bits,No checked bits,0.000E+0,Unavailable,Unavailable,Unavailable (RF),Unavailable (RF),Unavailable (RF)
2026-10-01 17:09:01,SMP / RF 1Mbps / per-link line rate / INCOMPLETE: missing lane / interval BER,No checked bits,No checked bits,No checked bits,0.000E+0,Unavailable,Unavailable,Unavailable (RF),Unavailable (RF),Unavailable (RF)
2026-10-01 17:09:02,SMP / RF 1Mbps / per-link line rate / INCOMPLETE: missing lane / interval BER,No checked bits,No checked bits,No checked bits,0.000E+0,Unavailable,Unavailable,Unavailable (RF),Unavailable (RF),Unavailable (RF)
2026-10-01 17:09:03,SMP / RF 1Mbps / per-link line rate / INCOMPLETE: missing lane / interval BER,No checked bits,No checked bits,No checked bits,0.000E+0,Unavailable,Unavailable,Unavailable (RF),Unavailable (RF),Unavailable (RF)
2026-10-01 17:09:04,SMP / RF 1Mbps / per-link line rate / INCOMPLETE: missing lane / interval BER,No checked bits,No checked bits,No checked bits,0.000E+0,Unavailable,Unavailable,Unavailable (RF),Unavailable (RF),Unavailable (RF)
2026-10-01 17:09:05,SMP / RF 1Mbps / per-link line rate / INCOMPLETE: missing lane / interval BER,No checked bits,No checked bits,No checked bits,0.000E+0,Unavailable,Unavailable,Unavailable (RF),Unavailable (RF),Unavailable (RF)
2026-10-01 17:09:06,SMP / RF 1Mbps / per-link line rate / INCOMPLETE: missing lane / interval BER,No checked bits,No checked bits,No checked bits,0.000E+0,Unavailable,Unavailable,Unavailable (RF),Unavailable (RF),Unavailable (RF)
2026-10-01 17:09:07,SMP / RF 1Mbps / per-link line rate / INCOMPLETE: missing lane / interval BER,No checked bits,No checked bits,No checked bits,0.000E+0,Unavailable,Unavailable,Unavailable (RF),Unavailable (RF),Unavailable (RF)
2026-10-01 17:09:08,SMP / RF 1Mbps / per-link line rate / INCOMPLETE: missing lane / interval BER,No checked bits,No checked bits,No checked bits,0.000E+0,Unavailable,Unavailable,Unavailable (RF),Unavailable (RF),Unavailable (RF)
2026-10-01 17:09:09,SMP / RF 1Mbps / per-link line rate / INCOMPLETE: missing lane / interval BER,No checked bits,No checked bits,No checked bits,0.000E+0,Unavailable,Unavailable,Unavailable (RF),Unavailable (RF),Unavailable (RF)
2026-10-01 17:09:10,SMP / RF 1Mbps / per-link line rate / INCOMPLETE: missing lane / interval BER,No checked bits,No checked bits,No checked bits,0.000E+0,Unavailable,Unavailable,Unavailable (RF),Unavailable (RF),Unavailable (RF)
2026-10-01 17:09:11,SMP / RF 1Mbps / per-link line rate / INCOMPLETE: missing lane / interval BER,No checked bits,No checked bits,No checked bits,0.000E+0,Unavailable,Unavailable,Unavailable (RF),Unavailable (RF),Unavailable (RF)
2026-10-01 17:09:12,SMP / RF 1Mbps / per-link line rate / INCOMPLETE: missing lane / interval BER,No checked bits,No checked bits,No checked bits,0.000E+0,Unavailable,Unavailable,Unavailable (RF),Unavailable (RF),Unavailable (RF)
2026-10-01 17:09:13,SMP / RF 1Mbps / per-link line rate / INCOMPLETE: missing lane / interval BER,No checked bits,No checked bits,No checked bits,0.000E+0,Unavailable,Unavailable,Unavailable (RF),Unavailable (RF),Unavailable (RF)
2026-10-01 17:09:14,SMP / RF 1Mbps / per-link line rate / INCOMPLETE: missing lane / interval BER,No checked bits,No checked bits,No checked bits,0.000E+0,Unavailable,Unavailable,Unavailable (RF),Unavailable (RF),Unavailable (RF)
2026-10-01 17:09:15,SMP / RF 1Mbps / per-link line rate / INCOMPLETE: missing lane / interval BER,No checked bits,No checked bits,No checked bits,0.000E+0,Unavailable,Unavailable,Unavailable (RF),Unavailable (RF),Unavailable (RF)
2026-10-01 17:09:16,SMP / RF 1Mbps / per-link line rate / INCOMPLETE: missing lane / interval BER,No checked bits,No checked bits,No checked bits,0.000E+0,Unavailable,Unavailable,Unavailable (RF),Unavailable (RF),Unavailable (RF)
2026-10-01 17:09:17,SMP / RF 1Mbps / per-link line rate / INCOMPLETE: missing lane / interval BER,No checked bits,No checked bits,No checked bits,0.000E+0,Unavailable,Unavailable,Unavailable (RF),Unavailable (RF),Unavailable (RF)
2026-10-01 17:09:18,SMP / RF 1Mbps / per-link line rate / INCOMPLETE: missing lane / interval BER,No checked bits,No checked bits,No checked bits,0.000E+0,Unavailable,Unavailable,Unavailable (RF),Unavailable (RF),Unavailable (RF)
2026-10-01 17:09:19,SMP / RF 1Mbps / per-link line rate / INCOMPLETE: missing lane / interval BER,No checked bits,No checked bits,No checked bits,0.000E+0,Unavailable,Unavailable,Unavailable (RF),Unavailable (RF),Unavailable (RF)
2026-10-01 17:09:20,SMP / RF 1Mbps / per-link line rate / INCOMPLETE: missing lane / interval BER,No checked bits,No checked bits,No checked bits,0.000E+0,Unavailable,Unavailable,Unavailable (RF),Unavailable (RF),Unavailable (RF)
2026-10-01 17:09:21,SMP / RF 1Mbps / per-link line rate / INCOMPLETE: missing lane / interval BER,No checked bits,No checked bits,No checked bits,0.000E+0,Unavailable,Unavailable,Unavailable (RF),Unavailable (RF),Unavailable (RF)
2026-10-01 17:09:22,SMP / RF 1Mbps / per-link line rate / INCOMPLETE: missing lane / interval BER,No checked bits,No checked bits,No checked bits,0.000E+0,Unavailable,Unavailable,Unavailable (RF),Unavailable (RF),Unavailable (RF)
2026-10-01 17:09:23,SMP / RF 1Mbps / per-link line rate / INCOMPLETE: missing lane / interval BER,No checked bits,No checked bits,No checked bits,0.000E+0,Unavailable,Unavailable,Unavailable (RF),Unavailable (RF),Unavailable (RF)
2026-10-01 17:09:24,SMP / RF 1Mbps / per-link line rate / INCOMPLETE: missing lane / interval BER,No checked bits,No checked bits,No checked bits,0.000E+0,Unavailable,Unavailable,Unavailable (RF),Unavailable (RF),Unavailable (RF)
2026-10-01 17:09:25,SMP / RF 1Mbps / per-link line rate / INCOMPLETE: missing lane / interval BER,No checked bits,No checked bits,No checked bits,0.000E+0,Unavailable,Unavailable,Unavailable (RF),Unavailable (RF),Unavailable (RF)
2026-10-01 17:09:26,SMP / RF 1Mbps / per-link line rate / INCOMPLETE: missing lane / interval BER,No checked bits,No checked bits,No checked bits,0.000E+0,Unavailable,Unavailable,Unavailable (RF),Unavailable (RF),Unavailable (RF)
2026-10-01 17:09:27,SMP / RF 1Mbps / per-link line rate / INCOMPLETE: missing lane / interval BER,No checked bits,No checked bits,No checked bits,0.000E+0,Unavailable,Unavailable,Unavailable (RF),Unavailable (RF),Unavailable (RF)
2026-10-01 17:09:28,SMP / RF 1Mbps / per-link line rate / INCOMPLETE: missing lane / interval BER,No checked bits,No checked bits,No checked bits,0.000E+0,Unavailable,Unavailable,Unavailable (RF),Unavailable (RF),Unavailable (RF)
2026-10-01 17:09:29,SMP / RF 1Mbps / per-link line rate / INCOMPLETE: missing lane / interval BER,No checked bits,No checked bits,No checked bits,0.000E+0,Unavailable,Unavailable,Unavailable (RF),Unavailable (RF),Unavailable (RF)
2026-10-01 17:09:30,SMP / RF 1Mbps / per-link line rate / INCOMPLETE: missing lane / interval BER,No checked bits,No checked bits,No checked bits,0.000E+0,Unavailable,Unavailable,Unavailable (RF),Unavailable (RF),Unavailable (RF)
2026-10-01 17:09:31,SMP / RF 1Mbps / per-link line rate / INCOMPLETE: missing lane / interval BER,No checked bits,No checked bits,No checked bits,0.000E+0,Unavailable,Unavailable,Unavailable (RF),Unavailable (RF),Unavailable (RF)
2026-10-01 17:09:32,SMP / RF 1Mbps / per-link line rate / INCOMPLETE: missing lane / interval BER,No checked bits,No checked bits,No checked bits,0.000E+0,Unavailable,Unavailable,Unavailable (RF),Unavailable (RF),Unavailable (RF)
2026-10-01 17:09:33,SMP / RF 1Mbps / per-link line rate / INCOMPLETE: missing lane / interval BER,No checked bits,No checked bits,No checked bits,0.000E+0,Unavailable,Unavailable,Unavailable (RF),Unavailable (RF),Unavailable (RF)
2026-10-01 17:09:34,SMP / RF 1Mbps / per-link line rate / INCOMPLETE: missing lane / interval BER,No checked bits,No checked bits,No checked bits,0.000E+0,Unavailable,Unavailable,Unavailable (RF),Unavailable (RF),Unavailable (RF)
2026-10-01 17:09:35,SMP / RF 1Mbps / per-link line rate / INCOMPLETE: missing lane / interval BER,No checked bits,No checked bits,No checked bits,0.000E+0,Unavailable,Unavailable,Unavailable (RF),Unavailable (RF),Unavailable (RF)
2026-10-01 17:09:36,SMP / RF 1Mbps / per-link line rate / INCOMPLETE: missing lane / interval BER,No checked bits,No checked bits,No checked bits,0.000E+0,Unavailable,Unavailable,Unavailable (RF),Unavailable (RF),Unavailable (RF)
2026-10-01 17:09:37,SMP / RF 1Mbps / per-link line rate / INCOMPLETE: missing lane / interval BER,No checked bits,No checked bits,No checked bits,0.000E+0,Unavailable,Unavailable,Unavailable (RF),Unavailable (RF),Unavailable (RF)
2026-10-01 17:09:38,SMP / RF 1Mbps / per-link line rate / INCOMPLETE: missing lane / interval BER,No checked bits,No checked bits,No checked bits,0.000E+0,Unavailable,Unavailable,Unavailable (RF),Unavailable (RF),Unavailable (RF)
2026-10-01 17:09:39,SMP / RF 1Mbps / per-link line rate / INCOMPLETE: missing lane / interval BER,No checked bits,No checked bits,No checked bits,0.000E+0,Unavailable,Unavailable,Unavailable (RF),Unavailable (RF),Unavailable (RF)
2026-10-01 17:09:40,SMP / RF 1Mbps / per-link line rate / INCOMPLETE: missing lane / interval BER,No checked bits,No checked bits,No checked bits,0.000E+0,Unavailable,Unavailable,Unavailable (RF),Unavailable (RF),Unavailable (RF)
2026-10-01 17:09:41,SMP / RF 1Mbps / per-link line rate / INCOMPLETE: missing lane / interval BER,No checked bits,No checked bits,No checked bits,0.000E+0,Unavailable,Unavailable,Unavailable (RF),Unavailable (RF),Unavailable (RF)
2026-10-01 17:09:42,SMP / RF 1Mbps / per-link line rate / INCOMPLETE: missing lane / interval BER,No checked bits,No checked bits,No checked bits,0.000E+0,Unavailable,Unavailable,Unavailable (RF),Unavailable (RF),Unavailable (RF)
2026-10-01 17:09:43,SMP / RF 1Mbps / per-link line rate / INCOMPLETE: missing lane / interval BER,No checked bits,No checked bits,No checked bits,0.000E+0,Unavailable,Unavailable,Unavailable (RF),Unavailable (RF),Unavailable (RF)
2026-10-01 17:09:44,SMP / RF 1Mbps / per-link line rate / INCOMPLETE: missing lane / interval BER,No checked bits,No checked bits,No checked bits,0.000E+0,Unavailable,Unavailable,Unavailable (RF),Unavailable (RF),Unavailable (RF)
2026-10-01 17:09:45,SMP / RF 1Mbps / per-link line rate / INCOMPLETE: missing lane / interval BER,No checked bits,No checked bits,No checked bits,0.000E+0,Unavailable,Unavailable,Unavailable (RF),Unavailable (RF),Unavailable (RF)
2026-10-01 17:09:46,SMP / RF 1Mbps / per-link line rate / INCOMPLETE: missing lane / interval BER,No checked bits,No checked bits,No checked bits,0.000E+0,Unavailable,Unavailable,Unavailable (RF),Unavailable (RF),Unavailable (RF)
2026-10-01 17:09:47,SMP / RF 1Mbps / per-link line rate / INCOMPLETE: missing lane / interval BER,No checked bits,No checked bits,No checked bits,0.000E+0,Unavailable,Unavailable,Unavailable (RF),Unavailable (RF),Unavailable (RF)
2026-10-01 17:09:48,SMP / RF 1Mbps / per-link line rate / INCOMPLETE: missing lane / interval BER,No checked bits,No checked bits,No checked bits,0.000E+0,Unavailable,Unavailable,Unavailable (RF),Unavailable (RF),Unavailable (RF)
2026-10-01 17:09:49,SMP / RF 1Mbps / per-link line rate / INCOMPLETE: missing lane / interval BER,No checked bits,No checked bits,No checked bits,0.000E+0,Unavailable,Unavailable,Unavailable (RF),Unavailable (RF),Unavailable (RF)
2026-10-01 17:09:50,SMP / RF 1Mbps / per-link line rate / INCOMPLETE: missing lane / interval BER,No checked bits,No checked bits,No checked bits,0.000E+0,Unavailable,Unavailable,Unavailable (RF),Unavailable (RF),Unavailable (RF)
2026-10-01 17:09:51,SMP / RF 1Mbps / per-link line rate / INCOMPLETE: missing lane / interval BER,No checked bits,No checked bits,No checked bits,0.000E+0,Unavailable,Unavailable,Unavailable (RF),Unavailable (RF),Unavailable (RF)
2026-10-01 17:09:52,SMP / RF 1Mbps / per-link line rate / INCOMPLETE: missing lane / interval BER,No checked bits,No checked bits,No checked bits,0.000E+0,Unavailable,Unavailable,Unavailable (RF),Unavailable (RF),Unavailable (RF)
2026-10-01 17:09:53,SMP / RF 1Mbps / per-link line rate / INCOMPLETE: missing lane / interval BER,No checked bits,No checked bits,No checked bits,0.000E+0,Unavailable,Unavailable,Unavailable (RF),Unavailable (RF),Unavailable (RF)
2026-10-01 17:09:54,SMP / RF 1Mbps / per-link line rate / INCOMPLETE: missing lane / interval BER,No checked bits,No checked bits,No checked bits,0.000E+0,Unavailable,Unavailable,Unavailable (RF),Unavailable (RF),Unavailable (RF)
2026-10-01 17:09:55,SMP / RF 1Mbps / per-link line rate / INCOMPLETE: missing lane / interval BER,No checked bits,No checked bits,No checked bits,0.000E+0,Unavailable,Unavailable,Unavailable (RF),Unavailable (RF),Unavailable (RF)
2026-10-01 17:09:56,SMP / RF 1Mbps / per-link line rate / INCOMPLETE: missing lane / interval BER,No checked bits,No checked bits,No checked bits,0.000E+0,Unavailable,Unavailable,Unavailable (RF),Unavailable (RF),Unavailable (RF)
2026-10-01 17:09:57,SMP / RF 1Mbps / per-link line rate / INCOMPLETE: missing lane / interval BER,No checked bits,No checked bits,No checked bits,0.000E+0,Unavailable,Unavailable,Unavailable (RF),Unavailable (RF),Unavailable (RF)
2026-10-01 17:09:58,SMP / RF 1Mbps / per-link line rate / INCOMPLETE: missing lane / interval BER,No checked bits,No checked bits,No checked bits,0.000E+0,Unavailable,Unavailable,Unavailable (RF),Unavailable (RF),Unavailable (RF)
2026-10-01 17:09:59,SMP / RF 1Mbps / per-link line rate / INCOMPLETE: missing lane / interval BER,No checked bits,No checked bits,No checked bits,0.000E+0,Unavailable,Unavailable,Unavailable (RF),Unavailable (RF),Unavailable (RF)
2026-10-01 17:10:00,SMP / RF 1Mbps / per-link line rate / INCOMPLETE: missing lane / interval BER,No checked bits,No checked bits,No checked bits,0.000E+0,Unavailable,Unavailable,Unavailable (RF),Unavailable (RF),Unavailable (RF)
2026-10-01 17:10:01,SMP / RF 1Mbps / per-link line rate / INCOMPLETE: missing lane / interval BER,No checked bits,No checked bits,No checked bits,0.000E+0,Unavailable,Unavailable,Unavailable (RF),Unavailable (RF),Unavailable (RF)
2026-10-01 17:10:02,SMP / RF 1Mbps / per-link line rate / INCOMPLETE: missing lane / interval BER,No checked bits,No checked bits,No checked bits,0.000E+0,Unavailable,Unavailable,Unavailable (RF),Unavailable (RF),Unavailable (RF)
2026-10-01 17:10:03,SMP / RF 1Mbps / per-link line rate / INCOMPLETE: missing lane / interval BER,No checked bits,No checked bits,No checked bits,0.000E+0,Unavailable,Unavailable,Unavailable (RF),Unavailable (RF),Unavailable (RF)
2026-10-01 17:10:04,SMP / RF 1Mbps / per-link line rate / INCOMPLETE: missing lane / interval BER,No checked bits,No checked bits,No checked bits,0.000E+0,Unavailable,Unavailable,Unavailable (RF),Unavailable (RF),Unavailable (RF)
2026-10-01 17:10:05,SMP / RF 1Mbps / per-link line rate / INCOMPLETE: missing lane / interval BER,No checked bits,No checked bits,No checked bits,0.000E+0,Unavailable,Unavailable,Unavailable (RF),Unavailable (RF),Unavailable (RF)
2026-10-01 17:10:06,SMP / RF 1Mbps / per-link line rate / INCOMPLETE: missing lane / interval BER,No checked bits,No checked bits,No checked bits,0.000E+0,Unavailable,Unavailable,Unavailable (RF),Unavailable (RF),Unavailable (RF)
2026-10-01 17:10:07,SMP / RF 1Mbps / per-link line rate / INCOMPLETE: missing lane / interval BER,No checked bits,No checked bits,No checked bits,0.000E+0,Unavailable,Unavailable,Unavailable (RF),Unavailable (RF),Unavailable (RF)
2026-10-01 17:10:08,SMP / RF 1Mbps / per-link line rate / INCOMPLETE: missing lane / interval BER,No checked bits,No checked bits,No checked bits,0.000E+0,Unavailable,Unavailable,Unavailable (RF),Unavailable (RF),Unavailable (RF)
2026-10-01 17:10:09,SMP / RF 1Mbps / per-link line rate / INCOMPLETE: missing lane / interval BER,No checked bits,No checked bits,No checked bits,0.000E+0,Unavailable,Unavailable,Unavailable (RF),Unavailable (RF),Unavailable (RF)
2026-10-01 17:10:10,SMP / RF 1Mbps / per-link line rate / INCOMPLETE: missing lane / interval BER,No checked bits,No checked bits,No checked bits,0.000E+0,Unavailable,Unavailable,Unavailable (RF),Unavailable (RF),Unavailable (RF)
2026-10-01 17:10:11,SMP / RF 1Mbps / per-link line rate / INCOMPLETE: missing lane / interval BER,No checked bits,No checked bits,No checked bits,0.000E+0,Unavailable,Unavailable,Unavailable (RF),Unavailable (RF),Unavailable (RF)
2026-10-01 17:10:12,SMP / RF 1Mbps / per-link line rate / INCOMPLETE: missing lane / interval BER,No checked bits,No checked bits,No checked bits,0.000E+0,Unavailable,Unavailable,Unavailable (RF),Unavailable (RF),Unavailable (RF)
2026-10-01 17:10:13,SMP / RF 1Mbps / per-link line rate / INCOMPLETE: missing lane / interval BER,No checked bits,No checked bits,No checked bits,0.000E+0,Unavailable,Unavailable,Unavailable (RF),Unavailable (RF),Unavailable (RF)
2026-10-01 17:10:14,SMP / RF 1Mbps / per-link line rate / INCOMPLETE: missing lane / interval BER,No checked bits,No checked bits,No checked bits,0.000E+0,Unavailable,Unavailable,Unavailable (RF),Unavailable (RF),Unavailable (RF)
2026-10-01 17:10:15,SMP / RF 1Mbps / per-link line rate / INCOMPLETE: missing lane / interval BER,No checked bits,No checked bits,No checked bits,0.000E+0,Unavailable,Unavailable,Unavailable (RF),Unavailable (RF),Unavailable (RF)
2026-10-01 17:10:16,SMP / RF 1Mbps / per-link line rate / INCOMPLETE: missing lane / interval BER,No checked bits,No checked bits,No checked bits,0.000E+0,Unavailable,Unavailable,Unavailable (RF),Unavailable (RF),Unavailable (RF)
2026-10-01 17:10:17,SMP / RF 1Mbps / per-link line rate / INCOMPLETE: missing lane / interval BER,No checked bits,No checked bits,No checked bits,0.000E+0,Unavailable,Unavailable,Unavailable (RF),Unavailable (RF),Unavailable (RF)
2026-10-01 17:10:18,SMP / RF 1Mbps / per-link line rate / INCOMPLETE: missing lane / interval BER,No checked bits,No checked bits,No checked bits,0.000E+0,Unavailable,Unavailable,Unavailable (RF),Unavailable (RF),Unavailable (RF)
2026-10-01 17:10:19,SMP / RF 1Mbps / per-link line rate / INCOMPLETE: missing lane / interval BER,No checked bits,No checked bits,No checked bits,0.000E+0,Unavailable,Unavailable,Unavailable (RF),Unavailable (RF),Unavailable (RF)
2026-10-01 17:10:20,SMP / RF 1Mbps / per-link line rate / INCOMPLETE: missing lane / interval BER,No checked bits,No checked bits,No checked bits,0.000E+0,Unavailable,Unavailable,Unavailable (RF),Unavailable (RF),Unavailable (RF)
2026-10-01 17:10:21,SMP / RF 1Mbps / per-link line rate / INCOMPLETE: missing lane / interval BER,No checked bits,No checked bits,No checked bits,0.000E+0,Unavailable,Unavailable,Unavailable (RF),Unavailable (RF),Unavailable (RF)
2026-10-01 17:10:22,SMP / RF 1Mbps / per-link line rate / INCOMPLETE: missing lane / interval BER,No checked bits,No checked bits,No checked bits,0.000E+0,Unavailable,Unavailable,Unavailable (RF),Unavailable (RF),Unavailable (RF)
2026-10-01 17:10:23,SMP / RF 1Mbps / per-link line rate / INCOMPLETE: missing lane / interval BER,No checked bits,No checked bits,No checked bits,0.000E+0,Unavailable,Unavailable,Unavailable (RF),Unavailable (RF),Unavailable (RF)
2026-10-01 17:10:24,SMP / RF 1Mbps / per-link line rate / INCOMPLETE: missing lane / interval BER,No checked bits,No checked bits,No checked bits,0.000E+0,Unavailable,Unavailable,Unavailable (RF),Unavailable (RF),Unavailable (RF)
2026-10-01 17:10:25,SMP / RF 1Mbps / per-link line rate / INCOMPLETE: missing lane / interval BER,No checked bits,No checked bits,No checked bits,0.000E+0,Unavailable,Unavailable,Unavailable (RF),Unavailable (RF),Unavailable (RF)
2026-10-01 17:10:26,SMP / RF 1Mbps / per-link line rate / INCOMPLETE: missing lane / interval BER,No checked bits,No checked bits,No checked bits,0.000E+0,Unavailable,Unavailable,Unavailable (RF),Unavailable (RF),Unavailable (RF)
2026-10-01 17:10:27,SMP / RF 1Mbps / per-link line rate / INCOMPLETE: missing lane / interval BER,No checked bits,No checked bits,No checked bits,0.000E+0,Unavailable,Unavailable,Unavailable (RF),Unavailable (RF),Unavailable (RF)
2026-10-01 17:10:28,SMP / RF 1Mbps / per-link line rate / INCOMPLETE: missing lane / interval BER,No checked bits,No checked bits,No checked bits,0.000E+0,Unavailable,Unavailable,Unavailable (RF),Unavailable (RF),Unavailable (RF)
2026-10-01 17:10:29,SMP / RF 1Mbps / per-link line rate / INCOMPLETE: missing lane / interval BER,No checked bits,No checked bits,No checked bits,0.000E+0,Unavailable,Unavailable,Unavailable (RF),Unavailable (RF),Unavailable (RF)
2026-10-01 17:10:30,SMP / RF 1Mbps / per-link line rate / INCOMPLETE: missing lane / interval BER,No checked bits,No checked bits,No checked bits,0.000E+0,Unavailable,Unavailable,Unavailable (RF),Unavailable (RF),Unavailable (RF)
2026-10-01 17:10:31,SMP / RF 1Mbps / per-link line rate / INCOMPLETE: missing lane / interval BER,No checked bits,No checked bits,No checked bits,0.000E+0,Unavailable,Unavailable,Unavailable (RF),Unavailable (RF),Unavailable (RF)
2026-10-01 17:10:32,SMP / RF 1Mbps / per-link line rate / INCOMPLETE: missing lane / interval BER,No checked bits,No checked bits,No checked bits,0.000E+0,Unavailable,Unavailable,Unavailable (RF),Unavailable (RF),Unavailable (RF)
2026-10-01 17:10:33,SMP / RF 1Mbps / per-link line rate / INCOMPLETE: missing lane / interval BER,No checked bits,No checked bits,No checked bits,0.000E+0,Unavailable,Unavailable,Unavailable (RF),Unavailable (RF),Unavailable (RF)
2026-10-01 17:10:34,SMP / RF 1Mbps / per-link line rate / INCOMPLETE: missing lane / interval BER,No checked bits,No checked bits,No checked bits,0.000E+0,Unavailable,Unavailable,Unavailable (RF),Unavailable (RF),Unavailable (RF)
2026-10-01 17:10:35,SMP / RF 1Mbps / per-link line rate / INCOMPLETE: missing lane / interval BER,No checked bits,No checked bits,No checked bits,0.000E+0,Unavailable,Unavailable,Unavailable (RF),Unavailable (RF),Unavailable (RF)
2026-10-01 17:10:36,SMP / RF 1Mbps / per-link line rate / INCOMPLETE: missing lane / interval BER,No checked bits,No checked bits,No checked bits,0.000E+0,Unavailable,Unavailable,Unavailable (RF),Unavailable (RF),Unavailable (RF)
2026-10-01 17:10:37,SMP / RF 1Mbps / per-link line rate / INCOMPLETE: missing lane / interval BER,No checked bits,No checked bits,No checked bits,0.000E+0,Unavailable,Unavailable,Unavailable (RF),Unavailable (RF),Unavailable (RF)
2026-10-01 17:10:38,SMP / RF 1Mbps / per-link line rate / INCOMPLETE: missing lane / interval BER,No checked bits,No checked bits,No checked bits,0.000E+0,Unavailable,Unavailable,Unavailable (RF),Unavailable (RF),Unavailable (RF)
2026-10-01 17:10:39,SMP / RF 1Mbps / per-link line rate / INCOMPLETE: missing lane / interval BER,No checked bits,No checked bits,No checked bits,0.000E+0,Unavailable,Unavailable,Unavailable (RF),Unavailable (RF),Unavailable (RF)
2026-10-01 17:10:40,SMP / RF 1Mbps / per-link line rate / INCOMPLETE: missing lane / interval BER,No checked bits,No checked bits,No checked bits,0.000E+0,Unavailable,Unavailable,Unavailable (RF),Unavailable (RF),Unavailable (RF)
2026-10-01 17:10:41,SMP / RF 1Mbps / per-link line rate / INCOMPLETE: missing lane / interval BER,No checked bits,No checked bits,No checked bits,0.000E+0,Unavailable,Unavailable,Unavailable (RF),Unavailable (RF),Unavailable (RF)
2026-10-01 17:10:42,SMP / RF 1Mbps / per-link line rate / INCOMPLETE: missing lane / interval BER,No checked bits,No checked bits,No checked bits,0.000E+0,Unavailable,Unavailable,Unavailable (RF),Unavailable (RF),Unavailable (RF)
2026-10-01 17:10:43,SMP / RF 1Mbps / per-link line rate / INCOMPLETE: missing lane / interval BER,No checked bits,No checked bits,No checked bits,0.000E+0,Unavailable,Unavailable,Unavailable (RF),Unavailable (RF),Unavailable (RF)
2026-10-01 17:10:44,SMP / RF 1Mbps / per-link line rate / INCOMPLETE: missing lane / interval BER,No checked bits,No checked bits,No checked bits,0.000E+0,Unavailable,Unavailable,Unavailable (RF),Unavailable (RF),Unavailable (RF)
2026-10-01 17:10:45,SMP / RF 1Mbps / per-link line rate / INCOMPLETE: missing lane / interval BER,No checked bits,No checked bits,No checked bits,0.000E+0,Unavailable,Unavailable,Unavailable (RF),Unavailable (RF),Unavailable (RF)
2026-10-01 17:10:46,SMP / RF 1Mbps / per-link line rate / INCOMPLETE: missing lane / interval BER,No checked bits,No checked bits,No checked bits,0.000E+0,Unavailable,Unavailable,Unavailable (RF),Unavailable (RF),Unavailable (RF)
2026-10-01 17:10:47,SMP / RF 1Mbps / per-link line rate / INCOMPLETE: missing lane / interval BER,No checked bits,No checked bits,No checked bits,0.000E+0,Unavailable,Unavailable,Unavailable (RF),Unavailable (RF),Unavailable (RF)
2026-10-01 17:10:48,SMP / RF 1Mbps / per-link line rate / INCOMPLETE: missing lane / interval BER,No checked bits,No checked bits,No checked bits,0.000E+0,Unavailable,Unavailable,Unavailable (RF),Unavailable (RF),Unavailable (RF)
2026-10-01 17:10:49,SMP / RF 1Mbps / per-link line rate / INCOMPLETE: missing lane / interval BER,No checked bits,No checked bits,No checked bits,0.000E+0,Unavailable,Unavailable,Unavailable (RF),Unavailable (RF),Unavailable (RF)
2026-10-01 17:10:50,SMP / RF 1Mbps / per-link line rate / INCOMPLETE: missing lane / interval BER,No checked bits,No checked bits,No checked bits,0.000E+0,Unavailable,Unavailable,Unavailable (RF),Unavailable (RF),Unavailable (RF)
2026-10-01 17:10:51,SMP / RF 1Mbps / per-link line rate / INCOMPLETE: missing lane / interval BER,No checked bits,No checked bits,No checked bits,0.000E+0,Unavailable,Unavailable,Unavailable (RF),Unavailable (RF),Unavailable (RF)
2026-10-01 17:10:52,SMP / RF 1Mbps / per-link line rate / INCOMPLETE: missing lane / interval BER,No checked bits,No checked bits,No checked bits,0.000E+0,Unavailable,Unavailable,Unavailable (RF),Unavailable (RF),Unavailable (RF)
2026-10-01 17:10:53,SMP / RF 1Mbps / per-link line rate / INCOMPLETE: missing lane / interval BER,No checked bits,No checked bits,No checked bits,0.000E+0,Unavailable,Unavailable,Unavailable (RF),Unavailable (RF),Unavailable (RF)
2026-10-01 17:10:54,SMP / RF 1Mbps / per-link line rate / INCOMPLETE: missing lane / interval BER,No checked bits,No checked bits,No checked bits,0.000E+0,Unavailable,Unavailable,Unavailable (RF),Unavailable (RF),Unavailable (RF)
2026-10-01 17:10:55,SMP / RF 1Mbps / per-link line rate / INCOMPLETE: missing lane / interval BER,No checked bits,No checked bits,No checked bits,0.000E+0,Unavailable,Unavailable,Unavailable (RF),Unavailable (RF),Unavailable (RF)
2026-10-01 17:10:56,SMP / RF 1Mbps / per-link line rate / INCOMPLETE: missing lane / interval BER,No checked bits,No checked bits,No checked bits,0.000E+0,Unavailable,Unavailable,Unavailable (RF),Unavailable (RF),Unavailable (RF)
2026-10-01 17:10:57,SMP / RF 1Mbps / per-link line rate / INCOMPLETE: missing lane / interval BER,No checked bits,No checked bits,No checked bits,0.000E+0,Unavailable,Unavailable,Unavailable (RF),Unavailable (RF),Unavailable (RF)
2026-10-01 17:10:58,SMP / RF 1Mbps / per-link line rate / INCOMPLETE: missing lane / interval BER,No checked bits,No checked bits,No checked bits,0.000E+0,Unavailable,Unavailable,Unavailable (RF),Unavailable (RF),Unavailable (RF)
2026-10-01 17:10:59,SMP / RF 1Mbps / per-link line rate / INCOMPLETE: missing lane / interval BER,No checked bits,No checked bits,No checked bits,0.000E+0,Unavailable,Unavailable,Unavailable (RF),Unavailable (RF),Unavailable (RF)
2026-10-01 17:11:00,SMP / RF 1Mbps / per-link line rate / INCOMPLETE: missing lane / interval BER,No checked bits,No checked bits,No checked bits,0.000E+0,Unavailable,Unavailable,Unavailable (RF),Unavailable (RF),Unavailable (RF)
2026-10-01 17:11:01,SMP / RF 1Mbps / per-link line rate / INCOMPLETE: missing lane / interval BER,No checked bits,No checked bits,No checked bits,0.000E+0,Unavailable,Unavailable,Unavailable (RF),Unavailable (RF),Unavailable (RF)
2026-10-01 17:11:02,SMP / RF 1Mbps / per-link line rate / INCOMPLETE: missing lane / interval BER,No checked bits,No checked bits,No checked bits,0.000E+0,Unavailable,Unavailable,Unavailable (RF),Unavailable (RF),Unavailable (RF)
2026-10-01 17:11:03,SMP / RF 1Mbps / per-link line rate / INCOMPLETE: missing lane / interval BER,No checked bits,No checked bits,No checked bits,0.000E+0,Unavailable,Unavailable,Unavailable (RF),Unavailable (RF),Unavailable (RF)
2026-10-01 17:11:04,SMP / RF 1Mbps / per-link line rate / INCOMPLETE: missing lane / interval BER,No checked bits,No checked bits,No checked bits,0.000E+0,Unavailable,Unavailable,Unavailable (RF),Unavailable (RF),Unavailable (RF)
2026-10-01 17:11:05,SMP / RF 1Mbps / per-link line rate / INCOMPLETE: missing lane / interval BER,No checked bits,No checked bits,No checked bits,0.000E+0,Unavailable,Unavailable,Unavailable (RF),Unavailable (RF),Unavailable (RF)
2026-10-01 17:11:06,SMP / RF 1Mbps / per-link line rate / INCOMPLETE: missing lane / interval BER,No checked bits,No checked bits,No checked bits,0.000E+0,Unavailable,Unavailable,Unavailable (RF),Unavailable (RF),Unavailable (RF)
2026-10-01 17:11:07,SMP / RF 1Mbps / per-link line rate / INCOMPLETE: missing lane / interval BER,No checked bits,No checked bits,No checked bits,0.000E+0,Unavailable,Unavailable,Unavailable (RF),Unavailable (RF),Unavailable (RF)
2026-10-01 17:11:08,SMP / RF 1Mbps / per-link line rate / INCOMPLETE: missing lane / interval BER,No checked bits,No checked bits,No checked bits,0.000E+0,Unavailable,Unavailable,Unavailable (RF),Unavailable (RF),Unavailable (RF)
2026-10-01 17:11:09,SMP / RF 1Mbps / per-link line rate / INCOMPLETE: missing lane / interval BER,No checked bits,No checked bits,No checked bits,0.000E+0,Unavailable,Unavailable,Unavailable (RF),Unavailable (RF),Unavailable (RF)
2026-10-01 17:11:10,SMP / RF 1Mbps / per-link line rate / INCOMPLETE: missing lane / interval BER,No checked bits,No checked bits,No checked bits,0.000E+0,Unavailable,Unavailable,Unavailable (RF),Unavailable (RF),Unavailable (RF)
2026-10-01 17:11:11,SMP / RF 1Mbps / per-link line rate / INCOMPLETE: missing lane / interval BER,No checked bits,No checked bits,No checked bits,0.000E+0,Unavailable,Unavailable,Unavailable (RF),Unavailable (RF),Unavailable (RF)
2026-10-01 17:11:12,SMP / RF 1Mbps / per-link line rate / INCOMPLETE: missing lane / interval BER,No checked bits,No checked bits,No checked bits,0.000E+0,Unavailable,Unavailable,Unavailable (RF),Unavailable (RF),Unavailable (RF)
2026-10-01 17:11:13,SMP / RF 1Mbps / per-link line rate / INCOMPLETE: missing lane / interval BER,No checked bits,No checked bits,No checked bits,0.000E+0,Unavailable,Unavailable,Unavailable (RF),Unavailable (RF),Unavailable (RF)
2026-10-01 17:11:14,SMP / RF 1Mbps / per-link line rate / INCOMPLETE: missing lane / interval BER,No checked bits,No checked bits,No checked bits,0.000E+0,Unavailable,Unavailable,Unavailable (RF),Unavailable (RF),Unavailable (RF)
2026-10-01 17:11:15,SMP / RF 1Mbps / per-link line rate / INCOMPLETE: missing lane / interval BER,No checked bits,No checked bits,No checked bits,0.000E+0,Unavailable,Unavailable,Unavailable (RF),Unavailable (RF),Unavailable (RF)
2026-10-01 17:11:16,SMP / RF 1Mbps / per-link line rate / INCOMPLETE: missing lane / interval BER,No checked bits,No checked bits,No checked bits,0.000E+0,Unavailable,Unavailable,Unavailable (RF),Unavailable (RF),Unavailable (RF)
2026-10-01 17:11:17,SMP / RF 1Mbps / per-link line rate / INCOMPLETE: missing lane / interval BER,No checked bits,No checked bits,No checked bits,0.000E+0,Unavailable,Unavailable,Unavailable (RF),Unavailable (RF),Unavailable (RF)
2026-10-01 17:11:18,SMP / RF 1Mbps / per-link line rate / INCOMPLETE: missing lane / interval BER,No checked bits,No checked bits,No checked bits,0.000E+0,Unavailable,Unavailable,Unavailable (RF),Unavailable (RF),Unavailable (RF)
2026-10-01 17:11:19,SMP / RF 1Mbps / per-link line rate / INCOMPLETE: missing lane / interval BER,No checked bits,No checked bits,No checked bits,0.000E+0,Unavailable,Unavailable,Unavailable (RF),Unavailable (RF),Unavailable (RF)
2026-10-01 17:11:20,SMP / RF 1Mbps / per-link line rate / INCOMPLETE: missing lane / interval BER,No checked bits,No checked bits,No checked bits,0.000E+0,Unavailable,Unavailable,Unavailable (RF),Unavailable (RF),Unavailable (RF)
2026-10-01 17:11:21,SMP / RF 1Mbps / per-link line rate / INCOMPLETE: missing lane / interval BER,No checked bits,No checked bits,No checked bits,0.000E+0,Unavailable,Unavailable,Unavailable (RF),Unavailable (RF),Unavailable (RF)
2026-10-01 17:11:22,SMP / RF 1Mbps / per-link line rate / INCOMPLETE: missing lane / interval BER,No checked bits,No checked bits,No checked bits,0.000E+0,Unavailable,Unavailable,Unavailable (RF),Unavailable (RF),Unavailable (RF)
2026-10-01 17:11:23,SMP / RF 1Mbps / per-link line rate / INCOMPLETE: missing lane / interval BER,No checked bits,No checked bits,No checked bits,0.000E+0,Unavailable,Unavailable,Unavailable (RF),Unavailable (RF),Unavailable (RF)
2026-10-01 17:11:24,SMP / RF 1Mbps / per-link line rate / INCOMPLETE: missing lane / interval BER,No checked bits,No checked bits,No checked bits,0.000E+0,Unavailable,Unavailable,Unavailable (RF),Unavailable (RF),Unavailable (RF)
2026-10-01 17:11:25,SMP / RF 1Mbps / per-link line rate / INCOMPLETE: missing lane / interval BER,No checked bits,No checked bits,No checked bits,0.000E+0,Unavailable,Unavailable,Unavailable (RF),Unavailable (RF),Unavailable (RF)
2026-10-01 17:11:26,SMP / RF 1Mbps / per-link line rate / INCOMPLETE: missing lane / interval BER,No checked bits,No checked bits,No checked bits,0.000E+0,Unavailable,Unavailable,Unavailable (RF),Unavailable (RF),Unavailable (RF)
2026-10-01 17:11:27,SMP / RF 1Mbps / per-link line rate / INCOMPLETE: missing lane / interval BER,No checked bits,No checked bits,No checked bits,0.000E+0,Unavailable,Unavailable,Unavailable (RF),Unavailable (RF),Unavailable (RF)
2026-10-01 17:11:28,SMP / RF 1Mbps / per-link line rate / INCOMPLETE: missing lane / interval BER,No checked bits,No checked bits,No checked bits,0.000E+0,Unavailable,Unavailable,Unavailable (RF),Unavailable (RF),Unavailable (RF)
2026-10-01 17:11:29,SMP / RF 1Mbps / per-link line rate / INCOMPLETE: missing lane / interval BER,No checked bits,No checked bits,No checked bits,0.000E+0,Unavailable,Unavailable,Unavailable (RF),Unavailable (RF),Unavailable (RF)
2026-10-01 17:11:30,SMP / RF 1Mbps / per-link line rate / INCOMPLETE: missing lane / interval BER,No checked bits,No checked bits,No checked bits,0.000E+0,Unavailable,Unavailable,Unavailable (RF),Unavailable (RF),Unavailable (RF)
2026-10-01 17:11:31,SMP / RF 1Mbps / per-link line rate / INCOMPLETE: missing lane / interval BER,No checked bits,No checked bits,No checked bits,0.000E+0,Unavailable,Unavailable,Unavailable (RF),Unavailable (RF),Unavailable (RF)
2026-10-01 17:11:32,SMP / RF 1Mbps / per-link line rate / INCOMPLETE: missing lane / interval BER,No checked bits,No checked bits,No checked bits,0.000E+0,Unavailable,Unavailable,Unavailable (RF),Unavailable (RF),Unavailable (RF)
2026-10-01 17:11:33,SMP / RF 1Mbps / per-link line rate / INCOMPLETE: missing lane / interval BER,No checked bits,No checked bits,No checked bits,0.000E+0,Unavailable,Unavailable,Unavailable (RF),Unavailable (RF),Unavailable (RF)
2026-10-01 17:11:34,SMP / RF 1Mbps / per-link line rate / INCOMPLETE: missing lane / interval BER,No checked bits,No checked bits,No checked bits,0.000E+0,Unavailable,Unavailable,Unavailable (RF),Unavailable (RF),Unavailable (RF)
2026-10-01 17:11:35,SMP / RF 1Mbps / per-link line rate / INCOMPLETE: missing lane / interval BER,No checked bits,No checked bits,No checked bits,0.000E+0,Unavailable,Unavailable,Unavailable (RF),Unavailable (RF),Unavailable (RF)
2026-10-01 17:11:36,SMP / RF 1Mbps / per-link line rate / INCOMPLETE: missing lane / interval BER,No checked bits,No checked bits,No checked bits,0.000E+0,Unavailable,Unavailable,Unavailable (RF),Unavailable (RF),Unavailable (RF)
2026-10-01 17:11:37,SMP / RF 1Mbps / per-link line rate / INCOMPLETE: missing lane / interval BER,No checked bits,No checked bits,No checked bits,0.000E+0,Unavailable,Unavailable,Unavailable (RF),Unavailable (RF),Unavailable (RF)
2026-10-01 17:11:38,SMP / RF 1Mbps / per-link line rate / INCOMPLETE: missing lane / interval BER,2.102E-01,No checked bits,2.102E-01,0.000E+0,Unavailable,Unavailable,Unavailable (RF),Unavailable (RF),Unavailable (RF)
2026-10-01 17:11:39,SMP / RF 1Mbps / per-link line rate / INCOMPLETE: missing lane / interval BER,6.568E-02,No checked bits,6.568E-02,0.000E+0,Unavailable,Unavailable,Unavailable (RF),Unavailable (RF),Unavailable (RF)
2026-10-01 17:11:40,SMP / RF 1Mbps / per-link line rate / INCOMPLETE: missing lane / interval BER,4.707E-02,No checked bits,4.707E-02,0.000E+0,Unavailable,Unavailable,Unavailable (RF),Unavailable (RF),Unavailable (RF)
2026-10-01 17:11:41,SMP / RF 1Mbps / per-link line rate / INCOMPLETE: missing lane / interval BER,No checked bits,No checked bits,No checked bits,0.000E+0,Unavailable,Unavailable,Unavailable (RF),Unavailable (RF),Unavailable (RF)
2026-10-01 17:11:42,SMP / RF 1Mbps / per-link line rate / INCOMPLETE: missing lane / interval BER,No checked bits,No checked bits,No checked bits,0.000E+0,Unavailable,Unavailable,Unavailable (RF),Unavailable (RF),Unavailable (RF)
2026-10-01 17:11:43,SMP / RF 1Mbps / per-link line rate / INCOMPLETE: missing lane / interval BER,No checked bits,No checked bits,No checked bits,0.000E+0,Unavailable,Unavailable,Unavailable (RF),Unavailable (RF),Unavailable (RF)
2026-10-01 17:11:44,SMP / RF 1Mbps / per-link line rate / INCOMPLETE: missing lane / interval BER,No checked bits,No checked bits,No checked bits,0.000E+0,Unavailable,Unavailable,Unavailable (RF),Unavailable (RF),Unavailable (RF)
2026-10-01 17:11:45,SMP / RF 1Mbps / per-link line rate / INCOMPLETE: missing lane / interval BER,No checked bits,No checked bits,No checked bits,0.000E+0,Unavailable,Unavailable,Unavailable (RF),Unavailable (RF),Unavailable (RF)
2026-10-01 17:11:46,SMP / RF 1Mbps / per-link line rate / INCOMPLETE: missing lane / interval BER,No checked bits,No checked bits,No checked bits,0.000E+0,Unavailable,Unavailable,Unavailable (RF),Unavailable (RF),Unavailable (RF)
2026-10-01 17:11:47,SMP / RF 1Mbps / per-link line rate / INCOMPLETE: missing lane / interval BER,No checked bits,No checked bits,No checked bits,0.000E+0,Unavailable,Unavailable,Unavailable (RF),Unavailable (RF),Unavailable (RF)
2026-10-01 17:11:48,SMP / RF 1Mbps / per-link line rate / INCOMPLETE: missing lane / interval BER,No checked bits,No checked bits,No checked bits,0.000E+0,Unavailable,Unavailable,Unavailable (RF),Unavailable (RF),Unavailable (RF)
2026-10-01 17:11:49,SMP / RF 1Mbps / per-link line rate / INCOMPLETE: missing lane / interval BER,No checked bits,No checked bits,No checked bits,0.000E+0,Unavailable,Unavailable,Unavailable (RF),Unavailable (RF),Unavailable (RF)
2026-10-01 17:11:50,SMP / RF 1Mbps / per-link line rate / INCOMPLETE: missing lane / interval BER,No checked bits,No checked bits,No checked bits,0.000E+0,Unavailable,Unavailable,Unavailable (RF),Unavailable (RF),Unavailable (RF)
2026-10-01 17:11:51,SMP / RF 1Mbps / per-link line rate / INCOMPLETE: missing lane / interval BER,No checked bits,No checked bits,No checked bits,0.000E+0,Unavailable,Unavailable,Unavailable (RF),Unavailable (RF),Unavailable (RF)
2026-10-01 17:11:52,SMP / RF 1Mbps / per-link line rate / INCOMPLETE: missing lane / interval BER,No checked bits,No checked bits,No checked bits,0.000E+0,Unavailable,Unavailable,Unavailable (RF),Unavailable (RF),Unavailable (RF)
2026-10-01 17:11:53,SMP / RF 1Mbps / per-link line rate / INCOMPLETE: missing lane / interval BER,No checked bits,No checked bits,No checked bits,0.000E+0,Unavailable,Unavailable,Unavailable (RF),Unavailable (RF),Unavailable (RF)
2026-10-01 17:11:54,SMP / RF 1Mbps / per-link line rate / INCOMPLETE: missing lane / interval BER,No checked bits,No checked bits,No checked bits,0.000E+0,Unavailable,Unavailable,Unavailable (RF),Unavailable (RF),Unavailable (RF)
2026-10-01 17:11:55,SMP / RF 1Mbps / per-link line rate / INCOMPLETE: missing lane / interval BER,No checked bits,No checked bits,No checked bits,0.000E+0,Unavailable,Unavailable,Unavailable (RF),Unavailable (RF),Unavailable (RF)
2026-10-01 17:11:56,SMP / RF 1Mbps / per-link line rate / INCOMPLETE: missing lane / interval BER,No checked bits,No checked bits,No checked bits,0.000E+0,Unavailable,Unavailable,Unavailable (RF),Unavailable (RF),Unavailable (RF)
2026-10-01 17:11:57,SMP / RF 1Mbps / per-link line rate / INCOMPLETE: missing lane / interval BER,No checked bits,No checked bits,No checked bits,0.000E+0,Unavailable,Unavailable,Unavailable (RF),Unavailable (RF),Unavailable (RF)
2026-10-01 17:11:58,SMP / RF 1Mbps / per-link line rate / INCOMPLETE: missing lane / interval BER,No checked bits,No checked bits,No checked bits,0.000E+0,Unavailable,Unavailable,Unavailable (RF),Unavailable (RF),Unavailable (RF)
2026-10-01 17:11:59,SMP / RF 1Mbps / per-link line rate / INCOMPLETE: missing lane / interval BER,No checked bits,No checked bits,No checked bits,0.000E+0,Unavailable,Unavailable,Unavailable (RF),Unavailable (RF),Unavailable (RF)
2026-10-01 17:12:00,SMP / RF 1Mbps / per-link line rate / INCOMPLETE: missing lane / interval BER,No checked bits,No checked bits,No checked bits,0.000E+0,Unavailable,Unavailable,Unavailable (RF),Unavailable (RF),Unavailable (RF)
2026-10-01 17:12:01,SMP / RF 1Mbps / per-link line rate / INCOMPLETE: missing lane / interval BER,No checked bits,No checked bits,No checked bits,0.000E+0,Unavailable,Unavailable,Unavailable (RF),Unavailable (RF),Unavailable (RF)
2026-10-01 17:12:02,SMP / RF 1Mbps / per-link line rate / INCOMPLETE: missing lane / interval BER,No checked bits,No checked bits,No checked bits,0.000E+0,Unavailable,Unavailable,Unavailable (RF),Unavailable (RF),Unavailable (RF)
2026-10-01 17:12:03,SMP / RF 1Mbps / per-link line rate / INCOMPLETE: missing lane / interval BER,No checked bits,No checked bits,No checked bits,0.000E+0,Unavailable,Unavailable,Unavailable (RF),Unavailable (RF),Unavailable (RF)
2026-10-01 17:12:04,SMP / RF 1Mbps / per-link line rate / INCOMPLETE: missing lane / interval BER,No checked bits,0.000E+00,0.000E+00,0.000E+0,Unavailable,Unavailable,Unavailable (RF),Unavailable (RF),Unavailable (RF)
2026-10-01 17:12:05,SMP / RF 1Mbps / per-link line rate / INCOMPLETE: missing lane / interval BER,1.218E-01,4.622E-02,8.099E-02,0.000E+0,6.036,6.973,Unavailable (RF),Unavailable (RF),Unavailable (RF)
2026-10-01 17:12:06,SMP / paired RX / per-link line rate / INCOMPLETE: missing lane / interval BER,2.124E-01,7.760E-03,7.770E-03,N/A,Unavailable,Unavailable,Unavailable,Unavailable,Unavailable
2026-10-01 17:12:07,SMP / paired RX / per-link line rate / INCOMPLETE: missing lane / interval BER,No checked bits,2.820E-02,2.820E-02,N/A,Unavailable,Unavailable,Unavailable,Unavailable,Unavailable
2026-10-01 17:12:08,SMP / paired RX / per-link line rate / INCOMPLETE: missing lane / interval BER,No checked bits,8.750E-02,8.750E-02,N/A,Unavailable,Unavailable,Unavailable,Unavailable,Unavailable
2026-10-01 17:12:09,SMP / RF pending / per-link line rate / INCOMPLETE: missing lane / interval BER,No checked bits,9.953E-02,9.953E-02,N/A,Unavailable,Unavailable,Unavailable (RF),Unavailable (RF),Unavailable (RF)
2026-10-01 17:12:10,SMP / RF 1Mbps / per-link line rate / INCOMPLETE: missing lane / interval BER,No checked bits,No checked bits,No checked bits,N/A,Unavailable,Unavailable,Unavailable (RF),Unavailable (RF),Unavailable (RF)
2026-10-01 17:12:11,SMP / RF 1Mbps / per-link line rate / INCOMPLETE: missing lane / interval BER,No checked bits,0.000E+00,0.000E+00,0.000E+0,Unavailable,Unavailable,Unavailable (RF),Unavailable (RF),Unavailable (RF)
2026-10-01 17:12:12,SMP / RF 1Mbps / per-link line rate / INCOMPLETE: missing lane / interval BER,No checked bits,0.000E+00,0.000E+00,0.000E+0,Unavailable,Unavailable,Unavailable (RF),Unavailable (RF),Unavailable (RF)
2026-10-01 17:12:13,SMP / RF 1Mbps / per-link line rate / INCOMPLETE: missing lane / interval BER,No checked bits,0.000E+00,0.000E+00,0.000E+0,Unavailable,Unavailable,Unavailable (RF),Unavailable (RF),Unavailable (RF)
2026-10-01 17:12:14,SMP / RF 1Mbps / per-link line rate / INCOMPLETE: missing lane / interval BER,No checked bits,1.011E-01,1.011E-01,0.000E+0,Unavailable,Unavailable,Unavailable (RF),Unavailable (RF),Unavailable (RF)
2026-10-01 17:12:15,SMP / RF 1Mbps / per-link line rate / INCOMPLETE: missing lane / interval BER,No checked bits,8.571E-02,8.571E-02,0.000E+0,Unavailable,Unavailable,Unavailable (RF),Unavailable (RF),Unavailable (RF)
2026-10-01 17:12:16,SMP / RF 1Mbps / per-link line rate / INCOMPLETE: missing lane / interval BER,No checked bits,0.000E+00,0.000E+00,0.000E+0,Unavailable,Unavailable,Unavailable (RF),Unavailable (RF),Unavailable (RF)
2026-10-01 17:12:17,SMP / RF 1Mbps / per-link line rate / INCOMPLETE: missing lane / interval BER,No checked bits,0.000E+00,0.000E+00,0.000E+0,Unavailable,Unavailable,Unavailable (RF),Unavailable (RF),Unavailable (RF)
2026-10-01 17:12:18,SMP / RF 1Mbps / per-link line rate / INCOMPLETE: missing lane / interval BER,No checked bits,0.000E+00,0.000E+00,0.000E+0,Unavailable,Unavailable,Unavailable (RF),Unavailable (RF),Unavailable (RF)
2026-10-01 17:12:19,SMP / RF 1Mbps / per-link line rate / INCOMPLETE: missing lane / interval BER,No checked bits,No checked bits,No checked bits,0.000E+0,Unavailable,Unavailable,Unavailable (RF),Unavailable (RF),Unavailable (RF)
2026-10-01 17:12:20,SMP / RF 1Mbps / per-link line rate / INCOMPLETE: missing lane / interval BER,No checked bits,No checked bits,No checked bits,0.000E+0,Unavailable,Unavailable,Unavailable (RF),Unavailable (RF),Unavailable (RF)
2026-10-01 17:12:21,SMP / RF 1Mbps / per-link line rate / INCOMPLETE: missing lane / interval BER,No checked bits,No checked bits,No checked bits,0.000E+0,Unavailable,Unavailable,Unavailable (RF),Unavailable (RF),Unavailable (RF)
2026-10-01 17:12:22,SMP / RF 1Mbps / per-link line rate / INCOMPLETE: missing lane / interval BER,No checked bits,No checked bits,No checked bits,0.000E+0,Unavailable,Unavailable,Unavailable (RF),Unavailable (RF),Unavailable (RF)
2026-10-01 17:12:23,SMP / RF 1Mbps / per-link line rate / INCOMPLETE: missing lane / interval BER,No checked bits,9.302E-02,9.302E-02,0.000E+0,Unavailable,Unavailable,Unavailable (RF),Unavailable (RF),Unavailable (RF)
2026-10-01 17:12:24,SMP / RF 1Mbps / per-link line rate / INCOMPLETE: missing lane / interval BER,No checked bits,7.718E-02,7.718E-02,0.000E+0,Unavailable,Unavailable,Unavailable (RF),Unavailable (RF),Unavailable (RF)
2026-10-01 17:12:25,SMP / RF 1Mbps / per-link line rate / INCOMPLETE: missing lane / interval BER,No checked bits,4.197E-02,4.197E-02,0.000E+0,Unavailable,Unavailable,Unavailable (RF),Unavailable (RF),Unavailable (RF)
2026-10-01 17:12:26,SMP / RF 1Mbps / per-link line rate / INCOMPLETE: missing lane / interval BER,No checked bits,3.754E-02,3.754E-02,0.000E+0,Unavailable,Unavailable,Unavailable (RF),Unavailable (RF),Unavailable (RF)
2026-10-01 17:12:27,SMP / RF 1Mbps / per-link line rate / INCOMPLETE: missing lane / interval BER,No checked bits,1.248E-01,1.248E-01,0.000E+0,Unavailable,Unavailable,Unavailable (RF),Unavailable (RF),Unavailable (RF)
2026-10-01 17:12:28,SMP / RF 1Mbps / per-link line rate / INCOMPLETE: missing lane / interval BER,No checked bits,3.498E-02,3.498E-02,0.000E+0,Unavailable,Unavailable,Unavailable (RF),Unavailable (RF),Unavailable (RF)
2026-10-01 17:12:29,SMP / RF 1Mbps / per-link line rate / INCOMPLETE: missing lane / interval BER,No checked bits,1.126E-01,1.126E-01,0.000E+0,Unavailable,Unavailable,Unavailable (RF),Unavailable (RF),Unavailable (RF)
2026-10-01 17:12:30,SMP / RF 1Mbps / per-link line rate / INCOMPLETE: missing lane / interval BER,No checked bits,9.761E-02,9.761E-02,0.000E+0,Unavailable,Unavailable,Unavailable (RF),Unavailable (RF),Unavailable (RF)
2026-10-01 17:12:31,SMP / RF 1Mbps / per-link line rate / INCOMPLETE: missing lane / interval BER,No checked bits,No checked bits,No checked bits,0.000E+0,Unavailable,Unavailable,Unavailable (RF),Unavailable (RF),Unavailable (RF)
2026-10-01 17:12:32,SMP / RF 1Mbps / per-link line rate / INCOMPLETE: missing lane / interval BER,No checked bits,No checked bits,No checked bits,0.000E+0,Unavailable,Unavailable,Unavailable (RF),Unavailable (RF),Unavailable (RF)
2026-10-01 17:12:33,SMP / RF 1Mbps / per-link line rate / INCOMPLETE: missing lane / interval BER,No checked bits,0.000E+00,0.000E+00,0.000E+0,Unavailable,Unavailable,Unavailable (RF),Unavailable (RF),Unavailable (RF)
2026-10-01 17:12:34,SMP / RF 1Mbps / per-link line rate / INCOMPLETE: missing lane / interval BER,No checked bits,0.000E+00,0.000E+00,0.000E+0,Unavailable,Unavailable,Unavailable (RF),Unavailable (RF),Unavailable (RF)
2026-10-01 17:12:35,SMP / RF 1Mbps / per-link line rate / INCOMPLETE: missing lane / interval BER,No checked bits,9.973E-02,9.973E-02,0.000E+0,Unavailable,Unavailable,Unavailable (RF),Unavailable (RF),Unavailable (RF)
2026-10-01 17:12:36,SMP / RF 1Mbps / per-link line rate / INCOMPLETE: missing lane / interval BER,No checked bits,5.296E-02,5.296E-02,0.000E+0,Unavailable,Unavailable,Unavailable (RF),Unavailable (RF),Unavailable (RF)
2026-10-01 17:12:37,SMP / paired RX / per-link line rate / INCOMPLETE: missing lane / interval BER,2.128E-01,1.636E-02,1.661E-02,N/A,0.302,10.000,9.439E-02,10.301801,0.000000
2026-10-01 17:12:38,SMP / paired RX / per-link line rate / INCOMPLETE: missing lane / interval BER,9.694E-02,5.770E-03,1.970E-02,N/A,3.981,10.000,5.476E-02,13.981175,0.000000
2026-10-01 17:12:39,SMP / paired RX / per-link line rate / INCOMPLETE: missing lane / interval BER,2.179E-01,5.319E-03,5.458E-03,N/A,0.010,10.000,1.427E-01,10.010339,0.000000
2026-10-01 17:12:40,SMP / paired RX / per-link line rate / INCOMPLETE: missing lane / interval BER,2.244E-01,1.656E-02,1.660E-02,N/A,2.153,10.000,5.727E-02,12.152885,0.000000
2026-10-01 17:12:41,SMP / paired RX / per-link line rate / both lanes counting / interval BER,3.362E-02,5.520E-03,1.377E-02,N/A,10.000,10.000,8.944E-03,19.999999,12.032838
2026-10-01 17:12:42,SMP / paired RX / per-link line rate / both lanes counting / interval BER,2.759E-05,1.064E-02,7.105E-03,N/A,10.000,9.134,2.322E-02,19.134106,2.294859
2026-10-01 17:12:43,SMP / paired RX / per-link line rate / both lanes counting / interval BER,0.000E+00,5.639E-02,2.031E-02,N/A,10.000,3.719,5.492E-02,13.719351,0.000000
2026-10-01 17:12:44,SMP / paired RX / per-link line rate / INCOMPLETE: missing lane / interval BER,0.000E+00,1.113E-01,3.902E-02,N/A,10.000,1.914,6.618E-02,11.913599,0.000000
2026-10-01 17:12:45,SMP / RF pending / per-link line rate / INCOMPLETE: missing lane / interval BER,0.000E+00,9.268E-02,3.850E-06,N/A,Unavailable,Unavailable,Unavailable (RF),Unavailable (RF),Unavailable (RF)
2026-10-01 17:12:46,SMP / RF 1Mbps / per-link line rate / INCOMPLETE: missing lane / interval BER,0.000E+00,No checked bits,0.000E+00,N/A,Unavailable,Unavailable,Unavailable (RF),Unavailable (RF),Unavailable (RF)
2026-10-01 17:12:47,SMP / RF 1Mbps / per-link line rate / INCOMPLETE: missing lane / interval BER,0.000E+00,No checked bits,0.000E+00,0.000E+0,Unavailable,Unavailable,Unavailable (RF),Unavailable (RF),Unavailable (RF)
2026-10-01 17:12:48,SMP / RF 1Mbps / per-link line rate / INCOMPLETE: missing lane / interval BER,0.000E+00,No checked bits,0.000E+00,0.000E+0,Unavailable,Unavailable,Unavailable (RF),Unavailable (RF),Unavailable (RF)
2026-10-01 17:12:49,SMP / RF 1Mbps / per-link line rate / INCOMPLETE: missing lane / interval BER,0.000E+00,No checked bits,0.000E+00,0.000E+0,Unavailable,Unavailable,Unavailable (RF),Unavailable (RF),Unavailable (RF)
2026-10-01 17:12:50,SMP / RF 1Mbps / per-link line rate / INCOMPLETE: missing lane / interval BER,2.261E-06,No checked bits,2.261E-06,0.000E+0,Unavailable,Unavailable,Unavailable (RF),Unavailable (RF),Unavailable (RF)
2026-10-01 17:12:51,SMP / RF 1Mbps / per-link line rate / INCOMPLETE: missing lane / interval BER,8.371E-03,No checked bits,8.371E-03,0.000E+0,Unavailable,Unavailable,Unavailable (RF),Unavailable (RF),Unavailable (RF)
2026-10-01 17:12:52,SMP / RF 1Mbps / per-link line rate / INCOMPLETE: missing lane / interval BER,1.401E-01,No checked bits,1.401E-01,0.000E+0,Unavailable,Unavailable,Unavailable (RF),Unavailable (RF),Unavailable (RF)
2026-10-01 17:12:53,SMP / RF 1Mbps / per-link line rate / INCOMPLETE: missing lane / interval BER,1.032E-01,0.000E+00,1.032E-01,0.000E+0,Unavailable,Unavailable,Unavailable (RF),Unavailable (RF),Unavailable (RF)
2026-10-01 17:12:54,SMP / RF 1Mbps / per-link line rate / INCOMPLETE: missing lane / interval BER,1.285E-01,0.000E+00,1.285E-01,0.000E+0,Unavailable,Unavailable,Unavailable (RF),Unavailable (RF),Unavailable (RF)
2026-10-01 17:12:55,SMP / RF 1Mbps / per-link line rate / INCOMPLETE: missing lane / interval BER,3.065E-02,0.000E+00,3.065E-02,0.000E+0,Unavailable,Unavailable,Unavailable (RF),Unavailable (RF),Unavailable (RF)
2026-10-01 17:12:56,SMP / RF 1Mbps / per-link line rate / INCOMPLETE: missing lane / interval BER,5.115E-05,No checked bits,5.115E-05,0.000E+0,Unavailable,Unavailable,Unavailable (RF),Unavailable (RF),Unavailable (RF)
2026-10-01 17:12:57,SMP / RF 1Mbps / per-link line rate / INCOMPLETE: missing lane / interval BER,4.582E-06,No checked bits,4.582E-06,0.000E+0,Unavailable,Unavailable,Unavailable (RF),Unavailable (RF),Unavailable (RF)
2026-10-01 17:12:58,SMP / RF 1Mbps / per-link line rate / INCOMPLETE: missing lane / interval BER,4.352E-06,No checked bits,4.352E-06,0.000E+0,Unavailable,Unavailable,Unavailable (RF),Unavailable (RF),Unavailable (RF)
2026-10-01 17:12:59,SMP / RF 1Mbps / per-link line rate / INCOMPLETE: missing lane / interval BER,0.000E+00,No checked bits,0.000E+00,0.000E+0,Unavailable,Unavailable,Unavailable (RF),Unavailable (RF),Unavailable (RF)
2026-10-01 17:13:00,SMP / RF 1Mbps / per-link line rate / INCOMPLETE: missing lane / interval BER,0.000E+00,No checked bits,0.000E+00,0.000E+0,Unavailable,Unavailable,Unavailable (RF),Unavailable (RF),Unavailable (RF)
2026-10-01 17:13:01,SMP / RF 1Mbps / per-link line rate / INCOMPLETE: missing lane / interval BER,0.000E+00,No checked bits,0.000E+00,0.000E+0,Unavailable,Unavailable,Unavailable (RF),Unavailable (RF),Unavailable (RF)
2026-10-01 17:13:02,SMP / RF 1Mbps / per-link line rate / INCOMPLETE: missing lane / interval BER,0.000E+00,No checked bits,0.000E+00,0.000E+0,Unavailable,Unavailable,Unavailable (RF),Unavailable (RF),Unavailable (RF)
2026-10-01 17:13:03,SMP / RF 1Mbps / per-link line rate / INCOMPLETE: missing lane / interval BER,0.000E+00,No checked bits,0.000E+00,0.000E+0,Unavailable,Unavailable,Unavailable (RF),Unavailable (RF),Unavailable (RF)
2026-10-01 17:13:04,SMP / RF 1Mbps / per-link line rate / INCOMPLETE: missing lane / interval BER,0.000E+00,No checked bits,0.000E+00,0.000E+0,Unavailable,Unavailable,Unavailable (RF),Unavailable (RF),Unavailable (RF)
2026-10-01 17:13:05,SMP / RF 1Mbps / per-link line rate / INCOMPLETE: missing lane / interval BER,0.000E+00,No checked bits,0.000E+00,0.000E+0,Unavailable,Unavailable,Unavailable (RF),Unavailable (RF),Unavailable (RF)
2026-10-01 17:13:06,SMP / RF 1Mbps / per-link line rate / INCOMPLETE: missing lane / interval BER,0.000E+00,No checked bits,0.000E+00,0.000E+0,Unavailable,Unavailable,Unavailable (RF),Unavailable (RF),Unavailable (RF)
2026-10-01 17:13:07,SMP / RF 1Mbps / per-link line rate / INCOMPLETE: missing lane / interval BER,0.000E+00,No checked bits,0.000E+00,0.000E+0,Unavailable,Unavailable,Unavailable (RF),Unavailable (RF),Unavailable (RF)
2026-10-01 17:13:08,SMP / RF 1Mbps / per-link line rate / INCOMPLETE: missing lane / interval BER,0.000E+00,No checked bits,0.000E+00,0.000E+0,Unavailable,Unavailable,Unavailable (RF),Unavailable (RF),Unavailable (RF)
2026-10-01 17:13:09,SMP / RF 1Mbps / per-link line rate / INCOMPLETE: missing lane / interval BER,0.000E+00,No checked bits,0.000E+00,0.000E+0,Unavailable,Unavailable,Unavailable (RF),Unavailable (RF),Unavailable (RF)
2026-10-01 17:13:10,SMP / RF 1Mbps / per-link line rate / INCOMPLETE: missing lane / interval BER,0.000E+00,No checked bits,0.000E+00,0.000E+0,Unavailable,Unavailable,Unavailable (RF),Unavailable (RF),Unavailable (RF)
2026-10-01 17:13:11,SMP / RF 1Mbps / per-link line rate / INCOMPLETE: missing lane / interval BER,0.000E+00,No checked bits,0.000E+00,0.000E+0,Unavailable,Unavailable,Unavailable (RF),Unavailable (RF),Unavailable (RF)
2026-10-01 17:13:12,SMP / RF 1Mbps / per-link line rate / INCOMPLETE: missing lane / interval BER,0.000E+00,No checked bits,0.000E+00,0.000E+0,Unavailable,Unavailable,Unavailable (RF),Unavailable (RF),Unavailable (RF)
2026-10-01 17:13:13,SMP / RF 1Mbps / per-link line rate / INCOMPLETE: missing lane / interval BER,0.000E+00,No checked bits,0.000E+00,0.000E+0,Unavailable,Unavailable,Unavailable (RF),Unavailable (RF),Unavailable (RF)
2026-10-01 17:13:14,SMP / RF 1Mbps / per-link line rate / INCOMPLETE: missing lane / interval BER,0.000E+00,No checked bits,0.000E+00,0.000E+0,Unavailable,Unavailable,Unavailable (RF),Unavailable (RF),Unavailable (RF)
2026-10-01 17:13:15,SMP / RF 1Mbps / per-link line rate / INCOMPLETE: missing lane / interval BER,0.000E+00,No checked bits,0.000E+00,0.000E+0,Unavailable,Unavailable,Unavailable (RF),Unavailable (RF),Unavailable (RF)
2026-10-01 17:13:16,SMP / RF 1Mbps / per-link line rate / INCOMPLETE: missing lane / interval BER,0.000E+00,No checked bits,0.000E+00,0.000E+0,Unavailable,Unavailable,Unavailable (RF),Unavailable (RF),Unavailable (RF)
2026-10-01 17:13:17,SMP / RF 1Mbps / per-link line rate / INCOMPLETE: missing lane / interval BER,0.000E+00,No checked bits,0.000E+00,0.000E+0,Unavailable,Unavailable,Unavailable (RF),Unavailable (RF),Unavailable (RF)
2026-10-01 17:13:18,SMP / RF 1Mbps / per-link line rate / INCOMPLETE: missing lane / interval BER,0.000E+00,No checked bits,0.000E+00,0.000E+0,Unavailable,Unavailable,Unavailable (RF),Unavailable (RF),Unavailable (RF)
2026-10-01 17:13:19,SMP / RF 1Mbps / per-link line rate / INCOMPLETE: missing lane / interval BER,0.000E+00,No checked bits,0.000E+00,0.000E+0,Unavailable,Unavailable,Unavailable (RF),Unavailable (RF),Unavailable (RF)
2026-10-01 17:13:20,SMP / RF 1Mbps / per-link line rate / INCOMPLETE: missing lane / interval BER,0.000E+00,No checked bits,0.000E+00,0.000E+0,Unavailable,Unavailable,Unavailable (RF),Unavailable (RF),Unavailable (RF)
2026-10-01 17:13:21,SMP / RF 1Mbps / per-link line rate / INCOMPLETE: missing lane / interval BER,0.000E+00,No checked bits,0.000E+00,0.000E+0,Unavailable,Unavailable,Unavailable (RF),Unavailable (RF),Unavailable (RF)
2026-10-01 17:13:22,SMP / RF 1Mbps / per-link line rate / INCOMPLETE: missing lane / interval BER,0.000E+00,No checked bits,0.000E+00,0.000E+0,Unavailable,Unavailable,Unavailable (RF),Unavailable (RF),Unavailable (RF)
2026-10-01 17:13:23,SMP / RF 1Mbps / per-link line rate / INCOMPLETE: missing lane / interval BER,0.000E+00,No checked bits,0.000E+00,0.000E+0,Unavailable,Unavailable,Unavailable (RF),Unavailable (RF),Unavailable (RF)
2026-10-01 17:13:24,SMP / RF 1Mbps / per-link line rate / INCOMPLETE: missing lane / interval BER,0.000E+00,No checked bits,0.000E+00,0.000E+0,Unavailable,Unavailable,Unavailable (RF),Unavailable (RF),Unavailable (RF)
2026-10-01 17:13:25,SMP / RF 1Mbps / per-link line rate / INCOMPLETE: missing lane / interval BER,0.000E+00,No checked bits,0.000E+00,0.000E+0,Unavailable,Unavailable,Unavailable (RF),Unavailable (RF),Unavailable (RF)
2026-10-01 17:13:26,SMP / RF 1Mbps / per-link line rate / INCOMPLETE: missing lane / interval BER,0.000E+00,No checked bits,0.000E+00,0.000E+0,Unavailable,Unavailable,Unavailable (RF),Unavailable (RF),Unavailable (RF)
2026-10-01 17:13:27,SMP / RF 1Mbps / per-link line rate / INCOMPLETE: missing lane / interval BER,0.000E+00,No checked bits,0.000E+00,0.000E+0,Unavailable,Unavailable,Unavailable (RF),Unavailable (RF),Unavailable (RF)
2026-10-01 17:13:28,SMP / RF 1Mbps / per-link line rate / INCOMPLETE: missing lane / interval BER,0.000E+00,No checked bits,0.000E+00,0.000E+0,Unavailable,Unavailable,Unavailable (RF),Unavailable (RF),Unavailable (RF)
2026-10-01 17:13:29,SMP / RF 1Mbps / per-link line rate / INCOMPLETE: missing lane / interval BER,0.000E+00,No checked bits,0.000E+00,0.000E+0,Unavailable,Unavailable,Unavailable (RF),Unavailable (RF),Unavailable (RF)
2026-10-01 17:13:30,SMP / RF 1Mbps / per-link line rate / INCOMPLETE: missing lane / interval BER,0.000E+00,No checked bits,0.000E+00,0.000E+0,Unavailable,Unavailable,Unavailable (RF),Unavailable (RF),Unavailable (RF)
2026-10-01 17:13:31,SMP / RF 1Mbps / per-link line rate / INCOMPLETE: missing lane / interval BER,0.000E+00,No checked bits,0.000E+00,0.000E+0,Unavailable,Unavailable,Unavailable (RF),Unavailable (RF),Unavailable (RF)
2026-10-01 17:13:32,SMP / RF 1Mbps / per-link line rate / INCOMPLETE: missing lane / interval BER,0.000E+00,No checked bits,0.000E+00,0.000E+0,Unavailable,Unavailable,Unavailable (RF),Unavailable (RF),Unavailable (RF)
2026-10-01 17:13:33,SMP / RF 1Mbps / per-link line rate / INCOMPLETE: missing lane / interval BER,0.000E+00,No checked bits,0.000E+00,0.000E+0,Unavailable,Unavailable,Unavailable (RF),Unavailable (RF),Unavailable (RF)
2026-10-01 17:13:34,SMP / RF 1Mbps / per-link line rate / INCOMPLETE: missing lane / interval BER,0.000E+00,No checked bits,0.000E+00,0.000E+0,Unavailable,Unavailable,Unavailable (RF),Unavailable (RF),Unavailable (RF)
2026-10-01 17:13:35,SMP / RF 1Mbps / per-link line rate / INCOMPLETE: missing lane / interval BER,0.000E+00,No checked bits,0.000E+00,0.000E+0,Unavailable,Unavailable,Unavailable (RF),Unavailable (RF),Unavailable (RF)
2026-10-01 17:13:36,SMP / RF 1Mbps / per-link line rate / INCOMPLETE: missing lane / interval BER,0.000E+00,No checked bits,0.000E+00,0.000E+0,Unavailable,Unavailable,Unavailable (RF),Unavailable (RF),Unavailable (RF)
2026-10-01 17:13:37,SMP / RF 1Mbps / per-link line rate / INCOMPLETE: missing lane / interval BER,0.000E+00,No checked bits,0.000E+00,0.000E+0,Unavailable,Unavailable,Unavailable (RF),Unavailable (RF),Unavailable (RF)
2026-10-01 17:13:38,SMP / RF 1Mbps / per-link line rate / INCOMPLETE: missing lane / interval BER,0.000E+00,No checked bits,0.000E+00,0.000E+0,Unavailable,Unavailable,Unavailable (RF),Unavailable (RF),Unavailable (RF)
2026-10-01 17:13:39,SMP / RF 1Mbps / per-link line rate / INCOMPLETE: missing lane / interval BER,0.000E+00,No checked bits,0.000E+00,0.000E+0,Unavailable,Unavailable,Unavailable (RF),Unavailable (RF),Unavailable (RF)
2026-10-01 17:13:40,SMP / RF 1Mbps / per-link line rate / INCOMPLETE: missing lane / interval BER,0.000E+00,No checked bits,0.000E+00,0.000E+0,Unavailable,Unavailable,Unavailable (RF),Unavailable (RF),Unavailable (RF)
2026-10-01 17:13:41,SMP / RF 1Mbps / per-link line rate / INCOMPLETE: missing lane / interval BER,0.000E+00,No checked bits,0.000E+00,0.000E+0,Unavailable,Unavailable,Unavailable (RF),Unavailable (RF),Unavailable (RF)
2026-10-01 17:13:42,SMP / RF 1Mbps / per-link line rate / INCOMPLETE: missing lane / interval BER,0.000E+00,No checked bits,0.000E+00,0.000E+0,Unavailable,Unavailable,Unavailable (RF),Unavailable (RF),Unavailable (RF)
2026-10-01 17:13:43,SMP / RF 1Mbps / per-link line rate / INCOMPLETE: missing lane / interval BER,0.000E+00,No checked bits,0.000E+00,0.000E+0,Unavailable,Unavailable,Unavailable (RF),Unavailable (RF),Unavailable (RF)
2026-10-01 17:13:44,SMP / RF 1Mbps / per-link line rate / INCOMPLETE: missing lane / interval BER,0.000E+00,No checked bits,0.000E+00,0.000E+0,Unavailable,Unavailable,Unavailable (RF),Unavailable (RF),Unavailable (RF)
2026-10-01 17:13:45,SMP / RF 1Mbps / per-link line rate / INCOMPLETE: missing lane / interval BER,0.000E+00,No checked bits,0.000E+00,0.000E+0,Unavailable,Unavailable,Unavailable (RF),Unavailable (RF),Unavailable (RF)
2026-10-01 17:13:46,SMP / RF 1Mbps / per-link line rate / INCOMPLETE: missing lane / interval BER,0.000E+00,No checked bits,0.000E+00,0.000E+0,Unavailable,Unavailable,Unavailable (RF),Unavailable (RF),Unavailable (RF)
2026-10-01 17:13:47,SMP / RF 1Mbps / per-link line rate / INCOMPLETE: missing lane / interval BER,0.000E+00,No checked bits,0.000E+00,0.000E+0,Unavailable,Unavailable,Unavailable (RF),Unavailable (RF),Unavailable (RF)
2026-10-01 17:13:48,SMP / RF 1Mbps / per-link line rate / INCOMPLETE: missing lane / interval BER,0.000E+00,0.000E+00,0.000E+00,0.000E+0,10.000,1.972,Unavailable (RF),Unavailable (RF),Unavailable (RF)
2026-10-01 17:13:49,SMP / paired RX / per-link line rate / both lanes counting / interval BER,0.000E+00,8.113E-02,3.786E-02,N/A,10.000,9.997,3.005E-02,19.996722,1.023236
2026-10-01 17:13:50,SMP / paired RX / per-link line rate / both lanes counting / interval BER,0.000E+00,1.151E-02,7.570E-03,N/A,10.000,10.000,2.680E-03,20.000000,47.952823
2026-10-01 17:13:51,SMP / paired RX / per-link line rate / both lanes counting / interval BER,0.000E+00,1.863E-04,1.242E-04,N/A,10.000,10.000,6.130E-05,19.999999,77.146442
2026-10-01 17:13:52,SMP / paired RX / per-link line rate / both lanes counting / interval BER,0.000E+00,1.805E-05,1.203E-05,N/A,10.000,10.000,2.377E-05,20.000000,78.402957
2026-10-01 17:13:53,SMP / paired RX / per-link line rate / both lanes counting / interval BER,0.000E+00,3.348E-05,2.232E-05,N/A,10.000,10.000,3.258E-05,20.000001,78.054946
2026-10-01 17:13:54,SMP / paired RX / per-link line rate / both lanes counting / interval BER,0.000E+00,2.015E-05,1.343E-05,N/A,10.000,10.000,1.161E-05,20.000001,78.375194
2026-10-01 17:13:55,SMP / paired RX / per-link line rate / both lanes counting / interval BER,0.000E+00,2.498E-06,1.665E-06,N/A,10.000,10.000,4.125E-07,20.000000,77.873347
2026-10-01 17:13:56,SMP / paired RX / per-link line rate / both lanes counting / interval BER,0.000E+00,4.706E-06,3.138E-06,N/A,10.000,10.000,1.846E-05,20.000000,77.474022
2026-10-01 17:13:57,SMP / paired RX / per-link line rate / both lanes counting / interval BER,0.000E+00,5.745E-04,3.830E-04,N/A,10.000,10.000,5.473E-03,19.999998,45.643312
2026-10-01 17:13:58,SMP / paired RX / per-link line rate / both lanes counting / interval BER,0.000E+00,6.071E-02,3.573E-02,N/A,10.000,7.073,6.131E-02,17.073004,0.000000
2026-10-01 17:13:59,SMP / paired RX / per-link line rate / INCOMPLETE: missing lane / interval BER,0.000E+00,8.295E-02,6.887E-03,N/A,10.000,0.013,1.272E-01,10.013383,0.000000
2026-10-01 17:14:00,SMP / RF pending / per-link line rate / INCOMPLETE: missing lane / interval BER,0.000E+00,0.000E+00,0.000E+00,N/A,Unavailable,Unavailable,Unavailable (RF),Unavailable (RF),Unavailable (RF)
2026-10-01 17:14:01,SMP / RF 1Mbps / per-link line rate / INCOMPLETE: missing lane / interval BER,0.000E+00,No checked bits,0.000E+00,N/A,Unavailable,Unavailable,Unavailable (RF),Unavailable (RF),Unavailable (RF)
2026-10-01 17:14:02,SMP / RF 1Mbps / per-link line rate / INCOMPLETE: missing lane / interval BER,0.000E+00,No checked bits,0.000E+00,0.000E+0,Unavailable,Unavailable,Unavailable (RF),Unavailable (RF),Unavailable (RF)
2026-10-01 17:14:03,SMP / RF 1Mbps / per-link line rate / INCOMPLETE: missing lane / interval BER,0.000E+00,0.000E+00,0.000E+00,0.000E+0,Unavailable,Unavailable,Unavailable (RF),Unavailable (RF),Unavailable (RF)
2026-10-01 17:14:04,SMP / RF 1Mbps / per-link line rate / INCOMPLETE: missing lane / interval BER,0.000E+00,9.840E-02,3.140E-04,0.000E+0,10.000,0.056,Unavailable (RF),Unavailable (RF),Unavailable (RF)
2026-10-01 17:14:05,SMP / RF 1Mbps / per-link line rate / INCOMPLETE: missing lane / interval BER,0.000E+00,9.875E-02,8.365E-04,0.000E+0,10.000,0.015,Unavailable (RF),Unavailable (RF),Unavailable (RF)
2026-10-01 17:14:06,SMP / RF 1Mbps / per-link line rate / INCOMPLETE: missing lane / interval BER,0.000E+00,9.997E-02,6.412E-04,0.000E+0,10.000,0.114,Unavailable (RF),Unavailable (RF),Unavailable (RF)
2026-10-01 17:14:07,SMP / paired RX / per-link line rate / both lanes counting / interval BER,0.000E+00,1.224E-01,2.336E-02,N/A,10.000,5.314,6.996E-02,15.313612,0.000000
2026-10-01 17:14:08,SMP / paired RX / per-link line rate / both lanes counting / interval BER,0.000E+00,5.518E-02,2.630E-02,N/A,10.000,10.000,6.628E-03,19.999999,33.643469
2026-10-01 17:14:09,SMP / paired RX / per-link line rate / both lanes counting / interval BER,0.000E+00,2.319E-03,7.768E-04,N/A,10.000,10.000,1.399E-04,20.000000,75.355900
2026-10-01 17:14:10,SMP / paired RX / per-link line rate / both lanes counting / interval BER,0.000E+00,3.281E-04,9.408E-05,N/A,10.000,10.000,3.580E-05,20.000000,77.410951
2026-10-01 17:14:11,SMP / paired RX / per-link line rate / both lanes counting / interval BER,0.000E+00,7.908E-05,2.660E-05,N/A,10.000,10.000,1.019E-05,19.999999,77.941260
2026-10-01 17:14:12,SMP / paired RX / per-link line rate / both lanes counting / interval BER,0.000E+00,2.151E-05,4.281E-06,N/A,10.000,10.000,3.041E-06,20.000001,78.874936
2026-10-01 17:14:13,SMP / paired RX / per-link line rate / both lanes counting / interval BER,0.000E+00,1.528E-05,4.404E-06,N/A,10.000,10.000,3.605E-06,19.999999,78.682175
2026-10-01 17:14:14,SMP / paired RX / per-link line rate / both lanes counting / interval BER,0.000E+00,1.889E-05,4.657E-06,N/A,10.000,10.000,2.718E-06,20.000000,78.565972
2026-10-01 17:14:15,SMP / paired RX / per-link line rate / both lanes counting / interval BER,0.000E+00,7.549E-06,2.288E-06,N/A,10.000,10.000,5.656E-07,19.999999,78.087517
2026-10-01 17:14:16,SMP / paired RX / per-link line rate / both lanes counting / interval BER,0.000E+00,0.000E+00,0.000E+00,N/A,10.000,10.000,0.000E+00,20.000000,77.887245
2026-10-01 17:14:17,SMP / paired RX / per-link line rate / both lanes counting / interval BER,0.000E+00,0.000E+00,0.000E+00,N/A,10.000,10.000,0.000E+00,20.000000,77.940290
2026-10-01 17:14:18,SMP / paired RX / per-link line rate / both lanes counting / interval BER,0.000E+00,0.000E+00,0.000E+00,N/A,10.000,10.000,0.000E+00,20.000000,78.169224
2026-10-01 17:14:19,SMP / paired RX / per-link line rate / both lanes counting / interval BER,0.000E+00,0.000E+00,0.000E+00,N/A,10.000,10.000,0.000E+00,20.000001,79.118949
2026-10-01 17:14:20,SMP / paired RX / per-link line rate / both lanes counting / interval BER,0.000E+00,0.000E+00,0.000E+00,N/A,10.000,10.000,0.000E+00,20.000000,79.117035
2026-10-01 17:14:21,SMP / paired RX / per-link line rate / both lanes counting / interval BER,0.000E+00,0.000E+00,0.000E+00,N/A,10.000,10.000,0.000E+00,20.000000,79.172431
2026-10-01 17:14:22,SMP / paired RX / per-link line rate / both lanes counting / interval BER,0.000E+00,0.000E+00,0.000E+00,N/A,10.000,10.000,0.000E+00,20.000001,78.144465
2026-10-01 17:14:23,SMP / paired RX / per-link line rate / both lanes counting / interval BER,0.000E+00,0.000E+00,0.000E+00,N/A,10.000,10.000,0.000E+00,19.999999,78.105572
2026-10-01 17:14:24,SMP / paired RX / per-link line rate / both lanes counting / interval BER,0.000E+00,0.000E+00,0.000E+00,N/A,10.000,10.000,0.000E+00,20.000001,78.059814
2026-10-01 17:14:25,SMP / paired RX / per-link line rate / both lanes counting / interval BER,0.000E+00,0.000E+00,0.000E+00,N/A,10.000,10.000,0.000E+00,20.000000,78.701178
2026-10-01 17:14:26,SMP / paired RX / per-link line rate / both lanes counting / interval BER,0.000E+00,0.000E+00,0.000E+00,N/A,10.000,10.000,0.000E+00,20.000001,79.305765
2026-10-01 17:14:27,SMP / paired RX / per-link line rate / both lanes counting / interval BER,0.000E+00,0.000E+00,0.000E+00,N/A,10.000,10.000,0.000E+00,19.999999,79.042607
2026-10-01 17:14:28,SMP / paired RX / per-link line rate / both lanes counting / interval BER,0.000E+00,0.000E+00,0.000E+00,N/A,10.000,10.000,0.000E+00,20.000001,78.950206
2026-10-01 17:14:29,SMP / paired RX / per-link line rate / both lanes counting / interval BER,0.000E+00,0.000E+00,0.000E+00,N/A,10.000,10.000,0.000E+00,20.000001,78.082404
2026-10-01 17:14:30,SMP / paired RX / per-link line rate / both lanes counting / interval BER,0.000E+00,0.000E+00,0.000E+00,N/A,10.000,10.000,0.000E+00,20.000000,78.102348
2026-10-01 17:14:31,SMP / paired RX / per-link line rate / both lanes counting / interval BER,0.000E+00,0.000E+00,0.000E+00,N/A,10.000,10.000,0.000E+00,19.999999,77.936193
2026-10-01 17:14:32,SMP / paired RX / per-link line rate / both lanes counting / interval BER,0.000E+00,0.000E+00,0.000E+00,N/A,10.000,10.000,0.000E+00,20.000000,78.858033
2026-10-01 17:14:33,SMP / paired RX / per-link line rate / both lanes counting / interval BER,0.000E+00,0.000E+00,0.000E+00,N/A,10.000,10.000,0.000E+00,20.000000,78.996189
2026-10-01 17:14:34,SMP / paired RX / per-link line rate / both lanes counting / interval BER,0.000E+00,0.000E+00,0.000E+00,N/A,10.000,10.000,0.000E+00,20.000000,79.144531
2026-10-01 17:14:35,SMP / paired RX / per-link line rate / both lanes counting / interval BER,0.000E+00,0.000E+00,0.000E+00,N/A,10.000,10.000,0.000E+00,20.000001,78.419526
2026-10-01 17:14:36,SMP / paired RX / per-link line rate / both lanes counting / interval BER,0.000E+00,0.000E+00,0.000E+00,N/A,10.000,10.000,0.000E+00,19.999999,78.045184
2026-10-01 17:14:37,SMP / paired RX / per-link line rate / both lanes counting / interval BER,0.000E+00,0.000E+00,0.000E+00,N/A,10.000,10.000,0.000E+00,20.000000,78.083688
2026-10-01 17:14:38,SMP / paired RX / per-link line rate / both lanes counting / interval BER,0.000E+00,0.000E+00,0.000E+00,N/A,10.000,10.000,0.000E+00,20.000001,78.153064
2026-10-01 17:14:39,SMP / paired RX / per-link line rate / both lanes counting / interval BER,0.000E+00,0.000E+00,0.000E+00,N/A,10.000,10.000,0.000E+00,19.999999,78.985350
2026-10-01 17:14:40,SMP / paired RX / per-link line rate / both lanes counting / interval BER,0.000E+00,0.000E+00,0.000E+00,N/A,10.000,10.000,0.000E+00,20.000002,79.223397
2026-10-01 17:14:41,SMP / paired RX / per-link line rate / both lanes counting / interval BER,0.000E+00,0.000E+00,0.000E+00,N/A,10.000,10.000,0.000E+00,19.999999,79.224631
2026-10-01 17:14:42,SMP / paired RX / per-link line rate / both lanes counting / interval BER,0.000E+00,0.000E+00,0.000E+00,N/A,10.000,10.000,0.000E+00,20.000001,78.128032
2026-10-01 17:14:43,SMP / paired RX / per-link line rate / both lanes counting / interval BER,0.000E+00,0.000E+00,0.000E+00,N/A,10.000,10.000,0.000E+00,20.000001,77.805599
2026-10-01 17:14:44,SMP / paired RX / per-link line rate / both lanes counting / interval BER,0.000E+00,0.000E+00,0.000E+00,N/A,10.000,10.000,0.000E+00,19.999999,77.889187
2026-10-01 17:14:45,SMP / paired RX / per-link line rate / both lanes counting / interval BER,0.000E+00,0.000E+00,0.000E+00,N/A,10.000,10.000,0.000E+00,20.000000,78.793515
2026-10-01 17:14:46,SMP / paired RX / per-link line rate / both lanes counting / interval BER,0.000E+00,0.000E+00,0.000E+00,N/A,10.000,10.000,0.000E+00,20.000001,79.436695
2026-10-01 17:14:47,SMP / paired RX / per-link line rate / both lanes counting / interval BER,0.000E+00,0.000E+00,0.000E+00,N/A,10.000,10.000,0.000E+00,19.999999,79.287217
2026-10-01 17:14:48,SMP / paired RX / per-link line rate / both lanes counting / interval BER,0.000E+00,0.000E+00,0.000E+00,N/A,10.000,10.000,0.000E+00,20.000001,79.066682
2026-10-01 17:14:49,SMP / paired RX / per-link line rate / both lanes counting / interval BER,0.000E+00,0.000E+00,0.000E+00,N/A,10.000,10.000,0.000E+00,19.999999,77.849373
2026-10-01 17:14:50,SMP / paired RX / per-link line rate / both lanes counting / interval BER,0.000E+00,0.000E+00,0.000E+00,N/A,10.000,10.000,0.000E+00,20.000001,77.878617
2026-10-01 17:14:51,SMP / paired RX / per-link line rate / both lanes counting / interval BER,0.000E+00,0.000E+00,0.000E+00,N/A,10.000,10.000,0.000E+00,19.999999,77.822458
2026-10-01 17:14:52,SMP / paired RX / per-link line rate / both lanes counting / interval BER,0.000E+00,0.000E+00,0.000E+00,N/A,10.000,10.000,0.000E+00,20.000000,78.895839
2026-10-01 17:14:53,SMP / paired RX / per-link line rate / both lanes counting / interval BER,0.000E+00,0.000E+00,0.000E+00,N/A,10.000,10.000,0.000E+00,20.000000,78.955083
2026-10-01 17:14:54,SMP / paired RX / per-link line rate / both lanes counting / interval BER,0.000E+00,0.000E+00,0.000E+00,N/A,10.000,10.000,0.000E+00,20.000000,78.805001
2026-10-01 17:14:55,SMP / paired RX / per-link line rate / both lanes counting / interval BER,0.000E+00,0.000E+00,0.000E+00,N/A,10.000,10.000,0.000E+00,20.000001,78.550011
2026-10-01 17:14:56,SMP / paired RX / per-link line rate / both lanes counting / interval BER,0.000E+00,0.000E+00,0.000E+00,N/A,10.000,10.000,0.000E+00,20.000000,77.858319
2026-10-01 17:14:57,SMP / paired RX / per-link line rate / both lanes counting / interval BER,0.000E+00,0.000E+00,0.000E+00,N/A,10.000,10.000,0.000E+00,20.000000,77.937978
2026-10-01 17:14:58,SMP / paired RX / per-link line rate / both lanes counting / interval BER,0.000E+00,0.000E+00,0.000E+00,N/A,10.000,10.000,0.000E+00,19.999998,78.057453
2026-10-01 17:14:59,SMP / paired RX / per-link line rate / both lanes counting / interval BER,0.000E+00,0.000E+00,0.000E+00,N/A,10.000,10.000,0.000E+00,20.000001,79.227763
2026-10-01 17:15:00,SMP / paired RX / per-link line rate / both lanes counting / interval BER,0.000E+00,0.000E+00,0.000E+00,N/A,10.000,10.000,0.000E+00,20.000000,79.062091
2026-10-01 17:15:01,SMP / paired RX / per-link line rate / both lanes counting / interval BER,0.000E+00,0.000E+00,0.000E+00,N/A,10.000,10.000,0.000E+00,20.000000,78.987902
2026-10-01 17:15:02,SMP / paired RX / per-link line rate / both lanes counting / interval BER,0.000E+00,0.000E+00,0.000E+00,N/A,10.000,10.000,0.000E+00,20.000000,78.086845
2026-10-01 17:15:03,SMP / paired RX / per-link line rate / both lanes counting / interval BER,0.000E+00,0.000E+00,0.000E+00,N/A,10.000,10.000,0.000E+00,19.999998,77.744761
2026-10-01 17:15:04,SMP / paired RX / per-link line rate / both lanes counting / interval BER,0.000E+00,0.000E+00,0.000E+00,N/A,10.000,10.000,0.000E+00,20.000001,77.869207
2026-10-01 17:15:05,SMP / paired RX / per-link line rate / both lanes counting / interval BER,0.000E+00,0.000E+00,0.000E+00,N/A,10.000,10.000,0.000E+00,20.000001,78.249463
2026-10-01 17:15:06,SMP / paired RX / per-link line rate / both lanes counting / interval BER,0.000E+00,0.000E+00,0.000E+00,N/A,10.000,10.000,0.000E+00,19.999999,78.957042
2026-10-01 17:15:07,SMP / paired RX / per-link line rate / both lanes counting / interval BER,0.000E+00,0.000E+00,0.000E+00,N/A,10.000,10.000,0.000E+00,20.000000,78.915522
2026-10-01 17:15:08,SMP / paired RX / per-link line rate / both lanes counting / interval BER,0.000E+00,0.000E+00,0.000E+00,N/A,10.000,10.000,0.000E+00,20.000000,78.803775
2026-10-01 17:15:09,SMP / paired RX / per-link line rate / both lanes counting / interval BER,0.000E+00,0.000E+00,0.000E+00,N/A,10.000,10.000,0.000E+00,20.000000,77.894341
2026-10-01 17:15:10,SMP / paired RX / per-link line rate / both lanes counting / interval BER,0.000E+00,0.000E+00,0.000E+00,N/A,10.000,10.000,0.000E+00,20.000000,77.634346
2026-10-01 17:15:11,SMP / paired RX / per-link line rate / both lanes counting / interval BER,0.000E+00,0.000E+00,0.000E+00,N/A,10.000,10.000,0.000E+00,20.000001,77.473261
2026-10-01 17:15:12,SMP / paired RX / per-link line rate / both lanes counting / interval BER,0.000E+00,0.000E+00,0.000E+00,N/A,10.000,10.000,0.000E+00,19.999999,78.176062
2026-10-01 17:15:13,SMP / paired RX / per-link line rate / both lanes counting / interval BER,0.000E+00,0.000E+00,0.000E+00,N/A,10.000,10.000,0.000E+00,20.000001,78.755316
2026-10-01 17:15:14,SMP / paired RX / per-link line rate / both lanes counting / interval BER,0.000E+00,0.000E+00,0.000E+00,N/A,10.000,10.000,0.000E+00,20.000000,78.634824
2026-10-01 17:15:15,SMP / paired RX / per-link line rate / both lanes counting / interval BER,0.000E+00,0.000E+00,0.000E+00,N/A,10.000,10.000,0.000E+00,19.999999,78.427488
2026-10-01 17:15:16,SMP / paired RX / per-link line rate / both lanes counting / interval BER,0.000E+00,0.000E+00,0.000E+00,N/A,10.000,10.000,0.000E+00,20.000000,77.754186
2026-10-01 17:15:17,SMP / paired RX / per-link line rate / both lanes counting / interval BER,0.000E+00,0.000E+00,0.000E+00,N/A,10.000,10.000,0.000E+00,20.000001,77.772745
2026-10-01 17:15:18,SMP / paired RX / per-link line rate / both lanes counting / interval BER,0.000E+00,0.000E+00,0.000E+00,N/A,10.000,10.000,0.000E+00,19.999999,77.662678
2026-10-01 17:15:19,SMP / paired RX / per-link line rate / both lanes counting / interval BER,0.000E+00,0.000E+00,0.000E+00,N/A,10.000,10.000,0.000E+00,20.000001,78.604013
2026-10-01 17:15:20,SMP / paired RX / per-link line rate / both lanes counting / interval BER,0.000E+00,0.000E+00,0.000E+00,N/A,10.000,10.000,0.000E+00,20.000000,78.775411
2026-10-01 17:15:21,SMP / paired RX / per-link line rate / both lanes counting / interval BER,0.000E+00,0.000E+00,0.000E+00,N/A,10.000,10.000,0.000E+00,19.999999,78.899900
2026-10-01 17:15:22,SMP / paired RX / per-link line rate / both lanes counting / interval BER,0.000E+00,0.000E+00,0.000E+00,N/A,10.000,10.000,0.000E+00,20.000001,78.207069
2026-10-01 17:15:23,SMP / paired RX / per-link line rate / both lanes counting / interval BER,0.000E+00,0.000E+00,0.000E+00,N/A,10.000,10.000,0.000E+00,20.000000,77.591047
2026-10-01 17:15:24,SMP / paired RX / per-link line rate / both lanes counting / interval BER,0.000E+00,0.000E+00,0.000E+00,N/A,10.000,10.000,0.000E+00,20.000000,77.734649
2026-10-01 17:15:25,SMP / paired RX / per-link line rate / both lanes counting / interval BER,0.000E+00,0.000E+00,0.000E+00,N/A,10.000,10.000,0.000E+00,19.999999,77.923409
2026-10-01 17:15:26,SMP / paired RX / per-link line rate / both lanes counting / interval BER,0.000E+00,0.000E+00,0.000E+00,N/A,10.000,10.000,0.000E+00,20.000001,78.803104
2026-10-01 17:15:27,SMP / paired RX / per-link line rate / both lanes counting / interval BER,0.000E+00,0.000E+00,0.000E+00,N/A,10.000,10.000,0.000E+00,19.999999,78.325545
2026-10-01 17:15:28,SMP / paired RX / per-link line rate / both lanes counting / interval BER,0.000E+00,0.000E+00,0.000E+00,N/A,10.000,10.000,0.000E+00,20.000001,78.526310
2026-10-01 17:15:29,SMP / paired RX / per-link line rate / both lanes counting / interval BER,0.000E+00,0.000E+00,0.000E+00,N/A,10.000,10.000,0.000E+00,19.999999,77.570614
2026-10-01 17:15:30,SMP / paired RX / per-link line rate / both lanes counting / interval BER,0.000E+00,0.000E+00,0.000E+00,N/A,10.000,10.000,0.000E+00,19.999999,77.569867
2026-10-01 17:15:31,SMP / paired RX / per-link line rate / both lanes counting / interval BER,0.000E+00,0.000E+00,0.000E+00,N/A,10.000,10.000,0.000E+00,20.000001,77.454957
2026-10-01 17:15:32,SMP / paired RX / per-link line rate / both lanes counting / interval BER,0.000E+00,0.000E+00,0.000E+00,N/A,10.000,10.000,0.000E+00,20.000000,77.759753
2026-10-01 17:15:33,SMP / paired RX / per-link line rate / both lanes counting / interval BER,0.000E+00,0.000E+00,0.000E+00,N/A,10.000,10.000,0.000E+00,20.000000,78.298384
2026-10-01 17:15:34,SMP / paired RX / per-link line rate / both lanes counting / interval BER,0.000E+00,0.000E+00,0.000E+00,N/A,10.000,10.000,0.000E+00,19.999999,78.120547
2026-10-01 17:15:35,SMP / paired RX / per-link line rate / both lanes counting / interval BER,0.000E+00,0.000E+00,0.000E+00,N/A,10.000,10.000,0.000E+00,20.000000,78.056869
2026-10-01 17:15:36,SMP / paired RX / per-link line rate / both lanes counting / interval BER,0.000E+00,0.000E+00,0.000E+00,N/A,10.000,10.000,0.000E+00,20.000000,77.640614
2026-10-01 17:15:37,SMP / paired RX / per-link line rate / both lanes counting / interval BER,0.000E+00,0.000E+00,0.000E+00,N/A,10.000,10.000,0.000E+00,20.000001,77.518487
2026-10-01 17:15:38,SMP / paired RX / per-link line rate / both lanes counting / interval BER,0.000E+00,0.000E+00,0.000E+00,N/A,10.000,10.000,0.000E+00,20.000000,77.448425
2026-10-01 17:15:39,SMP / paired RX / per-link line rate / both lanes counting / interval BER,0.000E+00,0.000E+00,0.000E+00,N/A,10.000,10.000,0.000E+00,20.000000,78.195999
2026-10-01 17:15:40,SMP / paired RX / per-link line rate / both lanes counting / interval BER,0.000E+00,0.000E+00,0.000E+00,N/A,10.000,10.000,0.000E+00,20.000002,78.517207
2026-10-01 17:15:41,SMP / paired RX / per-link line rate / both lanes counting / interval BER,0.000E+00,0.000E+00,0.000E+00,N/A,10.000,10.000,0.000E+00,19.999999,78.673402
2026-10-01 17:15:42,SMP / paired RX / per-link line rate / both lanes counting / interval BER,0.000E+00,0.000E+00,0.000E+00,N/A,10.000,10.000,0.000E+00,20.000000,78.469215
2026-10-01 17:15:43,SMP / paired RX / per-link line rate / both lanes counting / interval BER,0.000E+00,0.000E+00,0.000E+00,N/A,10.000,10.000,0.000E+00,20.000000,77.756101
2026-10-01 17:15:44,SMP / paired RX / per-link line rate / both lanes counting / interval BER,0.000E+00,0.000E+00,0.000E+00,N/A,10.000,10.000,0.000E+00,20.000001,77.814356
2026-10-01 17:15:45,SMP / paired RX / per-link line rate / both lanes counting / interval BER,0.000E+00,0.000E+00,0.000E+00,N/A,10.000,10.000,0.000E+00,20.000000,77.689725
2026-10-01 17:15:46,SMP / paired RX / per-link line rate / both lanes counting / interval BER,0.000E+00,0.000E+00,0.000E+00,N/A,10.000,10.000,0.000E+00,19.999999,78.275111
2026-10-01 17:15:47,SMP / paired RX / per-link line rate / both lanes counting / interval BER,0.000E+00,0.000E+00,0.000E+00,N/A,10.000,10.000,0.000E+00,20.000001,78.337893
2026-10-01 17:15:48,SMP / paired RX / per-link line rate / both lanes counting / interval BER,0.000E+00,0.000E+00,0.000E+00,N/A,10.000,10.000,0.000E+00,20.000000,78.261937
2026-10-01 17:15:49,SMP / paired RX / per-link line rate / both lanes counting / interval BER,0.000E+00,0.000E+00,0.000E+00,N/A,10.000,10.000,0.000E+00,20.000001,77.651915
2026-10-01 17:15:50,SMP / paired RX / per-link line rate / both lanes counting / interval BER,0.000E+00,0.000E+00,0.000E+00,N/A,10.000,10.000,0.000E+00,19.999999,77.526880
2026-10-01 17:15:51,SMP / paired RX / per-link line rate / both lanes counting / interval BER,0.000E+00,0.000E+00,0.000E+00,N/A,10.000,10.000,0.000E+00,20.000000,77.496506
2026-10-01 17:15:52,SMP / paired RX / per-link line rate / both lanes counting / interval BER,0.000E+00,0.000E+00,0.000E+00,N/A,10.000,10.000,0.000E+00,20.000000,77.945851
2026-10-01 17:15:53,SMP / paired RX / per-link line rate / both lanes counting / interval BER,0.000E+00,0.000E+00,0.000E+00,N/A,10.000,10.000,0.000E+00,20.000000,78.583436
2026-10-01 17:15:54,SMP / paired RX / per-link line rate / both lanes counting / interval BER,0.000E+00,0.000E+00,0.000E+00,N/A,10.000,10.000,0.000E+00,20.000000,78.274400
