Time,Mode,FSO-BER1,FSO-BER2,FSO-ABER,RF-BER,Rx1,Rx2,OBER,Throughput,Delivery
2026-10-01 17:19:51,SMP / paired RX / per-link line rate / both lanes counting / interval BER,0.000E+00,0.000E+00,0.000E+00,N/A,10.000,10.000,0.000E+00,20.000000,77.895901
2026-10-01 17:19:52,SMP / paired RX / per-link line rate / both lanes counting / interval BER,0.000E+00,0.000E+00,0.000E+00,N/A,10.000,10.000,0.000E+00,19.999999,77.709221
2026-10-01 17:19:53,SMP / paired RX / per-link line rate / both lanes counting / interval BER,0.000E+00,0.000E+00,0.000E+00,N/A,10.000,10.000,0.000E+00,20.000001,77.728750
2026-10-01 17:19:54,SMP / paired RX / per-link line rate / both lanes counting / interval BER,0.000E+00,0.000E+00,0.000E+00,N/A,10.000,10.000,0.000E+00,19.999999,79.350104
2026-10-01 17:19:55,SMP / paired RX / per-link line rate / both lanes counting / interval BER,0.000E+00,0.000E+00,0.000E+00,N/A,10.000,10.000,0.000E+00,20.000000,79.713654
2026-10-01 17:19:56,SMP / paired RX / per-link line rate / both lanes counting / interval BER,0.000E+00,0.000E+00,0.000E+00,N/A,10.000,10.000,0.000E+00,20.000001,79.678335
2026-10-01 17:19:57,SMP / paired RX / per-link line rate / both lanes counting / interval BER,0.000E+00,0.000E+00,0.000E+00,N/A,10.000,10.000,0.000E+00,19.999999,78.770268
2026-10-01 17:19:58,SMP / paired RX / per-link line rate / both lanes counting / interval BER,0.000E+00,0.000E+00,0.000E+00,N/A,10.000,10.000,0.000E+00,20.000000,77.941997
2026-10-01 17:19:59,SMP / paired RX / per-link line rate / both lanes counting / interval BER,0.000E+00,0.000E+00,0.000E+00,N/A,10.000,10.000,0.000E+00,19.999999,78.072046
2026-10-01 17:20:00,SMP / paired RX / per-link line rate / both lanes counting / interval BER,0.000E+00,0.000E+00,0.000E+00,N/A,10.000,10.000,0.000E+00,20.000000,78.144589
2026-10-01 17:20:01,SMP / paired RX / per-link line rate / both lanes counting / interval BER,0.000E+00,0.000E+00,0.000E+00,N/A,10.000,10.000,0.000E+00,20.000001,79.883200
2026-10-01 17:20:02,SMP / paired RX / per-link line rate / both lanes counting / interval BER,0.000E+00,0.000E+00,0.000E+00,N/A,10.000,10.000,0.000E+00,19.999999,79.650277
2026-10-01 17:20:03,SMP / paired RX / per-link line rate / both lanes counting / interval BER,0.000E+00,0.000E+00,0.000E+00,N/A,10.000,10.000,0.000E+00,19.999999,79.529022
2026-10-01 17:20:04,SMP / paired RX / per-link line rate / both lanes counting / interval BER,0.000E+00,0.000E+00,0.000E+00,N/A,10.000,10.000,0.000E+00,20.000001,78.305417
2026-10-01 17:20:05,SMP / paired RX / per-link line rate / both lanes counting / interval BER,0.000E+00,0.000E+00,0.000E+00,N/A,10.000,10.000,0.000E+00,19.999999,77.948647
2026-10-01 17:20:06,SMP / paired RX / per-link line rate / both lanes counting / interval BER,0.000E+00,0.000E+00,0.000E+00,N/A,10.000,10.000,0.000E+00,20.000001,78.027162
2026-10-01 17:20:07,SMP / paired RX / per-link line rate / both lanes counting / interval BER,0.000E+00,0.000E+00,0.000E+00,N/A,10.000,10.000,0.000E+00,20.000000,78.509719
2026-10-01 17:20:08,SMP / paired RX / per-link line rate / both lanes counting / interval BER,0.000E+00,0.000E+00,0.000E+00,N/A,10.000,10.000,0.000E+00,19.999999,79.805618
2026-10-01 17:20:09,SMP / paired RX / per-link line rate / both lanes counting / interval BER,0.000E+00,0.000E+00,0.000E+00,N/A,10.000,10.000,0.000E+00,20.000000,79.719644
2026-10-01 17:20:10,SMP / paired RX / per-link line rate / both lanes counting / interval BER,0.000E+00,0.000E+00,0.000E+00,N/A,10.000,10.000,0.000E+00,19.999999,79.260481
2026-10-01 17:20:11,SMP / paired RX / per-link line rate / both lanes counting / interval BER,0.000E+00,0.000E+00,0.000E+00,N/A,10.000,10.000,0.000E+00,20.000001,77.751968
2026-10-01 17:20:12,SMP / paired RX / per-link line rate / both lanes counting / interval BER,0.000E+00,0.000E+00,0.000E+00,N/A,10.000,10.000,0.000E+00,20.000001,77.572277
2026-10-01 17:20:13,SMP / paired RX / per-link line rate / both lanes counting / interval BER,0.000E+00,0.000E+00,0.000E+00,N/A,10.000,10.000,0.000E+00,20.000000,77.978773
2026-10-01 17:20:14,SMP / paired RX / per-link line rate / both lanes counting / interval BER,0.000E+00,0.000E+00,0.000E+00,N/A,10.000,10.000,0.000E+00,20.000000,79.045002
2026-10-01 17:20:15,SMP / paired RX / per-link line rate / both lanes counting / interval BER,0.000E+00,0.000E+00,0.000E+00,N/A,10.000,10.000,0.000E+00,20.000000,79.338664
2026-10-01 17:20:16,SMP / paired RX / per-link line rate / both lanes counting / interval BER,0.000E+00,0.000E+00,0.000E+00,N/A,10.000,10.000,0.000E+00,19.999999,79.411878
2026-10-01 17:20:17,SMP / paired RX / per-link line rate / both lanes counting / interval BER,0.000E+00,0.000E+00,0.000E+00,N/A,10.000,10.000,0.000E+00,20.000000,78.810442
2026-10-01 17:20:18,SMP / paired RX / per-link line rate / both lanes counting / interval BER,0.000E+00,0.000E+00,0.000E+00,N/A,10.000,10.000,0.000E+00,20.000001,77.638633
2026-10-01 17:20:19,SMP / paired RX / per-link line rate / both lanes counting / interval BER,0.000E+00,0.000E+00,0.000E+00,N/A,10.000,10.000,0.000E+00,19.999999,77.754179
2026-10-01 17:20:20,SMP / paired RX / per-link line rate / both lanes counting / interval BER,0.000E+00,0.000E+00,0.000E+00,N/A,10.000,10.000,0.000E+00,20.000000,77.738371
2026-10-01 17:20:21,SMP / paired RX / per-link line rate / both lanes counting / interval BER,0.000E+00,0.000E+00,0.000E+00,N/A,10.000,10.000,0.000E+00,20.000000,79.630481
2026-10-01 17:20:22,SMP / paired RX / per-link line rate / both lanes counting / interval BER,0.000E+00,0.000E+00,0.000E+00,N/A,10.000,10.000,0.000E+00,19.999999,79.464605
2026-10-01 17:20:23,SMP / paired RX / per-link line rate / both lanes counting / interval BER,0.000E+00,0.000E+00,0.000E+00,N/A,10.000,10.000,0.000E+00,20.000001,79.772191
2026-10-01 17:20:24,SMP / paired RX / per-link line rate / both lanes counting / interval BER,0.000E+00,0.000E+00,0.000E+00,N/A,10.000,10.000,0.000E+00,19.999999,78.444827
2026-10-01 17:20:25,SMP / paired RX / per-link line rate / both lanes counting / interval BER,0.000E+00,0.000E+00,0.000E+00,N/A,10.000,10.000,0.000E+00,20.000000,77.223210
2026-10-01 17:20:26,SMP / paired RX / per-link line rate / both lanes counting / interval BER,0.000E+00,0.000E+00,0.000E+00,N/A,10.000,10.000,0.000E+00,20.000000,77.759890
2026-10-01 17:20:27,SMP / paired RX / per-link line rate / both lanes counting / interval BER,0.000E+00,0.000E+00,0.000E+00,N/A,10.000,10.000,0.000E+00,20.000000,78.233322
2026-10-01 17:20:28,SMP / paired RX / per-link line rate / both lanes counting / interval BER,0.000E+00,0.000E+00,0.000E+00,N/A,10.000,10.000,0.000E+00,20.000000,79.796610
2026-10-01 17:20:29,SMP / paired RX / per-link line rate / both lanes counting / interval BER,0.000E+00,0.000E+00,0.000E+00,N/A,10.000,10.000,0.000E+00,20.000001,79.642511
2026-10-01 17:20:30,SMP / paired RX / per-link line rate / both lanes counting / interval BER,0.000E+00,0.000E+00,0.000E+00,N/A,10.000,10.000,0.000E+00,20.000000,79.345274
2026-10-01 17:20:31,SMP / paired RX / per-link line rate / both lanes counting / interval BER,0.000E+00,0.000E+00,0.000E+00,N/A,10.000,10.000,0.000E+00,19.999999,77.815753
2026-10-01 17:20:32,SMP / paired RX / per-link line rate / both lanes counting / interval BER,0.000E+00,0.000E+00,0.000E+00,N/A,10.000,10.000,0.000E+00,19.999999,77.345417
2026-10-01 17:20:33,SMP / paired RX / per-link line rate / both lanes counting / interval BER,0.000E+00,0.000E+00,0.000E+00,N/A,10.000,10.000,0.000E+00,20.000000,77.528017
2026-10-01 17:20:34,SMP / paired RX / per-link line rate / both lanes counting / interval BER,0.000E+00,0.000E+00,0.000E+00,N/A,10.000,10.000,0.000E+00,20.000000,78.750159
2026-10-01 17:20:35,SMP / paired RX / per-link line rate / both lanes counting / interval BER,0.000E+00,0.000E+00,0.000E+00,N/A,10.000,10.000,0.000E+00,20.000000,79.744841
2026-10-01 17:20:36,SMP / paired RX / per-link line rate / both lanes counting / interval BER,0.000E+00,0.000E+00,0.000E+00,N/A,10.000,10.000,0.000E+00,20.000001,79.821568
2026-10-01 17:20:37,SMP / paired RX / per-link line rate / both lanes counting / interval BER,0.000E+00,0.000E+00,0.000E+00,N/A,10.000,10.000,0.000E+00,20.000000,79.059775
2026-10-01 17:20:38,SMP / paired RX / per-link line rate / both lanes counting / interval BER,0.000E+00,0.000E+00,0.000E+00,N/A,10.000,10.000,0.000E+00,20.000001,77.403055
2026-10-01 17:20:39,SMP / paired RX / per-link line rate / both lanes counting / interval BER,0.000E+00,0.000E+00,0.000E+00,N/A,10.000,10.000,0.000E+00,19.999998,76.914163
2026-10-01 17:20:40,SMP / paired RX / per-link line rate / both lanes counting / interval BER,0.000E+00,0.000E+00,0.000E+00,N/A,10.000,10.000,0.000E+00,20.000000,77.408272
2026-10-01 17:20:41,SMP / paired RX / per-link line rate / both lanes counting / interval BER,0.000E+00,0.000E+00,0.000E+00,N/A,10.000,10.000,0.000E+00,20.000002,79.188519
2026-10-01 17:20:42,SMP / paired RX / per-link line rate / both lanes counting / interval BER,0.000E+00,0.000E+00,0.000E+00,N/A,10.000,10.000,0.000E+00,20.000000,79.171190
2026-10-01 17:20:43,SMP / paired RX / per-link line rate / both lanes counting / interval BER,0.000E+00,0.000E+00,0.000E+00,N/A,10.000,10.000,0.000E+00,20.000000,79.071035
2026-10-01 17:20:44,SMP / paired RX / per-link line rate / both lanes counting / interval BER,0.000E+00,0.000E+00,0.000E+00,N/A,10.000,10.000,0.000E+00,19.999999,78.335102
2026-10-01 17:20:45,SMP / paired RX / per-link line rate / both lanes counting / interval BER,0.000E+00,0.000E+00,0.000E+00,N/A,10.000,10.000,0.000E+00,20.000000,77.333786
2026-10-01 17:20:46,SMP / paired RX / per-link line rate / both lanes counting / interval BER,0.000E+00,0.000E+00,0.000E+00,N/A,10.000,10.000,0.000E+00,20.000000,77.591448
2026-10-01 17:20:47,SMP / paired RX / per-link line rate / both lanes counting / interval BER,0.000E+00,0.000E+00,0.000E+00,N/A,10.000,10.000,0.000E+00,19.999999,77.867131
2026-10-01 17:20:48,SMP / paired RX / per-link line rate / both lanes counting / interval BER,0.000E+00,0.000E+00,0.000E+00,N/A,10.000,10.000,0.000E+00,20.000000,79.166143
2026-10-01 17:20:49,SMP / paired RX / per-link line rate / both lanes counting / interval BER,0.000E+00,0.000E+00,0.000E+00,N/A,10.000,10.000,0.000E+00,20.000000,79.213017
2026-10-01 17:20:50,SMP / paired RX / per-link line rate / both lanes counting / interval BER,0.000E+00,0.000E+00,0.000E+00,N/A,10.000,10.000,0.000E+00,20.000001,79.460387
2026-10-01 17:20:51,SMP / paired RX / per-link line rate / both lanes counting / interval BER,0.000E+00,0.000E+00,0.000E+00,N/A,10.000,10.000,0.000E+00,19.999999,77.992998
2026-10-01 17:20:52,SMP / paired RX / per-link line rate / both lanes counting / interval BER,0.000E+00,0.000E+00,0.000E+00,N/A,10.000,10.000,0.000E+00,20.000000,77.687459
2026-10-01 17:20:53,SMP / paired RX / per-link line rate / both lanes counting / interval BER,0.000E+00,0.000E+00,0.000E+00,N/A,10.000,10.000,0.000E+00,20.000001,77.877779
2026-10-01 17:20:54,SMP / paired RX / per-link line rate / both lanes counting / interval BER,0.000E+00,0.000E+00,0.000E+00,N/A,10.000,10.000,0.000E+00,19.999999,78.593726
2026-10-01 17:20:55,SMP / paired RX / per-link line rate / both lanes counting / interval BER,0.000E+00,0.000E+00,0.000E+00,N/A,10.000,10.000,0.000E+00,20.000000,79.770174
2026-10-01 17:20:56,SMP / paired RX / per-link line rate / both lanes counting / interval BER,0.000E+00,0.000E+00,0.000E+00,N/A,10.000,10.000,0.000E+00,20.000000,79.863590
2026-10-01 17:20:57,SMP / paired RX / per-link line rate / both lanes counting / interval BER,0.000E+00,0.000E+00,0.000E+00,N/A,10.000,10.000,0.000E+00,20.000001,79.475202
2026-10-01 17:20:58,SMP / paired RX / per-link line rate / both lanes counting / interval BER,0.000E+00,0.000E+00,0.000E+00,N/A,10.000,10.000,0.000E+00,20.000000,77.733544
2026-10-01 17:20:59,SMP / paired RX / per-link line rate / both lanes counting / interval BER,0.000E+00,0.000E+00,0.000E+00,N/A,10.000,10.000,0.000E+00,19.999998,77.597243
2026-10-01 17:21:00,SMP / paired RX / per-link line rate / both lanes counting / interval BER,0.000E+00,0.000E+00,0.000E+00,N/A,10.000,10.000,0.000E+00,20.000001,77.819884
2026-10-01 17:21:01,SMP / paired RX / per-link line rate / both lanes counting / interval BER,0.000E+00,0.000E+00,0.000E+00,N/A,10.000,10.000,0.000E+00,20.000000,78.803750
2026-10-01 17:21:02,SMP / paired RX / per-link line rate / both lanes counting / interval BER,0.000E+00,0.000E+00,0.000E+00,N/A,10.000,10.000,0.000E+00,20.000001,79.274282
2026-10-01 17:21:03,SMP / paired RX / per-link line rate / both lanes counting / interval BER,0.000E+00,0.000E+00,0.000E+00,N/A,10.000,10.000,0.000E+00,20.000000,79.416945
2026-10-01 17:21:04,SMP / paired RX / per-link line rate / both lanes counting / interval BER,0.000E+00,0.000E+00,0.000E+00,N/A,10.000,10.000,0.000E+00,19.999999,78.984823
2026-10-01 17:21:05,SMP / paired RX / per-link line rate / both lanes counting / interval BER,0.000E+00,0.000E+00,0.000E+00,N/A,10.000,10.000,0.000E+00,20.000000,77.871834
2026-10-01 17:21:06,SMP / paired RX / per-link line rate / both lanes counting / interval BER,0.000E+00,0.000E+00,0.000E+00,N/A,10.000,10.000,0.000E+00,20.000002,77.738493
2026-10-01 17:21:07,SMP / paired RX / per-link line rate / both lanes counting / interval BER,0.000E+00,0.000E+00,0.000E+00,N/A,10.000,10.000,0.000E+00,19.999998,77.702516
2026-10-01 17:21:08,SMP / paired RX / per-link line rate / both lanes counting / interval BER,0.000E+00,0.000E+00,0.000E+00,N/A,10.000,10.000,0.000E+00,20.000000,79.609644
2026-10-01 17:21:09,SMP / paired RX / per-link line rate / both lanes counting / interval BER,0.000E+00,0.000E+00,0.000E+00,N/A,10.000,10.000,0.000E+00,20.000000,79.542713
2026-10-01 17:21:10,SMP / paired RX / per-link line rate / both lanes counting / interval BER,0.000E+00,0.000E+00,0.000E+00,N/A,10.000,10.000,0.000E+00,20.000001,79.385329
2026-10-01 17:21:11,SMP / paired RX / per-link line rate / both lanes counting / interval BER,0.000E+00,0.000E+00,0.000E+00,N/A,10.000,10.000,0.000E+00,19.999999,77.875070
2026-10-01 17:21:12,SMP / paired RX / per-link line rate / both lanes counting / interval BER,0.000E+00,0.000E+00,0.000E+00,N/A,10.000,9.676,3.581E-04,19.676268,73.906655
2026-10-01 17:21:13,SMP / paired RX / per-link line rate / INCOMPLETE: missing lane / interval BER,0.000E+00,1.213E-03,7.700E-04,N/A,10.000,5.767,1.258E-03,15.767192,42.730070
2026-10-01 17:21:14,SMP / paired RX / per-link line rate / INCOMPLETE: missing lane / interval BER,0.000E+00,No checked bits,0.000E+00,N/A,Unavailable,Unavailable,Unavailable,Unavailable,Unavailable
2026-10-01 17:21:15,SMP / RF pending / per-link line rate / INCOMPLETE: missing lane / interval BER,0.000E+00,No checked bits,0.000E+00,N/A,Unavailable,Unavailable,Unavailable (RF),Unavailable (RF),Unavailable (RF)
2026-10-01 17:21:16,SMP / RF 1Mbps / per-link line rate / INCOMPLETE: missing lane / interval BER,0.000E+00,No checked bits,0.000E+00,N/A,Unavailable,Unavailable,Unavailable (RF),Unavailable (RF),Unavailable (RF)
2026-10-01 17:21:17,SMP / RF 1Mbps / per-link line rate / INCOMPLETE: missing lane / interval BER,5.420E-04,No checked bits,5.420E-04,0.000E+0,Unavailable,Unavailable,Unavailable (RF),Unavailable (RF),Unavailable (RF)
2026-10-01 17:21:18,SMP / RF 1Mbps / per-link line rate / INCOMPLETE: missing lane / interval BER,No checked bits,No checked bits,No checked bits,0.000E+0,Unavailable,Unavailable,Unavailable (RF),Unavailable (RF),Unavailable (RF)
2026-10-01 17:21:19,SMP / RF 1Mbps / per-link line rate / INCOMPLETE: missing lane / interval BER,No checked bits,No checked bits,No checked bits,0.000E+0,Unavailable,Unavailable,Unavailable (RF),Unavailable (RF),Unavailable (RF)
2026-10-01 17:21:20,SMP / RF 1Mbps / per-link line rate / INCOMPLETE: missing lane / interval BER,No checked bits,No checked bits,No checked bits,0.000E+0,Unavailable,Unavailable,Unavailable (RF),Unavailable (RF),Unavailable (RF)
2026-10-01 17:21:21,SMP / RF 1Mbps / per-link line rate / INCOMPLETE: missing lane / interval BER,No checked bits,No checked bits,No checked bits,0.000E+0,Unavailable,Unavailable,Unavailable (RF),Unavailable (RF),Unavailable (RF)
2026-10-01 17:21:22,SMP / RF 1Mbps / per-link line rate / INCOMPLETE: missing lane / interval BER,No checked bits,No checked bits,No checked bits,0.000E+0,Unavailable,Unavailable,Unavailable (RF),Unavailable (RF),Unavailable (RF)
2026-10-01 17:21:23,SMP / RF 1Mbps / per-link line rate / INCOMPLETE: missing lane / interval BER,No checked bits,No checked bits,No checked bits,0.000E+0,Unavailable,Unavailable,Unavailable (RF),Unavailable (RF),Unavailable (RF)
2026-10-01 17:21:24,SMP / RF 1Mbps / per-link line rate / INCOMPLETE: missing lane / interval BER,No checked bits,No checked bits,No checked bits,0.000E+0,Unavailable,Unavailable,Unavailable (RF),Unavailable (RF),Unavailable (RF)
2026-10-01 17:21:25,SMP / RF 1Mbps / per-link line rate / INCOMPLETE: missing lane / interval BER,No checked bits,No checked bits,No checked bits,0.000E+0,Unavailable,Unavailable,Unavailable (RF),Unavailable (RF),Unavailable (RF)
2026-10-01 17:21:26,SMP / RF 1Mbps / per-link line rate / INCOMPLETE: missing lane / interval BER,No checked bits,No checked bits,No checked bits,0.000E+0,Unavailable,Unavailable,Unavailable (RF),Unavailable (RF),Unavailable (RF)
2026-10-01 17:21:27,SMP / RF 1Mbps / per-link line rate / INCOMPLETE: missing lane / interval BER,No checked bits,No checked bits,No checked bits,0.000E+0,Unavailable,Unavailable,Unavailable (RF),Unavailable (RF),Unavailable (RF)
2026-10-01 17:21:28,SMP / RF 1Mbps / per-link line rate / INCOMPLETE: missing lane / interval BER,No checked bits,No checked bits,No checked bits,0.000E+0,Unavailable,Unavailable,Unavailable (RF),Unavailable (RF),Unavailable (RF)
2026-10-01 17:21:29,SMP / RF 1Mbps / per-link line rate / INCOMPLETE: missing lane / interval BER,No checked bits,No checked bits,No checked bits,0.000E+0,Unavailable,Unavailable,Unavailable (RF),Unavailable (RF),Unavailable (RF)
2026-10-01 17:21:30,SMP / RF 1Mbps / per-link line rate / INCOMPLETE: missing lane / interval BER,No checked bits,No checked bits,No checked bits,0.000E+0,Unavailable,Unavailable,Unavailable (RF),Unavailable (RF),Unavailable (RF)
2026-10-01 17:21:31,SMP / RF 1Mbps / per-link line rate / INCOMPLETE: missing lane / interval BER,No checked bits,No checked bits,No checked bits,0.000E+0,Unavailable,Unavailable,Unavailable (RF),Unavailable (RF),Unavailable (RF)
2026-10-01 17:21:32,SMP / RF 1Mbps / per-link line rate / INCOMPLETE: missing lane / interval BER,No checked bits,No checked bits,No checked bits,0.000E+0,Unavailable,Unavailable,Unavailable (RF),Unavailable (RF),Unavailable (RF)
2026-10-01 17:21:33,SMP / RF 1Mbps / per-link line rate / INCOMPLETE: missing lane / interval BER,No checked bits,No checked bits,No checked bits,0.000E+0,Unavailable,Unavailable,Unavailable (RF),Unavailable (RF),Unavailable (RF)
2026-10-01 17:21:34,SMP / RF 1Mbps / per-link line rate / INCOMPLETE: missing lane / interval BER,No checked bits,No checked bits,No checked bits,0.000E+0,Unavailable,Unavailable,Unavailable (RF),Unavailable (RF),Unavailable (RF)
2026-10-01 17:21:35,SMP / RF 1Mbps / per-link line rate / INCOMPLETE: missing lane / interval BER,No checked bits,No checked bits,No checked bits,0.000E+0,Unavailable,Unavailable,Unavailable (RF),Unavailable (RF),Unavailable (RF)
2026-10-01 17:21:36,SMP / RF 1Mbps / per-link line rate / INCOMPLETE: missing lane / interval BER,No checked bits,No checked bits,No checked bits,0.000E+0,Unavailable,Unavailable,Unavailable (RF),Unavailable (RF),Unavailable (RF)
2026-10-01 17:21:37,SMP / RF 1Mbps / per-link line rate / INCOMPLETE: missing lane / interval BER,No checked bits,No checked bits,No checked bits,0.000E+0,Unavailable,Unavailable,Unavailable (RF),Unavailable (RF),Unavailable (RF)
2026-10-01 17:21:38,SMP / RF 1Mbps / per-link line rate / INCOMPLETE: missing lane / interval BER,No checked bits,No checked bits,No checked bits,0.000E+0,Unavailable,Unavailable,Unavailable (RF),Unavailable (RF),Unavailable (RF)
2026-10-01 17:21:39,SMP / RF 1Mbps / per-link line rate / INCOMPLETE: missing lane / interval BER,No checked bits,No checked bits,No checked bits,0.000E+0,Unavailable,Unavailable,Unavailable (RF),Unavailable (RF),Unavailable (RF)
2026-10-01 17:21:40,SMP / RF 1Mbps / per-link line rate / INCOMPLETE: missing lane / interval BER,No checked bits,No checked bits,No checked bits,0.000E+0,Unavailable,Unavailable,Unavailable (RF),Unavailable (RF),Unavailable (RF)
2026-10-01 17:21:41,SMP / RF 1Mbps / per-link line rate / INCOMPLETE: missing lane / interval BER,No checked bits,No checked bits,No checked bits,0.000E+0,Unavailable,Unavailable,Unavailable (RF),Unavailable (RF),Unavailable (RF)
2026-10-01 17:21:42,SMP / RF 1Mbps / per-link line rate / INCOMPLETE: missing lane / interval BER,No checked bits,No checked bits,No checked bits,0.000E+0,Unavailable,Unavailable,Unavailable (RF),Unavailable (RF),Unavailable (RF)
2026-10-01 17:21:43,SMP / RF 1Mbps / per-link line rate / INCOMPLETE: missing lane / interval BER,No checked bits,No checked bits,No checked bits,0.000E+0,Unavailable,Unavailable,Unavailable (RF),Unavailable (RF),Unavailable (RF)
2026-10-01 17:21:44,SMP / RF 1Mbps / per-link line rate / INCOMPLETE: missing lane / interval BER,No checked bits,No checked bits,No checked bits,0.000E+0,Unavailable,Unavailable,Unavailable (RF),Unavailable (RF),Unavailable (RF)
2026-10-01 17:21:45,SMP / RF 1Mbps / per-link line rate / INCOMPLETE: missing lane / interval BER,No checked bits,No checked bits,No checked bits,0.000E+0,Unavailable,Unavailable,Unavailable (RF),Unavailable (RF),Unavailable (RF)
2026-10-01 17:21:46,SMP / RF 1Mbps / per-link line rate / INCOMPLETE: missing lane / interval BER,No checked bits,No checked bits,No checked bits,0.000E+0,Unavailable,Unavailable,Unavailable (RF),Unavailable (RF),Unavailable (RF)
2026-10-01 17:21:47,SMP / RF 1Mbps / per-link line rate / INCOMPLETE: missing lane / interval BER,No checked bits,No checked bits,No checked bits,0.000E+0,Unavailable,Unavailable,Unavailable (RF),Unavailable (RF),Unavailable (RF)
2026-10-01 17:21:48,SMP / RF 1Mbps / per-link line rate / INCOMPLETE: missing lane / interval BER,No checked bits,No checked bits,No checked bits,0.000E+0,Unavailable,Unavailable,Unavailable (RF),Unavailable (RF),Unavailable (RF)
2026-10-01 17:21:49,SMP / RF 1Mbps / per-link line rate / INCOMPLETE: missing lane / interval BER,No checked bits,No checked bits,No checked bits,0.000E+0,Unavailable,Unavailable,Unavailable (RF),Unavailable (RF),Unavailable (RF)
2026-10-01 17:21:50,SMP / RF 1Mbps / per-link line rate / INCOMPLETE: missing lane / interval BER,No checked bits,No checked bits,No checked bits,0.000E+0,Unavailable,Unavailable,Unavailable (RF),Unavailable (RF),Unavailable (RF)
2026-10-01 17:21:51,SMP / RF 1Mbps / per-link line rate / INCOMPLETE: missing lane / interval BER,No checked bits,No checked bits,No checked bits,0.000E+0,Unavailable,Unavailable,Unavailable (RF),Unavailable (RF),Unavailable (RF)
2026-10-01 17:21:52,SMP / RF 1Mbps / per-link line rate / INCOMPLETE: missing lane / interval BER,No checked bits,No checked bits,No checked bits,0.000E+0,Unavailable,Unavailable,Unavailable (RF),Unavailable (RF),Unavailable (RF)
2026-10-01 17:21:53,SMP / RF 1Mbps / per-link line rate / INCOMPLETE: missing lane / interval BER,No checked bits,No checked bits,No checked bits,0.000E+0,Unavailable,Unavailable,Unavailable (RF),Unavailable (RF),Unavailable (RF)
2026-10-01 17:21:54,SMP / RF 1Mbps / per-link line rate / INCOMPLETE: missing lane / interval BER,No checked bits,No checked bits,No checked bits,0.000E+0,Unavailable,Unavailable,Unavailable (RF),Unavailable (RF),Unavailable (RF)
2026-10-01 17:21:55,SMP / RF 1Mbps / per-link line rate / INCOMPLETE: missing lane / interval BER,No checked bits,No checked bits,No checked bits,0.000E+0,Unavailable,Unavailable,Unavailable (RF),Unavailable (RF),Unavailable (RF)
2026-10-01 17:21:56,SMP / RF 1Mbps / per-link line rate / INCOMPLETE: missing lane / interval BER,No checked bits,No checked bits,No checked bits,0.000E+0,Unavailable,Unavailable,Unavailable (RF),Unavailable (RF),Unavailable (RF)
2026-10-01 17:21:57,SMP / RF 1Mbps / per-link line rate / INCOMPLETE: missing lane / interval BER,No checked bits,No checked bits,No checked bits,0.000E+0,Unavailable,Unavailable,Unavailable (RF),Unavailable (RF),Unavailable (RF)
2026-10-01 17:21:58,SMP / RF 1Mbps / per-link line rate / INCOMPLETE: missing lane / interval BER,No checked bits,No checked bits,No checked bits,0.000E+0,Unavailable,Unavailable,Unavailable (RF),Unavailable (RF),Unavailable (RF)
2026-10-01 17:21:59,SMP / RF 1Mbps / per-link line rate / INCOMPLETE: missing lane / interval BER,No checked bits,No checked bits,No checked bits,0.000E+0,Unavailable,Unavailable,Unavailable (RF),Unavailable (RF),Unavailable (RF)
2026-10-01 17:22:00,SMP / RF 1Mbps / per-link line rate / INCOMPLETE: missing lane / interval BER,No checked bits,No checked bits,No checked bits,0.000E+0,Unavailable,Unavailable,Unavailable (RF),Unavailable (RF),Unavailable (RF)
2026-10-01 17:22:01,SMP / RF 1Mbps / per-link line rate / INCOMPLETE: missing lane / interval BER,No checked bits,No checked bits,No checked bits,0.000E+0,Unavailable,Unavailable,Unavailable (RF),Unavailable (RF),Unavailable (RF)
2026-10-01 17:22:02,SMP / RF 1Mbps / per-link line rate / INCOMPLETE: missing lane / interval BER,No checked bits,No checked bits,No checked bits,0.000E+0,Unavailable,Unavailable,Unavailable (RF),Unavailable (RF),Unavailable (RF)
2026-10-01 17:22:03,SMP / RF 1Mbps / per-link line rate / INCOMPLETE: missing lane / interval BER,No checked bits,No checked bits,No checked bits,0.000E+0,Unavailable,Unavailable,Unavailable (RF),Unavailable (RF),Unavailable (RF)
2026-10-01 17:22:04,SMP / RF 1Mbps / per-link line rate / INCOMPLETE: missing lane / interval BER,No checked bits,No checked bits,No checked bits,0.000E+0,Unavailable,Unavailable,Unavailable (RF),Unavailable (RF),Unavailable (RF)
2026-10-01 17:22:05,SMP / RF 1Mbps / per-link line rate / INCOMPLETE: missing lane / interval BER,No checked bits,No checked bits,No checked bits,0.000E+0,Unavailable,Unavailable,Unavailable (RF),Unavailable (RF),Unavailable (RF)
2026-10-01 17:22:06,SMP / RF 1Mbps / per-link line rate / INCOMPLETE: missing lane / interval BER,No checked bits,No checked bits,No checked bits,0.000E+0,Unavailable,Unavailable,Unavailable (RF),Unavailable (RF),Unavailable (RF)
2026-10-01 17:22:07,SMP / RF 1Mbps / per-link line rate / INCOMPLETE: missing lane / interval BER,No checked bits,No checked bits,No checked bits,0.000E+0,Unavailable,Unavailable,Unavailable (RF),Unavailable (RF),Unavailable (RF)
2026-10-01 17:22:08,SMP / RF 1Mbps / per-link line rate / INCOMPLETE: missing lane / interval BER,No checked bits,No checked bits,No checked bits,0.000E+0,Unavailable,Unavailable,Unavailable (RF),Unavailable (RF),Unavailable (RF)
2026-10-01 17:22:09,SMP / RF 1Mbps / per-link line rate / INCOMPLETE: missing lane / interval BER,No checked bits,No checked bits,No checked bits,0.000E+0,Unavailable,Unavailable,Unavailable (RF),Unavailable (RF),Unavailable (RF)
2026-10-01 17:22:10,SMP / RF 1Mbps / per-link line rate / INCOMPLETE: missing lane / interval BER,No checked bits,No checked bits,No checked bits,0.000E+0,Unavailable,Unavailable,Unavailable (RF),Unavailable (RF),Unavailable (RF)
2026-10-01 17:22:11,SMP / RF 1Mbps / per-link line rate / INCOMPLETE: missing lane / interval BER,No checked bits,No checked bits,No checked bits,0.000E+0,Unavailable,Unavailable,Unavailable (RF),Unavailable (RF),Unavailable (RF)
2026-10-01 17:22:12,SMP / RF 1Mbps / per-link line rate / INCOMPLETE: missing lane / interval BER,No checked bits,No checked bits,No checked bits,0.000E+0,Unavailable,Unavailable,Unavailable (RF),Unavailable (RF),Unavailable (RF)
2026-10-01 17:22:13,SMP / RF 1Mbps / per-link line rate / INCOMPLETE: missing lane / interval BER,No checked bits,No checked bits,No checked bits,0.000E+0,Unavailable,Unavailable,Unavailable (RF),Unavailable (RF),Unavailable (RF)
2026-10-01 17:22:14,SMP / RF 1Mbps / per-link line rate / INCOMPLETE: missing lane / interval BER,No checked bits,No checked bits,No checked bits,0.000E+0,Unavailable,Unavailable,Unavailable (RF),Unavailable (RF),Unavailable (RF)
2026-10-01 17:22:15,SMP / RF 1Mbps / per-link line rate / INCOMPLETE: missing lane / interval BER,No checked bits,No checked bits,No checked bits,0.000E+0,Unavailable,Unavailable,Unavailable (RF),Unavailable (RF),Unavailable (RF)
2026-10-01 17:22:16,SMP / RF 1Mbps / per-link line rate / INCOMPLETE: missing lane / interval BER,No checked bits,No checked bits,No checked bits,0.000E+0,Unavailable,Unavailable,Unavailable (RF),Unavailable (RF),Unavailable (RF)
2026-10-01 17:22:17,SMP / RF 1Mbps / per-link line rate / INCOMPLETE: missing lane / interval BER,No checked bits,No checked bits,No checked bits,0.000E+0,Unavailable,Unavailable,Unavailable (RF),Unavailable (RF),Unavailable (RF)
2026-10-01 17:22:18,SMP / RF 1Mbps / per-link line rate / INCOMPLETE: missing lane / interval BER,No checked bits,No checked bits,No checked bits,0.000E+0,Unavailable,Unavailable,Unavailable (RF),Unavailable (RF),Unavailable (RF)
2026-10-01 17:22:19,SMP / RF 1Mbps / per-link line rate / INCOMPLETE: missing lane / interval BER,No checked bits,No checked bits,No checked bits,0.000E+0,Unavailable,Unavailable,Unavailable (RF),Unavailable (RF),Unavailable (RF)
2026-10-01 17:22:20,SMP / RF 1Mbps / per-link line rate / INCOMPLETE: missing lane / interval BER,No checked bits,No checked bits,No checked bits,0.000E+0,Unavailable,Unavailable,Unavailable (RF),Unavailable (RF),Unavailable (RF)
2026-10-01 17:22:21,SMP / RF 1Mbps / per-link line rate / INCOMPLETE: missing lane / interval BER,No checked bits,No checked bits,No checked bits,0.000E+0,Unavailable,Unavailable,Unavailable (RF),Unavailable (RF),Unavailable (RF)
2026-10-01 17:22:22,SMP / RF 1Mbps / per-link line rate / INCOMPLETE: missing lane / interval BER,No checked bits,No checked bits,No checked bits,0.000E+0,Unavailable,Unavailable,Unavailable (RF),Unavailable (RF),Unavailable (RF)
2026-10-01 17:22:23,SMP / RF 1Mbps / per-link line rate / INCOMPLETE: missing lane / interval BER,No checked bits,No checked bits,No checked bits,0.000E+0,Unavailable,Unavailable,Unavailable (RF),Unavailable (RF),Unavailable (RF)
2026-10-01 17:22:24,SMP / RF 1Mbps / per-link line rate / INCOMPLETE: missing lane / interval BER,No checked bits,No checked bits,No checked bits,0.000E+0,Unavailable,Unavailable,Unavailable (RF),Unavailable (RF),Unavailable (RF)
2026-10-01 17:22:25,SMP / RF 1Mbps / per-link line rate / INCOMPLETE: missing lane / interval BER,No checked bits,No checked bits,No checked bits,0.000E+0,Unavailable,Unavailable,Unavailable (RF),Unavailable (RF),Unavailable (RF)
2026-10-01 17:22:26,SMP / RF 1Mbps / per-link line rate / INCOMPLETE: missing lane / interval BER,No checked bits,No checked bits,No checked bits,0.000E+0,Unavailable,Unavailable,Unavailable (RF),Unavailable (RF),Unavailable (RF)
2026-10-01 17:22:27,SMP / RF 1Mbps / per-link line rate / INCOMPLETE: missing lane / interval BER,No checked bits,No checked bits,No checked bits,0.000E+0,Unavailable,Unavailable,Unavailable (RF),Unavailable (RF),Unavailable (RF)
2026-10-01 17:22:28,SMP / RF 1Mbps / per-link line rate / INCOMPLETE: missing lane / interval BER,No checked bits,No checked bits,No checked bits,0.000E+0,Unavailable,Unavailable,Unavailable (RF),Unavailable (RF),Unavailable (RF)
2026-10-01 17:22:29,SMP / RF 1Mbps / per-link line rate / INCOMPLETE: missing lane / interval BER,No checked bits,No checked bits,No checked bits,0.000E+0,Unavailable,Unavailable,Unavailable (RF),Unavailable (RF),Unavailable (RF)
2026-10-01 17:22:30,SMP / RF 1Mbps / per-link line rate / INCOMPLETE: missing lane / interval BER,No checked bits,No checked bits,No checked bits,0.000E+0,Unavailable,Unavailable,Unavailable (RF),Unavailable (RF),Unavailable (RF)
2026-10-01 17:22:31,SMP / RF 1Mbps / per-link line rate / INCOMPLETE: missing lane / interval BER,No checked bits,No checked bits,No checked bits,0.000E+0,Unavailable,Unavailable,Unavailable (RF),Unavailable (RF),Unavailable (RF)
2026-10-01 17:22:32,SMP / RF 1Mbps / per-link line rate / INCOMPLETE: missing lane / interval BER,No checked bits,No checked bits,No checked bits,0.000E+0,Unavailable,Unavailable,Unavailable (RF),Unavailable (RF),Unavailable (RF)
2026-10-01 17:22:33,SMP / RF 1Mbps / per-link line rate / INCOMPLETE: missing lane / interval BER,No checked bits,No checked bits,No checked bits,0.000E+0,Unavailable,Unavailable,Unavailable (RF),Unavailable (RF),Unavailable (RF)
2026-10-01 17:22:34,SMP / RF 1Mbps / per-link line rate / INCOMPLETE: missing lane / interval BER,No checked bits,No checked bits,No checked bits,0.000E+0,Unavailable,Unavailable,Unavailable (RF),Unavailable (RF),Unavailable (RF)
2026-10-01 17:22:35,SMP / RF 1Mbps / per-link line rate / INCOMPLETE: missing lane / interval BER,No checked bits,No checked bits,No checked bits,0.000E+0,Unavailable,Unavailable,Unavailable (RF),Unavailable (RF),Unavailable (RF)
2026-10-01 17:22:36,SMP / RF 1Mbps / per-link line rate / INCOMPLETE: missing lane / interval BER,No checked bits,No checked bits,No checked bits,0.000E+0,Unavailable,Unavailable,Unavailable (RF),Unavailable (RF),Unavailable (RF)
2026-10-01 17:22:37,SMP / RF 1Mbps / per-link line rate / INCOMPLETE: missing lane / interval BER,No checked bits,No checked bits,No checked bits,0.000E+0,Unavailable,Unavailable,Unavailable (RF),Unavailable (RF),Unavailable (RF)
2026-10-01 17:22:38,SMP / RF 1Mbps / per-link line rate / INCOMPLETE: missing lane / interval BER,No checked bits,No checked bits,No checked bits,0.000E+0,Unavailable,Unavailable,Unavailable (RF),Unavailable (RF),Unavailable (RF)
2026-10-01 17:22:39,SMP / RF 1Mbps / per-link line rate / INCOMPLETE: missing lane / interval BER,No checked bits,No checked bits,No checked bits,0.000E+0,Unavailable,Unavailable,Unavailable (RF),Unavailable (RF),Unavailable (RF)
2026-10-01 17:22:40,SMP / RF 1Mbps / per-link line rate / INCOMPLETE: missing lane / interval BER,No checked bits,No checked bits,No checked bits,0.000E+0,Unavailable,Unavailable,Unavailable (RF),Unavailable (RF),Unavailable (RF)
2026-10-01 17:22:41,SMP / RF 1Mbps / per-link line rate / INCOMPLETE: missing lane / interval BER,No checked bits,No checked bits,No checked bits,0.000E+0,Unavailable,Unavailable,Unavailable (RF),Unavailable (RF),Unavailable (RF)
2026-10-01 17:22:42,SMP / RF 1Mbps / per-link line rate / INCOMPLETE: missing lane / interval BER,No checked bits,No checked bits,No checked bits,0.000E+0,Unavailable,Unavailable,Unavailable (RF),Unavailable (RF),Unavailable (RF)
2026-10-01 17:22:43,SMP / RF 1Mbps / per-link line rate / INCOMPLETE: missing lane / interval BER,No checked bits,No checked bits,No checked bits,0.000E+0,Unavailable,Unavailable,Unavailable (RF),Unavailable (RF),Unavailable (RF)
2026-10-01 17:22:44,SMP / RF 1Mbps / per-link line rate / INCOMPLETE: missing lane / interval BER,No checked bits,No checked bits,No checked bits,0.000E+0,Unavailable,Unavailable,Unavailable (RF),Unavailable (RF),Unavailable (RF)
2026-10-01 17:22:45,SMP / RF 1Mbps / per-link line rate / INCOMPLETE: missing lane / interval BER,No checked bits,No checked bits,No checked bits,0.000E+0,Unavailable,Unavailable,Unavailable (RF),Unavailable (RF),Unavailable (RF)
2026-10-01 17:22:46,SMP / RF 1Mbps / per-link line rate / INCOMPLETE: missing lane / interval BER,No checked bits,No checked bits,No checked bits,0.000E+0,Unavailable,Unavailable,Unavailable (RF),Unavailable (RF),Unavailable (RF)
2026-10-01 17:22:47,SMP / RF 1Mbps / per-link line rate / INCOMPLETE: missing lane / interval BER,No checked bits,No checked bits,No checked bits,0.000E+0,Unavailable,Unavailable,Unavailable (RF),Unavailable (RF),Unavailable (RF)
2026-10-01 17:22:48,SMP / RF 1Mbps / per-link line rate / INCOMPLETE: missing lane / interval BER,No checked bits,No checked bits,No checked bits,0.000E+0,Unavailable,Unavailable,Unavailable (RF),Unavailable (RF),Unavailable (RF)
2026-10-01 17:22:49,SMP / RF 1Mbps / per-link line rate / INCOMPLETE: missing lane / interval BER,No checked bits,No checked bits,No checked bits,0.000E+0,Unavailable,Unavailable,Unavailable (RF),Unavailable (RF),Unavailable (RF)
2026-10-01 17:22:50,SMP / RF 1Mbps / per-link line rate / INCOMPLETE: missing lane / interval BER,No checked bits,No checked bits,No checked bits,0.000E+0,Unavailable,Unavailable,Unavailable (RF),Unavailable (RF),Unavailable (RF)
2026-10-01 17:22:51,SMP / RF 1Mbps / per-link line rate / INCOMPLETE: missing lane / interval BER,No checked bits,No checked bits,No checked bits,0.000E+0,Unavailable,Unavailable,Unavailable (RF),Unavailable (RF),Unavailable (RF)
2026-10-01 17:22:52,SMP / RF 1Mbps / per-link line rate / INCOMPLETE: missing lane / interval BER,No checked bits,No checked bits,No checked bits,0.000E+0,Unavailable,Unavailable,Unavailable (RF),Unavailable (RF),Unavailable (RF)
2026-10-01 17:22:53,SMP / RF 1Mbps / per-link line rate / INCOMPLETE: missing lane / interval BER,No checked bits,No checked bits,No checked bits,0.000E+0,Unavailable,Unavailable,Unavailable (RF),Unavailable (RF),Unavailable (RF)
2026-10-01 17:22:54,SMP / RF 1Mbps / per-link line rate / INCOMPLETE: missing lane / interval BER,No checked bits,No checked bits,No checked bits,0.000E+0,Unavailable,Unavailable,Unavailable (RF),Unavailable (RF),Unavailable (RF)
2026-10-01 17:22:55,SMP / RF 1Mbps / per-link line rate / INCOMPLETE: missing lane / interval BER,No checked bits,No checked bits,No checked bits,0.000E+0,Unavailable,Unavailable,Unavailable (RF),Unavailable (RF),Unavailable (RF)
2026-10-01 17:22:56,SMP / RF 1Mbps / per-link line rate / INCOMPLETE: missing lane / interval BER,No checked bits,No checked bits,No checked bits,0.000E+0,Unavailable,Unavailable,Unavailable (RF),Unavailable (RF),Unavailable (RF)
2026-10-01 17:22:57,SMP / RF 1Mbps / per-link line rate / INCOMPLETE: missing lane / interval BER,No checked bits,No checked bits,No checked bits,0.000E+0,Unavailable,Unavailable,Unavailable (RF),Unavailable (RF),Unavailable (RF)
2026-10-01 17:22:58,SMP / RF 1Mbps / per-link line rate / INCOMPLETE: missing lane / interval BER,No checked bits,No checked bits,No checked bits,0.000E+0,Unavailable,Unavailable,Unavailable (RF),Unavailable (RF),Unavailable (RF)
2026-10-01 17:22:59,SMP / RF 1Mbps / per-link line rate / INCOMPLETE: missing lane / interval BER,No checked bits,No checked bits,No checked bits,0.000E+0,Unavailable,Unavailable,Unavailable (RF),Unavailable (RF),Unavailable (RF)
2026-10-01 17:23:00,SMP / RF 1Mbps / per-link line rate / INCOMPLETE: missing lane / interval BER,No checked bits,No checked bits,No checked bits,0.000E+0,Unavailable,Unavailable,Unavailable (RF),Unavailable (RF),Unavailable (RF)
2026-10-01 17:23:01,SMP / RF 1Mbps / per-link line rate / INCOMPLETE: missing lane / interval BER,No checked bits,No checked bits,No checked bits,0.000E+0,Unavailable,Unavailable,Unavailable (RF),Unavailable (RF),Unavailable (RF)
2026-10-01 17:23:02,SMP / RF 1Mbps / per-link line rate / INCOMPLETE: missing lane / interval BER,No checked bits,No checked bits,No checked bits,0.000E+0,Unavailable,Unavailable,Unavailable (RF),Unavailable (RF),Unavailable (RF)
2026-10-01 17:23:03,SMP / RF 1Mbps / per-link line rate / INCOMPLETE: missing lane / interval BER,No checked bits,No checked bits,No checked bits,0.000E+0,Unavailable,Unavailable,Unavailable (RF),Unavailable (RF),Unavailable (RF)
2026-10-01 17:23:04,SMP / RF 1Mbps / per-link line rate / INCOMPLETE: missing lane / interval BER,No checked bits,No checked bits,No checked bits,0.000E+0,Unavailable,Unavailable,Unavailable (RF),Unavailable (RF),Unavailable (RF)
2026-10-01 17:23:05,SMP / RF 1Mbps / per-link line rate / INCOMPLETE: missing lane / interval BER,No checked bits,No checked bits,No checked bits,0.000E+0,Unavailable,Unavailable,Unavailable (RF),Unavailable (RF),Unavailable (RF)
2026-10-01 17:23:06,SMP / RF 1Mbps / per-link line rate / INCOMPLETE: missing lane / interval BER,No checked bits,No checked bits,No checked bits,0.000E+0,Unavailable,Unavailable,Unavailable (RF),Unavailable (RF),Unavailable (RF)
2026-10-01 17:23:07,SMP / RF 1Mbps / per-link line rate / INCOMPLETE: missing lane / interval BER,No checked bits,No checked bits,No checked bits,0.000E+0,Unavailable,Unavailable,Unavailable (RF),Unavailable (RF),Unavailable (RF)
2026-10-01 17:23:08,SMP / RF 1Mbps / per-link line rate / INCOMPLETE: missing lane / interval BER,No checked bits,No checked bits,No checked bits,0.000E+0,Unavailable,Unavailable,Unavailable (RF),Unavailable (RF),Unavailable (RF)
2026-10-01 17:23:09,SMP / RF 1Mbps / per-link line rate / INCOMPLETE: missing lane / interval BER,No checked bits,No checked bits,No checked bits,0.000E+0,Unavailable,Unavailable,Unavailable (RF),Unavailable (RF),Unavailable (RF)
2026-10-01 17:23:10,SMP / RF 1Mbps / per-link line rate / INCOMPLETE: missing lane / interval BER,No checked bits,No checked bits,No checked bits,0.000E+0,Unavailable,Unavailable,Unavailable (RF),Unavailable (RF),Unavailable (RF)
2026-10-01 17:23:11,SMP / RF 1Mbps / per-link line rate / INCOMPLETE: missing lane / interval BER,No checked bits,No checked bits,No checked bits,0.000E+0,Unavailable,Unavailable,Unavailable (RF),Unavailable (RF),Unavailable (RF)
2026-10-01 17:23:12,SMP / RF 1Mbps / per-link line rate / INCOMPLETE: missing lane / interval BER,No checked bits,No checked bits,No checked bits,0.000E+0,Unavailable,Unavailable,Unavailable (RF),Unavailable (RF),Unavailable (RF)
2026-10-01 17:23:13,SMP / RF 1Mbps / per-link line rate / INCOMPLETE: missing lane / interval BER,No checked bits,No checked bits,No checked bits,0.000E+0,Unavailable,Unavailable,Unavailable (RF),Unavailable (RF),Unavailable (RF)
2026-10-01 17:23:14,SMP / RF 1Mbps / per-link line rate / INCOMPLETE: missing lane / interval BER,No checked bits,No checked bits,No checked bits,0.000E+0,Unavailable,Unavailable,Unavailable (RF),Unavailable (RF),Unavailable (RF)
2026-10-01 17:23:15,SMP / RF 1Mbps / per-link line rate / INCOMPLETE: missing lane / interval BER,No checked bits,No checked bits,No checked bits,0.000E+0,Unavailable,Unavailable,Unavailable (RF),Unavailable (RF),Unavailable (RF)
2026-10-01 17:23:16,SMP / RF 1Mbps / per-link line rate / INCOMPLETE: missing lane / interval BER,No checked bits,No checked bits,No checked bits,0.000E+0,Unavailable,Unavailable,Unavailable (RF),Unavailable (RF),Unavailable (RF)
2026-10-01 17:23:17,SMP / RF 1Mbps / per-link line rate / INCOMPLETE: missing lane / interval BER,No checked bits,No checked bits,No checked bits,0.000E+0,Unavailable,Unavailable,Unavailable (RF),Unavailable (RF),Unavailable (RF)
2026-10-01 17:23:18,SMP / RF 1Mbps / per-link line rate / INCOMPLETE: missing lane / interval BER,No checked bits,No checked bits,No checked bits,0.000E+0,Unavailable,Unavailable,Unavailable (RF),Unavailable (RF),Unavailable (RF)
2026-10-01 17:23:19,SMP / RF 1Mbps / per-link line rate / INCOMPLETE: missing lane / interval BER,No checked bits,No checked bits,No checked bits,0.000E+0,Unavailable,Unavailable,Unavailable (RF),Unavailable (RF),Unavailable (RF)
2026-10-01 17:23:20,SMP / RF 1Mbps / per-link line rate / INCOMPLETE: missing lane / interval BER,No checked bits,No checked bits,No checked bits,0.000E+0,Unavailable,Unavailable,Unavailable (RF),Unavailable (RF),Unavailable (RF)
2026-10-01 17:23:21,SMP / RF 1Mbps / per-link line rate / INCOMPLETE: missing lane / interval BER,No checked bits,No checked bits,No checked bits,0.000E+0,Unavailable,Unavailable,Unavailable (RF),Unavailable (RF),Unavailable (RF)
2026-10-01 17:23:22,SMP / RF 1Mbps / per-link line rate / INCOMPLETE: missing lane / interval BER,No checked bits,No checked bits,No checked bits,0.000E+0,Unavailable,Unavailable,Unavailable (RF),Unavailable (RF),Unavailable (RF)
2026-10-01 17:23:23,SMP / RF 1Mbps / per-link line rate / INCOMPLETE: missing lane / interval BER,No checked bits,No checked bits,No checked bits,0.000E+0,Unavailable,Unavailable,Unavailable (RF),Unavailable (RF),Unavailable (RF)
2026-10-01 17:23:24,SMP / RF 1Mbps / per-link line rate / INCOMPLETE: missing lane / interval BER,No checked bits,No checked bits,No checked bits,0.000E+0,Unavailable,Unavailable,Unavailable (RF),Unavailable (RF),Unavailable (RF)
2026-10-01 17:23:25,SMP / RF 1Mbps / per-link line rate / INCOMPLETE: missing lane / interval BER,No checked bits,No checked bits,No checked bits,0.000E+0,Unavailable,Unavailable,Unavailable (RF),Unavailable (RF),Unavailable (RF)
2026-10-01 17:23:26,SMP / RF 1Mbps / per-link line rate / INCOMPLETE: missing lane / interval BER,No checked bits,No checked bits,No checked bits,0.000E+0,Unavailable,Unavailable,Unavailable (RF),Unavailable (RF),Unavailable (RF)
2026-10-01 17:23:27,SMP / RF 1Mbps / per-link line rate / INCOMPLETE: missing lane / interval BER,No checked bits,No checked bits,No checked bits,0.000E+0,Unavailable,Unavailable,Unavailable (RF),Unavailable (RF),Unavailable (RF)
2026-10-01 17:23:28,SMP / RF 1Mbps / per-link line rate / INCOMPLETE: missing lane / interval BER,No checked bits,No checked bits,No checked bits,0.000E+0,Unavailable,Unavailable,Unavailable (RF),Unavailable (RF),Unavailable (RF)
2026-10-01 17:23:29,SMP / RF 1Mbps / per-link line rate / INCOMPLETE: missing lane / interval BER,No checked bits,No checked bits,No checked bits,0.000E+0,Unavailable,Unavailable,Unavailable (RF),Unavailable (RF),Unavailable (RF)
2026-10-01 17:23:30,SMP / RF 1Mbps / per-link line rate / INCOMPLETE: missing lane / interval BER,No checked bits,No checked bits,No checked bits,0.000E+0,Unavailable,Unavailable,Unavailable (RF),Unavailable (RF),Unavailable (RF)
2026-10-01 17:23:31,SMP / RF 1Mbps / per-link line rate / INCOMPLETE: missing lane / interval BER,No checked bits,No checked bits,No checked bits,0.000E+0,Unavailable,Unavailable,Unavailable (RF),Unavailable (RF),Unavailable (RF)
2026-10-01 17:23:32,SMP / RF 1Mbps / per-link line rate / INCOMPLETE: missing lane / interval BER,No checked bits,No checked bits,No checked bits,0.000E+0,Unavailable,Unavailable,Unavailable (RF),Unavailable (RF),Unavailable (RF)
2026-10-01 17:23:33,SMP / RF 1Mbps / per-link line rate / INCOMPLETE: missing lane / interval BER,No checked bits,No checked bits,No checked bits,0.000E+0,Unavailable,Unavailable,Unavailable (RF),Unavailable (RF),Unavailable (RF)
2026-10-01 17:23:34,SMP / RF 1Mbps / per-link line rate / INCOMPLETE: missing lane / interval BER,No checked bits,No checked bits,No checked bits,0.000E+0,Unavailable,Unavailable,Unavailable (RF),Unavailable (RF),Unavailable (RF)
2026-10-01 17:23:35,SMP / RF 1Mbps / per-link line rate / INCOMPLETE: missing lane / interval BER,No checked bits,No checked bits,No checked bits,0.000E+0,Unavailable,Unavailable,Unavailable (RF),Unavailable (RF),Unavailable (RF)
2026-10-01 17:23:36,SMP / RF 1Mbps / per-link line rate / INCOMPLETE: missing lane / interval BER,No checked bits,No checked bits,No checked bits,0.000E+0,Unavailable,Unavailable,Unavailable (RF),Unavailable (RF),Unavailable (RF)
2026-10-01 17:23:37,SMP / RF 1Mbps / per-link line rate / INCOMPLETE: missing lane / interval BER,No checked bits,No checked bits,No checked bits,0.000E+0,Unavailable,Unavailable,Unavailable (RF),Unavailable (RF),Unavailable (RF)
2026-10-01 17:23:38,SMP / RF 1Mbps / per-link line rate / INCOMPLETE: missing lane / interval BER,No checked bits,No checked bits,No checked bits,0.000E+0,Unavailable,Unavailable,Unavailable (RF),Unavailable (RF),Unavailable (RF)
2026-10-01 17:23:39,SMP / RF 1Mbps / per-link line rate / INCOMPLETE: missing lane / interval BER,No checked bits,No checked bits,No checked bits,0.000E+0,Unavailable,Unavailable,Unavailable (RF),Unavailable (RF),Unavailable (RF)
2026-10-01 17:23:40,SMP / RF 1Mbps / per-link line rate / INCOMPLETE: missing lane / interval BER,No checked bits,No checked bits,No checked bits,0.000E+0,Unavailable,Unavailable,Unavailable (RF),Unavailable (RF),Unavailable (RF)
2026-10-01 17:23:41,SMP / RF 1Mbps / per-link line rate / INCOMPLETE: missing lane / interval BER,No checked bits,No checked bits,No checked bits,0.000E+0,Unavailable,Unavailable,Unavailable (RF),Unavailable (RF),Unavailable (RF)
2026-10-01 17:23:42,SMP / RF 1Mbps / per-link line rate / INCOMPLETE: missing lane / interval BER,No checked bits,No checked bits,No checked bits,0.000E+0,Unavailable,Unavailable,Unavailable (RF),Unavailable (RF),Unavailable (RF)
2026-10-01 17:23:43,SMP / RF 1Mbps / per-link line rate / INCOMPLETE: missing lane / interval BER,No checked bits,No checked bits,No checked bits,0.000E+0,Unavailable,Unavailable,Unavailable (RF),Unavailable (RF),Unavailable (RF)
2026-10-01 17:23:44,SMP / RF 1Mbps / per-link line rate / INCOMPLETE: missing lane / interval BER,No checked bits,No checked bits,No checked bits,0.000E+0,Unavailable,Unavailable,Unavailable (RF),Unavailable (RF),Unavailable (RF)
2026-10-01 17:23:45,SMP / RF 1Mbps / per-link line rate / INCOMPLETE: missing lane / interval BER,No checked bits,No checked bits,No checked bits,0.000E+0,Unavailable,Unavailable,Unavailable (RF),Unavailable (RF),Unavailable (RF)
2026-10-01 17:23:46,SMP / RF 1Mbps / per-link line rate / INCOMPLETE: missing lane / interval BER,No checked bits,No checked bits,No checked bits,0.000E+0,Unavailable,Unavailable,Unavailable (RF),Unavailable (RF),Unavailable (RF)
2026-10-01 17:23:47,SMP / RF 1Mbps / per-link line rate / INCOMPLETE: missing lane / interval BER,No checked bits,No checked bits,No checked bits,0.000E+0,Unavailable,Unavailable,Unavailable (RF),Unavailable (RF),Unavailable (RF)
2026-10-01 17:23:48,SMP / RF 1Mbps / per-link line rate / INCOMPLETE: missing lane / interval BER,No checked bits,No checked bits,No checked bits,0.000E+0,Unavailable,Unavailable,Unavailable (RF),Unavailable (RF),Unavailable (RF)
2026-10-01 17:23:49,SMP / RF 1Mbps / per-link line rate / INCOMPLETE: missing lane / interval BER,No checked bits,No checked bits,No checked bits,0.000E+0,Unavailable,Unavailable,Unavailable (RF),Unavailable (RF),Unavailable (RF)
2026-10-01 17:23:50,SMP / RF 1Mbps / per-link line rate / INCOMPLETE: missing lane / interval BER,No checked bits,No checked bits,No checked bits,0.000E+0,Unavailable,Unavailable,Unavailable (RF),Unavailable (RF),Unavailable (RF)
2026-10-01 17:23:51,SMP / RF 1Mbps / per-link line rate / INCOMPLETE: missing lane / interval BER,No checked bits,No checked bits,No checked bits,0.000E+0,Unavailable,Unavailable,Unavailable (RF),Unavailable (RF),Unavailable (RF)
2026-10-01 17:23:52,SMP / RF 1Mbps / per-link line rate / INCOMPLETE: missing lane / interval BER,No checked bits,No checked bits,No checked bits,0.000E+0,Unavailable,Unavailable,Unavailable (RF),Unavailable (RF),Unavailable (RF)
2026-10-01 17:23:53,SMP / RF 1Mbps / per-link line rate / INCOMPLETE: missing lane / interval BER,No checked bits,No checked bits,No checked bits,0.000E+0,Unavailable,Unavailable,Unavailable (RF),Unavailable (RF),Unavailable (RF)
2026-10-01 17:23:54,SMP / RF 1Mbps / per-link line rate / INCOMPLETE: missing lane / interval BER,No checked bits,No checked bits,No checked bits,0.000E+0,Unavailable,Unavailable,Unavailable (RF),Unavailable (RF),Unavailable (RF)
2026-10-01 17:23:55,SMP / RF 1Mbps / per-link line rate / INCOMPLETE: missing lane / interval BER,No checked bits,No checked bits,No checked bits,0.000E+0,Unavailable,Unavailable,Unavailable (RF),Unavailable (RF),Unavailable (RF)
2026-10-01 17:23:56,SMP / RF 1Mbps / per-link line rate / INCOMPLETE: missing lane / interval BER,No checked bits,No checked bits,No checked bits,0.000E+0,Unavailable,Unavailable,Unavailable (RF),Unavailable (RF),Unavailable (RF)
2026-10-01 17:23:57,SMP / RF 1Mbps / per-link line rate / INCOMPLETE: missing lane / interval BER,No checked bits,No checked bits,No checked bits,0.000E+0,Unavailable,Unavailable,Unavailable (RF),Unavailable (RF),Unavailable (RF)
2026-10-01 17:23:58,SMP / RF 1Mbps / per-link line rate / INCOMPLETE: missing lane / interval BER,No checked bits,No checked bits,No checked bits,0.000E+0,Unavailable,Unavailable,Unavailable (RF),Unavailable (RF),Unavailable (RF)
2026-10-01 17:23:59,SMP / RF 1Mbps / per-link line rate / INCOMPLETE: missing lane / interval BER,No checked bits,No checked bits,No checked bits,0.000E+0,Unavailable,Unavailable,Unavailable (RF),Unavailable (RF),Unavailable (RF)
2026-10-01 17:24:00,SMP / RF 1Mbps / per-link line rate / INCOMPLETE: missing lane / interval BER,No checked bits,No checked bits,No checked bits,0.000E+0,Unavailable,Unavailable,Unavailable (RF),Unavailable (RF),Unavailable (RF)
2026-10-01 17:24:01,SMP / RF 1Mbps / per-link line rate / INCOMPLETE: missing lane / interval BER,No checked bits,No checked bits,No checked bits,0.000E+0,Unavailable,Unavailable,Unavailable (RF),Unavailable (RF),Unavailable (RF)
2026-10-01 17:24:02,SMP / RF 1Mbps / per-link line rate / INCOMPLETE: missing lane / interval BER,No checked bits,No checked bits,No checked bits,0.000E+0,Unavailable,Unavailable,Unavailable (RF),Unavailable (RF),Unavailable (RF)
2026-10-01 17:24:03,SMP / RF 1Mbps / per-link line rate / INCOMPLETE: missing lane / interval BER,No checked bits,No checked bits,No checked bits,0.000E+0,Unavailable,Unavailable,Unavailable (RF),Unavailable (RF),Unavailable (RF)
2026-10-01 17:24:04,SMP / RF 1Mbps / per-link line rate / INCOMPLETE: missing lane / interval BER,No checked bits,No checked bits,No checked bits,0.000E+0,Unavailable,Unavailable,Unavailable (RF),Unavailable (RF),Unavailable (RF)
2026-10-01 17:24:05,SMP / RF 1Mbps / per-link line rate / INCOMPLETE: missing lane / interval BER,No checked bits,No checked bits,No checked bits,0.000E+0,Unavailable,Unavailable,Unavailable (RF),Unavailable (RF),Unavailable (RF)
2026-10-01 17:24:06,SMP / RF 1Mbps / per-link line rate / INCOMPLETE: missing lane / interval BER,No checked bits,No checked bits,No checked bits,0.000E+0,Unavailable,Unavailable,Unavailable (RF),Unavailable (RF),Unavailable (RF)
2026-10-01 17:24:07,SMP / RF 1Mbps / per-link line rate / INCOMPLETE: missing lane / interval BER,No checked bits,No checked bits,No checked bits,0.000E+0,Unavailable,Unavailable,Unavailable (RF),Unavailable (RF),Unavailable (RF)
2026-10-01 17:24:08,SMP / RF 1Mbps / per-link line rate / INCOMPLETE: missing lane / interval BER,No checked bits,No checked bits,No checked bits,0.000E+0,Unavailable,Unavailable,Unavailable (RF),Unavailable (RF),Unavailable (RF)
2026-10-01 17:24:09,SMP / RF 1Mbps / per-link line rate / INCOMPLETE: missing lane / interval BER,No checked bits,No checked bits,No checked bits,0.000E+0,Unavailable,Unavailable,Unavailable (RF),Unavailable (RF),Unavailable (RF)
2026-10-01 17:24:10,SMP / RF 1Mbps / per-link line rate / INCOMPLETE: missing lane / interval BER,No checked bits,No checked bits,No checked bits,0.000E+0,Unavailable,Unavailable,Unavailable (RF),Unavailable (RF),Unavailable (RF)
2026-10-01 17:24:11,SMP / RF 1Mbps / per-link line rate / INCOMPLETE: missing lane / interval BER,No checked bits,No checked bits,No checked bits,0.000E+0,Unavailable,Unavailable,Unavailable (RF),Unavailable (RF),Unavailable (RF)
2026-10-01 17:24:12,SMP / RF 1Mbps / per-link line rate / INCOMPLETE: missing lane / interval BER,No checked bits,No checked bits,No checked bits,0.000E+0,Unavailable,Unavailable,Unavailable (RF),Unavailable (RF),Unavailable (RF)
2026-10-01 17:24:13,SMP / RF 1Mbps / per-link line rate / INCOMPLETE: missing lane / interval BER,No checked bits,No checked bits,No checked bits,0.000E+0,Unavailable,Unavailable,Unavailable (RF),Unavailable (RF),Unavailable (RF)
2026-10-01 17:24:14,SMP / RF 1Mbps / per-link line rate / INCOMPLETE: missing lane / interval BER,No checked bits,No checked bits,No checked bits,0.000E+0,Unavailable,Unavailable,Unavailable (RF),Unavailable (RF),Unavailable (RF)
2026-10-01 17:24:15,SMP / RF 1Mbps / per-link line rate / INCOMPLETE: missing lane / interval BER,No checked bits,No checked bits,No checked bits,0.000E+0,Unavailable,Unavailable,Unavailable (RF),Unavailable (RF),Unavailable (RF)
2026-10-01 17:24:16,SMP / RF 1Mbps / per-link line rate / INCOMPLETE: missing lane / interval BER,No checked bits,No checked bits,No checked bits,0.000E+0,Unavailable,Unavailable,Unavailable (RF),Unavailable (RF),Unavailable (RF)
2026-10-01 17:24:17,SMP / RF 1Mbps / per-link line rate / INCOMPLETE: missing lane / interval BER,No checked bits,No checked bits,No checked bits,0.000E+0,Unavailable,Unavailable,Unavailable (RF),Unavailable (RF),Unavailable (RF)
2026-10-01 17:24:18,SMP / RF 1Mbps / per-link line rate / INCOMPLETE: missing lane / interval BER,No checked bits,No checked bits,No checked bits,0.000E+0,Unavailable,Unavailable,Unavailable (RF),Unavailable (RF),Unavailable (RF)
2026-10-01 17:24:19,SMP / RF 1Mbps / per-link line rate / INCOMPLETE: missing lane / interval BER,No checked bits,No checked bits,No checked bits,0.000E+0,Unavailable,Unavailable,Unavailable (RF),Unavailable (RF),Unavailable (RF)
2026-10-01 17:24:20,SMP / RF 1Mbps / per-link line rate / INCOMPLETE: missing lane / interval BER,No checked bits,No checked bits,No checked bits,0.000E+0,Unavailable,Unavailable,Unavailable (RF),Unavailable (RF),Unavailable (RF)
2026-10-01 17:24:21,SMP / RF 1Mbps / per-link line rate / INCOMPLETE: missing lane / interval BER,No checked bits,No checked bits,No checked bits,0.000E+0,Unavailable,Unavailable,Unavailable (RF),Unavailable (RF),Unavailable (RF)
2026-10-01 17:24:22,SMP / RF 1Mbps / per-link line rate / INCOMPLETE: missing lane / interval BER,No checked bits,No checked bits,No checked bits,0.000E+0,Unavailable,Unavailable,Unavailable (RF),Unavailable (RF),Unavailable (RF)
2026-10-01 17:24:23,SMP / RF 1Mbps / per-link line rate / INCOMPLETE: missing lane / interval BER,No checked bits,No checked bits,No checked bits,0.000E+0,Unavailable,Unavailable,Unavailable (RF),Unavailable (RF),Unavailable (RF)
2026-10-01 17:24:24,SMP / RF 1Mbps / per-link line rate / INCOMPLETE: missing lane / interval BER,No checked bits,No checked bits,No checked bits,0.000E+0,Unavailable,Unavailable,Unavailable (RF),Unavailable (RF),Unavailable (RF)
2026-10-01 17:24:25,SMP / RF 1Mbps / per-link line rate / INCOMPLETE: missing lane / interval BER,No checked bits,No checked bits,No checked bits,0.000E+0,Unavailable,Unavailable,Unavailable (RF),Unavailable (RF),Unavailable (RF)
2026-10-01 17:24:26,SMP / RF 1Mbps / per-link line rate / INCOMPLETE: missing lane / interval BER,No checked bits,No checked bits,No checked bits,0.000E+0,Unavailable,Unavailable,Unavailable (RF),Unavailable (RF),Unavailable (RF)
2026-10-01 17:24:27,SMP / RF 1Mbps / per-link line rate / INCOMPLETE: missing lane / interval BER,No checked bits,No checked bits,No checked bits,0.000E+0,Unavailable,Unavailable,Unavailable (RF),Unavailable (RF),Unavailable (RF)
2026-10-01 17:24:28,SMP / RF 1Mbps / per-link line rate / INCOMPLETE: missing lane / interval BER,No checked bits,No checked bits,No checked bits,0.000E+0,Unavailable,Unavailable,Unavailable (RF),Unavailable (RF),Unavailable (RF)
2026-10-01 17:24:29,SMP / RF 1Mbps / per-link line rate / INCOMPLETE: missing lane / interval BER,No checked bits,No checked bits,No checked bits,0.000E+0,Unavailable,Unavailable,Unavailable (RF),Unavailable (RF),Unavailable (RF)
2026-10-01 17:24:30,SMP / RF 1Mbps / per-link line rate / INCOMPLETE: missing lane / interval BER,No checked bits,No checked bits,No checked bits,0.000E+0,Unavailable,Unavailable,Unavailable (RF),Unavailable (RF),Unavailable (RF)
2026-10-01 17:24:31,SMP / RF 1Mbps / per-link line rate / INCOMPLETE: missing lane / interval BER,No checked bits,No checked bits,No checked bits,0.000E+0,Unavailable,Unavailable,Unavailable (RF),Unavailable (RF),Unavailable (RF)
2026-10-01 17:24:32,SMP / RF 1Mbps / per-link line rate / INCOMPLETE: missing lane / interval BER,No checked bits,No checked bits,No checked bits,0.000E+0,Unavailable,Unavailable,Unavailable (RF),Unavailable (RF),Unavailable (RF)
2026-10-01 17:24:33,SMP / RF 1Mbps / per-link line rate / INCOMPLETE: missing lane / interval BER,No checked bits,No checked bits,No checked bits,0.000E+0,Unavailable,Unavailable,Unavailable (RF),Unavailable (RF),Unavailable (RF)
2026-10-01 17:24:34,SMP / RF 1Mbps / per-link line rate / INCOMPLETE: missing lane / interval BER,No checked bits,No checked bits,No checked bits,0.000E+0,Unavailable,Unavailable,Unavailable (RF),Unavailable (RF),Unavailable (RF)
2026-10-01 17:24:35,SMP / RF 1Mbps / per-link line rate / INCOMPLETE: missing lane / interval BER,No checked bits,No checked bits,No checked bits,0.000E+0,Unavailable,Unavailable,Unavailable (RF),Unavailable (RF),Unavailable (RF)
2026-10-01 17:24:36,SMP / RF 1Mbps / per-link line rate / INCOMPLETE: missing lane / interval BER,No checked bits,No checked bits,No checked bits,0.000E+0,Unavailable,Unavailable,Unavailable (RF),Unavailable (RF),Unavailable (RF)
2026-10-01 17:24:37,SMP / RF 1Mbps / per-link line rate / INCOMPLETE: missing lane / interval BER,No checked bits,No checked bits,No checked bits,0.000E+0,Unavailable,Unavailable,Unavailable (RF),Unavailable (RF),Unavailable (RF)
2026-10-01 17:24:38,SMP / RF 1Mbps / per-link line rate / INCOMPLETE: missing lane / interval BER,No checked bits,No checked bits,No checked bits,0.000E+0,Unavailable,Unavailable,Unavailable (RF),Unavailable (RF),Unavailable (RF)
2026-10-01 17:24:39,SMP / RF 1Mbps / per-link line rate / INCOMPLETE: missing lane / interval BER,No checked bits,No checked bits,No checked bits,0.000E+0,Unavailable,Unavailable,Unavailable (RF),Unavailable (RF),Unavailable (RF)
2026-10-01 17:24:40,SMP / RF 1Mbps / per-link line rate / INCOMPLETE: missing lane / interval BER,No checked bits,No checked bits,No checked bits,0.000E+0,Unavailable,Unavailable,Unavailable (RF),Unavailable (RF),Unavailable (RF)
2026-10-01 17:24:41,SMP / RF 1Mbps / per-link line rate / INCOMPLETE: missing lane / interval BER,No checked bits,No checked bits,No checked bits,0.000E+0,Unavailable,Unavailable,Unavailable (RF),Unavailable (RF),Unavailable (RF)
2026-10-01 17:24:42,SMP / RF 1Mbps / per-link line rate / INCOMPLETE: missing lane / interval BER,No checked bits,No checked bits,No checked bits,0.000E+0,Unavailable,Unavailable,Unavailable (RF),Unavailable (RF),Unavailable (RF)
2026-10-01 17:24:43,SMP / RF 1Mbps / per-link line rate / INCOMPLETE: missing lane / interval BER,No checked bits,No checked bits,No checked bits,0.000E+0,Unavailable,Unavailable,Unavailable (RF),Unavailable (RF),Unavailable (RF)
2026-10-01 17:24:44,SMP / RF 1Mbps / per-link line rate / INCOMPLETE: missing lane / interval BER,No checked bits,No checked bits,No checked bits,0.000E+0,Unavailable,Unavailable,Unavailable (RF),Unavailable (RF),Unavailable (RF)
2026-10-01 17:24:45,SMP / RF 1Mbps / per-link line rate / INCOMPLETE: missing lane / interval BER,No checked bits,No checked bits,No checked bits,0.000E+0,Unavailable,Unavailable,Unavailable (RF),Unavailable (RF),Unavailable (RF)
2026-10-01 17:24:46,SMP / RF 1Mbps / per-link line rate / INCOMPLETE: missing lane / interval BER,No checked bits,No checked bits,No checked bits,0.000E+0,Unavailable,Unavailable,Unavailable (RF),Unavailable (RF),Unavailable (RF)
2026-10-01 17:24:47,SMP / RF 1Mbps / per-link line rate / INCOMPLETE: missing lane / interval BER,No checked bits,No checked bits,No checked bits,0.000E+0,Unavailable,Unavailable,Unavailable (RF),Unavailable (RF),Unavailable (RF)
2026-10-01 17:24:48,SMP / RF 1Mbps / per-link line rate / INCOMPLETE: missing lane / interval BER,No checked bits,No checked bits,No checked bits,0.000E+0,Unavailable,Unavailable,Unavailable (RF),Unavailable (RF),Unavailable (RF)
2026-10-01 17:24:49,SMP / RF 1Mbps / per-link line rate / INCOMPLETE: missing lane / interval BER,No checked bits,No checked bits,No checked bits,0.000E+0,Unavailable,Unavailable,Unavailable (RF),Unavailable (RF),Unavailable (RF)
2026-10-01 17:24:50,SMP / RF 1Mbps / per-link line rate / INCOMPLETE: missing lane / interval BER,No checked bits,No checked bits,No checked bits,0.000E+0,Unavailable,Unavailable,Unavailable (RF),Unavailable (RF),Unavailable (RF)
2026-10-01 17:24:51,SMP / RF 1Mbps / per-link line rate / INCOMPLETE: missing lane / interval BER,No checked bits,No checked bits,No checked bits,0.000E+0,Unavailable,Unavailable,Unavailable (RF),Unavailable (RF),Unavailable (RF)
2026-10-01 17:24:52,SMP / RF 1Mbps / per-link line rate / INCOMPLETE: missing lane / interval BER,No checked bits,No checked bits,No checked bits,0.000E+0,Unavailable,Unavailable,Unavailable (RF),Unavailable (RF),Unavailable (RF)
2026-10-01 17:24:53,SMP / RF 1Mbps / per-link line rate / INCOMPLETE: missing lane / interval BER,No checked bits,No checked bits,No checked bits,0.000E+0,Unavailable,Unavailable,Unavailable (RF),Unavailable (RF),Unavailable (RF)
2026-10-01 17:24:54,SMP / RF 1Mbps / per-link line rate / INCOMPLETE: missing lane / interval BER,No checked bits,No checked bits,No checked bits,0.000E+0,Unavailable,Unavailable,Unavailable (RF),Unavailable (RF),Unavailable (RF)
2026-10-01 17:24:55,SMP / RF 1Mbps / per-link line rate / INCOMPLETE: missing lane / interval BER,No checked bits,No checked bits,No checked bits,0.000E+0,Unavailable,Unavailable,Unavailable (RF),Unavailable (RF),Unavailable (RF)
2026-10-01 17:24:56,SMP / RF 1Mbps / per-link line rate / INCOMPLETE: missing lane / interval BER,No checked bits,No checked bits,No checked bits,0.000E+0,Unavailable,Unavailable,Unavailable (RF),Unavailable (RF),Unavailable (RF)
2026-10-01 17:24:57,SMP / RF 1Mbps / per-link line rate / INCOMPLETE: missing lane / interval BER,No checked bits,No checked bits,No checked bits,0.000E+0,Unavailable,Unavailable,Unavailable (RF),Unavailable (RF),Unavailable (RF)
2026-10-01 17:24:58,SMP / RF 1Mbps / per-link line rate / INCOMPLETE: missing lane / interval BER,No checked bits,No checked bits,No checked bits,0.000E+0,Unavailable,Unavailable,Unavailable (RF),Unavailable (RF),Unavailable (RF)
2026-10-01 17:24:59,SMP / RF 1Mbps / per-link line rate / INCOMPLETE: missing lane / interval BER,No checked bits,No checked bits,No checked bits,0.000E+0,Unavailable,Unavailable,Unavailable (RF),Unavailable (RF),Unavailable (RF)
2026-10-01 17:25:00,SMP / RF 1Mbps / per-link line rate / INCOMPLETE: missing lane / interval BER,No checked bits,No checked bits,No checked bits,0.000E+0,Unavailable,Unavailable,Unavailable (RF),Unavailable (RF),Unavailable (RF)
2026-10-01 17:25:01,SMP / RF 1Mbps / per-link line rate / INCOMPLETE: missing lane / interval BER,No checked bits,No checked bits,No checked bits,0.000E+0,Unavailable,Unavailable,Unavailable (RF),Unavailable (RF),Unavailable (RF)
2026-10-01 17:25:02,SMP / RF 1Mbps / per-link line rate / INCOMPLETE: missing lane / interval BER,No checked bits,No checked bits,No checked bits,0.000E+0,Unavailable,Unavailable,Unavailable (RF),Unavailable (RF),Unavailable (RF)
2026-10-01 17:25:03,SMP / RF 1Mbps / per-link line rate / INCOMPLETE: missing lane / interval BER,No checked bits,No checked bits,No checked bits,0.000E+0,Unavailable,Unavailable,Unavailable (RF),Unavailable (RF),Unavailable (RF)
2026-10-01 17:25:04,SMP / RF 1Mbps / per-link line rate / INCOMPLETE: missing lane / interval BER,No checked bits,No checked bits,No checked bits,0.000E+0,Unavailable,Unavailable,Unavailable (RF),Unavailable (RF),Unavailable (RF)
2026-10-01 17:25:05,SMP / RF 1Mbps / per-link line rate / INCOMPLETE: missing lane / interval BER,No checked bits,No checked bits,No checked bits,0.000E+0,Unavailable,Unavailable,Unavailable (RF),Unavailable (RF),Unavailable (RF)
2026-10-01 17:25:06,SMP / RF 1Mbps / per-link line rate / INCOMPLETE: missing lane / interval BER,No checked bits,No checked bits,No checked bits,0.000E+0,Unavailable,Unavailable,Unavailable (RF),Unavailable (RF),Unavailable (RF)
2026-10-01 17:25:07,SMP / RF 1Mbps / per-link line rate / INCOMPLETE: missing lane / interval BER,No checked bits,No checked bits,No checked bits,0.000E+0,Unavailable,Unavailable,Unavailable (RF),Unavailable (RF),Unavailable (RF)
2026-10-01 17:25:08,SMP / RF 1Mbps / per-link line rate / INCOMPLETE: missing lane / interval BER,No checked bits,No checked bits,No checked bits,0.000E+0,Unavailable,Unavailable,Unavailable (RF),Unavailable (RF),Unavailable (RF)
2026-10-01 17:25:09,SMP / RF 1Mbps / per-link line rate / INCOMPLETE: missing lane / interval BER,No checked bits,No checked bits,No checked bits,0.000E+0,Unavailable,Unavailable,Unavailable (RF),Unavailable (RF),Unavailable (RF)
2026-10-01 17:25:10,SMP / RF 1Mbps / per-link line rate / INCOMPLETE: missing lane / interval BER,No checked bits,No checked bits,No checked bits,0.000E+0,Unavailable,Unavailable,Unavailable (RF),Unavailable (RF),Unavailable (RF)
2026-10-01 17:25:11,SMP / RF 1Mbps / per-link line rate / INCOMPLETE: missing lane / interval BER,No checked bits,No checked bits,No checked bits,0.000E+0,Unavailable,Unavailable,Unavailable (RF),Unavailable (RF),Unavailable (RF)
2026-10-01 17:25:12,SMP / RF 1Mbps / per-link line rate / INCOMPLETE: missing lane / interval BER,No checked bits,No checked bits,No checked bits,0.000E+0,Unavailable,Unavailable,Unavailable (RF),Unavailable (RF),Unavailable (RF)
2026-10-01 17:25:13,SMP / RF 1Mbps / per-link line rate / INCOMPLETE: missing lane / interval BER,No checked bits,No checked bits,No checked bits,0.000E+0,Unavailable,Unavailable,Unavailable (RF),Unavailable (RF),Unavailable (RF)
2026-10-01 17:25:14,SMP / RF 1Mbps / per-link line rate / INCOMPLETE: missing lane / interval BER,No checked bits,No checked bits,No checked bits,0.000E+0,Unavailable,Unavailable,Unavailable (RF),Unavailable (RF),Unavailable (RF)
2026-10-01 17:25:15,SMP / RF 1Mbps / per-link line rate / INCOMPLETE: missing lane / interval BER,No checked bits,No checked bits,No checked bits,0.000E+0,Unavailable,Unavailable,Unavailable (RF),Unavailable (RF),Unavailable (RF)
2026-10-01 17:25:16,SMP / RF 1Mbps / per-link line rate / INCOMPLETE: missing lane / interval BER,No checked bits,No checked bits,No checked bits,0.000E+0,Unavailable,Unavailable,Unavailable (RF),Unavailable (RF),Unavailable (RF)
2026-10-01 17:25:17,SMP / RF 1Mbps / per-link line rate / INCOMPLETE: missing lane / interval BER,No checked bits,No checked bits,No checked bits,0.000E+0,Unavailable,Unavailable,Unavailable (RF),Unavailable (RF),Unavailable (RF)
2026-10-01 17:25:18,SMP / RF 1Mbps / per-link line rate / INCOMPLETE: missing lane / interval BER,No checked bits,No checked bits,No checked bits,0.000E+0,Unavailable,Unavailable,Unavailable (RF),Unavailable (RF),Unavailable (RF)
2026-10-01 17:25:19,SMP / RF 1Mbps / per-link line rate / INCOMPLETE: missing lane / interval BER,No checked bits,No checked bits,No checked bits,0.000E+0,Unavailable,Unavailable,Unavailable (RF),Unavailable (RF),Unavailable (RF)
2026-10-01 17:25:20,SMP / RF 1Mbps / per-link line rate / INCOMPLETE: missing lane / interval BER,No checked bits,No checked bits,No checked bits,0.000E+0,Unavailable,Unavailable,Unavailable (RF),Unavailable (RF),Unavailable (RF)
2026-10-01 17:25:21,SMP / RF 1Mbps / per-link line rate / INCOMPLETE: missing lane / interval BER,No checked bits,No checked bits,No checked bits,0.000E+0,Unavailable,Unavailable,Unavailable (RF),Unavailable (RF),Unavailable (RF)
2026-10-01 17:25:22,SMP / RF 1Mbps / per-link line rate / INCOMPLETE: missing lane / interval BER,No checked bits,No checked bits,No checked bits,0.000E+0,Unavailable,Unavailable,Unavailable (RF),Unavailable (RF),Unavailable (RF)
2026-10-01 17:25:23,SMP / RF 1Mbps / per-link line rate / INCOMPLETE: missing lane / interval BER,No checked bits,No checked bits,No checked bits,0.000E+0,Unavailable,Unavailable,Unavailable (RF),Unavailable (RF),Unavailable (RF)
2026-10-01 17:25:24,SMP / RF 1Mbps / per-link line rate / INCOMPLETE: missing lane / interval BER,No checked bits,No checked bits,No checked bits,0.000E+0,Unavailable,Unavailable,Unavailable (RF),Unavailable (RF),Unavailable (RF)
2026-10-01 17:25:25,SMP / RF 1Mbps / per-link line rate / INCOMPLETE: missing lane / interval BER,No checked bits,No checked bits,No checked bits,0.000E+0,Unavailable,Unavailable,Unavailable (RF),Unavailable (RF),Unavailable (RF)
2026-10-01 17:25:26,SMP / RF 1Mbps / per-link line rate / INCOMPLETE: missing lane / interval BER,No checked bits,No checked bits,No checked bits,0.000E+0,Unavailable,Unavailable,Unavailable (RF),Unavailable (RF),Unavailable (RF)
2026-10-01 17:25:27,SMP / RF 1Mbps / per-link line rate / INCOMPLETE: missing lane / interval BER,No checked bits,No checked bits,No checked bits,0.000E+0,Unavailable,Unavailable,Unavailable (RF),Unavailable (RF),Unavailable (RF)
2026-10-01 17:25:28,SMP / RF 1Mbps / per-link line rate / INCOMPLETE: missing lane / interval BER,No checked bits,No checked bits,No checked bits,0.000E+0,Unavailable,Unavailable,Unavailable (RF),Unavailable (RF),Unavailable (RF)
2026-10-01 17:25:29,SMP / RF 1Mbps / per-link line rate / INCOMPLETE: missing lane / interval BER,No checked bits,No checked bits,No checked bits,0.000E+0,Unavailable,Unavailable,Unavailable (RF),Unavailable (RF),Unavailable (RF)
2026-10-01 17:25:30,SMP / RF 1Mbps / per-link line rate / INCOMPLETE: missing lane / interval BER,No checked bits,No checked bits,No checked bits,0.000E+0,Unavailable,Unavailable,Unavailable (RF),Unavailable (RF),Unavailable (RF)
2026-10-01 17:25:31,SMP / RF 1Mbps / per-link line rate / INCOMPLETE: missing lane / interval BER,No checked bits,No checked bits,No checked bits,0.000E+0,Unavailable,Unavailable,Unavailable (RF),Unavailable (RF),Unavailable (RF)
2026-10-01 17:25:32,SMP / RF 1Mbps / per-link line rate / INCOMPLETE: missing lane / interval BER,No checked bits,No checked bits,No checked bits,0.000E+0,Unavailable,Unavailable,Unavailable (RF),Unavailable (RF),Unavailable (RF)
2026-10-01 17:25:33,SMP / RF 1Mbps / per-link line rate / INCOMPLETE: missing lane / interval BER,No checked bits,No checked bits,No checked bits,0.000E+0,Unavailable,Unavailable,Unavailable (RF),Unavailable (RF),Unavailable (RF)
2026-10-01 17:25:34,SMP / RF 1Mbps / per-link line rate / INCOMPLETE: missing lane / interval BER,No checked bits,No checked bits,No checked bits,0.000E+0,Unavailable,Unavailable,Unavailable (RF),Unavailable (RF),Unavailable (RF)
2026-10-01 17:25:35,SMP / RF 1Mbps / per-link line rate / INCOMPLETE: missing lane / interval BER,No checked bits,No checked bits,No checked bits,0.000E+0,Unavailable,Unavailable,Unavailable (RF),Unavailable (RF),Unavailable (RF)
2026-10-01 17:25:36,SMP / RF 1Mbps / per-link line rate / INCOMPLETE: missing lane / interval BER,No checked bits,No checked bits,No checked bits,0.000E+0,Unavailable,Unavailable,Unavailable (RF),Unavailable (RF),Unavailable (RF)
2026-10-01 17:25:37,SMP / RF 1Mbps / per-link line rate / INCOMPLETE: missing lane / interval BER,No checked bits,No checked bits,No checked bits,0.000E+0,Unavailable,Unavailable,Unavailable (RF),Unavailable (RF),Unavailable (RF)
2026-10-01 17:25:38,SMP / RF 1Mbps / per-link line rate / INCOMPLETE: missing lane / interval BER,No checked bits,No checked bits,No checked bits,0.000E+0,Unavailable,Unavailable,Unavailable (RF),Unavailable (RF),Unavailable (RF)
2026-10-01 17:25:39,SMP / RF 1Mbps / per-link line rate / INCOMPLETE: missing lane / interval BER,No checked bits,No checked bits,No checked bits,0.000E+0,Unavailable,Unavailable,Unavailable (RF),Unavailable (RF),Unavailable (RF)
2026-10-01 17:25:40,SMP / RF 1Mbps / per-link line rate / INCOMPLETE: missing lane / interval BER,No checked bits,No checked bits,No checked bits,0.000E+0,Unavailable,Unavailable,Unavailable (RF),Unavailable (RF),Unavailable (RF)
2026-10-01 17:25:41,SMP / RF 1Mbps / per-link line rate / INCOMPLETE: missing lane / interval BER,No checked bits,No checked bits,No checked bits,0.000E+0,Unavailable,Unavailable,Unavailable (RF),Unavailable (RF),Unavailable (RF)
2026-10-01 17:25:42,SMP / RF 1Mbps / per-link line rate / INCOMPLETE: missing lane / interval BER,No checked bits,No checked bits,No checked bits,0.000E+0,Unavailable,Unavailable,Unavailable (RF),Unavailable (RF),Unavailable (RF)
2026-10-01 17:25:43,SMP / RF 1Mbps / per-link line rate / INCOMPLETE: missing lane / interval BER,No checked bits,No checked bits,No checked bits,0.000E+0,Unavailable,Unavailable,Unavailable (RF),Unavailable (RF),Unavailable (RF)
2026-10-01 17:25:44,SMP / RF 1Mbps / per-link line rate / INCOMPLETE: missing lane / interval BER,No checked bits,No checked bits,No checked bits,0.000E+0,Unavailable,Unavailable,Unavailable (RF),Unavailable (RF),Unavailable (RF)
2026-10-01 17:25:45,SMP / RF 1Mbps / per-link line rate / INCOMPLETE: missing lane / interval BER,No checked bits,No checked bits,No checked bits,0.000E+0,Unavailable,Unavailable,Unavailable (RF),Unavailable (RF),Unavailable (RF)
2026-10-01 17:25:46,SMP / RF 1Mbps / per-link line rate / INCOMPLETE: missing lane / interval BER,No checked bits,No checked bits,No checked bits,0.000E+0,Unavailable,Unavailable,Unavailable (RF),Unavailable (RF),Unavailable (RF)
2026-10-01 17:25:47,SMP / RF 1Mbps / per-link line rate / INCOMPLETE: missing lane / interval BER,No checked bits,No checked bits,No checked bits,0.000E+0,Unavailable,Unavailable,Unavailable (RF),Unavailable (RF),Unavailable (RF)
2026-10-01 17:25:48,SMP / RF 1Mbps / per-link line rate / INCOMPLETE: missing lane / interval BER,No checked bits,No checked bits,No checked bits,0.000E+0,Unavailable,Unavailable,Unavailable (RF),Unavailable (RF),Unavailable (RF)
2026-10-01 17:25:49,SMP / RF 1Mbps / per-link line rate / INCOMPLETE: missing lane / interval BER,No checked bits,No checked bits,No checked bits,0.000E+0,Unavailable,Unavailable,Unavailable (RF),Unavailable (RF),Unavailable (RF)
2026-10-01 17:25:50,SMP / RF 1Mbps / per-link line rate / INCOMPLETE: missing lane / interval BER,No checked bits,No checked bits,No checked bits,0.000E+0,Unavailable,Unavailable,Unavailable (RF),Unavailable (RF),Unavailable (RF)
2026-10-01 17:25:51,SMP / RF 1Mbps / per-link line rate / INCOMPLETE: missing lane / interval BER,No checked bits,No checked bits,No checked bits,0.000E+0,Unavailable,Unavailable,Unavailable (RF),Unavailable (RF),Unavailable (RF)
2026-10-01 17:25:52,SMP / RF 1Mbps / per-link line rate / INCOMPLETE: missing lane / interval BER,No checked bits,No checked bits,No checked bits,0.000E+0,Unavailable,Unavailable,Unavailable (RF),Unavailable (RF),Unavailable (RF)
2026-10-01 17:25:53,SMP / RF 1Mbps / per-link line rate / INCOMPLETE: missing lane / interval BER,No checked bits,No checked bits,No checked bits,0.000E+0,Unavailable,Unavailable,Unavailable (RF),Unavailable (RF),Unavailable (RF)
2026-10-01 17:25:54,SMP / RF 1Mbps / per-link line rate / INCOMPLETE: missing lane / interval BER,No checked bits,No checked bits,No checked bits,0.000E+0,Unavailable,Unavailable,Unavailable (RF),Unavailable (RF),Unavailable (RF)
2026-10-01 17:25:55,SMP / RF 1Mbps / per-link line rate / INCOMPLETE: missing lane / interval BER,No checked bits,No checked bits,No checked bits,0.000E+0,Unavailable,Unavailable,Unavailable (RF),Unavailable (RF),Unavailable (RF)
2026-10-01 17:25:56,SMP / RF 1Mbps / per-link line rate / INCOMPLETE: missing lane / interval BER,No checked bits,No checked bits,No checked bits,0.000E+0,Unavailable,Unavailable,Unavailable (RF),Unavailable (RF),Unavailable (RF)
2026-10-01 17:25:57,SMP / RF 1Mbps / per-link line rate / INCOMPLETE: missing lane / interval BER,No checked bits,No checked bits,No checked bits,0.000E+0,Unavailable,Unavailable,Unavailable (RF),Unavailable (RF),Unavailable (RF)
2026-10-01 17:25:58,SMP / RF 1Mbps / per-link line rate / INCOMPLETE: missing lane / interval BER,No checked bits,No checked bits,No checked bits,0.000E+0,Unavailable,Unavailable,Unavailable (RF),Unavailable (RF),Unavailable (RF)
2026-10-01 17:25:59,SMP / RF 1Mbps / per-link line rate / INCOMPLETE: missing lane / interval BER,No checked bits,No checked bits,No checked bits,0.000E+0,Unavailable,Unavailable,Unavailable (RF),Unavailable (RF),Unavailable (RF)
2026-10-01 17:26:00,SMP / RF 1Mbps / per-link line rate / INCOMPLETE: missing lane / interval BER,No checked bits,No checked bits,No checked bits,0.000E+0,Unavailable,Unavailable,Unavailable (RF),Unavailable (RF),Unavailable (RF)
2026-10-01 17:26:01,SMP / RF 1Mbps / per-link line rate / INCOMPLETE: missing lane / interval BER,No checked bits,No checked bits,No checked bits,0.000E+0,Unavailable,Unavailable,Unavailable (RF),Unavailable (RF),Unavailable (RF)
2026-10-01 17:26:02,SMP / RF 1Mbps / per-link line rate / INCOMPLETE: missing lane / interval BER,No checked bits,No checked bits,No checked bits,0.000E+0,Unavailable,Unavailable,Unavailable (RF),Unavailable (RF),Unavailable (RF)
2026-10-01 17:26:03,SMP / RF 1Mbps / per-link line rate / INCOMPLETE: missing lane / interval BER,No checked bits,No checked bits,No checked bits,0.000E+0,Unavailable,Unavailable,Unavailable (RF),Unavailable (RF),Unavailable (RF)
2026-10-01 17:26:04,SMP / RF 1Mbps / per-link line rate / INCOMPLETE: missing lane / interval BER,No checked bits,No checked bits,No checked bits,0.000E+0,Unavailable,Unavailable,Unavailable (RF),Unavailable (RF),Unavailable (RF)
2026-10-01 17:26:05,SMP / RF 1Mbps / per-link line rate / INCOMPLETE: missing lane / interval BER,No checked bits,No checked bits,No checked bits,0.000E+0,Unavailable,Unavailable,Unavailable (RF),Unavailable (RF),Unavailable (RF)
2026-10-01 17:26:06,SMP / RF 1Mbps / per-link line rate / INCOMPLETE: missing lane / interval BER,No checked bits,No checked bits,No checked bits,0.000E+0,Unavailable,Unavailable,Unavailable (RF),Unavailable (RF),Unavailable (RF)
2026-10-01 17:26:07,SMP / RF 1Mbps / per-link line rate / INCOMPLETE: missing lane / interval BER,No checked bits,No checked bits,No checked bits,0.000E+0,Unavailable,Unavailable,Unavailable (RF),Unavailable (RF),Unavailable (RF)
2026-10-01 17:26:08,SMP / RF 1Mbps / per-link line rate / INCOMPLETE: missing lane / interval BER,No checked bits,No checked bits,No checked bits,0.000E+0,Unavailable,Unavailable,Unavailable (RF),Unavailable (RF),Unavailable (RF)
2026-10-01 17:26:09,SMP / RF 1Mbps / per-link line rate / INCOMPLETE: missing lane / interval BER,No checked bits,No checked bits,No checked bits,0.000E+0,Unavailable,Unavailable,Unavailable (RF),Unavailable (RF),Unavailable (RF)
2026-10-01 17:26:10,SMP / RF 1Mbps / per-link line rate / INCOMPLETE: missing lane / interval BER,No checked bits,No checked bits,No checked bits,0.000E+0,Unavailable,Unavailable,Unavailable (RF),Unavailable (RF),Unavailable (RF)
2026-10-01 17:26:11,SMP / RF 1Mbps / per-link line rate / INCOMPLETE: missing lane / interval BER,No checked bits,No checked bits,No checked bits,0.000E+0,Unavailable,Unavailable,Unavailable (RF),Unavailable (RF),Unavailable (RF)
2026-10-01 17:26:12,SMP / RF 1Mbps / per-link line rate / INCOMPLETE: missing lane / interval BER,No checked bits,No checked bits,No checked bits,0.000E+0,Unavailable,Unavailable,Unavailable (RF),Unavailable (RF),Unavailable (RF)
2026-10-01 17:26:13,SMP / RF 1Mbps / per-link line rate / INCOMPLETE: missing lane / interval BER,No checked bits,No checked bits,No checked bits,0.000E+0,Unavailable,Unavailable,Unavailable (RF),Unavailable (RF),Unavailable (RF)
2026-10-01 17:26:14,SMP / RF 1Mbps / per-link line rate / INCOMPLETE: missing lane / interval BER,No checked bits,No checked bits,No checked bits,0.000E+0,Unavailable,Unavailable,Unavailable (RF),Unavailable (RF),Unavailable (RF)
2026-10-01 17:26:15,SMP / RF 1Mbps / per-link line rate / INCOMPLETE: missing lane / interval BER,No checked bits,No checked bits,No checked bits,0.000E+0,Unavailable,Unavailable,Unavailable (RF),Unavailable (RF),Unavailable (RF)
2026-10-01 17:26:16,SMP / RF 1Mbps / per-link line rate / INCOMPLETE: missing lane / interval BER,No checked bits,No checked bits,No checked bits,0.000E+0,Unavailable,Unavailable,Unavailable (RF),Unavailable (RF),Unavailable (RF)
2026-10-01 17:26:17,SMP / RF 1Mbps / per-link line rate / INCOMPLETE: missing lane / interval BER,No checked bits,No checked bits,No checked bits,0.000E+0,Unavailable,Unavailable,Unavailable (RF),Unavailable (RF),Unavailable (RF)
2026-10-01 17:26:18,SMP / RF 1Mbps / per-link line rate / INCOMPLETE: missing lane / interval BER,No checked bits,No checked bits,No checked bits,0.000E+0,Unavailable,Unavailable,Unavailable (RF),Unavailable (RF),Unavailable (RF)
2026-10-01 17:26:19,SMP / RF 1Mbps / per-link line rate / INCOMPLETE: missing lane / interval BER,No checked bits,No checked bits,No checked bits,0.000E+0,Unavailable,Unavailable,Unavailable (RF),Unavailable (RF),Unavailable (RF)
2026-10-01 17:26:20,SMP / RF 1Mbps / per-link line rate / INCOMPLETE: missing lane / interval BER,No checked bits,No checked bits,No checked bits,0.000E+0,Unavailable,Unavailable,Unavailable (RF),Unavailable (RF),Unavailable (RF)
2026-10-01 17:26:21,SMP / RF 1Mbps / per-link line rate / INCOMPLETE: missing lane / interval BER,No checked bits,No checked bits,No checked bits,0.000E+0,Unavailable,Unavailable,Unavailable (RF),Unavailable (RF),Unavailable (RF)
2026-10-01 17:26:22,SMP / RF 1Mbps / per-link line rate / INCOMPLETE: missing lane / interval BER,No checked bits,No checked bits,No checked bits,0.000E+0,Unavailable,Unavailable,Unavailable (RF),Unavailable (RF),Unavailable (RF)
2026-10-01 17:26:23,SMP / RF 1Mbps / per-link line rate / INCOMPLETE: missing lane / interval BER,No checked bits,No checked bits,No checked bits,0.000E+0,Unavailable,Unavailable,Unavailable (RF),Unavailable (RF),Unavailable (RF)
2026-10-01 17:26:24,SMP / RF 1Mbps / per-link line rate / INCOMPLETE: missing lane / interval BER,No checked bits,No checked bits,No checked bits,0.000E+0,Unavailable,Unavailable,Unavailable (RF),Unavailable (RF),Unavailable (RF)
2026-10-01 17:26:25,SMP / RF 1Mbps / per-link line rate / INCOMPLETE: missing lane / interval BER,No checked bits,No checked bits,No checked bits,0.000E+0,Unavailable,Unavailable,Unavailable (RF),Unavailable (RF),Unavailable (RF)
2026-10-01 17:26:26,SMP / RF 1Mbps / per-link line rate / INCOMPLETE: missing lane / interval BER,No checked bits,No checked bits,No checked bits,0.000E+0,Unavailable,Unavailable,Unavailable (RF),Unavailable (RF),Unavailable (RF)
2026-10-01 17:26:27,SMP / RF 1Mbps / per-link line rate / INCOMPLETE: missing lane / interval BER,No checked bits,No checked bits,No checked bits,0.000E+0,Unavailable,Unavailable,Unavailable (RF),Unavailable (RF),Unavailable (RF)
2026-10-01 17:26:28,SMP / RF 1Mbps / per-link line rate / INCOMPLETE: missing lane / interval BER,No checked bits,No checked bits,No checked bits,0.000E+0,Unavailable,Unavailable,Unavailable (RF),Unavailable (RF),Unavailable (RF)
2026-10-01 17:26:29,SMP / RF 1Mbps / per-link line rate / INCOMPLETE: missing lane / interval BER,No checked bits,No checked bits,No checked bits,0.000E+0,Unavailable,Unavailable,Unavailable (RF),Unavailable (RF),Unavailable (RF)
2026-10-01 17:26:30,SMP / RF 1Mbps / per-link line rate / INCOMPLETE: missing lane / interval BER,No checked bits,No checked bits,No checked bits,0.000E+0,Unavailable,Unavailable,Unavailable (RF),Unavailable (RF),Unavailable (RF)
2026-10-01 17:26:31,SMP / RF 1Mbps / per-link line rate / INCOMPLETE: missing lane / interval BER,No checked bits,No checked bits,No checked bits,0.000E+0,Unavailable,Unavailable,Unavailable (RF),Unavailable (RF),Unavailable (RF)
2026-10-01 17:26:32,SMP / RF 1Mbps / per-link line rate / INCOMPLETE: missing lane / interval BER,No checked bits,No checked bits,No checked bits,0.000E+0,Unavailable,Unavailable,Unavailable (RF),Unavailable (RF),Unavailable (RF)
2026-10-01 17:26:33,SMP / RF 1Mbps / per-link line rate / INCOMPLETE: missing lane / interval BER,No checked bits,No checked bits,No checked bits,0.000E+0,Unavailable,Unavailable,Unavailable (RF),Unavailable (RF),Unavailable (RF)
2026-10-01 17:26:34,SMP / RF 1Mbps / per-link line rate / INCOMPLETE: missing lane / interval BER,No checked bits,No checked bits,No checked bits,0.000E+0,Unavailable,Unavailable,Unavailable (RF),Unavailable (RF),Unavailable (RF)
2026-10-01 17:26:35,SMP / RF 1Mbps / per-link line rate / INCOMPLETE: missing lane / interval BER,No checked bits,No checked bits,No checked bits,0.000E+0,Unavailable,Unavailable,Unavailable (RF),Unavailable (RF),Unavailable (RF)
2026-10-01 17:26:36,SMP / RF 1Mbps / per-link line rate / INCOMPLETE: missing lane / interval BER,No checked bits,No checked bits,No checked bits,0.000E+0,Unavailable,Unavailable,Unavailable (RF),Unavailable (RF),Unavailable (RF)
2026-10-01 17:26:37,SMP / RF 1Mbps / per-link line rate / INCOMPLETE: missing lane / interval BER,No checked bits,No checked bits,No checked bits,0.000E+0,Unavailable,Unavailable,Unavailable (RF),Unavailable (RF),Unavailable (RF)
2026-10-01 17:26:38,SMP / RF 1Mbps / per-link line rate / INCOMPLETE: missing lane / interval BER,No checked bits,No checked bits,No checked bits,0.000E+0,Unavailable,Unavailable,Unavailable (RF),Unavailable (RF),Unavailable (RF)
2026-10-01 17:26:39,SMP / RF 1Mbps / per-link line rate / INCOMPLETE: missing lane / interval BER,No checked bits,No checked bits,No checked bits,0.000E+0,Unavailable,Unavailable,Unavailable (RF),Unavailable (RF),Unavailable (RF)
2026-10-01 17:26:40,SMP / RF 1Mbps / per-link line rate / INCOMPLETE: missing lane / interval BER,No checked bits,No checked bits,No checked bits,0.000E+0,Unavailable,Unavailable,Unavailable (RF),Unavailable (RF),Unavailable (RF)
2026-10-01 17:26:41,SMP / RF 1Mbps / per-link line rate / INCOMPLETE: missing lane / interval BER,No checked bits,No checked bits,No checked bits,0.000E+0,Unavailable,Unavailable,Unavailable (RF),Unavailable (RF),Unavailable (RF)
2026-10-01 17:26:42,SMP / RF 1Mbps / per-link line rate / INCOMPLETE: missing lane / interval BER,No checked bits,No checked bits,No checked bits,0.000E+0,Unavailable,Unavailable,Unavailable (RF),Unavailable (RF),Unavailable (RF)
2026-10-01 17:26:43,SMP / RF 1Mbps / per-link line rate / INCOMPLETE: missing lane / interval BER,No checked bits,No checked bits,No checked bits,0.000E+0,Unavailable,Unavailable,Unavailable (RF),Unavailable (RF),Unavailable (RF)
2026-10-01 17:26:44,SMP / RF 1Mbps / per-link line rate / INCOMPLETE: missing lane / interval BER,No checked bits,No checked bits,No checked bits,0.000E+0,Unavailable,Unavailable,Unavailable (RF),Unavailable (RF),Unavailable (RF)
2026-10-01 17:26:45,SMP / RF 1Mbps / per-link line rate / INCOMPLETE: missing lane / interval BER,2.296E-01,No checked bits,2.296E-01,0.000E+0,Unavailable,Unavailable,Unavailable (RF),Unavailable (RF),Unavailable (RF)
2026-10-01 17:26:46,SMP / RF 1Mbps / per-link line rate / INCOMPLETE: missing lane / interval BER,1.396E-01,No checked bits,1.396E-01,0.000E+0,Unavailable,Unavailable,Unavailable (RF),Unavailable (RF),Unavailable (RF)
2026-10-01 17:26:47,SMP / RF 1Mbps / per-link line rate / INCOMPLETE: missing lane / interval BER,4.556E-02,No checked bits,4.556E-02,0.000E+0,Unavailable,Unavailable,Unavailable (RF),Unavailable (RF),Unavailable (RF)
2026-10-01 17:26:48,SMP / RF 1Mbps / per-link line rate / INCOMPLETE: missing lane / interval BER,7.748E-04,No checked bits,7.748E-04,0.000E+0,Unavailable,Unavailable,Unavailable (RF),Unavailable (RF),Unavailable (RF)
2026-10-01 17:26:49,SMP / RF 1Mbps / per-link line rate / INCOMPLETE: missing lane / interval BER,4.016E-05,No checked bits,4.016E-05,0.000E+0,Unavailable,Unavailable,Unavailable (RF),Unavailable (RF),Unavailable (RF)
2026-10-01 17:26:50,SMP / RF 1Mbps / per-link line rate / INCOMPLETE: missing lane / interval BER,8.594E-05,No checked bits,8.594E-05,0.000E+0,Unavailable,Unavailable,Unavailable (RF),Unavailable (RF),Unavailable (RF)
2026-10-01 17:26:51,SMP / RF 1Mbps / per-link line rate / INCOMPLETE: missing lane / interval BER,6.687E-05,No checked bits,6.687E-05,0.000E+0,Unavailable,Unavailable,Unavailable (RF),Unavailable (RF),Unavailable (RF)
2026-10-01 17:26:52,SMP / RF 1Mbps / per-link line rate / INCOMPLETE: missing lane / interval BER,3.397E-05,No checked bits,3.397E-05,0.000E+0,Unavailable,Unavailable,Unavailable (RF),Unavailable (RF),Unavailable (RF)
2026-10-01 17:26:53,SMP / RF 1Mbps / per-link line rate / INCOMPLETE: missing lane / interval BER,1.137E-05,No checked bits,1.137E-05,0.000E+0,Unavailable,Unavailable,Unavailable (RF),Unavailable (RF),Unavailable (RF)
2026-10-01 17:26:54,SMP / RF 1Mbps / per-link line rate / INCOMPLETE: missing lane / interval BER,3.670E-05,No checked bits,3.670E-05,0.000E+0,Unavailable,Unavailable,Unavailable (RF),Unavailable (RF),Unavailable (RF)
2026-10-01 17:26:55,SMP / RF 1Mbps / per-link line rate / INCOMPLETE: missing lane / interval BER,1.671E-04,No checked bits,1.671E-04,0.000E+0,Unavailable,Unavailable,Unavailable (RF),Unavailable (RF),Unavailable (RF)
2026-10-01 17:26:56,SMP / RF 1Mbps / per-link line rate / INCOMPLETE: missing lane / interval BER,7.197E-03,No checked bits,7.197E-03,0.000E+0,Unavailable,Unavailable,Unavailable (RF),Unavailable (RF),Unavailable (RF)
2026-10-01 17:26:57,SMP / RF 1Mbps / per-link line rate / INCOMPLETE: missing lane / interval BER,3.344E-02,No checked bits,3.344E-02,0.000E+0,Unavailable,Unavailable,Unavailable (RF),Unavailable (RF),Unavailable (RF)
2026-10-01 17:26:58,SMP / RF 1Mbps / per-link line rate / INCOMPLETE: missing lane / interval BER,1.375E-01,No checked bits,1.375E-01,0.000E+0,Unavailable,Unavailable,Unavailable (RF),Unavailable (RF),Unavailable (RF)
2026-10-01 17:26:59,SMP / RF 1Mbps / per-link line rate / INCOMPLETE: missing lane / interval BER,2.294E-01,No checked bits,2.294E-01,0.000E+0,Unavailable,Unavailable,Unavailable (RF),Unavailable (RF),Unavailable (RF)
2026-10-01 17:27:00,SMP / RF 1Mbps / per-link line rate / INCOMPLETE: missing lane / interval BER,1.955E-01,No checked bits,1.955E-01,0.000E+0,Unavailable,Unavailable,Unavailable (RF),Unavailable (RF),Unavailable (RF)
2026-10-01 17:27:01,SMP / RF 1Mbps / per-link line rate / INCOMPLETE: missing lane / interval BER,2.142E-01,No checked bits,2.142E-01,0.000E+0,Unavailable,Unavailable,Unavailable (RF),Unavailable (RF),Unavailable (RF)
2026-10-01 17:27:02,SMP / RF 1Mbps / per-link line rate / INCOMPLETE: missing lane / interval BER,6.529E-02,No checked bits,6.529E-02,0.000E+0,Unavailable,Unavailable,Unavailable (RF),Unavailable (RF),Unavailable (RF)
2026-10-01 17:27:03,SMP / RF 1Mbps / per-link line rate / INCOMPLETE: missing lane / interval BER,7.518E-03,No checked bits,7.518E-03,0.000E+0,Unavailable,Unavailable,Unavailable (RF),Unavailable (RF),Unavailable (RF)
2026-10-01 17:27:04,SMP / RF 1Mbps / per-link line rate / INCOMPLETE: missing lane / interval BER,2.345E-05,No checked bits,2.345E-05,0.000E+0,Unavailable,Unavailable,Unavailable (RF),Unavailable (RF),Unavailable (RF)
2026-10-01 17:27:05,SMP / RF 1Mbps / per-link line rate / INCOMPLETE: missing lane / interval BER,0.000E+00,No checked bits,0.000E+00,0.000E+0,Unavailable,Unavailable,Unavailable (RF),Unavailable (RF),Unavailable (RF)
2026-10-01 17:27:06,SMP / RF 1Mbps / per-link line rate / INCOMPLETE: missing lane / interval BER,0.000E+00,No checked bits,0.000E+00,0.000E+0,Unavailable,Unavailable,Unavailable (RF),Unavailable (RF),Unavailable (RF)
2026-10-01 17:27:07,SMP / RF 1Mbps / per-link line rate / INCOMPLETE: missing lane / interval BER,0.000E+00,No checked bits,0.000E+00,0.000E+0,Unavailable,Unavailable,Unavailable (RF),Unavailable (RF),Unavailable (RF)
2026-10-01 17:27:08,SMP / RF 1Mbps / per-link line rate / INCOMPLETE: missing lane / interval BER,0.000E+00,No checked bits,0.000E+00,0.000E+0,Unavailable,Unavailable,Unavailable (RF),Unavailable (RF),Unavailable (RF)
2026-10-01 17:27:09,SMP / RF 1Mbps / per-link line rate / INCOMPLETE: missing lane / interval BER,0.000E+00,No checked bits,0.000E+00,0.000E+0,Unavailable,Unavailable,Unavailable (RF),Unavailable (RF),Unavailable (RF)
2026-10-01 17:27:10,SMP / RF 1Mbps / per-link line rate / INCOMPLETE: missing lane / interval BER,0.000E+00,No checked bits,0.000E+00,0.000E+0,Unavailable,Unavailable,Unavailable (RF),Unavailable (RF),Unavailable (RF)
2026-10-01 17:27:11,SMP / RF 1Mbps / per-link line rate / INCOMPLETE: missing lane / interval BER,0.000E+00,No checked bits,0.000E+00,0.000E+0,Unavailable,Unavailable,Unavailable (RF),Unavailable (RF),Unavailable (RF)
2026-10-01 17:27:12,SMP / RF 1Mbps / per-link line rate / INCOMPLETE: missing lane / interval BER,0.000E+00,No checked bits,0.000E+00,0.000E+0,Unavailable,Unavailable,Unavailable (RF),Unavailable (RF),Unavailable (RF)
2026-10-01 17:27:13,SMP / RF 1Mbps / per-link line rate / INCOMPLETE: missing lane / interval BER,0.000E+00,No checked bits,0.000E+00,0.000E+0,Unavailable,Unavailable,Unavailable (RF),Unavailable (RF),Unavailable (RF)
2026-10-01 17:27:14,SMP / RF 1Mbps / per-link line rate / INCOMPLETE: missing lane / interval BER,0.000E+00,No checked bits,0.000E+00,0.000E+0,Unavailable,Unavailable,Unavailable (RF),Unavailable (RF),Unavailable (RF)
2026-10-01 17:27:15,SMP / RF 1Mbps / per-link line rate / INCOMPLETE: missing lane / interval BER,0.000E+00,No checked bits,0.000E+00,0.000E+0,Unavailable,Unavailable,Unavailable (RF),Unavailable (RF),Unavailable (RF)
2026-10-01 17:27:16,SMP / RF 1Mbps / per-link line rate / INCOMPLETE: missing lane / interval BER,0.000E+00,No checked bits,0.000E+00,0.000E+0,Unavailable,Unavailable,Unavailable (RF),Unavailable (RF),Unavailable (RF)
2026-10-01 17:27:17,SMP / RF 1Mbps / per-link line rate / INCOMPLETE: missing lane / interval BER,0.000E+00,No checked bits,0.000E+00,0.000E+0,Unavailable,Unavailable,Unavailable (RF),Unavailable (RF),Unavailable (RF)
2026-10-01 17:27:18,SMP / RF 1Mbps / per-link line rate / INCOMPLETE: missing lane / interval BER,0.000E+00,No checked bits,0.000E+00,0.000E+0,Unavailable,Unavailable,Unavailable (RF),Unavailable (RF),Unavailable (RF)
2026-10-01 17:27:19,SMP / RF 1Mbps / per-link line rate / INCOMPLETE: missing lane / interval BER,0.000E+00,No checked bits,0.000E+00,0.000E+0,Unavailable,Unavailable,Unavailable (RF),Unavailable (RF),Unavailable (RF)
2026-10-01 17:27:20,SMP / RF 1Mbps / per-link line rate / INCOMPLETE: missing lane / interval BER,0.000E+00,No checked bits,0.000E+00,0.000E+0,Unavailable,Unavailable,Unavailable (RF),Unavailable (RF),Unavailable (RF)
2026-10-01 17:27:21,SMP / RF 1Mbps / per-link line rate / INCOMPLETE: missing lane / interval BER,0.000E+00,No checked bits,0.000E+00,0.000E+0,Unavailable,Unavailable,Unavailable (RF),Unavailable (RF),Unavailable (RF)
2026-10-01 17:27:22,SMP / RF 1Mbps / per-link line rate / INCOMPLETE: missing lane / interval BER,0.000E+00,No checked bits,0.000E+00,0.000E+0,Unavailable,Unavailable,Unavailable (RF),Unavailable (RF),Unavailable (RF)
2026-10-01 17:27:23,SMP / RF 1Mbps / per-link line rate / INCOMPLETE: missing lane / interval BER,0.000E+00,No checked bits,0.000E+00,0.000E+0,Unavailable,Unavailable,Unavailable (RF),Unavailable (RF),Unavailable (RF)
2026-10-01 17:27:24,SMP / RF 1Mbps / per-link line rate / INCOMPLETE: missing lane / interval BER,0.000E+00,No checked bits,0.000E+00,0.000E+0,Unavailable,Unavailable,Unavailable (RF),Unavailable (RF),Unavailable (RF)
2026-10-01 17:27:25,SMP / RF 1Mbps / per-link line rate / INCOMPLETE: missing lane / interval BER,0.000E+00,No checked bits,0.000E+00,0.000E+0,Unavailable,Unavailable,Unavailable (RF),Unavailable (RF),Unavailable (RF)
2026-10-01 17:27:26,SMP / RF 1Mbps / per-link line rate / INCOMPLETE: missing lane / interval BER,0.000E+00,No checked bits,0.000E+00,0.000E+0,Unavailable,Unavailable,Unavailable (RF),Unavailable (RF),Unavailable (RF)
2026-10-01 17:27:27,SMP / RF 1Mbps / per-link line rate / INCOMPLETE: missing lane / interval BER,0.000E+00,No checked bits,0.000E+00,0.000E+0,Unavailable,Unavailable,Unavailable (RF),Unavailable (RF),Unavailable (RF)
2026-10-01 17:27:28,SMP / RF 1Mbps / per-link line rate / INCOMPLETE: missing lane / interval BER,0.000E+00,No checked bits,0.000E+00,0.000E+0,Unavailable,Unavailable,Unavailable (RF),Unavailable (RF),Unavailable (RF)
2026-10-01 17:27:29,SMP / RF 1Mbps / per-link line rate / INCOMPLETE: missing lane / interval BER,0.000E+00,No checked bits,0.000E+00,0.000E+0,Unavailable,Unavailable,Unavailable (RF),Unavailable (RF),Unavailable (RF)
2026-10-01 17:27:30,SMP / RF 1Mbps / per-link line rate / INCOMPLETE: missing lane / interval BER,0.000E+00,No checked bits,0.000E+00,0.000E+0,Unavailable,Unavailable,Unavailable (RF),Unavailable (RF),Unavailable (RF)
2026-10-01 17:27:31,SMP / RF 1Mbps / per-link line rate / INCOMPLETE: missing lane / interval BER,0.000E+00,No checked bits,0.000E+00,0.000E+0,Unavailable,Unavailable,Unavailable (RF),Unavailable (RF),Unavailable (RF)
2026-10-01 17:27:32,SMP / RF 1Mbps / per-link line rate / INCOMPLETE: missing lane / interval BER,0.000E+00,No checked bits,0.000E+00,0.000E+0,Unavailable,Unavailable,Unavailable (RF),Unavailable (RF),Unavailable (RF)
2026-10-01 17:27:33,SMP / RF 1Mbps / per-link line rate / INCOMPLETE: missing lane / interval BER,0.000E+00,No checked bits,0.000E+00,0.000E+0,Unavailable,Unavailable,Unavailable (RF),Unavailable (RF),Unavailable (RF)
2026-10-01 17:27:34,SMP / RF 1Mbps / per-link line rate / INCOMPLETE: missing lane / interval BER,0.000E+00,No checked bits,0.000E+00,0.000E+0,Unavailable,Unavailable,Unavailable (RF),Unavailable (RF),Unavailable (RF)
2026-10-01 17:27:35,SMP / RF 1Mbps / per-link line rate / INCOMPLETE: missing lane / interval BER,0.000E+00,No checked bits,0.000E+00,0.000E+0,Unavailable,Unavailable,Unavailable (RF),Unavailable (RF),Unavailable (RF)
2026-10-01 17:27:36,SMP / RF 1Mbps / per-link line rate / INCOMPLETE: missing lane / interval BER,0.000E+00,No checked bits,0.000E+00,0.000E+0,Unavailable,Unavailable,Unavailable (RF),Unavailable (RF),Unavailable (RF)
2026-10-01 17:27:37,SMP / RF 1Mbps / per-link line rate / INCOMPLETE: missing lane / interval BER,0.000E+00,No checked bits,0.000E+00,0.000E+0,Unavailable,Unavailable,Unavailable (RF),Unavailable (RF),Unavailable (RF)
2026-10-01 17:27:38,SMP / RF 1Mbps / per-link line rate / INCOMPLETE: missing lane / interval BER,0.000E+00,No checked bits,0.000E+00,0.000E+0,Unavailable,Unavailable,Unavailable (RF),Unavailable (RF),Unavailable (RF)
2026-10-01 17:27:39,SMP / RF 1Mbps / per-link line rate / INCOMPLETE: missing lane / interval BER,0.000E+00,No checked bits,0.000E+00,0.000E+0,Unavailable,Unavailable,Unavailable (RF),Unavailable (RF),Unavailable (RF)
2026-10-01 17:27:40,SMP / RF 1Mbps / per-link line rate / INCOMPLETE: missing lane / interval BER,0.000E+00,No checked bits,0.000E+00,0.000E+0,Unavailable,Unavailable,Unavailable (RF),Unavailable (RF),Unavailable (RF)
2026-10-01 17:27:41,SMP / RF 1Mbps / per-link line rate / INCOMPLETE: missing lane / interval BER,0.000E+00,No checked bits,0.000E+00,0.000E+0,Unavailable,Unavailable,Unavailable (RF),Unavailable (RF),Unavailable (RF)
2026-10-01 17:27:42,SMP / RF 1Mbps / per-link line rate / INCOMPLETE: missing lane / interval BER,0.000E+00,No checked bits,0.000E+00,0.000E+0,Unavailable,Unavailable,Unavailable (RF),Unavailable (RF),Unavailable (RF)
2026-10-01 17:27:43,SMP / RF 1Mbps / per-link line rate / INCOMPLETE: missing lane / interval BER,0.000E+00,No checked bits,0.000E+00,0.000E+0,Unavailable,Unavailable,Unavailable (RF),Unavailable (RF),Unavailable (RF)
2026-10-01 17:27:44,SMP / RF 1Mbps / per-link line rate / INCOMPLETE: missing lane / interval BER,0.000E+00,No checked bits,0.000E+00,0.000E+0,Unavailable,Unavailable,Unavailable (RF),Unavailable (RF),Unavailable (RF)
2026-10-01 17:27:45,SMP / RF 1Mbps / per-link line rate / INCOMPLETE: missing lane / interval BER,0.000E+00,No checked bits,0.000E+00,0.000E+0,Unavailable,Unavailable,Unavailable (RF),Unavailable (RF),Unavailable (RF)
2026-10-01 17:27:46,SMP / RF 1Mbps / per-link line rate / INCOMPLETE: missing lane / interval BER,0.000E+00,No checked bits,0.000E+00,0.000E+0,Unavailable,Unavailable,Unavailable (RF),Unavailable (RF),Unavailable (RF)
2026-10-01 17:27:47,SMP / RF 1Mbps / per-link line rate / INCOMPLETE: missing lane / interval BER,0.000E+00,No checked bits,0.000E+00,0.000E+0,Unavailable,Unavailable,Unavailable (RF),Unavailable (RF),Unavailable (RF)
2026-10-01 17:27:48,SMP / RF 1Mbps / per-link line rate / INCOMPLETE: missing lane / interval BER,0.000E+00,No checked bits,0.000E+00,0.000E+0,Unavailable,Unavailable,Unavailable (RF),Unavailable (RF),Unavailable (RF)
2026-10-01 17:27:49,SMP / RF 1Mbps / per-link line rate / INCOMPLETE: missing lane / interval BER,0.000E+00,No checked bits,0.000E+00,0.000E+0,Unavailable,Unavailable,Unavailable (RF),Unavailable (RF),Unavailable (RF)
2026-10-01 17:27:50,SMP / RF 1Mbps / per-link line rate / INCOMPLETE: missing lane / interval BER,0.000E+00,No checked bits,0.000E+00,0.000E+0,Unavailable,Unavailable,Unavailable (RF),Unavailable (RF),Unavailable (RF)
2026-10-01 17:27:51,SMP / RF 1Mbps / per-link line rate / INCOMPLETE: missing lane / interval BER,0.000E+00,No checked bits,0.000E+00,0.000E+0,Unavailable,Unavailable,Unavailable (RF),Unavailable (RF),Unavailable (RF)
2026-10-01 17:27:52,SMP / RF 1Mbps / per-link line rate / INCOMPLETE: missing lane / interval BER,0.000E+00,No checked bits,0.000E+00,0.000E+0,Unavailable,Unavailable,Unavailable (RF),Unavailable (RF),Unavailable (RF)
2026-10-01 17:27:53,SMP / RF 1Mbps / per-link line rate / INCOMPLETE: missing lane / interval BER,0.000E+00,No checked bits,0.000E+00,0.000E+0,Unavailable,Unavailable,Unavailable (RF),Unavailable (RF),Unavailable (RF)
2026-10-01 17:27:54,SMP / RF 1Mbps / per-link line rate / INCOMPLETE: missing lane / interval BER,0.000E+00,No checked bits,0.000E+00,0.000E+0,Unavailable,Unavailable,Unavailable (RF),Unavailable (RF),Unavailable (RF)
2026-10-01 17:27:55,SMP / RF 1Mbps / per-link line rate / INCOMPLETE: missing lane / interval BER,0.000E+00,No checked bits,0.000E+00,0.000E+0,Unavailable,Unavailable,Unavailable (RF),Unavailable (RF),Unavailable (RF)
2026-10-01 17:27:56,SMP / RF 1Mbps / per-link line rate / INCOMPLETE: missing lane / interval BER,0.000E+00,No checked bits,0.000E+00,0.000E+0,Unavailable,Unavailable,Unavailable (RF),Unavailable (RF),Unavailable (RF)
2026-10-01 17:27:57,SMP / RF 1Mbps / per-link line rate / INCOMPLETE: missing lane / interval BER,0.000E+00,9.999E-02,2.024E-04,0.000E+0,10.000,1.743,Unavailable (RF),Unavailable (RF),Unavailable (RF)
2026-10-01 17:27:58,SMP / RF 1Mbps / per-link line rate / INCOMPLETE: missing lane / interval BER,0.000E+00,9.729E-02,3.555E-02,0.000E+0,10.000,2.231,Unavailable (RF),Unavailable (RF),Unavailable (RF)
2026-10-01 17:27:59,SMP / RF 1Mbps / per-link line rate / INCOMPLETE: missing lane / interval BER,0.000E+00,9.342E-02,6.100E-06,0.000E+0,Unavailable,Unavailable,Unavailable (RF),Unavailable (RF),Unavailable (RF)
2026-10-01 17:28:00,SMP / RF 1Mbps / per-link line rate / INCOMPLETE: missing lane / interval BER,0.000E+00,No checked bits,0.000E+00,0.000E+0,Unavailable,Unavailable,Unavailable (RF),Unavailable (RF),Unavailable (RF)
2026-10-01 17:28:01,SMP / RF 1Mbps / per-link line rate / INCOMPLETE: missing lane / interval BER,0.000E+00,No checked bits,0.000E+00,0.000E+0,Unavailable,Unavailable,Unavailable (RF),Unavailable (RF),Unavailable (RF)
2026-10-01 17:28:02,SMP / RF 1Mbps / per-link line rate / INCOMPLETE: missing lane / interval BER,0.000E+00,No checked bits,0.000E+00,0.000E+0,Unavailable,Unavailable,Unavailable (RF),Unavailable (RF),Unavailable (RF)
2026-10-01 17:28:03,SMP / RF 1Mbps / per-link line rate / INCOMPLETE: missing lane / interval BER,0.000E+00,No checked bits,0.000E+00,0.000E+0,Unavailable,Unavailable,Unavailable (RF),Unavailable (RF),Unavailable (RF)
2026-10-01 17:28:04,SMP / RF 1Mbps / per-link line rate / INCOMPLETE: missing lane / interval BER,0.000E+00,No checked bits,0.000E+00,0.000E+0,Unavailable,Unavailable,Unavailable (RF),Unavailable (RF),Unavailable (RF)
2026-10-01 17:28:05,SMP / RF 1Mbps / per-link line rate / INCOMPLETE: missing lane / interval BER,0.000E+00,No checked bits,0.000E+00,0.000E+0,Unavailable,Unavailable,Unavailable (RF),Unavailable (RF),Unavailable (RF)
2026-10-01 17:28:06,SMP / RF 1Mbps / per-link line rate / INCOMPLETE: missing lane / interval BER,0.000E+00,No checked bits,0.000E+00,0.000E+0,Unavailable,Unavailable,Unavailable (RF),Unavailable (RF),Unavailable (RF)
2026-10-01 17:28:07,SMP / RF 1Mbps / per-link line rate / INCOMPLETE: missing lane / interval BER,0.000E+00,No checked bits,0.000E+00,0.000E+0,Unavailable,Unavailable,Unavailable (RF),Unavailable (RF),Unavailable (RF)
2026-10-01 17:28:08,SMP / RF 1Mbps / per-link line rate / INCOMPLETE: missing lane / interval BER,0.000E+00,No checked bits,0.000E+00,0.000E+0,Unavailable,Unavailable,Unavailable (RF),Unavailable (RF),Unavailable (RF)
2026-10-01 17:28:09,SMP / RF 1Mbps / per-link line rate / INCOMPLETE: missing lane / interval BER,0.000E+00,No checked bits,0.000E+00,0.000E+0,Unavailable,Unavailable,Unavailable (RF),Unavailable (RF),Unavailable (RF)
2026-10-01 17:28:10,SMP / RF 1Mbps / per-link line rate / INCOMPLETE: missing lane / interval BER,0.000E+00,No checked bits,0.000E+00,0.000E+0,Unavailable,Unavailable,Unavailable (RF),Unavailable (RF),Unavailable (RF)
2026-10-01 17:28:11,SMP / RF 1Mbps / per-link line rate / INCOMPLETE: missing lane / interval BER,0.000E+00,No checked bits,0.000E+00,0.000E+0,Unavailable,Unavailable,Unavailable (RF),Unavailable (RF),Unavailable (RF)
2026-10-01 17:28:12,SMP / RF 1Mbps / per-link line rate / INCOMPLETE: missing lane / interval BER,0.000E+00,No checked bits,0.000E+00,0.000E+0,Unavailable,Unavailable,Unavailable (RF),Unavailable (RF),Unavailable (RF)
2026-10-01 17:28:13,SMP / RF 1Mbps / per-link line rate / INCOMPLETE: missing lane / interval BER,0.000E+00,No checked bits,0.000E+00,0.000E+0,Unavailable,Unavailable,Unavailable (RF),Unavailable (RF),Unavailable (RF)
2026-10-01 17:28:14,SMP / RF 1Mbps / per-link line rate / INCOMPLETE: missing lane / interval BER,0.000E+00,9.302E-02,8.081E-07,0.000E+0,Unavailable,Unavailable,Unavailable (RF),Unavailable (RF),Unavailable (RF)
2026-10-01 17:28:15,SMP / RF 1Mbps / per-link line rate / INCOMPLETE: missing lane / interval BER,0.000E+00,1.016E-01,1.622E-04,0.000E+0,10.000,0.233,Unavailable (RF),Unavailable (RF),Unavailable (RF)
2026-10-01 17:28:17,SMP / paired RX / per-link line rate / both lanes counting / interval BER,0.000E+00,1.327E-01,3.376E-02,N/A,10.000,5.734,7.391E-02,15.734098,0.000000
2026-10-01 17:28:18,SMP / paired RX / per-link line rate / INCOMPLETE: missing lane / interval BER,0.000E+00,1.118E-01,3.520E-02,N/A,10.000,0.572,8.384E-02,10.571962,0.000000
2026-10-01 17:28:19,SMP / RF pending / per-link line rate / INCOMPLETE: missing lane / interval BER,0.000E+00,9.111E-02,8.316E-06,N/A,Unavailable,Unavailable,Unavailable (RF),Unavailable (RF),Unavailable (RF)
2026-10-01 17:28:20,SMP / RF 1Mbps / per-link line rate / INCOMPLETE: missing lane / interval BER,0.000E+00,0.000E+00,0.000E+00,N/A,Unavailable,Unavailable,Unavailable (RF),Unavailable (RF),Unavailable (RF)
2026-10-01 17:28:21,SMP / RF 1Mbps / per-link line rate / INCOMPLETE: missing lane / interval BER,0.000E+00,No checked bits,0.000E+00,0.000E+0,Unavailable,Unavailable,Unavailable (RF),Unavailable (RF),Unavailable (RF)
2026-10-01 17:28:22,SMP / RF 1Mbps / per-link line rate / INCOMPLETE: missing lane / interval BER,0.000E+00,No checked bits,0.000E+00,0.000E+0,Unavailable,Unavailable,Unavailable (RF),Unavailable (RF),Unavailable (RF)
2026-10-01 17:28:23,SMP / RF 1Mbps / per-link line rate / INCOMPLETE: missing lane / interval BER,0.000E+00,No checked bits,0.000E+00,0.000E+0,Unavailable,Unavailable,Unavailable (RF),Unavailable (RF),Unavailable (RF)
2026-10-01 17:28:24,SMP / RF 1Mbps / per-link line rate / INCOMPLETE: missing lane / interval BER,0.000E+00,0.000E+00,0.000E+00,0.000E+0,Unavailable,Unavailable,Unavailable (RF),Unavailable (RF),Unavailable (RF)
2026-10-01 17:28:25,SMP / RF 1Mbps / per-link line rate / INCOMPLETE: missing lane / interval BER,0.000E+00,0.000E+00,0.000E+00,0.000E+0,Unavailable,Unavailable,Unavailable (RF),Unavailable (RF),Unavailable (RF)
2026-10-01 17:28:26,SMP / RF 1Mbps / per-link line rate / INCOMPLETE: missing lane / interval BER,0.000E+00,0.000E+00,0.000E+00,0.000E+0,Unavailable,Unavailable,Unavailable (RF),Unavailable (RF),Unavailable (RF)
2026-10-01 17:28:27,SMP / RF 1Mbps / per-link line rate / INCOMPLETE: missing lane / interval BER,0.000E+00,No checked bits,0.000E+00,0.000E+0,Unavailable,Unavailable,Unavailable (RF),Unavailable (RF),Unavailable (RF)
2026-10-01 17:28:28,SMP / RF 1Mbps / per-link line rate / INCOMPLETE: missing lane / interval BER,0.000E+00,No checked bits,0.000E+00,0.000E+0,Unavailable,Unavailable,Unavailable (RF),Unavailable (RF),Unavailable (RF)
2026-10-01 17:28:29,SMP / RF 1Mbps / per-link line rate / INCOMPLETE: missing lane / interval BER,0.000E+00,No checked bits,0.000E+00,0.000E+0,Unavailable,Unavailable,Unavailable (RF),Unavailable (RF),Unavailable (RF)
2026-10-01 17:28:30,SMP / RF 1Mbps / per-link line rate / INCOMPLETE: missing lane / interval BER,0.000E+00,No checked bits,0.000E+00,0.000E+0,Unavailable,Unavailable,Unavailable (RF),Unavailable (RF),Unavailable (RF)
2026-10-01 17:28:31,SMP / RF 1Mbps / per-link line rate / INCOMPLETE: missing lane / interval BER,0.000E+00,No checked bits,0.000E+00,0.000E+0,Unavailable,Unavailable,Unavailable (RF),Unavailable (RF),Unavailable (RF)
2026-10-01 17:28:32,SMP / RF 1Mbps / per-link line rate / INCOMPLETE: missing lane / interval BER,0.000E+00,No checked bits,0.000E+00,0.000E+0,Unavailable,Unavailable,Unavailable (RF),Unavailable (RF),Unavailable (RF)
2026-10-01 17:28:33,SMP / RF 1Mbps / per-link line rate / INCOMPLETE: missing lane / interval BER,0.000E+00,No checked bits,0.000E+00,0.000E+0,Unavailable,Unavailable,Unavailable (RF),Unavailable (RF),Unavailable (RF)
2026-10-01 17:28:34,SMP / RF 1Mbps / per-link line rate / INCOMPLETE: missing lane / interval BER,0.000E+00,No checked bits,0.000E+00,0.000E+0,Unavailable,Unavailable,Unavailable (RF),Unavailable (RF),Unavailable (RF)
2026-10-01 17:28:35,SMP / RF 1Mbps / per-link line rate / INCOMPLETE: missing lane / interval BER,0.000E+00,No checked bits,0.000E+00,0.000E+0,Unavailable,Unavailable,Unavailable (RF),Unavailable (RF),Unavailable (RF)
2026-10-01 17:28:36,SMP / RF 1Mbps / per-link line rate / INCOMPLETE: missing lane / interval BER,0.000E+00,No checked bits,0.000E+00,0.000E+0,Unavailable,Unavailable,Unavailable (RF),Unavailable (RF),Unavailable (RF)
2026-10-01 17:28:37,SMP / RF 1Mbps / per-link line rate / INCOMPLETE: missing lane / interval BER,0.000E+00,No checked bits,0.000E+00,0.000E+0,Unavailable,Unavailable,Unavailable (RF),Unavailable (RF),Unavailable (RF)
2026-10-01 17:28:38,SMP / RF 1Mbps / per-link line rate / INCOMPLETE: missing lane / interval BER,0.000E+00,No checked bits,0.000E+00,0.000E+0,Unavailable,Unavailable,Unavailable (RF),Unavailable (RF),Unavailable (RF)
2026-10-01 17:28:39,SMP / RF 1Mbps / per-link line rate / INCOMPLETE: missing lane / interval BER,0.000E+00,No checked bits,0.000E+00,0.000E+0,Unavailable,Unavailable,Unavailable (RF),Unavailable (RF),Unavailable (RF)
2026-10-01 17:28:40,SMP / RF 1Mbps / per-link line rate / INCOMPLETE: missing lane / interval BER,0.000E+00,No checked bits,0.000E+00,0.000E+0,Unavailable,Unavailable,Unavailable (RF),Unavailable (RF),Unavailable (RF)
2026-10-01 17:28:41,SMP / RF 1Mbps / per-link line rate / INCOMPLETE: missing lane / interval BER,0.000E+00,No checked bits,0.000E+00,0.000E+0,Unavailable,Unavailable,Unavailable (RF),Unavailable (RF),Unavailable (RF)
2026-10-01 17:28:42,SMP / RF 1Mbps / per-link line rate / INCOMPLETE: missing lane / interval BER,0.000E+00,No checked bits,0.000E+00,0.000E+0,Unavailable,Unavailable,Unavailable (RF),Unavailable (RF),Unavailable (RF)
2026-10-01 17:28:43,SMP / RF 1Mbps / per-link line rate / INCOMPLETE: missing lane / interval BER,0.000E+00,No checked bits,0.000E+00,0.000E+0,Unavailable,Unavailable,Unavailable (RF),Unavailable (RF),Unavailable (RF)
2026-10-01 17:28:44,SMP / RF 1Mbps / per-link line rate / INCOMPLETE: missing lane / interval BER,0.000E+00,No checked bits,0.000E+00,0.000E+0,Unavailable,Unavailable,Unavailable (RF),Unavailable (RF),Unavailable (RF)
2026-10-01 17:28:45,SMP / RF 1Mbps / per-link line rate / INCOMPLETE: missing lane / interval BER,0.000E+00,No checked bits,0.000E+00,0.000E+0,Unavailable,Unavailable,Unavailable (RF),Unavailable (RF),Unavailable (RF)
2026-10-01 17:28:46,SMP / RF 1Mbps / per-link line rate / INCOMPLETE: missing lane / interval BER,0.000E+00,No checked bits,0.000E+00,0.000E+0,Unavailable,Unavailable,Unavailable (RF),Unavailable (RF),Unavailable (RF)
2026-10-01 17:28:47,SMP / RF 1Mbps / per-link line rate / INCOMPLETE: missing lane / interval BER,0.000E+00,No checked bits,0.000E+00,0.000E+0,Unavailable,Unavailable,Unavailable (RF),Unavailable (RF),Unavailable (RF)
2026-10-01 17:28:48,SMP / RF 1Mbps / per-link line rate / INCOMPLETE: missing lane / interval BER,0.000E+00,No checked bits,0.000E+00,0.000E+0,Unavailable,Unavailable,Unavailable (RF),Unavailable (RF),Unavailable (RF)
2026-10-01 17:28:49,SMP / RF 1Mbps / per-link line rate / INCOMPLETE: missing lane / interval BER,0.000E+00,No checked bits,0.000E+00,0.000E+0,Unavailable,Unavailable,Unavailable (RF),Unavailable (RF),Unavailable (RF)
2026-10-01 17:28:50,SMP / RF 1Mbps / per-link line rate / INCOMPLETE: missing lane / interval BER,0.000E+00,No checked bits,0.000E+00,0.000E+0,Unavailable,Unavailable,Unavailable (RF),Unavailable (RF),Unavailable (RF)
2026-10-01 17:28:51,SMP / RF 1Mbps / per-link line rate / INCOMPLETE: missing lane / interval BER,0.000E+00,No checked bits,0.000E+00,0.000E+0,Unavailable,Unavailable,Unavailable (RF),Unavailable (RF),Unavailable (RF)
2026-10-01 17:28:52,SMP / RF 1Mbps / per-link line rate / INCOMPLETE: missing lane / interval BER,0.000E+00,No checked bits,0.000E+00,0.000E+0,Unavailable,Unavailable,Unavailable (RF),Unavailable (RF),Unavailable (RF)
2026-10-01 17:28:53,SMP / RF 1Mbps / per-link line rate / INCOMPLETE: missing lane / interval BER,0.000E+00,No checked bits,0.000E+00,0.000E+0,Unavailable,Unavailable,Unavailable (RF),Unavailable (RF),Unavailable (RF)
2026-10-01 17:28:54,SMP / RF 1Mbps / per-link line rate / INCOMPLETE: missing lane / interval BER,0.000E+00,No checked bits,0.000E+00,0.000E+0,Unavailable,Unavailable,Unavailable (RF),Unavailable (RF),Unavailable (RF)
2026-10-01 17:28:55,SMP / RF 1Mbps / per-link line rate / INCOMPLETE: missing lane / interval BER,0.000E+00,No checked bits,0.000E+00,0.000E+0,Unavailable,Unavailable,Unavailable (RF),Unavailable (RF),Unavailable (RF)
2026-10-01 17:28:56,SMP / RF 1Mbps / per-link line rate / INCOMPLETE: missing lane / interval BER,0.000E+00,No checked bits,0.000E+00,0.000E+0,Unavailable,Unavailable,Unavailable (RF),Unavailable (RF),Unavailable (RF)
2026-10-01 17:28:57,SMP / RF 1Mbps / per-link line rate / INCOMPLETE: missing lane / interval BER,0.000E+00,No checked bits,0.000E+00,0.000E+0,Unavailable,Unavailable,Unavailable (RF),Unavailable (RF),Unavailable (RF)
2026-10-01 17:28:58,SMP / RF 1Mbps / per-link line rate / INCOMPLETE: missing lane / interval BER,0.000E+00,No checked bits,0.000E+00,0.000E+0,Unavailable,Unavailable,Unavailable (RF),Unavailable (RF),Unavailable (RF)
2026-10-01 17:28:59,SMP / RF 1Mbps / per-link line rate / INCOMPLETE: missing lane / interval BER,0.000E+00,No checked bits,0.000E+00,0.000E+0,Unavailable,Unavailable,Unavailable (RF),Unavailable (RF),Unavailable (RF)
2026-10-01 17:29:00,SMP / RF 1Mbps / per-link line rate / INCOMPLETE: missing lane / interval BER,0.000E+00,No checked bits,0.000E+00,0.000E+0,Unavailable,Unavailable,Unavailable (RF),Unavailable (RF),Unavailable (RF)
2026-10-01 17:29:01,SMP / RF 1Mbps / per-link line rate / INCOMPLETE: missing lane / interval BER,0.000E+00,No checked bits,0.000E+00,0.000E+0,Unavailable,Unavailable,Unavailable (RF),Unavailable (RF),Unavailable (RF)
2026-10-01 17:29:02,SMP / RF 1Mbps / per-link line rate / INCOMPLETE: missing lane / interval BER,0.000E+00,No checked bits,0.000E+00,0.000E+0,Unavailable,Unavailable,Unavailable (RF),Unavailable (RF),Unavailable (RF)
2026-10-01 17:29:03,SMP / RF 1Mbps / per-link line rate / INCOMPLETE: missing lane / interval BER,0.000E+00,No checked bits,0.000E+00,0.000E+0,Unavailable,Unavailable,Unavailable (RF),Unavailable (RF),Unavailable (RF)
2026-10-01 17:29:04,SMP / RF 1Mbps / per-link line rate / INCOMPLETE: missing lane / interval BER,0.000E+00,No checked bits,0.000E+00,0.000E+0,Unavailable,Unavailable,Unavailable (RF),Unavailable (RF),Unavailable (RF)
2026-10-01 17:29:05,SMP / RF 1Mbps / per-link line rate / INCOMPLETE: missing lane / interval BER,0.000E+00,No checked bits,0.000E+00,0.000E+0,Unavailable,Unavailable,Unavailable (RF),Unavailable (RF),Unavailable (RF)
2026-10-01 17:29:06,SMP / RF 1Mbps / per-link line rate / INCOMPLETE: missing lane / interval BER,0.000E+00,No checked bits,0.000E+00,0.000E+0,Unavailable,Unavailable,Unavailable (RF),Unavailable (RF),Unavailable (RF)
2026-10-01 17:29:07,SMP / RF 1Mbps / per-link line rate / INCOMPLETE: missing lane / interval BER,0.000E+00,No checked bits,0.000E+00,0.000E+0,Unavailable,Unavailable,Unavailable (RF),Unavailable (RF),Unavailable (RF)
2026-10-01 17:29:08,SMP / RF 1Mbps / per-link line rate / INCOMPLETE: missing lane / interval BER,0.000E+00,No checked bits,0.000E+00,0.000E+0,Unavailable,Unavailable,Unavailable (RF),Unavailable (RF),Unavailable (RF)
2026-10-01 17:29:09,SMP / RF 1Mbps / per-link line rate / INCOMPLETE: missing lane / interval BER,0.000E+00,No checked bits,0.000E+00,0.000E+0,Unavailable,Unavailable,Unavailable (RF),Unavailable (RF),Unavailable (RF)
2026-10-01 17:29:10,SMP / RF 1Mbps / per-link line rate / INCOMPLETE: missing lane / interval BER,0.000E+00,No checked bits,0.000E+00,0.000E+0,Unavailable,Unavailable,Unavailable (RF),Unavailable (RF),Unavailable (RF)
2026-10-01 17:29:11,SMP / RF 1Mbps / per-link line rate / INCOMPLETE: missing lane / interval BER,0.000E+00,No checked bits,0.000E+00,0.000E+0,Unavailable,Unavailable,Unavailable (RF),Unavailable (RF),Unavailable (RF)
2026-10-01 17:29:12,SMP / RF 1Mbps / per-link line rate / INCOMPLETE: missing lane / interval BER,0.000E+00,No checked bits,0.000E+00,0.000E+0,Unavailable,Unavailable,Unavailable (RF),Unavailable (RF),Unavailable (RF)
2026-10-01 17:29:13,SMP / RF 1Mbps / per-link line rate / INCOMPLETE: missing lane / interval BER,0.000E+00,No checked bits,0.000E+00,0.000E+0,Unavailable,Unavailable,Unavailable (RF),Unavailable (RF),Unavailable (RF)
2026-10-01 17:29:14,SMP / RF 1Mbps / per-link line rate / INCOMPLETE: missing lane / interval BER,0.000E+00,No checked bits,0.000E+00,0.000E+0,Unavailable,Unavailable,Unavailable (RF),Unavailable (RF),Unavailable (RF)
2026-10-01 17:29:15,SMP / RF 1Mbps / per-link line rate / INCOMPLETE: missing lane / interval BER,0.000E+00,No checked bits,0.000E+00,0.000E+0,Unavailable,Unavailable,Unavailable (RF),Unavailable (RF),Unavailable (RF)
2026-10-01 17:29:16,SMP / RF 1Mbps / per-link line rate / INCOMPLETE: missing lane / interval BER,0.000E+00,No checked bits,0.000E+00,0.000E+0,Unavailable,Unavailable,Unavailable (RF),Unavailable (RF),Unavailable (RF)
2026-10-01 17:29:17,SMP / RF 1Mbps / per-link line rate / INCOMPLETE: missing lane / interval BER,0.000E+00,No checked bits,0.000E+00,0.000E+0,Unavailable,Unavailable,Unavailable (RF),Unavailable (RF),Unavailable (RF)
2026-10-01 17:29:18,SMP / RF 1Mbps / per-link line rate / INCOMPLETE: missing lane / interval BER,0.000E+00,No checked bits,0.000E+00,0.000E+0,Unavailable,Unavailable,Unavailable (RF),Unavailable (RF),Unavailable (RF)
2026-10-01 17:29:19,SMP / RF 1Mbps / per-link line rate / INCOMPLETE: missing lane / interval BER,0.000E+00,No checked bits,0.000E+00,0.000E+0,Unavailable,Unavailable,Unavailable (RF),Unavailable (RF),Unavailable (RF)
2026-10-01 17:29:20,SMP / RF 1Mbps / per-link line rate / INCOMPLETE: missing lane / interval BER,0.000E+00,No checked bits,0.000E+00,0.000E+0,Unavailable,Unavailable,Unavailable (RF),Unavailable (RF),Unavailable (RF)
2026-10-01 17:29:21,SMP / RF 1Mbps / per-link line rate / INCOMPLETE: missing lane / interval BER,0.000E+00,No checked bits,0.000E+00,0.000E+0,Unavailable,Unavailable,Unavailable (RF),Unavailable (RF),Unavailable (RF)
2026-10-01 17:29:22,SMP / RF 1Mbps / per-link line rate / INCOMPLETE: missing lane / interval BER,0.000E+00,No checked bits,0.000E+00,0.000E+0,Unavailable,Unavailable,Unavailable (RF),Unavailable (RF),Unavailable (RF)
2026-10-01 17:29:23,SMP / RF 1Mbps / per-link line rate / INCOMPLETE: missing lane / interval BER,0.000E+00,No checked bits,0.000E+00,0.000E+0,Unavailable,Unavailable,Unavailable (RF),Unavailable (RF),Unavailable (RF)
2026-10-01 17:29:24,SMP / RF 1Mbps / per-link line rate / INCOMPLETE: missing lane / interval BER,0.000E+00,No checked bits,0.000E+00,0.000E+0,Unavailable,Unavailable,Unavailable (RF),Unavailable (RF),Unavailable (RF)
2026-10-01 17:29:25,SMP / RF 1Mbps / per-link line rate / INCOMPLETE: missing lane / interval BER,0.000E+00,No checked bits,0.000E+00,0.000E+0,Unavailable,Unavailable,Unavailable (RF),Unavailable (RF),Unavailable (RF)
2026-10-01 17:29:26,SMP / RF 1Mbps / per-link line rate / INCOMPLETE: missing lane / interval BER,0.000E+00,No checked bits,0.000E+00,0.000E+0,Unavailable,Unavailable,Unavailable (RF),Unavailable (RF),Unavailable (RF)
2026-10-01 17:29:27,SMP / RF 1Mbps / per-link line rate / INCOMPLETE: missing lane / interval BER,0.000E+00,No checked bits,0.000E+00,0.000E+0,Unavailable,Unavailable,Unavailable (RF),Unavailable (RF),Unavailable (RF)
2026-10-01 17:29:28,SMP / RF 1Mbps / per-link line rate / INCOMPLETE: missing lane / interval BER,0.000E+00,0.000E+00,0.000E+00,0.000E+0,10.000,0.084,Unavailable (RF),Unavailable (RF),Unavailable (RF)
2026-10-01 17:29:29,SMP / paired RX / per-link line rate / both lanes counting / interval BER,0.000E+00,1.973E-01,2.536E-02,N/A,10.000,6.618,4.163E-02,16.618415,0.840398
2026-10-01 17:29:31,SMP / paired RX / per-link line rate / both lanes counting / interval BER,0.000E+00,8.544E-02,2.243E-02,N/A,10.000,10.000,4.322E-04,20.000001,72.031946
2026-10-01 17:29:31,SMP / paired RX / per-link line rate / both lanes counting / interval BER,0.000E+00,3.545E-05,1.300E-05,N/A,10.000,10.000,4.600E-07,19.999999,79.124661
2026-10-01 17:29:32,SMP / paired RX / per-link line rate / both lanes counting / interval BER,0.000E+00,0.000E+00,0.000E+00,N/A,10.000,10.000,0.000E+00,20.000001,79.114388
2026-10-01 17:29:33,SMP / paired RX / per-link line rate / both lanes counting / interval BER,0.000E+00,0.000E+00,0.000E+00,N/A,10.000,10.000,0.000E+00,20.000000,78.813583
2026-10-01 17:29:34,SMP / paired RX / per-link line rate / both lanes counting / interval BER,0.000E+00,0.000E+00,0.000E+00,N/A,10.000,10.000,0.000E+00,20.000001,77.792800
2026-10-01 17:29:35,SMP / paired RX / per-link line rate / both lanes counting / interval BER,0.000E+00,0.000E+00,0.000E+00,N/A,10.000,10.000,0.000E+00,20.000000,77.239686
2026-10-01 17:29:36,SMP / paired RX / per-link line rate / both lanes counting / interval BER,0.000E+00,0.000E+00,0.000E+00,N/A,10.000,10.000,0.000E+00,20.000000,77.314420
2026-10-01 17:29:37,SMP / paired RX / per-link line rate / both lanes counting / interval BER,0.000E+00,0.000E+00,0.000E+00,N/A,10.000,10.000,0.000E+00,20.000001,77.759345
2026-10-01 17:29:38,SMP / paired RX / per-link line rate / both lanes counting / interval BER,0.000E+00,0.000E+00,0.000E+00,N/A,10.000,10.000,0.000E+00,19.999999,79.272752
2026-10-01 17:29:39,SMP / paired RX / per-link line rate / both lanes counting / interval BER,0.000E+00,0.000E+00,0.000E+00,N/A,10.000,10.000,0.000E+00,20.000000,79.229738
2026-10-01 17:29:40,SMP / paired RX / per-link line rate / both lanes counting / interval BER,0.000E+00,0.000E+00,0.000E+00,N/A,10.000,10.000,0.000E+00,20.000001,79.100756
2026-10-01 17:29:41,SMP / paired RX / per-link line rate / both lanes counting / interval BER,0.000E+00,0.000E+00,0.000E+00,N/A,10.000,10.000,0.000E+00,19.999999,78.072633
2026-10-01 17:29:42,SMP / paired RX / per-link line rate / both lanes counting / interval BER,0.000E+00,0.000E+00,0.000E+00,N/A,10.000,10.000,0.000E+00,20.000001,77.672996
2026-10-01 17:29:43,SMP / paired RX / per-link line rate / both lanes counting / interval BER,0.000E+00,0.000E+00,0.000E+00,N/A,10.000,10.000,0.000E+00,20.000000,77.695442
2026-10-01 17:29:44,SMP / paired RX / per-link line rate / both lanes counting / interval BER,0.000E+00,0.000E+00,0.000E+00,N/A,10.000,10.000,0.000E+00,20.000000,78.024522
2026-10-01 17:29:45,SMP / paired RX / per-link line rate / both lanes counting / interval BER,0.000E+00,0.000E+00,0.000E+00,N/A,10.000,10.000,0.000E+00,20.000001,78.930621
2026-10-01 17:29:46,SMP / paired RX / per-link line rate / both lanes counting / interval BER,0.000E+00,0.000E+00,0.000E+00,N/A,10.000,10.000,0.000E+00,19.999998,79.157932
2026-10-01 17:29:47,SMP / paired RX / per-link line rate / both lanes counting / interval BER,0.000E+00,0.000E+00,0.000E+00,N/A,10.000,10.000,0.000E+00,20.000002,79.231396
2026-10-01 17:29:48,SMP / paired RX / per-link line rate / both lanes counting / interval BER,0.000E+00,0.000E+00,0.000E+00,N/A,10.000,10.000,0.000E+00,19.999999,77.832437
2026-10-01 17:29:49,SMP / paired RX / per-link line rate / both lanes counting / interval BER,0.000E+00,0.000E+00,0.000E+00,N/A,10.000,10.000,0.000E+00,20.000001,77.672553
2026-10-01 17:29:50,SMP / paired RX / per-link line rate / both lanes counting / interval BER,0.000E+00,0.000E+00,0.000E+00,N/A,10.000,10.000,0.000E+00,19.999999,77.688253
2026-10-01 17:29:51,SMP / paired RX / per-link line rate / both lanes counting / interval BER,0.000E+00,0.000E+00,0.000E+00,N/A,10.000,10.000,0.000E+00,20.000000,78.490786
2026-10-01 17:29:52,SMP / paired RX / per-link line rate / both lanes counting / interval BER,0.000E+00,0.000E+00,0.000E+00,N/A,10.000,10.000,0.000E+00,20.000001,79.353945
2026-10-01 17:29:53,SMP / paired RX / per-link line rate / both lanes counting / interval BER,0.000E+00,0.000E+00,0.000E+00,N/A,10.000,10.000,0.000E+00,19.999999,79.462440
2026-10-01 17:29:54,SMP / paired RX / per-link line rate / both lanes counting / interval BER,0.000E+00,0.000E+00,0.000E+00,N/A,10.000,10.000,0.000E+00,20.000000,78.987811
2026-10-01 17:29:55,SMP / paired RX / per-link line rate / both lanes counting / interval BER,0.000E+00,0.000E+00,0.000E+00,N/A,10.000,10.000,0.000E+00,20.000001,77.683389
2026-10-01 17:29:56,SMP / paired RX / per-link line rate / both lanes counting / interval BER,0.000E+00,0.000E+00,0.000E+00,N/A,10.000,10.000,0.000E+00,20.000000,77.618910
2026-10-01 17:29:57,SMP / paired RX / per-link line rate / both lanes counting / interval BER,0.000E+00,0.000E+00,0.000E+00,N/A,10.000,10.000,0.000E+00,20.000000,77.694552
2026-10-01 17:29:58,SMP / paired RX / per-link line rate / both lanes counting / interval BER,0.000E+00,0.000E+00,0.000E+00,N/A,10.000,10.000,0.000E+00,19.999999,79.111128
2026-10-01 17:29:59,SMP / paired RX / per-link line rate / both lanes counting / interval BER,0.000E+00,0.000E+00,0.000E+00,N/A,10.000,10.000,0.000E+00,20.000001,79.526716
2026-10-01 17:30:00,SMP / paired RX / per-link line rate / both lanes counting / interval BER,0.000E+00,0.000E+00,0.000E+00,N/A,10.000,10.000,0.000E+00,19.999999,79.212081
2026-10-01 17:30:01,SMP / paired RX / per-link line rate / both lanes counting / interval BER,0.000E+00,0.000E+00,0.000E+00,N/A,10.000,10.000,0.000E+00,20.000000,78.359243
2026-10-01 17:30:02,SMP / paired RX / per-link line rate / both lanes counting / interval BER,0.000E+00,0.000E+00,0.000E+00,N/A,10.000,10.000,0.000E+00,20.000000,77.874520
2026-10-01 17:30:03,SMP / paired RX / per-link line rate / both lanes counting / interval BER,0.000E+00,0.000E+00,0.000E+00,N/A,10.000,10.000,0.000E+00,20.000001,77.976543
2026-10-01 17:30:04,SMP / paired RX / per-link line rate / both lanes counting / interval BER,0.000E+00,0.000E+00,0.000E+00,N/A,10.000,10.000,0.000E+00,19.999999,78.277855
2026-10-01 17:30:05,SMP / paired RX / per-link line rate / both lanes counting / interval BER,0.000E+00,0.000E+00,0.000E+00,N/A,10.000,10.000,0.000E+00,20.000000,79.424061
2026-10-01 17:30:06,SMP / paired RX / per-link line rate / both lanes counting / interval BER,0.000E+00,0.000E+00,0.000E+00,N/A,10.000,10.000,0.000E+00,20.000001,79.330280
2026-10-01 17:30:07,SMP / paired RX / per-link line rate / both lanes counting / interval BER,0.000E+00,0.000E+00,0.000E+00,N/A,10.000,10.000,0.000E+00,19.999998,79.428399
2026-10-01 17:30:08,SMP / paired RX / per-link line rate / both lanes counting / interval BER,0.000E+00,0.000E+00,0.000E+00,N/A,10.000,10.000,0.000E+00,20.000000,78.120930
2026-10-01 17:30:09,SMP / paired RX / per-link line rate / both lanes counting / interval BER,0.000E+00,0.000E+00,0.000E+00,N/A,10.000,10.000,0.000E+00,20.000000,77.739556
2026-10-01 17:30:10,SMP / paired RX / per-link line rate / both lanes counting / interval BER,0.000E+00,0.000E+00,0.000E+00,N/A,10.000,10.000,0.000E+00,20.000001,77.557246
2026-10-01 17:30:11,SMP / paired RX / per-link line rate / both lanes counting / interval BER,0.000E+00,0.000E+00,0.000E+00,N/A,10.000,10.000,0.000E+00,20.000000,78.515812
2026-10-01 17:30:12,SMP / paired RX / per-link line rate / both lanes counting / interval BER,0.000E+00,0.000E+00,0.000E+00,N/A,10.000,10.000,0.000E+00,20.000000,79.309466
2026-10-01 17:30:13,SMP / paired RX / per-link line rate / both lanes counting / interval BER,0.000E+00,0.000E+00,0.000E+00,N/A,10.000,10.000,0.000E+00,20.000001,79.303054
2026-10-01 17:30:14,SMP / paired RX / per-link line rate / both lanes counting / interval BER,0.000E+00,0.000E+00,0.000E+00,N/A,10.000,10.000,0.000E+00,20.000000,79.177639
2026-10-01 17:30:15,SMP / paired RX / per-link line rate / both lanes counting / interval BER,0.000E+00,0.000E+00,0.000E+00,N/A,10.000,10.000,0.000E+00,20.000000,77.766403
2026-10-01 17:30:16,SMP / paired RX / per-link line rate / both lanes counting / interval BER,0.000E+00,0.000E+00,0.000E+00,N/A,10.000,10.000,0.000E+00,19.999999,77.677840
2026-10-01 17:30:17,SMP / paired RX / per-link line rate / both lanes counting / interval BER,0.000E+00,0.000E+00,0.000E+00,N/A,10.000,10.000,0.000E+00,20.000001,77.821954
2026-10-01 17:30:18,SMP / paired RX / per-link line rate / both lanes counting / interval BER,0.000E+00,0.000E+00,0.000E+00,N/A,10.000,10.000,0.000E+00,20.000000,78.979290
2026-10-01 17:30:19,SMP / paired RX / per-link line rate / both lanes counting / interval BER,0.000E+00,0.000E+00,0.000E+00,N/A,10.000,10.000,0.000E+00,20.000000,79.249734
2026-10-01 17:30:20,SMP / paired RX / per-link line rate / both lanes counting / interval BER,0.000E+00,0.000E+00,0.000E+00,N/A,10.000,10.000,0.000E+00,20.000000,79.535844
2026-10-01 17:30:21,SMP / paired RX / per-link line rate / both lanes counting / interval BER,0.000E+00,0.000E+00,0.000E+00,N/A,10.000,10.000,0.000E+00,20.000001,79.023807
2026-10-01 17:30:22,SMP / paired RX / per-link line rate / both lanes counting / interval BER,0.000E+00,0.000E+00,0.000E+00,N/A,10.000,10.000,0.000E+00,19.999999,78.086922
2026-10-01 17:30:23,SMP / paired RX / per-link line rate / both lanes counting / interval BER,0.000E+00,0.000E+00,0.000E+00,N/A,10.000,10.000,0.000E+00,20.000000,78.138848
2026-10-01 17:30:24,SMP / paired RX / per-link line rate / both lanes counting / interval BER,0.000E+00,0.000E+00,0.000E+00,N/A,10.000,10.000,0.000E+00,20.000000,77.956157
2026-10-01 17:30:25,SMP / paired RX / per-link line rate / both lanes counting / interval BER,0.000E+00,0.000E+00,0.000E+00,N/A,10.000,10.000,0.000E+00,20.000000,79.237412
2026-10-01 17:30:26,SMP / paired RX / per-link line rate / both lanes counting / interval BER,0.000E+00,0.000E+00,0.000E+00,N/A,10.000,10.000,0.000E+00,19.999999,79.076281
2026-10-01 17:30:27,SMP / paired RX / per-link line rate / both lanes counting / interval BER,0.000E+00,0.000E+00,0.000E+00,N/A,10.000,10.000,0.000E+00,20.000001,78.972446
2026-10-01 17:30:28,SMP / paired RX / per-link line rate / both lanes counting / interval BER,0.000E+00,0.000E+00,0.000E+00,N/A,10.000,10.000,0.000E+00,19.999999,78.171374
2026-10-01 17:30:29,SMP / paired RX / per-link line rate / both lanes counting / interval BER,0.000E+00,0.000E+00,0.000E+00,N/A,10.000,10.000,0.000E+00,20.000001,77.944209
2026-10-01 17:30:30,SMP / paired RX / per-link line rate / both lanes counting / interval BER,0.000E+00,0.000E+00,0.000E+00,N/A,10.000,10.000,0.000E+00,19.999999,78.054293
2026-10-01 17:30:31,SMP / paired RX / per-link line rate / both lanes counting / interval BER,0.000E+00,0.000E+00,0.000E+00,N/A,10.000,10.000,0.000E+00,20.000001,78.324247
2026-10-01 17:30:32,SMP / paired RX / per-link line rate / both lanes counting / interval BER,0.000E+00,0.000E+00,0.000E+00,N/A,10.000,10.000,0.000E+00,20.000000,79.298488
2026-10-01 17:30:33,SMP / paired RX / per-link line rate / both lanes counting / interval BER,0.000E+00,0.000E+00,0.000E+00,N/A,10.000,10.000,0.000E+00,20.000000,79.089926
2026-10-01 17:30:34,SMP / paired RX / per-link line rate / both lanes counting / interval BER,0.000E+00,0.000E+00,0.000E+00,N/A,10.000,10.000,0.000E+00,20.000000,79.202858
2026-10-01 17:30:35,SMP / paired RX / per-link line rate / both lanes counting / interval BER,0.000E+00,0.000E+00,0.000E+00,N/A,10.000,10.000,0.000E+00,20.000000,77.591475
2026-10-01 17:30:36,SMP / paired RX / per-link line rate / both lanes counting / interval BER,0.000E+00,0.000E+00,0.000E+00,N/A,10.000,10.000,0.000E+00,20.000000,77.596433
2026-10-01 17:30:37,SMP / paired RX / per-link line rate / both lanes counting / interval BER,0.000E+00,0.000E+00,0.000E+00,N/A,10.000,10.000,0.000E+00,20.000000,77.580787
2026-10-01 17:30:38,SMP / paired RX / per-link line rate / both lanes counting / interval BER,0.000E+00,0.000E+00,0.000E+00,N/A,10.000,10.000,0.000E+00,20.000000,78.586176
2026-10-01 17:30:39,SMP / paired RX / per-link line rate / both lanes counting / interval BER,0.000E+00,0.000E+00,0.000E+00,N/A,10.000,10.000,0.000E+00,20.000001,79.198283
2026-10-01 17:30:40,SMP / paired RX / per-link line rate / both lanes counting / interval BER,0.000E+00,0.000E+00,0.000E+00,N/A,10.000,10.000,0.000E+00,19.999998,78.918933
2026-10-01 17:30:41,SMP / paired RX / per-link line rate / both lanes counting / interval BER,0.000E+00,0.000E+00,0.000E+00,N/A,10.000,10.000,0.000E+00,20.000001,78.362409
2026-10-01 17:30:42,SMP / paired RX / per-link line rate / both lanes counting / interval BER,0.000E+00,0.000E+00,0.000E+00,N/A,10.000,10.000,0.000E+00,20.000001,77.645340
2026-10-01 17:30:43,SMP / paired RX / per-link line rate / both lanes counting / interval BER,0.000E+00,0.000E+00,0.000E+00,N/A,10.000,10.000,0.000E+00,20.000000,77.709306
2026-10-01 17:30:44,SMP / paired RX / per-link line rate / both lanes counting / interval BER,0.000E+00,0.000E+00,0.000E+00,N/A,10.000,10.000,0.000E+00,19.999999,77.814532
2026-10-01 17:30:45,SMP / paired RX / per-link line rate / both lanes counting / interval BER,0.000E+00,0.000E+00,0.000E+00,N/A,10.000,10.000,0.000E+00,20.000001,79.240045
2026-10-01 17:30:46,SMP / paired RX / per-link line rate / both lanes counting / interval BER,0.000E+00,0.000E+00,0.000E+00,N/A,10.000,10.000,0.000E+00,19.999999,78.857735
2026-10-01 17:30:47,SMP / paired RX / per-link line rate / both lanes counting / interval BER,0.000E+00,0.000E+00,0.000E+00,N/A,10.000,10.000,0.000E+00,20.000000,78.953439
2026-10-01 17:30:48,SMP / paired RX / per-link line rate / both lanes counting / interval BER,0.000E+00,0.000E+00,0.000E+00,N/A,10.000,10.000,0.000E+00,20.000000,78.090389
2026-10-01 17:30:49,SMP / paired RX / per-link line rate / both lanes counting / interval BER,0.000E+00,0.000E+00,0.000E+00,N/A,10.000,10.000,0.000E+00,20.000001,77.233660
2026-10-01 17:30:50,SMP / paired RX / per-link line rate / both lanes counting / interval BER,0.000E+00,0.000E+00,0.000E+00,N/A,10.000,10.000,0.000E+00,19.999999,77.381697
2026-10-01 17:30:51,SMP / paired RX / per-link line rate / both lanes counting / interval BER,0.000E+00,0.000E+00,0.000E+00,N/A,10.000,10.000,0.000E+00,20.000000,77.445826
2026-10-01 17:30:52,SMP / paired RX / per-link line rate / both lanes counting / interval BER,0.000E+00,0.000E+00,0.000E+00,N/A,10.000,10.000,0.000E+00,20.000000,78.994998
2026-10-01 17:30:53,SMP / paired RX / per-link line rate / both lanes counting / interval BER,0.000E+00,0.000E+00,0.000E+00,N/A,10.000,10.000,0.000E+00,20.000001,79.028077
2026-10-01 17:30:54,SMP / paired RX / per-link line rate / both lanes counting / interval BER,0.000E+00,0.000E+00,0.000E+00,N/A,10.000,10.000,0.000E+00,20.000000,79.013925
2026-10-01 17:30:55,SMP / paired RX / per-link line rate / both lanes counting / interval BER,0.000E+00,0.000E+00,0.000E+00,N/A,10.000,10.000,0.000E+00,20.000000,77.719249
2026-10-01 17:30:56,SMP / paired RX / per-link line rate / both lanes counting / interval BER,0.000E+00,0.000E+00,0.000E+00,N/A,10.000,10.000,0.000E+00,20.000000,77.502720
2026-10-01 17:30:57,SMP / paired RX / per-link line rate / both lanes counting / interval BER,0.000E+00,0.000E+00,0.000E+00,N/A,10.000,10.000,0.000E+00,20.000000,77.728063
2026-10-01 17:30:58,SMP / paired RX / per-link line rate / both lanes counting / interval BER,0.000E+00,0.000E+00,0.000E+00,N/A,10.000,10.000,0.000E+00,19.999999,78.276804
2026-10-01 17:30:59,SMP / paired RX / per-link line rate / both lanes counting / interval BER,0.000E+00,0.000E+00,0.000E+00,N/A,10.000,10.000,0.000E+00,20.000001,79.032484
2026-10-01 17:31:00,SMP / paired RX / per-link line rate / both lanes counting / interval BER,0.000E+00,0.000E+00,0.000E+00,N/A,10.000,10.000,0.000E+00,19.999999,78.953555
2026-10-01 17:31:01,SMP / paired RX / per-link line rate / both lanes counting / interval BER,0.000E+00,0.000E+00,0.000E+00,N/A,10.000,10.000,0.000E+00,20.000000,78.893105
2026-10-01 17:31:02,SMP / paired RX / per-link line rate / both lanes counting / interval BER,0.000E+00,0.000E+00,0.000E+00,N/A,10.000,10.000,0.000E+00,20.000000,78.076016
2026-10-01 17:31:03,SMP / paired RX / per-link line rate / both lanes counting / interval BER,0.000E+00,0.000E+00,0.000E+00,N/A,10.000,10.000,0.000E+00,20.000000,78.061127
2026-10-01 17:31:04,SMP / paired RX / per-link line rate / both lanes counting / interval BER,0.000E+00,0.000E+00,0.000E+00,N/A,10.000,10.000,0.000E+00,20.000000,77.894723
2026-10-01 17:31:05,SMP / paired RX / per-link line rate / both lanes counting / interval BER,0.000E+00,0.000E+00,0.000E+00,N/A,10.000,10.000,0.000E+00,20.000000,79.015060
2026-10-01 17:31:06,SMP / paired RX / per-link line rate / both lanes counting / interval BER,0.000E+00,0.000E+00,0.000E+00,N/A,10.000,10.000,0.000E+00,19.999999,78.953493
2026-10-01 17:31:07,SMP / paired RX / per-link line rate / both lanes counting / interval BER,0.000E+00,0.000E+00,0.000E+00,N/A,10.000,10.000,0.000E+00,20.000001,78.788108
2026-10-01 17:31:08,SMP / paired RX / per-link line rate / both lanes counting / interval BER,0.000E+00,0.000E+00,0.000E+00,N/A,10.000,10.000,0.000E+00,19.999999,78.364634
2026-10-01 17:31:09,SMP / paired RX / per-link line rate / both lanes counting / interval BER,0.000E+00,0.000E+00,0.000E+00,N/A,10.000,10.000,0.000E+00,20.000001,77.354924
2026-10-01 17:31:10,SMP / paired RX / per-link line rate / both lanes counting / interval BER,0.000E+00,0.000E+00,0.000E+00,N/A,10.000,10.000,0.000E+00,19.999998,77.541509
2026-10-01 17:31:11,SMP / paired RX / per-link line rate / both lanes counting / interval BER,0.000E+00,0.000E+00,0.000E+00,N/A,10.000,10.000,0.000E+00,20.000000,77.451122
2026-10-01 17:31:12,SMP / paired RX / per-link line rate / both lanes counting / interval BER,0.000E+00,0.000E+00,0.000E+00,N/A,10.000,10.000,0.000E+00,20.000000,78.940671
2026-10-01 17:31:13,SMP / paired RX / per-link line rate / both lanes counting / interval BER,0.000E+00,0.000E+00,0.000E+00,N/A,10.000,10.000,0.000E+00,20.000001,79.086120
2026-10-01 17:31:14,SMP / paired RX / per-link line rate / both lanes counting / interval BER,0.000E+00,0.000E+00,0.000E+00,N/A,10.000,10.000,0.000E+00,20.000000,78.860838
2026-10-01 17:31:15,SMP / paired RX / per-link line rate / both lanes counting / interval BER,0.000E+00,0.000E+00,0.000E+00,N/A,10.000,10.000,0.000E+00,20.000000,77.900244
2026-10-01 17:31:16,SMP / paired RX / per-link line rate / both lanes counting / interval BER,0.000E+00,0.000E+00,0.000E+00,N/A,10.000,10.000,0.000E+00,20.000001,77.618592
2026-10-01 17:31:17,SMP / paired RX / per-link line rate / both lanes counting / interval BER,0.000E+00,0.000E+00,0.000E+00,N/A,10.000,10.000,0.000E+00,19.999999,77.633850
2026-10-01 17:31:18,SMP / paired RX / per-link line rate / both lanes counting / interval BER,0.000E+00,0.000E+00,0.000E+00,N/A,10.000,10.000,0.000E+00,20.000001,78.181253
2026-10-01 17:31:19,SMP / paired RX / per-link line rate / both lanes counting / interval BER,0.000E+00,0.000E+00,0.000E+00,N/A,10.000,10.000,0.000E+00,19.999999,79.036263
2026-10-01 17:31:20,SMP / paired RX / per-link line rate / both lanes counting / interval BER,0.000E+00,0.000E+00,0.000E+00,N/A,10.000,10.000,0.000E+00,20.000000,78.651102
2026-10-01 17:31:21,SMP / paired RX / per-link line rate / both lanes counting / interval BER,0.000E+00,0.000E+00,0.000E+00,N/A,10.000,10.000,0.000E+00,20.000001,78.705513
2026-10-01 17:31:22,SMP / paired RX / per-link line rate / both lanes counting / interval BER,0.000E+00,0.000E+00,0.000E+00,N/A,10.000,10.000,0.000E+00,20.000000,77.749703
2026-10-01 17:31:23,SMP / paired RX / per-link line rate / both lanes counting / interval BER,0.000E+00,0.000E+00,0.000E+00,N/A,10.000,10.000,0.000E+00,20.000000,77.664794
2026-10-01 17:31:24,SMP / paired RX / per-link line rate / both lanes counting / interval BER,0.000E+00,0.000E+00,0.000E+00,N/A,10.000,10.000,0.000E+00,19.999999,77.710468
2026-10-01 17:31:25,SMP / paired RX / per-link line rate / both lanes counting / interval BER,0.000E+00,0.000E+00,0.000E+00,N/A,10.000,10.000,0.000E+00,20.000000,78.386329
2026-10-01 17:31:26,SMP / paired RX / per-link line rate / both lanes counting / interval BER,0.000E+00,0.000E+00,0.000E+00,N/A,10.000,10.000,0.000E+00,20.000002,78.937859
2026-10-01 17:31:27,SMP / paired RX / per-link line rate / both lanes counting / interval BER,0.000E+00,0.000E+00,0.000E+00,N/A,10.000,10.000,0.000E+00,20.000000,78.943607
2026-10-01 17:31:28,SMP / paired RX / per-link line rate / both lanes counting / interval BER,0.000E+00,0.000E+00,0.000E+00,N/A,10.000,10.000,0.000E+00,20.000000,78.386038
2026-10-01 17:31:29,SMP / paired RX / per-link line rate / both lanes counting / interval BER,0.000E+00,0.000E+00,0.000E+00,N/A,10.000,10.000,0.000E+00,20.000000,77.708876
2026-10-01 17:31:30,SMP / paired RX / per-link line rate / both lanes counting / interval BER,0.000E+00,0.000E+00,0.000E+00,N/A,10.000,10.000,0.000E+00,20.000000,77.762688
2026-10-01 17:31:31,SMP / paired RX / per-link line rate / both lanes counting / interval BER,0.000E+00,0.000E+00,0.000E+00,N/A,10.000,10.000,0.000E+00,19.999999,77.598707
2026-10-01 17:31:32,SMP / paired RX / per-link line rate / both lanes counting / interval BER,0.000E+00,0.000E+00,0.000E+00,N/A,10.000,10.000,0.000E+00,20.000002,78.945634
2026-10-01 17:31:33,SMP / paired RX / per-link line rate / both lanes counting / interval BER,0.000E+00,0.000E+00,0.000E+00,N/A,10.000,10.000,0.000E+00,19.999998,79.046276
2026-10-01 17:31:34,SMP / paired RX / per-link line rate / both lanes counting / interval BER,0.000E+00,0.000E+00,0.000E+00,N/A,10.000,10.000,0.000E+00,20.000001,78.961006
2026-10-01 17:31:35,SMP / paired RX / per-link line rate / both lanes counting / interval BER,0.000E+00,0.000E+00,0.000E+00,N/A,10.000,10.000,0.000E+00,20.000000,78.131827
2026-10-01 17:31:36,SMP / paired RX / per-link line rate / both lanes counting / interval BER,0.000E+00,0.000E+00,0.000E+00,N/A,10.000,10.000,0.000E+00,20.000000,77.456647
2026-10-01 17:31:37,SMP / paired RX / per-link line rate / both lanes counting / interval BER,0.000E+00,0.000E+00,0.000E+00,N/A,10.000,10.000,0.000E+00,20.000000,77.639408
2026-10-01 17:31:38,SMP / paired RX / per-link line rate / both lanes counting / interval BER,0.000E+00,0.000E+00,0.000E+00,N/A,10.000,10.000,0.000E+00,20.000000,77.742110
2026-10-01 17:31:39,SMP / paired RX / per-link line rate / both lanes counting / interval BER,0.000E+00,0.000E+00,0.000E+00,N/A,10.000,10.000,0.000E+00,19.999999,78.971677
2026-10-01 17:31:40,SMP / paired RX / per-link line rate / both lanes counting / interval BER,0.000E+00,0.000E+00,0.000E+00,N/A,10.000,10.000,0.000E+00,20.000001,78.951858
2026-10-01 17:31:41,SMP / paired RX / per-link line rate / both lanes counting / interval BER,0.000E+00,0.000E+00,0.000E+00,N/A,10.000,10.000,0.000E+00,20.000000,79.160314
2026-10-01 17:31:42,SMP / paired RX / per-link line rate / both lanes counting / interval BER,0.000E+00,0.000E+00,0.000E+00,N/A,10.000,10.000,0.000E+00,20.000000,77.459430
2026-10-01 17:31:43,SMP / paired RX / per-link line rate / both lanes counting / interval BER,0.000E+00,0.000E+00,0.000E+00,N/A,10.000,10.000,0.000E+00,20.000000,77.589440
2026-10-01 17:31:44,SMP / paired RX / per-link line rate / both lanes counting / interval BER,0.000E+00,0.000E+00,0.000E+00,N/A,10.000,10.000,0.000E+00,20.000000,77.720733
2026-10-01 17:31:45,SMP / paired RX / per-link line rate / both lanes counting / interval BER,0.000E+00,0.000E+00,0.000E+00,N/A,10.000,10.000,0.000E+00,20.000000,78.662267
2026-10-01 17:31:46,SMP / paired RX / per-link line rate / both lanes counting / interval BER,0.000E+00,0.000E+00,0.000E+00,N/A,10.000,10.000,0.000E+00,19.999999,79.144142
2026-10-01 17:31:47,SMP / paired RX / per-link line rate / both lanes counting / interval BER,0.000E+00,0.000E+00,0.000E+00,N/A,10.000,10.000,0.000E+00,20.000001,79.227424
2026-10-01 17:31:48,SMP / paired RX / per-link line rate / both lanes counting / interval BER,0.000E+00,0.000E+00,0.000E+00,N/A,10.000,10.000,0.000E+00,20.000000,78.525986
2026-10-01 17:31:49,SMP / paired RX / per-link line rate / both lanes counting / interval BER,0.000E+00,0.000E+00,0.000E+00,N/A,10.000,10.000,0.000E+00,19.999999,77.546035
2026-10-01 17:31:50,SMP / paired RX / per-link line rate / both lanes counting / interval BER,0.000E+00,0.000E+00,0.000E+00,N/A,10.000,10.000,0.000E+00,20.000001,77.503513
2026-10-01 17:31:51,SMP / paired RX / per-link line rate / both lanes counting / interval BER,0.000E+00,0.000E+00,0.000E+00,N/A,10.000,10.000,0.000E+00,19.999999,77.499072
2026-10-01 17:31:52,SMP / paired RX / per-link line rate / both lanes counting / interval BER,0.000E+00,0.000E+00,0.000E+00,N/A,10.000,10.000,0.000E+00,20.000000,78.600153
2026-10-01 17:31:53,SMP / paired RX / per-link line rate / both lanes counting / interval BER,0.000E+00,0.000E+00,0.000E+00,N/A,10.000,10.000,0.000E+00,20.000001,78.912109
2026-10-01 17:31:54,SMP / paired RX / per-link line rate / both lanes counting / interval BER,0.000E+00,0.000E+00,0.000E+00,N/A,10.000,10.000,0.000E+00,20.000001,78.730055
2026-10-01 17:31:55,SMP / paired RX / per-link line rate / both lanes counting / interval BER,0.000E+00,0.000E+00,0.000E+00,N/A,10.000,10.000,0.000E+00,19.999999,78.041695
2026-10-01 17:31:56,SMP / paired RX / per-link line rate / both lanes counting / interval BER,0.000E+00,0.000E+00,0.000E+00,N/A,10.000,10.000,0.000E+00,20.000000,77.395929
2026-10-01 17:31:57,SMP / paired RX / per-link line rate / both lanes counting / interval BER,0.000E+00,0.000E+00,0.000E+00,N/A,10.000,10.000,0.000E+00,20.000001,77.351272
2026-10-01 17:31:58,SMP / paired RX / per-link line rate / both lanes counting / interval BER,0.000E+00,0.000E+00,0.000E+00,N/A,10.000,10.000,0.000E+00,20.000000,77.269543
2026-10-01 17:31:59,SMP / paired RX / per-link line rate / both lanes counting / interval BER,0.000E+00,0.000E+00,0.000E+00,N/A,10.000,10.000,0.000E+00,20.000000,78.907880
2026-10-01 17:32:00,SMP / paired RX / per-link line rate / both lanes counting / interval BER,0.000E+00,0.000E+00,0.000E+00,N/A,10.000,10.000,0.000E+00,19.999998,78.560649
2026-10-01 17:32:01,SMP / paired RX / per-link line rate / both lanes counting / interval BER,0.000E+00,0.000E+00,0.000E+00,N/A,10.000,10.000,0.000E+00,20.000000,78.390392
2026-10-01 17:32:02,SMP / paired RX / per-link line rate / both lanes counting / interval BER,0.000E+00,0.000E+00,0.000E+00,N/A,10.000,10.000,0.000E+00,20.000001,77.452623
2026-10-01 17:32:03,SMP / paired RX / per-link line rate / both lanes counting / interval BER,0.000E+00,0.000E+00,0.000E+00,N/A,10.000,10.000,0.000E+00,20.000000,77.324347
2026-10-01 17:32:04,SMP / paired RX / per-link line rate / both lanes counting / interval BER,0.000E+00,0.000E+00,0.000E+00,N/A,10.000,10.000,0.000E+00,20.000000,77.553938
