Time,Mode,FSO-BER1,FSO-BER2,FSO-ABER,RF-BER,Rx1,Rx2,OBER,Throughput,Delivery
2026-10-01 16:50:31,SMP / paired RX / per-link line rate / both lanes counting / interval BER,0.000E+00,0.000E+00,0.000E+00,N/A,10.000,10.000,0.000E+00,20.000000,80.806082
2026-10-01 16:50:32,SMP / paired RX / per-link line rate / both lanes counting / interval BER,0.000E+00,0.000E+00,0.000E+00,N/A,10.000,10.000,0.000E+00,20.000000,80.378376
2026-10-01 16:50:33,SMP / paired RX / per-link line rate / both lanes counting / interval BER,0.000E+00,0.000E+00,0.000E+00,N/A,10.000,10.000,0.000E+00,20.000000,78.501418
2026-10-01 16:50:34,SMP / paired RX / per-link line rate / both lanes counting / interval BER,0.000E+00,0.000E+00,0.000E+00,N/A,10.000,10.000,0.000E+00,20.000000,78.303286
2026-10-01 16:50:35,SMP / paired RX / per-link line rate / both lanes counting / interval BER,0.000E+00,0.000E+00,0.000E+00,N/A,10.000,10.000,0.000E+00,20.000000,78.169014
2026-10-01 16:50:36,SMP / paired RX / per-link line rate / both lanes counting / interval BER,0.000E+00,0.000E+00,0.000E+00,N/A,10.000,10.000,0.000E+00,20.000000,80.412157
2026-10-01 16:50:37,SMP / paired RX / per-link line rate / both lanes counting / interval BER,0.000E+00,0.000E+00,0.000E+00,N/A,10.000,10.000,0.000E+00,20.000000,80.527160
2026-10-01 16:50:38,SMP / paired RX / per-link line rate / both lanes counting / interval BER,0.000E+00,0.000E+00,0.000E+00,N/A,10.000,10.000,0.000E+00,20.000001,80.622907
2026-10-01 16:50:39,SMP / paired RX / per-link line rate / both lanes counting / interval BER,0.000E+00,0.000E+00,0.000E+00,N/A,10.000,10.000,0.000E+00,19.999998,79.435071
2026-10-01 16:50:40,SMP / paired RX / per-link line rate / both lanes counting / interval BER,0.000E+00,0.000E+00,0.000E+00,N/A,10.000,10.000,0.000E+00,20.000000,78.083759
2026-10-01 16:50:41,SMP / paired RX / per-link line rate / both lanes counting / interval BER,0.000E+00,0.000E+00,0.000E+00,N/A,10.000,10.000,0.000E+00,20.000000,78.043150
2026-10-01 16:50:42,SMP / paired RX / per-link line rate / both lanes counting / interval BER,0.000E+00,0.000E+00,0.000E+00,N/A,10.000,10.000,0.000E+00,20.000000,78.238197
2026-10-01 16:50:43,SMP / paired RX / per-link line rate / both lanes counting / interval BER,0.000E+00,0.000E+00,0.000E+00,N/A,10.000,10.000,0.000E+00,20.000001,80.356934
2026-10-01 16:50:44,SMP / paired RX / per-link line rate / both lanes counting / interval BER,0.000E+00,0.000E+00,0.000E+00,N/A,10.000,10.000,0.000E+00,19.999999,80.136960
2026-10-01 16:50:45,SMP / paired RX / per-link line rate / both lanes counting / interval BER,0.000E+00,0.000E+00,0.000E+00,N/A,10.000,10.000,0.000E+00,20.000001,80.136316
2026-10-01 16:50:46,SMP / paired RX / per-link line rate / both lanes counting / interval BER,0.000E+00,0.000E+00,0.000E+00,N/A,10.000,10.000,0.000E+00,20.000000,78.782130
2026-10-01 16:50:47,SMP / paired RX / per-link line rate / both lanes counting / interval BER,0.000E+00,0.000E+00,0.000E+00,N/A,10.000,10.000,0.000E+00,20.000000,78.076550
2026-10-01 16:50:48,SMP / paired RX / per-link line rate / both lanes counting / interval BER,0.000E+00,0.000E+00,0.000E+00,N/A,10.000,10.000,0.000E+00,20.000000,78.599457
2026-10-01 16:50:49,SMP / paired RX / per-link line rate / both lanes counting / interval BER,0.000E+00,0.000E+00,0.000E+00,N/A,10.000,10.000,0.000E+00,19.999999,79.246897
2026-10-01 16:50:50,SMP / paired RX / per-link line rate / both lanes counting / interval BER,0.000E+00,0.000E+00,0.000E+00,N/A,10.000,10.000,0.000E+00,20.000000,80.393425
2026-10-01 16:50:51,SMP / paired RX / per-link line rate / both lanes counting / interval BER,0.000E+00,0.000E+00,0.000E+00,N/A,10.000,10.000,0.000E+00,20.000001,80.472469
2026-10-01 16:50:52,SMP / paired RX / per-link line rate / both lanes counting / interval BER,0.000E+00,0.000E+00,0.000E+00,N/A,10.000,10.000,0.000E+00,19.999999,80.232864
2026-10-01 16:50:53,SMP / paired RX / per-link line rate / both lanes counting / interval BER,0.000E+00,0.000E+00,0.000E+00,N/A,10.000,10.000,0.000E+00,20.000000,78.114770
2026-10-01 16:50:54,SMP / paired RX / per-link line rate / both lanes counting / interval BER,0.000E+00,0.000E+00,0.000E+00,N/A,10.000,10.000,0.000E+00,20.000000,77.924439
2026-10-01 16:50:55,SMP / paired RX / per-link line rate / both lanes counting / interval BER,0.000E+00,0.000E+00,0.000E+00,N/A,10.000,10.000,0.000E+00,19.999999,77.938988
2026-10-01 16:50:56,SMP / paired RX / per-link line rate / both lanes counting / interval BER,0.000E+00,0.000E+00,0.000E+00,N/A,10.000,10.000,0.000E+00,20.000001,79.746272
2026-10-01 16:50:57,SMP / paired RX / per-link line rate / both lanes counting / interval BER,0.000E+00,0.000E+00,0.000E+00,N/A,10.000,10.000,0.000E+00,20.000000,80.412358
2026-10-01 16:50:58,SMP / paired RX / per-link line rate / both lanes counting / interval BER,0.000E+00,0.000E+00,0.000E+00,N/A,10.000,10.000,0.000E+00,20.000001,80.064019
2026-10-01 16:50:59,SMP / paired RX / per-link line rate / both lanes counting / interval BER,0.000E+00,0.000E+00,0.000E+00,N/A,10.000,10.000,0.000E+00,20.000000,79.579304
2026-10-01 16:51:00,SMP / paired RX / per-link line rate / both lanes counting / interval BER,0.000E+00,0.000E+00,0.000E+00,N/A,10.000,10.000,0.000E+00,19.999999,78.322795
2026-10-01 16:51:01,SMP / paired RX / per-link line rate / both lanes counting / interval BER,0.000E+00,0.000E+00,0.000E+00,N/A,10.000,10.000,0.000E+00,20.000001,78.492354
2026-10-01 16:51:02,SMP / paired RX / per-link line rate / both lanes counting / interval BER,0.000E+00,0.000E+00,0.000E+00,N/A,10.000,10.000,0.000E+00,20.000001,78.138558
2026-10-01 16:51:03,SMP / paired RX / per-link line rate / both lanes counting / interval BER,0.000E+00,0.000E+00,0.000E+00,N/A,10.000,10.000,0.000E+00,20.000000,80.158801
2026-10-01 16:51:04,SMP / paired RX / per-link line rate / both lanes counting / interval BER,0.000E+00,0.000E+00,0.000E+00,N/A,10.000,10.000,0.000E+00,19.999999,80.226118
2026-10-01 16:51:05,SMP / paired RX / per-link line rate / both lanes counting / interval BER,0.000E+00,0.000E+00,0.000E+00,N/A,10.000,10.000,0.000E+00,20.000000,80.396313
2026-10-01 16:51:06,SMP / paired RX / per-link line rate / both lanes counting / interval BER,0.000E+00,0.000E+00,0.000E+00,N/A,10.000,10.000,0.000E+00,20.000000,79.028223
2026-10-01 16:51:07,SMP / paired RX / per-link line rate / both lanes counting / interval BER,0.000E+00,0.000E+00,0.000E+00,N/A,10.000,10.000,0.000E+00,20.000000,78.067708
2026-10-01 16:51:08,SMP / paired RX / per-link line rate / both lanes counting / interval BER,0.000E+00,0.000E+00,0.000E+00,N/A,10.000,10.000,0.000E+00,20.000000,78.311014
2026-10-01 16:51:09,SMP / paired RX / per-link line rate / both lanes counting / interval BER,0.000E+00,0.000E+00,0.000E+00,N/A,10.000,10.000,0.000E+00,20.000000,78.867050
2026-10-01 16:51:10,SMP / paired RX / per-link line rate / both lanes counting / interval BER,0.000E+00,0.000E+00,0.000E+00,N/A,10.000,10.000,0.000E+00,19.999999,80.318654
2026-10-01 16:51:11,SMP / paired RX / per-link line rate / both lanes counting / interval BER,0.000E+00,0.000E+00,0.000E+00,N/A,10.000,10.000,0.000E+00,19.999999,80.261545
2026-10-01 16:51:12,SMP / paired RX / per-link line rate / both lanes counting / interval BER,0.000E+00,0.000E+00,0.000E+00,N/A,10.000,10.000,0.000E+00,20.000001,80.352786
2026-10-01 16:51:13,SMP / paired RX / per-link line rate / both lanes counting / interval BER,0.000E+00,0.000E+00,0.000E+00,N/A,10.000,10.000,0.000E+00,19.999999,78.184249
2026-10-01 16:51:14,SMP / paired RX / per-link line rate / both lanes counting / interval BER,0.000E+00,0.000E+00,0.000E+00,N/A,10.000,10.000,0.000E+00,20.000001,78.240866
2026-10-01 16:51:15,SMP / paired RX / per-link line rate / both lanes counting / interval BER,0.000E+00,0.000E+00,0.000E+00,N/A,10.000,10.000,0.000E+00,20.000000,78.270292
2026-10-01 16:51:16,SMP / paired RX / per-link line rate / both lanes counting / interval BER,0.000E+00,0.000E+00,0.000E+00,N/A,10.000,10.000,0.000E+00,20.000000,79.324717
2026-10-01 16:51:17,SMP / paired RX / per-link line rate / both lanes counting / interval BER,0.000E+00,0.000E+00,0.000E+00,N/A,10.000,10.000,0.000E+00,20.000001,80.102490
2026-10-01 16:51:18,SMP / paired RX / per-link line rate / both lanes counting / interval BER,0.000E+00,0.000E+00,0.000E+00,N/A,10.000,10.000,0.000E+00,20.000000,80.247795
2026-10-01 16:51:19,SMP / paired RX / per-link line rate / both lanes counting / interval BER,0.000E+00,0.000E+00,0.000E+00,N/A,10.000,10.000,0.000E+00,19.999999,79.550264
2026-10-01 16:51:20,SMP / paired RX / per-link line rate / both lanes counting / interval BER,0.000E+00,0.000E+00,0.000E+00,N/A,10.000,10.000,0.000E+00,20.000001,78.063012
2026-10-01 16:51:21,SMP / paired RX / per-link line rate / both lanes counting / interval BER,0.000E+00,0.000E+00,0.000E+00,N/A,10.000,10.000,0.000E+00,20.000000,77.906362
2026-10-01 16:51:22,SMP / paired RX / per-link line rate / both lanes counting / interval BER,0.000E+00,0.000E+00,0.000E+00,N/A,10.000,10.000,0.000E+00,20.000001,77.990701
2026-10-01 16:51:23,SMP / paired RX / per-link line rate / both lanes counting / interval BER,0.000E+00,0.000E+00,0.000E+00,N/A,10.000,10.000,0.000E+00,19.999999,80.119094
2026-10-01 16:51:24,SMP / paired RX / per-link line rate / both lanes counting / interval BER,0.000E+00,0.000E+00,0.000E+00,N/A,10.000,10.000,0.000E+00,20.000001,80.235011
2026-10-01 16:51:25,SMP / paired RX / per-link line rate / both lanes counting / interval BER,0.000E+00,0.000E+00,0.000E+00,N/A,10.000,10.000,0.000E+00,20.000000,80.330814
2026-10-01 16:51:26,SMP / paired RX / per-link line rate / both lanes counting / interval BER,0.000E+00,0.000E+00,0.000E+00,N/A,10.000,10.000,0.000E+00,20.000000,79.081318
2026-10-01 16:51:27,SMP / paired RX / per-link line rate / both lanes counting / interval BER,0.000E+00,0.000E+00,0.000E+00,N/A,10.000,10.000,0.000E+00,19.999999,77.948149
2026-10-01 16:51:28,SMP / paired RX / per-link line rate / both lanes counting / interval BER,0.000E+00,0.000E+00,0.000E+00,N/A,10.000,10.000,0.000E+00,20.000001,78.293951
2026-10-01 16:51:29,SMP / paired RX / per-link line rate / both lanes counting / interval BER,0.000E+00,0.000E+00,0.000E+00,N/A,10.000,10.000,0.000E+00,20.000000,78.507781
2026-10-01 16:51:30,SMP / paired RX / per-link line rate / both lanes counting / interval BER,0.000E+00,0.000E+00,0.000E+00,N/A,10.000,10.000,0.000E+00,20.000000,80.701953
2026-10-01 16:51:31,SMP / paired RX / per-link line rate / both lanes counting / interval BER,0.000E+00,0.000E+00,0.000E+00,N/A,10.000,10.000,0.000E+00,19.999998,80.300220
2026-10-01 16:51:32,SMP / paired RX / per-link line rate / both lanes counting / interval BER,0.000E+00,0.000E+00,0.000E+00,N/A,10.000,10.000,0.000E+00,20.000001,80.312169
2026-10-01 16:51:33,SMP / paired RX / per-link line rate / both lanes counting / interval BER,0.000E+00,0.000E+00,0.000E+00,N/A,10.000,10.000,0.000E+00,20.000001,78.427783
2026-10-01 16:51:34,SMP / paired RX / per-link line rate / both lanes counting / interval BER,0.000E+00,0.000E+00,0.000E+00,N/A,10.000,10.000,0.000E+00,19.999998,77.940292
2026-10-01 16:51:35,SMP / paired RX / per-link line rate / both lanes counting / interval BER,0.000E+00,0.000E+00,0.000E+00,N/A,10.000,10.000,0.000E+00,20.000000,78.234022
2026-10-01 16:51:36,SMP / paired RX / per-link line rate / both lanes counting / interval BER,0.000E+00,0.000E+00,0.000E+00,N/A,10.000,10.000,0.000E+00,20.000001,79.112553
2026-10-01 16:51:37,SMP / paired RX / per-link line rate / both lanes counting / interval BER,0.000E+00,0.000E+00,0.000E+00,N/A,10.000,10.000,0.000E+00,19.999999,80.247386
2026-10-01 16:51:38,SMP / paired RX / per-link line rate / both lanes counting / interval BER,0.000E+00,0.000E+00,0.000E+00,N/A,10.000,10.000,0.000E+00,20.000000,80.073777
2026-10-01 16:51:39,SMP / paired RX / per-link line rate / both lanes counting / interval BER,0.000E+00,0.000E+00,0.000E+00,N/A,10.000,10.000,0.000E+00,20.000001,79.607177
2026-10-01 16:51:40,SMP / paired RX / per-link line rate / both lanes counting / interval BER,0.000E+00,0.000E+00,0.000E+00,N/A,10.000,10.000,0.000E+00,20.000001,77.744606
2026-10-01 16:51:41,SMP / paired RX / per-link line rate / both lanes counting / interval BER,0.000E+00,0.000E+00,0.000E+00,N/A,10.000,10.000,0.000E+00,20.000000,77.895343
2026-10-01 16:51:42,SMP / paired RX / per-link line rate / both lanes counting / interval BER,0.000E+00,0.000E+00,0.000E+00,N/A,10.000,10.000,0.000E+00,20.000000,77.666055
2026-10-01 16:51:43,SMP / paired RX / per-link line rate / both lanes counting / interval BER,0.000E+00,0.000E+00,0.000E+00,N/A,10.000,10.000,0.000E+00,19.999999,79.245571
2026-10-01 16:51:44,SMP / paired RX / per-link line rate / both lanes counting / interval BER,0.000E+00,0.000E+00,0.000E+00,N/A,10.000,10.000,0.000E+00,20.000000,79.915847
2026-10-01 16:51:45,SMP / paired RX / per-link line rate / both lanes counting / interval BER,0.000E+00,0.000E+00,0.000E+00,N/A,10.000,10.000,0.000E+00,20.000001,79.970091
2026-10-01 16:51:46,SMP / paired RX / per-link line rate / both lanes counting / interval BER,0.000E+00,0.000E+00,0.000E+00,N/A,10.000,10.000,0.000E+00,19.999999,79.146768
2026-10-01 16:51:47,SMP / paired RX / per-link line rate / both lanes counting / interval BER,0.000E+00,0.000E+00,0.000E+00,N/A,10.000,10.000,0.000E+00,20.000000,77.665736
2026-10-01 16:51:48,SMP / paired RX / per-link line rate / both lanes counting / interval BER,0.000E+00,0.000E+00,0.000E+00,N/A,10.000,10.000,0.000E+00,20.000000,77.856381
2026-10-01 16:51:49,SMP / paired RX / per-link line rate / both lanes counting / interval BER,0.000E+00,0.000E+00,0.000E+00,N/A,10.000,10.000,0.000E+00,19.999998,77.903363
2026-10-01 16:51:50,SMP / paired RX / per-link line rate / both lanes counting / interval BER,0.000E+00,0.000E+00,0.000E+00,N/A,10.000,10.000,0.000E+00,20.000002,79.986021
2026-10-01 16:51:51,SMP / paired RX / per-link line rate / both lanes counting / interval BER,0.000E+00,0.000E+00,0.000E+00,N/A,10.000,10.000,0.000E+00,20.000000,79.848720
2026-10-01 16:51:52,SMP / paired RX / per-link line rate / both lanes counting / interval BER,0.000E+00,0.000E+00,0.000E+00,N/A,10.000,10.000,0.000E+00,19.999999,79.803432
2026-10-01 16:51:53,SMP / paired RX / per-link line rate / both lanes counting / interval BER,0.000E+00,0.000E+00,0.000E+00,N/A,10.000,10.000,0.000E+00,20.000001,78.258983
2026-10-01 16:51:54,SMP / paired RX / per-link line rate / both lanes counting / interval BER,0.000E+00,0.000E+00,0.000E+00,N/A,10.000,10.000,0.000E+00,19.999999,77.673281
2026-10-01 16:51:55,SMP / paired RX / per-link line rate / both lanes counting / interval BER,0.000E+00,0.000E+00,0.000E+00,N/A,10.000,10.000,0.000E+00,19.999999,77.831640
2026-10-01 16:51:56,SMP / paired RX / per-link line rate / both lanes counting / interval BER,0.000E+00,0.000E+00,0.000E+00,N/A,10.000,10.000,0.000E+00,20.000001,78.236040
2026-10-01 16:51:57,SMP / paired RX / per-link line rate / both lanes counting / interval BER,0.000E+00,0.000E+00,0.000E+00,N/A,10.000,10.000,0.000E+00,20.000001,79.275651
2026-10-01 16:51:58,SMP / paired RX / per-link line rate / both lanes counting / interval BER,0.000E+00,0.000E+00,0.000E+00,N/A,10.000,10.000,0.000E+00,19.999998,79.548750
2026-10-01 16:51:59,SMP / paired RX / per-link line rate / both lanes counting / interval BER,0.000E+00,0.000E+00,0.000E+00,N/A,10.000,10.000,0.000E+00,20.000001,79.436314
2026-10-01 16:52:00,SMP / paired RX / per-link line rate / both lanes counting / interval BER,0.000E+00,0.000E+00,0.000E+00,N/A,10.000,10.000,0.000E+00,19.999999,77.780607
2026-10-01 16:52:01,SMP / paired RX / per-link line rate / both lanes counting / interval BER,0.000E+00,0.000E+00,0.000E+00,N/A,10.000,10.000,0.000E+00,20.000000,77.861173
2026-10-01 16:52:02,SMP / paired RX / per-link line rate / both lanes counting / interval BER,0.000E+00,0.000E+00,0.000E+00,N/A,10.000,10.000,0.000E+00,20.000000,77.792945
2026-10-01 16:52:03,SMP / paired RX / per-link line rate / both lanes counting / interval BER,0.000E+00,0.000E+00,0.000E+00,N/A,10.000,10.000,0.000E+00,20.000001,78.788318
2026-10-01 16:52:04,SMP / paired RX / per-link line rate / both lanes counting / interval BER,0.000E+00,0.000E+00,0.000E+00,N/A,10.000,10.000,0.000E+00,20.000001,79.451875
2026-10-01 16:52:05,SMP / paired RX / per-link line rate / both lanes counting / interval BER,0.000E+00,0.000E+00,0.000E+00,N/A,10.000,10.000,0.000E+00,19.999999,79.832544
2026-10-01 16:52:06,SMP / paired RX / per-link line rate / both lanes counting / interval BER,0.000E+00,0.000E+00,0.000E+00,N/A,10.000,10.000,0.000E+00,20.000000,78.916677
2026-10-01 16:52:07,SMP / paired RX / per-link line rate / both lanes counting / interval BER,0.000E+00,0.000E+00,0.000E+00,N/A,10.000,10.000,0.000E+00,20.000000,77.778064
2026-10-01 16:52:08,SMP / paired RX / per-link line rate / both lanes counting / interval BER,0.000E+00,0.000E+00,0.000E+00,N/A,10.000,10.000,0.000E+00,20.000000,77.875175
2026-10-01 16:52:09,SMP / paired RX / per-link line rate / both lanes counting / interval BER,0.000E+00,0.000E+00,0.000E+00,N/A,10.000,10.000,0.000E+00,20.000000,77.640991
2026-10-01 16:52:10,SMP / paired RX / per-link line rate / both lanes counting / interval BER,0.000E+00,0.000E+00,0.000E+00,N/A,10.000,10.000,0.000E+00,20.000001,79.486984
2026-10-01 16:52:11,SMP / paired RX / per-link line rate / both lanes counting / interval BER,0.000E+00,0.000E+00,0.000E+00,N/A,10.000,10.000,0.000E+00,19.999999,79.541509
2026-10-01 16:52:12,SMP / paired RX / per-link line rate / both lanes counting / interval BER,0.000E+00,0.000E+00,0.000E+00,N/A,10.000,10.000,0.000E+00,20.000000,79.307149
2026-10-01 16:52:13,SMP / paired RX / per-link line rate / both lanes counting / interval BER,0.000E+00,0.000E+00,0.000E+00,N/A,10.000,10.000,0.000E+00,20.000000,78.249882
2026-10-01 16:52:14,SMP / paired RX / per-link line rate / both lanes counting / interval BER,0.000E+00,0.000E+00,0.000E+00,N/A,10.000,10.000,0.000E+00,20.000000,77.236573
2026-10-01 16:52:15,SMP / paired RX / per-link line rate / both lanes counting / interval BER,0.000E+00,0.000E+00,0.000E+00,N/A,10.000,10.000,0.000E+00,20.000000,77.639598
2026-10-01 16:52:16,SMP / paired RX / per-link line rate / both lanes counting / interval BER,0.000E+00,0.000E+00,0.000E+00,N/A,10.000,10.000,0.000E+00,20.000000,77.856028
2026-10-01 16:52:17,SMP / paired RX / per-link line rate / both lanes counting / interval BER,0.000E+00,0.000E+00,0.000E+00,N/A,10.000,10.000,0.000E+00,20.000001,79.648158
2026-10-01 16:52:18,SMP / paired RX / per-link line rate / both lanes counting / interval BER,0.000E+00,0.000E+00,0.000E+00,N/A,10.000,10.000,0.000E+00,20.000000,79.321311
2026-10-01 16:52:19,SMP / paired RX / per-link line rate / both lanes counting / interval BER,0.000E+00,0.000E+00,0.000E+00,N/A,10.000,10.000,0.000E+00,19.999998,79.380551
2026-10-01 16:52:20,SMP / paired RX / per-link line rate / both lanes counting / interval BER,0.000E+00,0.000E+00,0.000E+00,N/A,10.000,10.000,0.000E+00,20.000001,78.131192
2026-10-01 16:52:21,SMP / paired RX / per-link line rate / both lanes counting / interval BER,0.000E+00,0.000E+00,0.000E+00,N/A,10.000,10.000,0.000E+00,20.000000,77.873418
2026-10-01 16:52:22,SMP / paired RX / per-link line rate / both lanes counting / interval BER,0.000E+00,0.000E+00,0.000E+00,N/A,10.000,10.000,0.000E+00,19.999999,77.939257
2026-10-01 16:52:23,SMP / paired RX / per-link line rate / both lanes counting / interval BER,0.000E+00,0.000E+00,0.000E+00,N/A,10.000,10.000,0.000E+00,20.000001,78.703068
2026-10-01 16:52:24,SMP / paired RX / per-link line rate / both lanes counting / interval BER,0.000E+00,0.000E+00,0.000E+00,N/A,10.000,10.000,0.000E+00,20.000000,79.650491
2026-10-01 16:52:25,SMP / paired RX / per-link line rate / both lanes counting / interval BER,0.000E+00,0.000E+00,0.000E+00,N/A,10.000,10.000,0.000E+00,20.000000,79.826233
2026-10-01 16:52:26,SMP / paired RX / per-link line rate / both lanes counting / interval BER,0.000E+00,0.000E+00,0.000E+00,N/A,10.000,10.000,0.000E+00,20.000000,79.373618
2026-10-01 16:52:27,SMP / paired RX / per-link line rate / both lanes counting / interval BER,0.000E+00,0.000E+00,0.000E+00,N/A,10.000,10.000,0.000E+00,20.000001,78.148558
2026-10-01 16:52:28,SMP / paired RX / per-link line rate / both lanes counting / interval BER,0.000E+00,0.000E+00,0.000E+00,N/A,10.000,10.000,0.000E+00,19.999999,78.142374
2026-10-01 16:52:29,SMP / paired RX / per-link line rate / both lanes counting / interval BER,0.000E+00,0.000E+00,0.000E+00,N/A,10.000,10.000,0.000E+00,20.000002,78.243270
2026-10-01 16:52:30,SMP / paired RX / per-link line rate / both lanes counting / interval BER,0.000E+00,0.000E+00,0.000E+00,N/A,10.000,10.000,0.000E+00,19.999998,79.462100
2026-10-01 16:52:31,SMP / paired RX / per-link line rate / both lanes counting / interval BER,0.000E+00,0.000E+00,0.000E+00,N/A,10.000,10.000,0.000E+00,20.000002,79.911569
2026-10-01 16:52:32,SMP / paired RX / per-link line rate / both lanes counting / interval BER,0.000E+00,0.000E+00,0.000E+00,N/A,10.000,10.000,0.000E+00,19.999999,79.563944
2026-10-01 16:52:33,SMP / paired RX / per-link line rate / both lanes counting / interval BER,0.000E+00,0.000E+00,0.000E+00,N/A,10.000,10.000,0.000E+00,19.999999,79.015198
2026-10-01 16:52:34,SMP / paired RX / per-link line rate / both lanes counting / interval BER,0.000E+00,0.000E+00,0.000E+00,N/A,10.000,10.000,0.000E+00,20.000001,78.034315
2026-10-01 16:52:35,SMP / paired RX / per-link line rate / both lanes counting / interval BER,0.000E+00,0.000E+00,0.000E+00,N/A,10.000,10.000,0.000E+00,20.000000,78.313644
2026-10-01 16:52:36,SMP / paired RX / per-link line rate / both lanes counting / interval BER,0.000E+00,0.000E+00,0.000E+00,N/A,10.000,10.000,0.000E+00,19.999999,78.262899
2026-10-01 16:52:37,SMP / paired RX / per-link line rate / both lanes counting / interval BER,0.000E+00,0.000E+00,0.000E+00,N/A,10.000,10.000,0.000E+00,20.000001,80.087806
2026-10-01 16:52:38,SMP / paired RX / per-link line rate / both lanes counting / interval BER,0.000E+00,0.000E+00,0.000E+00,N/A,10.000,10.000,0.000E+00,20.000000,80.027378
2026-10-01 16:52:39,SMP / paired RX / per-link line rate / both lanes counting / interval BER,0.000E+00,0.000E+00,0.000E+00,N/A,10.000,10.000,0.000E+00,19.999999,79.994647
2026-10-01 16:52:40,SMP / paired RX / per-link line rate / both lanes counting / interval BER,0.000E+00,0.000E+00,0.000E+00,N/A,10.000,10.000,0.000E+00,20.000000,78.828812
2026-10-01 16:52:41,SMP / paired RX / per-link line rate / both lanes counting / interval BER,0.000E+00,0.000E+00,0.000E+00,N/A,10.000,10.000,0.000E+00,20.000000,78.189445
2026-10-01 16:52:42,SMP / paired RX / per-link line rate / both lanes counting / interval BER,0.000E+00,0.000E+00,0.000E+00,N/A,10.000,10.000,0.000E+00,20.000001,78.307451
2026-10-01 16:52:43,SMP / paired RX / per-link line rate / both lanes counting / interval BER,0.000E+00,0.000E+00,0.000E+00,N/A,10.000,10.000,0.000E+00,19.999999,79.010583
2026-10-01 16:52:44,SMP / paired RX / per-link line rate / both lanes counting / interval BER,0.000E+00,0.000E+00,0.000E+00,N/A,10.000,10.000,0.000E+00,20.000000,80.172238
2026-10-01 16:52:45,SMP / paired RX / per-link line rate / both lanes counting / interval BER,0.000E+00,0.000E+00,0.000E+00,N/A,10.000,10.000,0.000E+00,20.000001,79.989116
2026-10-01 16:52:46,SMP / paired RX / per-link line rate / both lanes counting / interval BER,0.000E+00,0.000E+00,0.000E+00,N/A,10.000,10.000,0.000E+00,19.999998,79.862667
2026-10-01 16:52:47,SMP / paired RX / per-link line rate / both lanes counting / interval BER,0.000E+00,0.000E+00,0.000E+00,N/A,10.000,10.000,0.000E+00,20.000000,77.723266
2026-10-01 16:52:48,SMP / paired RX / per-link line rate / both lanes counting / interval BER,0.000E+00,0.000E+00,0.000E+00,N/A,10.000,10.000,0.000E+00,20.000000,77.781342
2026-10-01 16:52:49,SMP / paired RX / per-link line rate / both lanes counting / interval BER,0.000E+00,0.000E+00,0.000E+00,N/A,10.000,10.000,0.000E+00,20.000001,77.780448
2026-10-01 16:52:50,SMP / paired RX / per-link line rate / both lanes counting / interval BER,0.000E+00,0.000E+00,0.000E+00,N/A,10.000,10.000,0.000E+00,20.000000,79.353738
2026-10-01 16:52:51,SMP / paired RX / per-link line rate / both lanes counting / interval BER,0.000E+00,0.000E+00,0.000E+00,N/A,10.000,10.000,0.000E+00,20.000000,79.913095
2026-10-01 16:52:52,SMP / paired RX / per-link line rate / both lanes counting / interval BER,0.000E+00,0.000E+00,0.000E+00,N/A,10.000,10.000,0.000E+00,20.000001,79.858124
2026-10-01 16:52:53,SMP / paired RX / per-link line rate / both lanes counting / interval BER,0.000E+00,0.000E+00,0.000E+00,N/A,10.000,10.000,0.000E+00,19.999999,79.105716
2026-10-01 16:52:54,SMP / paired RX / per-link line rate / both lanes counting / interval BER,0.000E+00,0.000E+00,0.000E+00,N/A,10.000,10.000,0.000E+00,20.000000,77.693211
2026-10-01 16:52:55,SMP / paired RX / per-link line rate / both lanes counting / interval BER,0.000E+00,0.000E+00,0.000E+00,N/A,10.000,10.000,0.000E+00,20.000001,77.930392
2026-10-01 16:52:56,SMP / paired RX / per-link line rate / both lanes counting / interval BER,0.000E+00,0.000E+00,0.000E+00,N/A,10.000,10.000,0.000E+00,19.999999,77.873035
2026-10-01 16:52:57,SMP / paired RX / per-link line rate / both lanes counting / interval BER,0.000E+00,0.000E+00,0.000E+00,N/A,10.000,10.000,0.000E+00,20.000001,79.875889
2026-10-01 16:52:58,SMP / paired RX / per-link line rate / both lanes counting / interval BER,0.000E+00,0.000E+00,0.000E+00,N/A,10.000,10.000,0.000E+00,20.000000,79.796406
2026-10-01 16:52:59,SMP / paired RX / per-link line rate / both lanes counting / interval BER,0.000E+00,0.000E+00,0.000E+00,N/A,10.000,10.000,0.000E+00,19.999999,79.600202
2026-10-01 16:53:00,SMP / paired RX / per-link line rate / both lanes counting / interval BER,0.000E+00,0.000E+00,0.000E+00,N/A,10.000,10.000,0.000E+00,20.000001,78.580556
2026-10-01 16:53:01,SMP / paired RX / per-link line rate / both lanes counting / interval BER,0.000E+00,0.000E+00,0.000E+00,N/A,10.000,10.000,0.000E+00,20.000000,77.286264
2026-10-01 16:53:02,SMP / paired RX / per-link line rate / both lanes counting / interval BER,0.000E+00,0.000E+00,0.000E+00,N/A,10.000,10.000,0.000E+00,19.999999,77.825671
2026-10-01 16:53:03,SMP / paired RX / per-link line rate / both lanes counting / interval BER,0.000E+00,0.000E+00,0.000E+00,N/A,10.000,10.000,0.000E+00,20.000000,78.258371
2026-10-01 16:53:04,SMP / paired RX / per-link line rate / both lanes counting / interval BER,0.000E+00,0.000E+00,0.000E+00,N/A,10.000,10.000,0.000E+00,20.000001,79.743506
2026-10-01 16:53:05,SMP / paired RX / per-link line rate / both lanes counting / interval BER,0.000E+00,0.000E+00,0.000E+00,N/A,10.000,10.000,0.000E+00,19.999999,79.697292
2026-10-01 16:53:06,SMP / paired RX / per-link line rate / both lanes counting / interval BER,0.000E+00,0.000E+00,0.000E+00,N/A,10.000,10.000,0.000E+00,20.000001,79.773321
2026-10-01 16:53:07,SMP / paired RX / per-link line rate / both lanes counting / interval BER,0.000E+00,0.000E+00,0.000E+00,N/A,10.000,10.000,0.000E+00,19.999999,77.803923
2026-10-01 16:53:08,SMP / paired RX / per-link line rate / both lanes counting / interval BER,0.000E+00,0.000E+00,0.000E+00,N/A,10.000,10.000,0.000E+00,20.000000,77.546530
2026-10-01 16:53:09,SMP / paired RX / per-link line rate / both lanes counting / interval BER,0.000E+00,0.000E+00,0.000E+00,N/A,10.000,10.000,0.000E+00,20.000000,77.707148
2026-10-01 16:53:10,SMP / paired RX / per-link line rate / both lanes counting / interval BER,0.000E+00,0.000E+00,0.000E+00,N/A,10.000,10.000,0.000E+00,20.000001,79.076250
2026-10-01 16:53:11,SMP / paired RX / per-link line rate / both lanes counting / interval BER,0.000E+00,0.000E+00,0.000E+00,N/A,10.000,10.000,0.000E+00,19.999999,80.156290
2026-10-01 16:53:12,SMP / paired RX / per-link line rate / INCOMPLETE: missing lane / interval BER,0.000E+00,5.070E-04,3.354E-04,N/A,10.000,8.315,2.344E-03,18.314898,61.260358
2026-10-01 16:53:13,SMP / paired RX / per-link line rate / both lanes counting / interval BER,0.000E+00,3.208E-03,1.868E-03,N/A,10.000,8.074,2.906E-03,18.074428,57.917791
2026-10-01 16:53:14,SMP / paired RX / per-link line rate / INCOMPLETE: missing lane / interval BER,0.000E+00,2.061E-02,7.179E-03,N/A,10.000,1.951,1.968E-02,11.951147,5.157970
2026-10-01 16:53:15,SMP / RF pending / per-link line rate / INCOMPLETE: missing lane / interval BER,0.000E+00,No checked bits,0.000E+00,N/A,Unavailable,Unavailable,Unavailable (RF),Unavailable (RF),Unavailable (RF)
2026-10-01 16:53:16,SMP / RF pending / per-link line rate / INCOMPLETE: missing lane / interval BER,8.362E-03,No checked bits,8.362E-03,N/A,Unavailable,Unavailable,Unavailable (RF),Unavailable (RF),Unavailable (RF)
2026-10-01 16:53:17,SMP / RF 1Mbps / per-link line rate / INCOMPLETE: missing lane / interval BER,8.283E-02,No checked bits,8.283E-02,N/A,Unavailable,Unavailable,Unavailable (RF),Unavailable (RF),Unavailable (RF)
2026-10-01 16:53:18,SMP / RF 1Mbps / per-link line rate / INCOMPLETE: missing lane / interval BER,No checked bits,No checked bits,No checked bits,0.000E+0,Unavailable,Unavailable,Unavailable (RF),Unavailable (RF),Unavailable (RF)
2026-10-01 16:53:19,SMP / RF 1Mbps / per-link line rate / INCOMPLETE: missing lane / interval BER,No checked bits,No checked bits,No checked bits,0.000E+0,Unavailable,Unavailable,Unavailable (RF),Unavailable (RF),Unavailable (RF)
2026-10-01 16:53:20,SMP / RF 1Mbps / per-link line rate / INCOMPLETE: missing lane / interval BER,No checked bits,No checked bits,No checked bits,0.000E+0,Unavailable,Unavailable,Unavailable (RF),Unavailable (RF),Unavailable (RF)
2026-10-01 16:53:21,SMP / RF 1Mbps / per-link line rate / INCOMPLETE: missing lane / interval BER,No checked bits,No checked bits,No checked bits,0.000E+0,Unavailable,Unavailable,Unavailable (RF),Unavailable (RF),Unavailable (RF)
2026-10-01 16:53:22,SMP / RF 1Mbps / per-link line rate / INCOMPLETE: missing lane / interval BER,No checked bits,No checked bits,No checked bits,0.000E+0,Unavailable,Unavailable,Unavailable (RF),Unavailable (RF),Unavailable (RF)
2026-10-01 16:53:23,SMP / RF 1Mbps / per-link line rate / INCOMPLETE: missing lane / interval BER,No checked bits,No checked bits,No checked bits,0.000E+0,Unavailable,Unavailable,Unavailable (RF),Unavailable (RF),Unavailable (RF)
2026-10-01 16:53:24,SMP / RF 1Mbps / per-link line rate / INCOMPLETE: missing lane / interval BER,No checked bits,No checked bits,No checked bits,0.000E+0,Unavailable,Unavailable,Unavailable (RF),Unavailable (RF),Unavailable (RF)
2026-10-01 16:53:25,SMP / RF 1Mbps / per-link line rate / INCOMPLETE: missing lane / interval BER,No checked bits,No checked bits,No checked bits,0.000E+0,Unavailable,Unavailable,Unavailable (RF),Unavailable (RF),Unavailable (RF)
2026-10-01 16:53:26,SMP / RF 1Mbps / per-link line rate / INCOMPLETE: missing lane / interval BER,No checked bits,No checked bits,No checked bits,0.000E+0,Unavailable,Unavailable,Unavailable (RF),Unavailable (RF),Unavailable (RF)
2026-10-01 16:53:27,SMP / RF 1Mbps / per-link line rate / INCOMPLETE: missing lane / interval BER,No checked bits,No checked bits,No checked bits,0.000E+0,Unavailable,Unavailable,Unavailable (RF),Unavailable (RF),Unavailable (RF)
2026-10-01 16:53:28,SMP / RF 1Mbps / per-link line rate / INCOMPLETE: missing lane / interval BER,No checked bits,No checked bits,No checked bits,0.000E+0,Unavailable,Unavailable,Unavailable (RF),Unavailable (RF),Unavailable (RF)
2026-10-01 16:53:29,SMP / RF 1Mbps / per-link line rate / INCOMPLETE: missing lane / interval BER,No checked bits,No checked bits,No checked bits,0.000E+0,Unavailable,Unavailable,Unavailable (RF),Unavailable (RF),Unavailable (RF)
2026-10-01 16:53:30,SMP / RF 1Mbps / per-link line rate / INCOMPLETE: missing lane / interval BER,No checked bits,No checked bits,No checked bits,0.000E+0,Unavailable,Unavailable,Unavailable (RF),Unavailable (RF),Unavailable (RF)
2026-10-01 16:53:31,SMP / RF 1Mbps / per-link line rate / INCOMPLETE: missing lane / interval BER,No checked bits,No checked bits,No checked bits,0.000E+0,Unavailable,Unavailable,Unavailable (RF),Unavailable (RF),Unavailable (RF)
2026-10-01 16:53:32,SMP / RF 1Mbps / per-link line rate / INCOMPLETE: missing lane / interval BER,No checked bits,No checked bits,No checked bits,0.000E+0,Unavailable,Unavailable,Unavailable (RF),Unavailable (RF),Unavailable (RF)
2026-10-01 16:53:33,SMP / RF 1Mbps / per-link line rate / INCOMPLETE: missing lane / interval BER,No checked bits,No checked bits,No checked bits,0.000E+0,Unavailable,Unavailable,Unavailable (RF),Unavailable (RF),Unavailable (RF)
2026-10-01 16:53:34,SMP / RF 1Mbps / per-link line rate / INCOMPLETE: missing lane / interval BER,No checked bits,No checked bits,No checked bits,0.000E+0,Unavailable,Unavailable,Unavailable (RF),Unavailable (RF),Unavailable (RF)
2026-10-01 16:53:35,SMP / RF 1Mbps / per-link line rate / INCOMPLETE: missing lane / interval BER,No checked bits,No checked bits,No checked bits,0.000E+0,Unavailable,Unavailable,Unavailable (RF),Unavailable (RF),Unavailable (RF)
2026-10-01 16:53:36,SMP / RF 1Mbps / per-link line rate / INCOMPLETE: missing lane / interval BER,No checked bits,No checked bits,No checked bits,0.000E+0,Unavailable,Unavailable,Unavailable (RF),Unavailable (RF),Unavailable (RF)
2026-10-01 16:53:37,SMP / RF 1Mbps / per-link line rate / INCOMPLETE: missing lane / interval BER,No checked bits,No checked bits,No checked bits,0.000E+0,Unavailable,Unavailable,Unavailable (RF),Unavailable (RF),Unavailable (RF)
2026-10-01 16:53:38,SMP / RF 1Mbps / per-link line rate / INCOMPLETE: missing lane / interval BER,No checked bits,No checked bits,No checked bits,0.000E+0,Unavailable,Unavailable,Unavailable (RF),Unavailable (RF),Unavailable (RF)
2026-10-01 16:53:39,SMP / RF 1Mbps / per-link line rate / INCOMPLETE: missing lane / interval BER,No checked bits,No checked bits,No checked bits,0.000E+0,Unavailable,Unavailable,Unavailable (RF),Unavailable (RF),Unavailable (RF)
2026-10-01 16:53:40,SMP / RF 1Mbps / per-link line rate / INCOMPLETE: missing lane / interval BER,No checked bits,No checked bits,No checked bits,0.000E+0,Unavailable,Unavailable,Unavailable (RF),Unavailable (RF),Unavailable (RF)
2026-10-01 16:53:41,SMP / RF 1Mbps / per-link line rate / INCOMPLETE: missing lane / interval BER,No checked bits,No checked bits,No checked bits,0.000E+0,Unavailable,Unavailable,Unavailable (RF),Unavailable (RF),Unavailable (RF)
2026-10-01 16:53:42,SMP / RF 1Mbps / per-link line rate / INCOMPLETE: missing lane / interval BER,No checked bits,No checked bits,No checked bits,0.000E+0,Unavailable,Unavailable,Unavailable (RF),Unavailable (RF),Unavailable (RF)
2026-10-01 16:53:43,SMP / RF 1Mbps / per-link line rate / INCOMPLETE: missing lane / interval BER,No checked bits,No checked bits,No checked bits,0.000E+0,Unavailable,Unavailable,Unavailable (RF),Unavailable (RF),Unavailable (RF)
2026-10-01 16:53:44,SMP / RF 1Mbps / per-link line rate / INCOMPLETE: missing lane / interval BER,No checked bits,No checked bits,No checked bits,0.000E+0,Unavailable,Unavailable,Unavailable (RF),Unavailable (RF),Unavailable (RF)
2026-10-01 16:53:45,SMP / RF 1Mbps / per-link line rate / INCOMPLETE: missing lane / interval BER,No checked bits,No checked bits,No checked bits,0.000E+0,Unavailable,Unavailable,Unavailable (RF),Unavailable (RF),Unavailable (RF)
2026-10-01 16:53:46,SMP / RF 1Mbps / per-link line rate / INCOMPLETE: missing lane / interval BER,No checked bits,No checked bits,No checked bits,0.000E+0,Unavailable,Unavailable,Unavailable (RF),Unavailable (RF),Unavailable (RF)
2026-10-01 16:53:47,SMP / RF 1Mbps / per-link line rate / INCOMPLETE: missing lane / interval BER,No checked bits,No checked bits,No checked bits,0.000E+0,Unavailable,Unavailable,Unavailable (RF),Unavailable (RF),Unavailable (RF)
2026-10-01 16:53:48,SMP / RF 1Mbps / per-link line rate / INCOMPLETE: missing lane / interval BER,No checked bits,No checked bits,No checked bits,0.000E+0,Unavailable,Unavailable,Unavailable (RF),Unavailable (RF),Unavailable (RF)
2026-10-01 16:53:49,SMP / RF 1Mbps / per-link line rate / INCOMPLETE: missing lane / interval BER,No checked bits,No checked bits,No checked bits,0.000E+0,Unavailable,Unavailable,Unavailable (RF),Unavailable (RF),Unavailable (RF)
2026-10-01 16:53:50,SMP / RF 1Mbps / per-link line rate / INCOMPLETE: missing lane / interval BER,No checked bits,No checked bits,No checked bits,0.000E+0,Unavailable,Unavailable,Unavailable (RF),Unavailable (RF),Unavailable (RF)
2026-10-01 16:53:51,SMP / RF 1Mbps / per-link line rate / INCOMPLETE: missing lane / interval BER,No checked bits,No checked bits,No checked bits,0.000E+0,Unavailable,Unavailable,Unavailable (RF),Unavailable (RF),Unavailable (RF)
2026-10-01 16:53:52,SMP / RF 1Mbps / per-link line rate / INCOMPLETE: missing lane / interval BER,No checked bits,No checked bits,No checked bits,0.000E+0,Unavailable,Unavailable,Unavailable (RF),Unavailable (RF),Unavailable (RF)
2026-10-01 16:53:53,SMP / RF 1Mbps / per-link line rate / INCOMPLETE: missing lane / interval BER,No checked bits,No checked bits,No checked bits,0.000E+0,Unavailable,Unavailable,Unavailable (RF),Unavailable (RF),Unavailable (RF)
2026-10-01 16:53:54,SMP / RF 1Mbps / per-link line rate / INCOMPLETE: missing lane / interval BER,No checked bits,No checked bits,No checked bits,0.000E+0,Unavailable,Unavailable,Unavailable (RF),Unavailable (RF),Unavailable (RF)
2026-10-01 16:53:55,SMP / RF 1Mbps / per-link line rate / INCOMPLETE: missing lane / interval BER,No checked bits,No checked bits,No checked bits,0.000E+0,Unavailable,Unavailable,Unavailable (RF),Unavailable (RF),Unavailable (RF)
2026-10-01 16:53:56,SMP / RF 1Mbps / per-link line rate / INCOMPLETE: missing lane / interval BER,No checked bits,No checked bits,No checked bits,0.000E+0,Unavailable,Unavailable,Unavailable (RF),Unavailable (RF),Unavailable (RF)
2026-10-01 16:53:57,SMP / RF 1Mbps / per-link line rate / INCOMPLETE: missing lane / interval BER,No checked bits,No checked bits,No checked bits,0.000E+0,Unavailable,Unavailable,Unavailable (RF),Unavailable (RF),Unavailable (RF)
2026-10-01 16:53:58,SMP / RF 1Mbps / per-link line rate / INCOMPLETE: missing lane / interval BER,No checked bits,No checked bits,No checked bits,0.000E+0,Unavailable,Unavailable,Unavailable (RF),Unavailable (RF),Unavailable (RF)
2026-10-01 16:53:59,SMP / RF 1Mbps / per-link line rate / INCOMPLETE: missing lane / interval BER,No checked bits,No checked bits,No checked bits,0.000E+0,Unavailable,Unavailable,Unavailable (RF),Unavailable (RF),Unavailable (RF)
2026-10-01 16:54:00,SMP / RF 1Mbps / per-link line rate / INCOMPLETE: missing lane / interval BER,No checked bits,No checked bits,No checked bits,0.000E+0,Unavailable,Unavailable,Unavailable (RF),Unavailable (RF),Unavailable (RF)
2026-10-01 16:54:01,SMP / RF 1Mbps / per-link line rate / INCOMPLETE: missing lane / interval BER,No checked bits,No checked bits,No checked bits,0.000E+0,Unavailable,Unavailable,Unavailable (RF),Unavailable (RF),Unavailable (RF)
2026-10-01 16:54:02,SMP / RF 1Mbps / per-link line rate / INCOMPLETE: missing lane / interval BER,No checked bits,No checked bits,No checked bits,0.000E+0,Unavailable,Unavailable,Unavailable (RF),Unavailable (RF),Unavailable (RF)
2026-10-01 16:54:03,SMP / RF 1Mbps / per-link line rate / INCOMPLETE: missing lane / interval BER,No checked bits,No checked bits,No checked bits,0.000E+0,Unavailable,Unavailable,Unavailable (RF),Unavailable (RF),Unavailable (RF)
2026-10-01 16:54:04,SMP / RF 1Mbps / per-link line rate / INCOMPLETE: missing lane / interval BER,No checked bits,No checked bits,No checked bits,0.000E+0,Unavailable,Unavailable,Unavailable (RF),Unavailable (RF),Unavailable (RF)
2026-10-01 16:54:05,SMP / RF 1Mbps / per-link line rate / INCOMPLETE: missing lane / interval BER,No checked bits,No checked bits,No checked bits,0.000E+0,Unavailable,Unavailable,Unavailable (RF),Unavailable (RF),Unavailable (RF)
2026-10-01 16:54:06,SMP / RF 1Mbps / per-link line rate / INCOMPLETE: missing lane / interval BER,No checked bits,No checked bits,No checked bits,0.000E+0,Unavailable,Unavailable,Unavailable (RF),Unavailable (RF),Unavailable (RF)
2026-10-01 16:54:07,SMP / RF 1Mbps / per-link line rate / INCOMPLETE: missing lane / interval BER,No checked bits,No checked bits,No checked bits,0.000E+0,Unavailable,Unavailable,Unavailable (RF),Unavailable (RF),Unavailable (RF)
2026-10-01 16:54:08,SMP / RF 1Mbps / per-link line rate / INCOMPLETE: missing lane / interval BER,No checked bits,No checked bits,No checked bits,0.000E+0,Unavailable,Unavailable,Unavailable (RF),Unavailable (RF),Unavailable (RF)
2026-10-01 16:54:09,SMP / RF 1Mbps / per-link line rate / INCOMPLETE: missing lane / interval BER,No checked bits,No checked bits,No checked bits,0.000E+0,Unavailable,Unavailable,Unavailable (RF),Unavailable (RF),Unavailable (RF)
2026-10-01 16:54:10,SMP / RF 1Mbps / per-link line rate / INCOMPLETE: missing lane / interval BER,No checked bits,No checked bits,No checked bits,0.000E+0,Unavailable,Unavailable,Unavailable (RF),Unavailable (RF),Unavailable (RF)
2026-10-01 16:54:11,SMP / RF 1Mbps / per-link line rate / INCOMPLETE: missing lane / interval BER,No checked bits,No checked bits,No checked bits,0.000E+0,Unavailable,Unavailable,Unavailable (RF),Unavailable (RF),Unavailable (RF)
2026-10-01 16:54:12,SMP / RF 1Mbps / per-link line rate / INCOMPLETE: missing lane / interval BER,No checked bits,No checked bits,No checked bits,0.000E+0,Unavailable,Unavailable,Unavailable (RF),Unavailable (RF),Unavailable (RF)
2026-10-01 16:54:13,SMP / RF 1Mbps / per-link line rate / INCOMPLETE: missing lane / interval BER,No checked bits,No checked bits,No checked bits,0.000E+0,Unavailable,Unavailable,Unavailable (RF),Unavailable (RF),Unavailable (RF)
2026-10-01 16:54:14,SMP / RF 1Mbps / per-link line rate / INCOMPLETE: missing lane / interval BER,No checked bits,No checked bits,No checked bits,0.000E+0,Unavailable,Unavailable,Unavailable (RF),Unavailable (RF),Unavailable (RF)
2026-10-01 16:54:15,SMP / RF 1Mbps / per-link line rate / INCOMPLETE: missing lane / interval BER,No checked bits,No checked bits,No checked bits,0.000E+0,Unavailable,Unavailable,Unavailable (RF),Unavailable (RF),Unavailable (RF)
2026-10-01 16:54:16,SMP / RF 1Mbps / per-link line rate / INCOMPLETE: missing lane / interval BER,No checked bits,No checked bits,No checked bits,0.000E+0,Unavailable,Unavailable,Unavailable (RF),Unavailable (RF),Unavailable (RF)
2026-10-01 16:54:17,SMP / RF 1Mbps / per-link line rate / INCOMPLETE: missing lane / interval BER,No checked bits,No checked bits,No checked bits,0.000E+0,Unavailable,Unavailable,Unavailable (RF),Unavailable (RF),Unavailable (RF)
2026-10-01 16:54:18,SMP / RF 1Mbps / per-link line rate / INCOMPLETE: missing lane / interval BER,No checked bits,No checked bits,No checked bits,0.000E+0,Unavailable,Unavailable,Unavailable (RF),Unavailable (RF),Unavailable (RF)
2026-10-01 16:54:19,SMP / RF 1Mbps / per-link line rate / INCOMPLETE: missing lane / interval BER,No checked bits,No checked bits,No checked bits,0.000E+0,Unavailable,Unavailable,Unavailable (RF),Unavailable (RF),Unavailable (RF)
2026-10-01 16:54:20,SMP / RF 1Mbps / per-link line rate / INCOMPLETE: missing lane / interval BER,No checked bits,No checked bits,No checked bits,0.000E+0,Unavailable,Unavailable,Unavailable (RF),Unavailable (RF),Unavailable (RF)
2026-10-01 16:54:21,SMP / RF 1Mbps / per-link line rate / INCOMPLETE: missing lane / interval BER,No checked bits,No checked bits,No checked bits,0.000E+0,Unavailable,Unavailable,Unavailable (RF),Unavailable (RF),Unavailable (RF)
2026-10-01 16:54:22,SMP / RF 1Mbps / per-link line rate / INCOMPLETE: missing lane / interval BER,No checked bits,No checked bits,No checked bits,0.000E+0,Unavailable,Unavailable,Unavailable (RF),Unavailable (RF),Unavailable (RF)
2026-10-01 16:54:23,SMP / RF 1Mbps / per-link line rate / INCOMPLETE: missing lane / interval BER,No checked bits,No checked bits,No checked bits,0.000E+0,Unavailable,Unavailable,Unavailable (RF),Unavailable (RF),Unavailable (RF)
2026-10-01 16:54:24,SMP / RF 1Mbps / per-link line rate / INCOMPLETE: missing lane / interval BER,No checked bits,No checked bits,No checked bits,0.000E+0,Unavailable,Unavailable,Unavailable (RF),Unavailable (RF),Unavailable (RF)
2026-10-01 16:54:25,SMP / RF 1Mbps / per-link line rate / INCOMPLETE: missing lane / interval BER,No checked bits,No checked bits,No checked bits,0.000E+0,Unavailable,Unavailable,Unavailable (RF),Unavailable (RF),Unavailable (RF)
2026-10-01 16:54:26,SMP / RF 1Mbps / per-link line rate / INCOMPLETE: missing lane / interval BER,No checked bits,No checked bits,No checked bits,0.000E+0,Unavailable,Unavailable,Unavailable (RF),Unavailable (RF),Unavailable (RF)
2026-10-01 16:54:27,SMP / RF 1Mbps / per-link line rate / INCOMPLETE: missing lane / interval BER,No checked bits,No checked bits,No checked bits,0.000E+0,Unavailable,Unavailable,Unavailable (RF),Unavailable (RF),Unavailable (RF)
2026-10-01 16:54:28,SMP / RF 1Mbps / per-link line rate / INCOMPLETE: missing lane / interval BER,No checked bits,No checked bits,No checked bits,0.000E+0,Unavailable,Unavailable,Unavailable (RF),Unavailable (RF),Unavailable (RF)
2026-10-01 16:54:29,SMP / RF 1Mbps / per-link line rate / INCOMPLETE: missing lane / interval BER,No checked bits,No checked bits,No checked bits,0.000E+0,Unavailable,Unavailable,Unavailable (RF),Unavailable (RF),Unavailable (RF)
2026-10-01 16:54:30,SMP / RF 1Mbps / per-link line rate / INCOMPLETE: missing lane / interval BER,No checked bits,No checked bits,No checked bits,0.000E+0,Unavailable,Unavailable,Unavailable (RF),Unavailable (RF),Unavailable (RF)
2026-10-01 16:54:31,SMP / RF 1Mbps / per-link line rate / INCOMPLETE: missing lane / interval BER,No checked bits,No checked bits,No checked bits,0.000E+0,Unavailable,Unavailable,Unavailable (RF),Unavailable (RF),Unavailable (RF)
2026-10-01 16:54:32,SMP / RF 1Mbps / per-link line rate / INCOMPLETE: missing lane / interval BER,No checked bits,No checked bits,No checked bits,0.000E+0,Unavailable,Unavailable,Unavailable (RF),Unavailable (RF),Unavailable (RF)
2026-10-01 16:54:33,SMP / RF 1Mbps / per-link line rate / INCOMPLETE: missing lane / interval BER,No checked bits,No checked bits,No checked bits,0.000E+0,Unavailable,Unavailable,Unavailable (RF),Unavailable (RF),Unavailable (RF)
2026-10-01 16:54:34,SMP / RF 1Mbps / per-link line rate / INCOMPLETE: missing lane / interval BER,No checked bits,No checked bits,No checked bits,0.000E+0,Unavailable,Unavailable,Unavailable (RF),Unavailable (RF),Unavailable (RF)
2026-10-01 16:54:35,SMP / RF 1Mbps / per-link line rate / INCOMPLETE: missing lane / interval BER,No checked bits,No checked bits,No checked bits,0.000E+0,Unavailable,Unavailable,Unavailable (RF),Unavailable (RF),Unavailable (RF)
2026-10-01 16:54:36,SMP / RF 1Mbps / per-link line rate / INCOMPLETE: missing lane / interval BER,No checked bits,No checked bits,No checked bits,0.000E+0,Unavailable,Unavailable,Unavailable (RF),Unavailable (RF),Unavailable (RF)
2026-10-01 16:54:37,SMP / RF 1Mbps / per-link line rate / INCOMPLETE: missing lane / interval BER,No checked bits,No checked bits,No checked bits,0.000E+0,Unavailable,Unavailable,Unavailable (RF),Unavailable (RF),Unavailable (RF)
2026-10-01 16:54:38,SMP / RF 1Mbps / per-link line rate / INCOMPLETE: missing lane / interval BER,No checked bits,No checked bits,No checked bits,0.000E+0,Unavailable,Unavailable,Unavailable (RF),Unavailable (RF),Unavailable (RF)
2026-10-01 16:54:39,SMP / RF 1Mbps / per-link line rate / INCOMPLETE: missing lane / interval BER,No checked bits,No checked bits,No checked bits,0.000E+0,Unavailable,Unavailable,Unavailable (RF),Unavailable (RF),Unavailable (RF)
2026-10-01 16:54:40,SMP / RF 1Mbps / per-link line rate / INCOMPLETE: missing lane / interval BER,No checked bits,No checked bits,No checked bits,0.000E+0,Unavailable,Unavailable,Unavailable (RF),Unavailable (RF),Unavailable (RF)
2026-10-01 16:54:41,SMP / RF 1Mbps / per-link line rate / INCOMPLETE: missing lane / interval BER,No checked bits,No checked bits,No checked bits,0.000E+0,Unavailable,Unavailable,Unavailable (RF),Unavailable (RF),Unavailable (RF)
2026-10-01 16:54:42,SMP / RF 1Mbps / per-link line rate / INCOMPLETE: missing lane / interval BER,No checked bits,No checked bits,No checked bits,0.000E+0,Unavailable,Unavailable,Unavailable (RF),Unavailable (RF),Unavailable (RF)
2026-10-01 16:54:43,SMP / RF 1Mbps / per-link line rate / INCOMPLETE: missing lane / interval BER,No checked bits,No checked bits,No checked bits,0.000E+0,Unavailable,Unavailable,Unavailable (RF),Unavailable (RF),Unavailable (RF)
2026-10-01 16:54:44,SMP / RF 1Mbps / per-link line rate / INCOMPLETE: missing lane / interval BER,No checked bits,No checked bits,No checked bits,0.000E+0,Unavailable,Unavailable,Unavailable (RF),Unavailable (RF),Unavailable (RF)
2026-10-01 16:54:45,SMP / RF 1Mbps / per-link line rate / INCOMPLETE: missing lane / interval BER,No checked bits,No checked bits,No checked bits,0.000E+0,Unavailable,Unavailable,Unavailable (RF),Unavailable (RF),Unavailable (RF)
2026-10-01 16:54:46,SMP / RF 1Mbps / per-link line rate / INCOMPLETE: missing lane / interval BER,No checked bits,No checked bits,No checked bits,0.000E+0,Unavailable,Unavailable,Unavailable (RF),Unavailable (RF),Unavailable (RF)
2026-10-01 16:54:47,SMP / RF 1Mbps / per-link line rate / INCOMPLETE: missing lane / interval BER,No checked bits,No checked bits,No checked bits,0.000E+0,Unavailable,Unavailable,Unavailable (RF),Unavailable (RF),Unavailable (RF)
2026-10-01 16:54:48,SMP / RF 1Mbps / per-link line rate / INCOMPLETE: missing lane / interval BER,No checked bits,No checked bits,No checked bits,0.000E+0,Unavailable,Unavailable,Unavailable (RF),Unavailable (RF),Unavailable (RF)
2026-10-01 16:54:49,SMP / RF 1Mbps / per-link line rate / INCOMPLETE: missing lane / interval BER,No checked bits,No checked bits,No checked bits,0.000E+0,Unavailable,Unavailable,Unavailable (RF),Unavailable (RF),Unavailable (RF)
2026-10-01 16:54:50,SMP / RF 1Mbps / per-link line rate / INCOMPLETE: missing lane / interval BER,No checked bits,No checked bits,No checked bits,0.000E+0,Unavailable,Unavailable,Unavailable (RF),Unavailable (RF),Unavailable (RF)
2026-10-01 16:54:51,SMP / RF 1Mbps / per-link line rate / INCOMPLETE: missing lane / interval BER,No checked bits,No checked bits,No checked bits,0.000E+0,Unavailable,Unavailable,Unavailable (RF),Unavailable (RF),Unavailable (RF)
2026-10-01 16:54:52,SMP / RF 1Mbps / per-link line rate / INCOMPLETE: missing lane / interval BER,No checked bits,No checked bits,No checked bits,0.000E+0,Unavailable,Unavailable,Unavailable (RF),Unavailable (RF),Unavailable (RF)
2026-10-01 16:54:53,SMP / RF 1Mbps / per-link line rate / INCOMPLETE: missing lane / interval BER,No checked bits,No checked bits,No checked bits,0.000E+0,Unavailable,Unavailable,Unavailable (RF),Unavailable (RF),Unavailable (RF)
2026-10-01 16:54:54,SMP / RF 1Mbps / per-link line rate / INCOMPLETE: missing lane / interval BER,No checked bits,No checked bits,No checked bits,0.000E+0,Unavailable,Unavailable,Unavailable (RF),Unavailable (RF),Unavailable (RF)
2026-10-01 16:54:55,SMP / RF 1Mbps / per-link line rate / INCOMPLETE: missing lane / interval BER,No checked bits,No checked bits,No checked bits,0.000E+0,Unavailable,Unavailable,Unavailable (RF),Unavailable (RF),Unavailable (RF)
2026-10-01 16:54:56,SMP / RF 1Mbps / per-link line rate / INCOMPLETE: missing lane / interval BER,No checked bits,No checked bits,No checked bits,0.000E+0,Unavailable,Unavailable,Unavailable (RF),Unavailable (RF),Unavailable (RF)
2026-10-01 16:54:57,SMP / RF 1Mbps / per-link line rate / INCOMPLETE: missing lane / interval BER,No checked bits,No checked bits,No checked bits,0.000E+0,Unavailable,Unavailable,Unavailable (RF),Unavailable (RF),Unavailable (RF)
2026-10-01 16:54:58,SMP / RF 1Mbps / per-link line rate / INCOMPLETE: missing lane / interval BER,No checked bits,No checked bits,No checked bits,0.000E+0,Unavailable,Unavailable,Unavailable (RF),Unavailable (RF),Unavailable (RF)
2026-10-01 16:54:59,SMP / RF 1Mbps / per-link line rate / INCOMPLETE: missing lane / interval BER,No checked bits,No checked bits,No checked bits,0.000E+0,Unavailable,Unavailable,Unavailable (RF),Unavailable (RF),Unavailable (RF)
2026-10-01 16:55:00,SMP / RF 1Mbps / per-link line rate / INCOMPLETE: missing lane / interval BER,No checked bits,No checked bits,No checked bits,0.000E+0,Unavailable,Unavailable,Unavailable (RF),Unavailable (RF),Unavailable (RF)
2026-10-01 16:55:01,SMP / RF 1Mbps / per-link line rate / INCOMPLETE: missing lane / interval BER,No checked bits,No checked bits,No checked bits,0.000E+0,Unavailable,Unavailable,Unavailable (RF),Unavailable (RF),Unavailable (RF)
2026-10-01 16:55:02,SMP / RF 1Mbps / per-link line rate / INCOMPLETE: missing lane / interval BER,No checked bits,No checked bits,No checked bits,0.000E+0,Unavailable,Unavailable,Unavailable (RF),Unavailable (RF),Unavailable (RF)
2026-10-01 16:55:03,SMP / RF 1Mbps / per-link line rate / INCOMPLETE: missing lane / interval BER,No checked bits,No checked bits,No checked bits,0.000E+0,Unavailable,Unavailable,Unavailable (RF),Unavailable (RF),Unavailable (RF)
2026-10-01 16:55:04,SMP / RF 1Mbps / per-link line rate / INCOMPLETE: missing lane / interval BER,No checked bits,No checked bits,No checked bits,0.000E+0,Unavailable,Unavailable,Unavailable (RF),Unavailable (RF),Unavailable (RF)
2026-10-01 16:55:05,SMP / RF 1Mbps / per-link line rate / INCOMPLETE: missing lane / interval BER,No checked bits,No checked bits,No checked bits,0.000E+0,Unavailable,Unavailable,Unavailable (RF),Unavailable (RF),Unavailable (RF)
2026-10-01 16:55:06,SMP / RF 1Mbps / per-link line rate / INCOMPLETE: missing lane / interval BER,No checked bits,No checked bits,No checked bits,0.000E+0,Unavailable,Unavailable,Unavailable (RF),Unavailable (RF),Unavailable (RF)
2026-10-01 16:55:07,SMP / RF 1Mbps / per-link line rate / INCOMPLETE: missing lane / interval BER,No checked bits,No checked bits,No checked bits,0.000E+0,Unavailable,Unavailable,Unavailable (RF),Unavailable (RF),Unavailable (RF)
2026-10-01 16:55:08,SMP / RF 1Mbps / per-link line rate / INCOMPLETE: missing lane / interval BER,No checked bits,No checked bits,No checked bits,0.000E+0,Unavailable,Unavailable,Unavailable (RF),Unavailable (RF),Unavailable (RF)
2026-10-01 16:55:09,SMP / RF 1Mbps / per-link line rate / INCOMPLETE: missing lane / interval BER,No checked bits,No checked bits,No checked bits,0.000E+0,Unavailable,Unavailable,Unavailable (RF),Unavailable (RF),Unavailable (RF)
2026-10-01 16:55:10,SMP / RF 1Mbps / per-link line rate / INCOMPLETE: missing lane / interval BER,No checked bits,No checked bits,No checked bits,0.000E+0,Unavailable,Unavailable,Unavailable (RF),Unavailable (RF),Unavailable (RF)
2026-10-01 16:55:11,SMP / RF 1Mbps / per-link line rate / INCOMPLETE: missing lane / interval BER,No checked bits,No checked bits,No checked bits,0.000E+0,Unavailable,Unavailable,Unavailable (RF),Unavailable (RF),Unavailable (RF)
2026-10-01 16:55:12,SMP / RF 1Mbps / per-link line rate / INCOMPLETE: missing lane / interval BER,No checked bits,No checked bits,No checked bits,0.000E+0,Unavailable,Unavailable,Unavailable (RF),Unavailable (RF),Unavailable (RF)
2026-10-01 16:55:13,SMP / RF 1Mbps / per-link line rate / INCOMPLETE: missing lane / interval BER,No checked bits,No checked bits,No checked bits,0.000E+0,Unavailable,Unavailable,Unavailable (RF),Unavailable (RF),Unavailable (RF)
2026-10-01 16:55:14,SMP / RF 1Mbps / per-link line rate / INCOMPLETE: missing lane / interval BER,No checked bits,No checked bits,No checked bits,0.000E+0,Unavailable,Unavailable,Unavailable (RF),Unavailable (RF),Unavailable (RF)
2026-10-01 16:55:15,SMP / RF 1Mbps / per-link line rate / INCOMPLETE: missing lane / interval BER,No checked bits,No checked bits,No checked bits,0.000E+0,Unavailable,Unavailable,Unavailable (RF),Unavailable (RF),Unavailable (RF)
2026-10-01 16:55:16,SMP / RF 1Mbps / per-link line rate / INCOMPLETE: missing lane / interval BER,No checked bits,No checked bits,No checked bits,0.000E+0,Unavailable,Unavailable,Unavailable (RF),Unavailable (RF),Unavailable (RF)
2026-10-01 16:55:17,SMP / RF 1Mbps / per-link line rate / INCOMPLETE: missing lane / interval BER,No checked bits,No checked bits,No checked bits,0.000E+0,Unavailable,Unavailable,Unavailable (RF),Unavailable (RF),Unavailable (RF)
2026-10-01 16:55:18,SMP / RF 1Mbps / per-link line rate / INCOMPLETE: missing lane / interval BER,No checked bits,No checked bits,No checked bits,0.000E+0,Unavailable,Unavailable,Unavailable (RF),Unavailable (RF),Unavailable (RF)
2026-10-01 16:55:19,SMP / RF 1Mbps / per-link line rate / INCOMPLETE: missing lane / interval BER,No checked bits,No checked bits,No checked bits,0.000E+0,Unavailable,Unavailable,Unavailable (RF),Unavailable (RF),Unavailable (RF)
2026-10-01 16:55:20,SMP / RF 1Mbps / per-link line rate / INCOMPLETE: missing lane / interval BER,No checked bits,No checked bits,No checked bits,0.000E+0,Unavailable,Unavailable,Unavailable (RF),Unavailable (RF),Unavailable (RF)
2026-10-01 16:55:21,SMP / RF 1Mbps / per-link line rate / INCOMPLETE: missing lane / interval BER,No checked bits,No checked bits,No checked bits,0.000E+0,Unavailable,Unavailable,Unavailable (RF),Unavailable (RF),Unavailable (RF)
2026-10-01 16:55:22,SMP / RF 1Mbps / per-link line rate / INCOMPLETE: missing lane / interval BER,No checked bits,No checked bits,No checked bits,0.000E+0,Unavailable,Unavailable,Unavailable (RF),Unavailable (RF),Unavailable (RF)
2026-10-01 16:55:23,SMP / RF 1Mbps / per-link line rate / INCOMPLETE: missing lane / interval BER,No checked bits,No checked bits,No checked bits,0.000E+0,Unavailable,Unavailable,Unavailable (RF),Unavailable (RF),Unavailable (RF)
2026-10-01 16:55:24,SMP / RF 1Mbps / per-link line rate / INCOMPLETE: missing lane / interval BER,No checked bits,No checked bits,No checked bits,0.000E+0,Unavailable,Unavailable,Unavailable (RF),Unavailable (RF),Unavailable (RF)
2026-10-01 16:55:25,SMP / RF 1Mbps / per-link line rate / INCOMPLETE: missing lane / interval BER,No checked bits,No checked bits,No checked bits,0.000E+0,Unavailable,Unavailable,Unavailable (RF),Unavailable (RF),Unavailable (RF)
2026-10-01 16:55:26,SMP / RF 1Mbps / per-link line rate / INCOMPLETE: missing lane / interval BER,No checked bits,No checked bits,No checked bits,0.000E+0,Unavailable,Unavailable,Unavailable (RF),Unavailable (RF),Unavailable (RF)
2026-10-01 16:55:27,SMP / RF 1Mbps / per-link line rate / INCOMPLETE: missing lane / interval BER,No checked bits,No checked bits,No checked bits,0.000E+0,Unavailable,Unavailable,Unavailable (RF),Unavailable (RF),Unavailable (RF)
2026-10-01 16:55:28,SMP / RF 1Mbps / per-link line rate / INCOMPLETE: missing lane / interval BER,No checked bits,No checked bits,No checked bits,0.000E+0,Unavailable,Unavailable,Unavailable (RF),Unavailable (RF),Unavailable (RF)
2026-10-01 16:55:29,SMP / RF 1Mbps / per-link line rate / INCOMPLETE: missing lane / interval BER,No checked bits,No checked bits,No checked bits,0.000E+0,Unavailable,Unavailable,Unavailable (RF),Unavailable (RF),Unavailable (RF)
2026-10-01 16:55:30,SMP / RF 1Mbps / per-link line rate / INCOMPLETE: missing lane / interval BER,No checked bits,No checked bits,No checked bits,0.000E+0,Unavailable,Unavailable,Unavailable (RF),Unavailable (RF),Unavailable (RF)
2026-10-01 16:55:31,SMP / RF 1Mbps / per-link line rate / INCOMPLETE: missing lane / interval BER,No checked bits,No checked bits,No checked bits,0.000E+0,Unavailable,Unavailable,Unavailable (RF),Unavailable (RF),Unavailable (RF)
2026-10-01 16:55:32,SMP / RF 1Mbps / per-link line rate / INCOMPLETE: missing lane / interval BER,No checked bits,No checked bits,No checked bits,0.000E+0,Unavailable,Unavailable,Unavailable (RF),Unavailable (RF),Unavailable (RF)
2026-10-01 16:55:33,SMP / RF 1Mbps / per-link line rate / INCOMPLETE: missing lane / interval BER,No checked bits,No checked bits,No checked bits,0.000E+0,Unavailable,Unavailable,Unavailable (RF),Unavailable (RF),Unavailable (RF)
2026-10-01 16:55:34,SMP / RF 1Mbps / per-link line rate / INCOMPLETE: missing lane / interval BER,No checked bits,No checked bits,No checked bits,0.000E+0,Unavailable,Unavailable,Unavailable (RF),Unavailable (RF),Unavailable (RF)
2026-10-01 16:55:35,SMP / RF 1Mbps / per-link line rate / INCOMPLETE: missing lane / interval BER,No checked bits,No checked bits,No checked bits,0.000E+0,Unavailable,Unavailable,Unavailable (RF),Unavailable (RF),Unavailable (RF)
2026-10-01 16:55:36,SMP / RF 1Mbps / per-link line rate / INCOMPLETE: missing lane / interval BER,No checked bits,No checked bits,No checked bits,0.000E+0,Unavailable,Unavailable,Unavailable (RF),Unavailable (RF),Unavailable (RF)
2026-10-01 16:55:37,SMP / RF 1Mbps / per-link line rate / INCOMPLETE: missing lane / interval BER,No checked bits,No checked bits,No checked bits,0.000E+0,Unavailable,Unavailable,Unavailable (RF),Unavailable (RF),Unavailable (RF)
2026-10-01 16:55:38,SMP / RF 1Mbps / per-link line rate / INCOMPLETE: missing lane / interval BER,No checked bits,No checked bits,No checked bits,0.000E+0,Unavailable,Unavailable,Unavailable (RF),Unavailable (RF),Unavailable (RF)
2026-10-01 16:55:39,SMP / RF 1Mbps / per-link line rate / INCOMPLETE: missing lane / interval BER,No checked bits,No checked bits,No checked bits,0.000E+0,Unavailable,Unavailable,Unavailable (RF),Unavailable (RF),Unavailable (RF)
2026-10-01 16:55:40,SMP / RF 1Mbps / per-link line rate / INCOMPLETE: missing lane / interval BER,No checked bits,No checked bits,No checked bits,0.000E+0,Unavailable,Unavailable,Unavailable (RF),Unavailable (RF),Unavailable (RF)
2026-10-01 16:55:41,SMP / RF 1Mbps / per-link line rate / INCOMPLETE: missing lane / interval BER,No checked bits,No checked bits,No checked bits,0.000E+0,Unavailable,Unavailable,Unavailable (RF),Unavailable (RF),Unavailable (RF)
2026-10-01 16:55:42,SMP / RF 1Mbps / per-link line rate / INCOMPLETE: missing lane / interval BER,No checked bits,No checked bits,No checked bits,0.000E+0,Unavailable,Unavailable,Unavailable (RF),Unavailable (RF),Unavailable (RF)
2026-10-01 16:55:43,SMP / RF 1Mbps / per-link line rate / INCOMPLETE: missing lane / interval BER,No checked bits,No checked bits,No checked bits,0.000E+0,Unavailable,Unavailable,Unavailable (RF),Unavailable (RF),Unavailable (RF)
2026-10-01 16:55:44,SMP / RF 1Mbps / per-link line rate / INCOMPLETE: missing lane / interval BER,No checked bits,No checked bits,No checked bits,0.000E+0,Unavailable,Unavailable,Unavailable (RF),Unavailable (RF),Unavailable (RF)
2026-10-01 16:55:45,SMP / RF 1Mbps / per-link line rate / INCOMPLETE: missing lane / interval BER,No checked bits,No checked bits,No checked bits,0.000E+0,Unavailable,Unavailable,Unavailable (RF),Unavailable (RF),Unavailable (RF)
2026-10-01 16:55:46,SMP / RF 1Mbps / per-link line rate / INCOMPLETE: missing lane / interval BER,No checked bits,No checked bits,No checked bits,0.000E+0,Unavailable,Unavailable,Unavailable (RF),Unavailable (RF),Unavailable (RF)
2026-10-01 16:55:47,SMP / RF 1Mbps / per-link line rate / INCOMPLETE: missing lane / interval BER,No checked bits,No checked bits,No checked bits,0.000E+0,Unavailable,Unavailable,Unavailable (RF),Unavailable (RF),Unavailable (RF)
2026-10-01 16:55:48,SMP / RF 1Mbps / per-link line rate / INCOMPLETE: missing lane / interval BER,No checked bits,No checked bits,No checked bits,0.000E+0,Unavailable,Unavailable,Unavailable (RF),Unavailable (RF),Unavailable (RF)
2026-10-01 16:55:49,SMP / RF 1Mbps / per-link line rate / INCOMPLETE: missing lane / interval BER,No checked bits,No checked bits,No checked bits,0.000E+0,Unavailable,Unavailable,Unavailable (RF),Unavailable (RF),Unavailable (RF)
2026-10-01 16:55:50,SMP / RF 1Mbps / per-link line rate / INCOMPLETE: missing lane / interval BER,No checked bits,No checked bits,No checked bits,0.000E+0,Unavailable,Unavailable,Unavailable (RF),Unavailable (RF),Unavailable (RF)
2026-10-01 16:55:51,SMP / RF 1Mbps / per-link line rate / INCOMPLETE: missing lane / interval BER,No checked bits,No checked bits,No checked bits,0.000E+0,Unavailable,Unavailable,Unavailable (RF),Unavailable (RF),Unavailable (RF)
2026-10-01 16:55:52,SMP / RF 1Mbps / per-link line rate / INCOMPLETE: missing lane / interval BER,No checked bits,No checked bits,No checked bits,0.000E+0,Unavailable,Unavailable,Unavailable (RF),Unavailable (RF),Unavailable (RF)
2026-10-01 16:55:53,SMP / RF 1Mbps / per-link line rate / INCOMPLETE: missing lane / interval BER,No checked bits,No checked bits,No checked bits,0.000E+0,Unavailable,Unavailable,Unavailable (RF),Unavailable (RF),Unavailable (RF)
2026-10-01 16:55:54,SMP / RF 1Mbps / per-link line rate / INCOMPLETE: missing lane / interval BER,No checked bits,No checked bits,No checked bits,0.000E+0,Unavailable,Unavailable,Unavailable (RF),Unavailable (RF),Unavailable (RF)
2026-10-01 16:55:55,SMP / RF 1Mbps / per-link line rate / INCOMPLETE: missing lane / interval BER,No checked bits,No checked bits,No checked bits,0.000E+0,Unavailable,Unavailable,Unavailable (RF),Unavailable (RF),Unavailable (RF)
2026-10-01 16:55:56,SMP / RF 1Mbps / per-link line rate / INCOMPLETE: missing lane / interval BER,No checked bits,No checked bits,No checked bits,0.000E+0,Unavailable,Unavailable,Unavailable (RF),Unavailable (RF),Unavailable (RF)
2026-10-01 16:55:57,SMP / RF 1Mbps / per-link line rate / INCOMPLETE: missing lane / interval BER,No checked bits,No checked bits,No checked bits,0.000E+0,Unavailable,Unavailable,Unavailable (RF),Unavailable (RF),Unavailable (RF)
2026-10-01 16:55:58,SMP / RF 1Mbps / per-link line rate / INCOMPLETE: missing lane / interval BER,No checked bits,No checked bits,No checked bits,0.000E+0,Unavailable,Unavailable,Unavailable (RF),Unavailable (RF),Unavailable (RF)
2026-10-01 16:55:59,SMP / RF 1Mbps / per-link line rate / INCOMPLETE: missing lane / interval BER,No checked bits,No checked bits,No checked bits,0.000E+0,Unavailable,Unavailable,Unavailable (RF),Unavailable (RF),Unavailable (RF)
2026-10-01 16:56:00,SMP / RF 1Mbps / per-link line rate / INCOMPLETE: missing lane / interval BER,No checked bits,No checked bits,No checked bits,0.000E+0,Unavailable,Unavailable,Unavailable (RF),Unavailable (RF),Unavailable (RF)
2026-10-01 16:56:01,SMP / RF 1Mbps / per-link line rate / INCOMPLETE: missing lane / interval BER,No checked bits,No checked bits,No checked bits,0.000E+0,Unavailable,Unavailable,Unavailable (RF),Unavailable (RF),Unavailable (RF)
2026-10-01 16:56:02,SMP / RF 1Mbps / per-link line rate / INCOMPLETE: missing lane / interval BER,No checked bits,No checked bits,No checked bits,0.000E+0,Unavailable,Unavailable,Unavailable (RF),Unavailable (RF),Unavailable (RF)
2026-10-01 16:56:03,SMP / RF 1Mbps / per-link line rate / INCOMPLETE: missing lane / interval BER,No checked bits,No checked bits,No checked bits,0.000E+0,Unavailable,Unavailable,Unavailable (RF),Unavailable (RF),Unavailable (RF)
2026-10-01 16:56:04,SMP / RF 1Mbps / per-link line rate / INCOMPLETE: missing lane / interval BER,No checked bits,No checked bits,No checked bits,0.000E+0,Unavailable,Unavailable,Unavailable (RF),Unavailable (RF),Unavailable (RF)
2026-10-01 16:56:05,SMP / RF 1Mbps / per-link line rate / INCOMPLETE: missing lane / interval BER,No checked bits,No checked bits,No checked bits,0.000E+0,Unavailable,Unavailable,Unavailable (RF),Unavailable (RF),Unavailable (RF)
2026-10-01 16:56:06,SMP / RF 1Mbps / per-link line rate / INCOMPLETE: missing lane / interval BER,No checked bits,No checked bits,No checked bits,0.000E+0,Unavailable,Unavailable,Unavailable (RF),Unavailable (RF),Unavailable (RF)
2026-10-01 16:56:07,SMP / RF 1Mbps / per-link line rate / INCOMPLETE: missing lane / interval BER,No checked bits,No checked bits,No checked bits,0.000E+0,Unavailable,Unavailable,Unavailable (RF),Unavailable (RF),Unavailable (RF)
2026-10-01 16:56:08,SMP / RF 1Mbps / per-link line rate / INCOMPLETE: missing lane / interval BER,No checked bits,No checked bits,No checked bits,0.000E+0,Unavailable,Unavailable,Unavailable (RF),Unavailable (RF),Unavailable (RF)
2026-10-01 16:56:09,SMP / RF 1Mbps / per-link line rate / INCOMPLETE: missing lane / interval BER,No checked bits,No checked bits,No checked bits,0.000E+0,Unavailable,Unavailable,Unavailable (RF),Unavailable (RF),Unavailable (RF)
2026-10-01 16:56:10,SMP / RF 1Mbps / per-link line rate / INCOMPLETE: missing lane / interval BER,No checked bits,No checked bits,No checked bits,0.000E+0,Unavailable,Unavailable,Unavailable (RF),Unavailable (RF),Unavailable (RF)
2026-10-01 16:56:11,SMP / RF 1Mbps / per-link line rate / INCOMPLETE: missing lane / interval BER,No checked bits,No checked bits,No checked bits,0.000E+0,Unavailable,Unavailable,Unavailable (RF),Unavailable (RF),Unavailable (RF)
2026-10-01 16:56:12,SMP / RF 1Mbps / per-link line rate / INCOMPLETE: missing lane / interval BER,No checked bits,No checked bits,No checked bits,0.000E+0,Unavailable,Unavailable,Unavailable (RF),Unavailable (RF),Unavailable (RF)
2026-10-01 16:56:13,SMP / RF 1Mbps / per-link line rate / INCOMPLETE: missing lane / interval BER,No checked bits,No checked bits,No checked bits,0.000E+0,Unavailable,Unavailable,Unavailable (RF),Unavailable (RF),Unavailable (RF)
2026-10-01 16:56:14,SMP / RF 1Mbps / per-link line rate / INCOMPLETE: missing lane / interval BER,No checked bits,No checked bits,No checked bits,0.000E+0,Unavailable,Unavailable,Unavailable (RF),Unavailable (RF),Unavailable (RF)
2026-10-01 16:56:15,SMP / RF 1Mbps / per-link line rate / INCOMPLETE: missing lane / interval BER,No checked bits,No checked bits,No checked bits,0.000E+0,Unavailable,Unavailable,Unavailable (RF),Unavailable (RF),Unavailable (RF)
2026-10-01 16:56:16,SMP / RF 1Mbps / per-link line rate / INCOMPLETE: missing lane / interval BER,No checked bits,No checked bits,No checked bits,0.000E+0,Unavailable,Unavailable,Unavailable (RF),Unavailable (RF),Unavailable (RF)
2026-10-01 16:56:17,SMP / RF 1Mbps / per-link line rate / INCOMPLETE: missing lane / interval BER,No checked bits,No checked bits,No checked bits,0.000E+0,Unavailable,Unavailable,Unavailable (RF),Unavailable (RF),Unavailable (RF)
2026-10-01 16:56:18,SMP / RF 1Mbps / per-link line rate / INCOMPLETE: missing lane / interval BER,No checked bits,No checked bits,No checked bits,0.000E+0,Unavailable,Unavailable,Unavailable (RF),Unavailable (RF),Unavailable (RF)
2026-10-01 16:56:19,SMP / RF 1Mbps / per-link line rate / INCOMPLETE: missing lane / interval BER,No checked bits,No checked bits,No checked bits,0.000E+0,Unavailable,Unavailable,Unavailable (RF),Unavailable (RF),Unavailable (RF)
2026-10-01 16:56:20,SMP / RF 1Mbps / per-link line rate / INCOMPLETE: missing lane / interval BER,No checked bits,No checked bits,No checked bits,0.000E+0,Unavailable,Unavailable,Unavailable (RF),Unavailable (RF),Unavailable (RF)
2026-10-01 16:56:21,SMP / RF 1Mbps / per-link line rate / INCOMPLETE: missing lane / interval BER,No checked bits,No checked bits,No checked bits,0.000E+0,Unavailable,Unavailable,Unavailable (RF),Unavailable (RF),Unavailable (RF)
2026-10-01 16:56:22,SMP / RF 1Mbps / per-link line rate / INCOMPLETE: missing lane / interval BER,No checked bits,No checked bits,No checked bits,0.000E+0,Unavailable,Unavailable,Unavailable (RF),Unavailable (RF),Unavailable (RF)
2026-10-01 16:56:23,SMP / RF 1Mbps / per-link line rate / INCOMPLETE: missing lane / interval BER,No checked bits,No checked bits,No checked bits,0.000E+0,Unavailable,Unavailable,Unavailable (RF),Unavailable (RF),Unavailable (RF)
2026-10-01 16:56:24,SMP / RF 1Mbps / per-link line rate / INCOMPLETE: missing lane / interval BER,No checked bits,No checked bits,No checked bits,0.000E+0,Unavailable,Unavailable,Unavailable (RF),Unavailable (RF),Unavailable (RF)
2026-10-01 16:56:25,SMP / RF 1Mbps / per-link line rate / INCOMPLETE: missing lane / interval BER,No checked bits,No checked bits,No checked bits,0.000E+0,Unavailable,Unavailable,Unavailable (RF),Unavailable (RF),Unavailable (RF)
2026-10-01 16:56:26,SMP / RF 1Mbps / per-link line rate / INCOMPLETE: missing lane / interval BER,No checked bits,No checked bits,No checked bits,0.000E+0,Unavailable,Unavailable,Unavailable (RF),Unavailable (RF),Unavailable (RF)
2026-10-01 16:56:27,SMP / RF 1Mbps / per-link line rate / INCOMPLETE: missing lane / interval BER,No checked bits,No checked bits,No checked bits,0.000E+0,Unavailable,Unavailable,Unavailable (RF),Unavailable (RF),Unavailable (RF)
2026-10-01 16:56:28,SMP / RF 1Mbps / per-link line rate / INCOMPLETE: missing lane / interval BER,No checked bits,No checked bits,No checked bits,0.000E+0,Unavailable,Unavailable,Unavailable (RF),Unavailable (RF),Unavailable (RF)
2026-10-01 16:56:29,SMP / RF 1Mbps / per-link line rate / INCOMPLETE: missing lane / interval BER,No checked bits,No checked bits,No checked bits,0.000E+0,Unavailable,Unavailable,Unavailable (RF),Unavailable (RF),Unavailable (RF)
2026-10-01 16:56:30,SMP / RF 1Mbps / per-link line rate / INCOMPLETE: missing lane / interval BER,No checked bits,No checked bits,No checked bits,0.000E+0,Unavailable,Unavailable,Unavailable (RF),Unavailable (RF),Unavailable (RF)
2026-10-01 16:56:31,SMP / RF 1Mbps / per-link line rate / INCOMPLETE: missing lane / interval BER,No checked bits,No checked bits,No checked bits,0.000E+0,Unavailable,Unavailable,Unavailable (RF),Unavailable (RF),Unavailable (RF)
2026-10-01 16:56:32,SMP / RF 1Mbps / per-link line rate / INCOMPLETE: missing lane / interval BER,No checked bits,No checked bits,No checked bits,0.000E+0,Unavailable,Unavailable,Unavailable (RF),Unavailable (RF),Unavailable (RF)
2026-10-01 16:56:33,SMP / RF 1Mbps / per-link line rate / INCOMPLETE: missing lane / interval BER,No checked bits,No checked bits,No checked bits,0.000E+0,Unavailable,Unavailable,Unavailable (RF),Unavailable (RF),Unavailable (RF)
2026-10-01 16:56:34,SMP / RF 1Mbps / per-link line rate / INCOMPLETE: missing lane / interval BER,No checked bits,No checked bits,No checked bits,0.000E+0,Unavailable,Unavailable,Unavailable (RF),Unavailable (RF),Unavailable (RF)
2026-10-01 16:56:35,SMP / RF 1Mbps / per-link line rate / INCOMPLETE: missing lane / interval BER,No checked bits,No checked bits,No checked bits,0.000E+0,Unavailable,Unavailable,Unavailable (RF),Unavailable (RF),Unavailable (RF)
2026-10-01 16:56:36,SMP / RF 1Mbps / per-link line rate / INCOMPLETE: missing lane / interval BER,No checked bits,No checked bits,No checked bits,0.000E+0,Unavailable,Unavailable,Unavailable (RF),Unavailable (RF),Unavailable (RF)
2026-10-01 16:56:37,SMP / RF 1Mbps / per-link line rate / INCOMPLETE: missing lane / interval BER,No checked bits,No checked bits,No checked bits,0.000E+0,Unavailable,Unavailable,Unavailable (RF),Unavailable (RF),Unavailable (RF)
2026-10-01 16:56:38,SMP / RF 1Mbps / per-link line rate / INCOMPLETE: missing lane / interval BER,No checked bits,No checked bits,No checked bits,0.000E+0,Unavailable,Unavailable,Unavailable (RF),Unavailable (RF),Unavailable (RF)
2026-10-01 16:56:39,SMP / RF 1Mbps / per-link line rate / INCOMPLETE: missing lane / interval BER,No checked bits,No checked bits,No checked bits,0.000E+0,Unavailable,Unavailable,Unavailable (RF),Unavailable (RF),Unavailable (RF)
2026-10-01 16:56:40,SMP / RF 1Mbps / per-link line rate / INCOMPLETE: missing lane / interval BER,No checked bits,No checked bits,No checked bits,0.000E+0,Unavailable,Unavailable,Unavailable (RF),Unavailable (RF),Unavailable (RF)
2026-10-01 16:56:41,SMP / RF 1Mbps / per-link line rate / INCOMPLETE: missing lane / interval BER,No checked bits,No checked bits,No checked bits,0.000E+0,Unavailable,Unavailable,Unavailable (RF),Unavailable (RF),Unavailable (RF)
2026-10-01 16:56:42,SMP / RF 1Mbps / per-link line rate / INCOMPLETE: missing lane / interval BER,No checked bits,No checked bits,No checked bits,0.000E+0,Unavailable,Unavailable,Unavailable (RF),Unavailable (RF),Unavailable (RF)
2026-10-01 16:56:43,SMP / RF 1Mbps / per-link line rate / INCOMPLETE: missing lane / interval BER,No checked bits,No checked bits,No checked bits,0.000E+0,Unavailable,Unavailable,Unavailable (RF),Unavailable (RF),Unavailable (RF)
2026-10-01 16:56:44,SMP / RF 1Mbps / per-link line rate / INCOMPLETE: missing lane / interval BER,No checked bits,No checked bits,No checked bits,0.000E+0,Unavailable,Unavailable,Unavailable (RF),Unavailable (RF),Unavailable (RF)
2026-10-01 16:56:45,SMP / RF 1Mbps / per-link line rate / INCOMPLETE: missing lane / interval BER,No checked bits,No checked bits,No checked bits,0.000E+0,Unavailable,Unavailable,Unavailable (RF),Unavailable (RF),Unavailable (RF)
2026-10-01 16:56:46,SMP / RF 1Mbps / per-link line rate / INCOMPLETE: missing lane / interval BER,No checked bits,No checked bits,No checked bits,0.000E+0,Unavailable,Unavailable,Unavailable (RF),Unavailable (RF),Unavailable (RF)
2026-10-01 16:56:47,SMP / RF 1Mbps / per-link line rate / INCOMPLETE: missing lane / interval BER,No checked bits,No checked bits,No checked bits,0.000E+0,Unavailable,Unavailable,Unavailable (RF),Unavailable (RF),Unavailable (RF)
2026-10-01 16:56:48,SMP / RF 1Mbps / per-link line rate / INCOMPLETE: missing lane / interval BER,No checked bits,No checked bits,No checked bits,0.000E+0,Unavailable,Unavailable,Unavailable (RF),Unavailable (RF),Unavailable (RF)
2026-10-01 16:56:49,SMP / RF 1Mbps / per-link line rate / INCOMPLETE: missing lane / interval BER,No checked bits,No checked bits,No checked bits,0.000E+0,Unavailable,Unavailable,Unavailable (RF),Unavailable (RF),Unavailable (RF)
2026-10-01 16:56:50,SMP / RF 1Mbps / per-link line rate / INCOMPLETE: missing lane / interval BER,No checked bits,No checked bits,No checked bits,0.000E+0,Unavailable,Unavailable,Unavailable (RF),Unavailable (RF),Unavailable (RF)
2026-10-01 16:56:51,SMP / RF 1Mbps / per-link line rate / INCOMPLETE: missing lane / interval BER,No checked bits,No checked bits,No checked bits,0.000E+0,Unavailable,Unavailable,Unavailable (RF),Unavailable (RF),Unavailable (RF)
2026-10-01 16:56:52,SMP / RF 1Mbps / per-link line rate / INCOMPLETE: missing lane / interval BER,No checked bits,No checked bits,No checked bits,0.000E+0,Unavailable,Unavailable,Unavailable (RF),Unavailable (RF),Unavailable (RF)
2026-10-01 16:56:53,SMP / RF 1Mbps / per-link line rate / INCOMPLETE: missing lane / interval BER,No checked bits,No checked bits,No checked bits,0.000E+0,Unavailable,Unavailable,Unavailable (RF),Unavailable (RF),Unavailable (RF)
2026-10-01 16:56:54,SMP / RF 1Mbps / per-link line rate / INCOMPLETE: missing lane / interval BER,No checked bits,No checked bits,No checked bits,0.000E+0,Unavailable,Unavailable,Unavailable (RF),Unavailable (RF),Unavailable (RF)
2026-10-01 16:56:55,SMP / RF 1Mbps / per-link line rate / INCOMPLETE: missing lane / interval BER,No checked bits,No checked bits,No checked bits,0.000E+0,Unavailable,Unavailable,Unavailable (RF),Unavailable (RF),Unavailable (RF)
2026-10-01 16:56:56,SMP / RF 1Mbps / per-link line rate / INCOMPLETE: missing lane / interval BER,No checked bits,No checked bits,No checked bits,0.000E+0,Unavailable,Unavailable,Unavailable (RF),Unavailable (RF),Unavailable (RF)
2026-10-01 16:56:57,SMP / RF 1Mbps / per-link line rate / INCOMPLETE: missing lane / interval BER,No checked bits,No checked bits,No checked bits,0.000E+0,Unavailable,Unavailable,Unavailable (RF),Unavailable (RF),Unavailable (RF)
2026-10-01 16:56:58,SMP / RF 1Mbps / per-link line rate / INCOMPLETE: missing lane / interval BER,No checked bits,No checked bits,No checked bits,0.000E+0,Unavailable,Unavailable,Unavailable (RF),Unavailable (RF),Unavailable (RF)
2026-10-01 16:56:59,SMP / RF 1Mbps / per-link line rate / INCOMPLETE: missing lane / interval BER,No checked bits,No checked bits,No checked bits,0.000E+0,Unavailable,Unavailable,Unavailable (RF),Unavailable (RF),Unavailable (RF)
2026-10-01 16:57:00,SMP / RF 1Mbps / per-link line rate / INCOMPLETE: missing lane / interval BER,No checked bits,No checked bits,No checked bits,0.000E+0,Unavailable,Unavailable,Unavailable (RF),Unavailable (RF),Unavailable (RF)
2026-10-01 16:57:01,SMP / RF 1Mbps / per-link line rate / INCOMPLETE: missing lane / interval BER,No checked bits,No checked bits,No checked bits,0.000E+0,Unavailable,Unavailable,Unavailable (RF),Unavailable (RF),Unavailable (RF)
2026-10-01 16:57:02,SMP / RF 1Mbps / per-link line rate / INCOMPLETE: missing lane / interval BER,No checked bits,No checked bits,No checked bits,0.000E+0,Unavailable,Unavailable,Unavailable (RF),Unavailable (RF),Unavailable (RF)
2026-10-01 16:57:03,SMP / RF 1Mbps / per-link line rate / INCOMPLETE: missing lane / interval BER,No checked bits,No checked bits,No checked bits,0.000E+0,Unavailable,Unavailable,Unavailable (RF),Unavailable (RF),Unavailable (RF)
2026-10-01 16:57:04,SMP / RF 1Mbps / per-link line rate / INCOMPLETE: missing lane / interval BER,No checked bits,No checked bits,No checked bits,0.000E+0,Unavailable,Unavailable,Unavailable (RF),Unavailable (RF),Unavailable (RF)
2026-10-01 16:57:05,SMP / RF 1Mbps / per-link line rate / INCOMPLETE: missing lane / interval BER,No checked bits,No checked bits,No checked bits,0.000E+0,Unavailable,Unavailable,Unavailable (RF),Unavailable (RF),Unavailable (RF)
2026-10-01 16:57:06,SMP / RF 1Mbps / per-link line rate / INCOMPLETE: missing lane / interval BER,No checked bits,No checked bits,No checked bits,0.000E+0,Unavailable,Unavailable,Unavailable (RF),Unavailable (RF),Unavailable (RF)
2026-10-01 16:57:07,SMP / RF 1Mbps / per-link line rate / INCOMPLETE: missing lane / interval BER,No checked bits,No checked bits,No checked bits,0.000E+0,Unavailable,Unavailable,Unavailable (RF),Unavailable (RF),Unavailable (RF)
2026-10-01 16:57:08,SMP / RF 1Mbps / per-link line rate / INCOMPLETE: missing lane / interval BER,No checked bits,No checked bits,No checked bits,0.000E+0,Unavailable,Unavailable,Unavailable (RF),Unavailable (RF),Unavailable (RF)
2026-10-01 16:57:09,SMP / RF 1Mbps / per-link line rate / INCOMPLETE: missing lane / interval BER,No checked bits,No checked bits,No checked bits,0.000E+0,Unavailable,Unavailable,Unavailable (RF),Unavailable (RF),Unavailable (RF)
2026-10-01 16:57:10,SMP / RF 1Mbps / per-link line rate / INCOMPLETE: missing lane / interval BER,No checked bits,No checked bits,No checked bits,0.000E+0,Unavailable,Unavailable,Unavailable (RF),Unavailable (RF),Unavailable (RF)
2026-10-01 16:57:11,SMP / RF 1Mbps / per-link line rate / INCOMPLETE: missing lane / interval BER,No checked bits,No checked bits,No checked bits,0.000E+0,Unavailable,Unavailable,Unavailable (RF),Unavailable (RF),Unavailable (RF)
2026-10-01 16:57:12,SMP / RF 1Mbps / per-link line rate / INCOMPLETE: missing lane / interval BER,No checked bits,No checked bits,No checked bits,0.000E+0,Unavailable,Unavailable,Unavailable (RF),Unavailable (RF),Unavailable (RF)
2026-10-01 16:57:13,SMP / RF 1Mbps / per-link line rate / INCOMPLETE: missing lane / interval BER,No checked bits,No checked bits,No checked bits,0.000E+0,Unavailable,Unavailable,Unavailable (RF),Unavailable (RF),Unavailable (RF)
2026-10-01 16:57:14,SMP / RF 1Mbps / per-link line rate / INCOMPLETE: missing lane / interval BER,No checked bits,No checked bits,No checked bits,0.000E+0,Unavailable,Unavailable,Unavailable (RF),Unavailable (RF),Unavailable (RF)
2026-10-01 16:57:15,SMP / RF 1Mbps / per-link line rate / INCOMPLETE: missing lane / interval BER,No checked bits,No checked bits,No checked bits,0.000E+0,Unavailable,Unavailable,Unavailable (RF),Unavailable (RF),Unavailable (RF)
2026-10-01 16:57:16,SMP / RF 1Mbps / per-link line rate / INCOMPLETE: missing lane / interval BER,No checked bits,No checked bits,No checked bits,0.000E+0,Unavailable,Unavailable,Unavailable (RF),Unavailable (RF),Unavailable (RF)
2026-10-01 16:57:17,SMP / RF 1Mbps / per-link line rate / INCOMPLETE: missing lane / interval BER,No checked bits,No checked bits,No checked bits,0.000E+0,Unavailable,Unavailable,Unavailable (RF),Unavailable (RF),Unavailable (RF)
2026-10-01 16:57:18,SMP / RF 1Mbps / per-link line rate / INCOMPLETE: missing lane / interval BER,No checked bits,No checked bits,No checked bits,0.000E+0,Unavailable,Unavailable,Unavailable (RF),Unavailable (RF),Unavailable (RF)
2026-10-01 16:57:19,SMP / RF 1Mbps / per-link line rate / INCOMPLETE: missing lane / interval BER,No checked bits,No checked bits,No checked bits,0.000E+0,Unavailable,Unavailable,Unavailable (RF),Unavailable (RF),Unavailable (RF)
2026-10-01 16:57:20,SMP / RF 1Mbps / per-link line rate / INCOMPLETE: missing lane / interval BER,No checked bits,No checked bits,No checked bits,0.000E+0,Unavailable,Unavailable,Unavailable (RF),Unavailable (RF),Unavailable (RF)
2026-10-01 16:57:21,SMP / RF 1Mbps / per-link line rate / INCOMPLETE: missing lane / interval BER,No checked bits,No checked bits,No checked bits,0.000E+0,Unavailable,Unavailable,Unavailable (RF),Unavailable (RF),Unavailable (RF)
2026-10-01 16:57:22,SMP / RF 1Mbps / per-link line rate / INCOMPLETE: missing lane / interval BER,No checked bits,No checked bits,No checked bits,0.000E+0,Unavailable,Unavailable,Unavailable (RF),Unavailable (RF),Unavailable (RF)
2026-10-01 16:57:23,SMP / RF 1Mbps / per-link line rate / INCOMPLETE: missing lane / interval BER,No checked bits,No checked bits,No checked bits,0.000E+0,Unavailable,Unavailable,Unavailable (RF),Unavailable (RF),Unavailable (RF)
2026-10-01 16:57:24,SMP / RF 1Mbps / per-link line rate / INCOMPLETE: missing lane / interval BER,No checked bits,No checked bits,No checked bits,0.000E+0,Unavailable,Unavailable,Unavailable (RF),Unavailable (RF),Unavailable (RF)
2026-10-01 16:57:25,SMP / RF 1Mbps / per-link line rate / INCOMPLETE: missing lane / interval BER,No checked bits,No checked bits,No checked bits,0.000E+0,Unavailable,Unavailable,Unavailable (RF),Unavailable (RF),Unavailable (RF)
2026-10-01 16:57:26,SMP / RF 1Mbps / per-link line rate / INCOMPLETE: missing lane / interval BER,No checked bits,No checked bits,No checked bits,0.000E+0,Unavailable,Unavailable,Unavailable (RF),Unavailable (RF),Unavailable (RF)
2026-10-01 16:57:27,SMP / RF 1Mbps / per-link line rate / INCOMPLETE: missing lane / interval BER,No checked bits,No checked bits,No checked bits,0.000E+0,Unavailable,Unavailable,Unavailable (RF),Unavailable (RF),Unavailable (RF)
2026-10-01 16:57:28,SMP / RF 1Mbps / per-link line rate / INCOMPLETE: missing lane / interval BER,No checked bits,No checked bits,No checked bits,0.000E+0,Unavailable,Unavailable,Unavailable (RF),Unavailable (RF),Unavailable (RF)
2026-10-01 16:57:29,SMP / RF 1Mbps / per-link line rate / INCOMPLETE: missing lane / interval BER,No checked bits,No checked bits,No checked bits,0.000E+0,Unavailable,Unavailable,Unavailable (RF),Unavailable (RF),Unavailable (RF)
2026-10-01 16:57:30,SMP / RF 1Mbps / per-link line rate / INCOMPLETE: missing lane / interval BER,No checked bits,No checked bits,No checked bits,0.000E+0,Unavailable,Unavailable,Unavailable (RF),Unavailable (RF),Unavailable (RF)
2026-10-01 16:57:31,SMP / RF 1Mbps / per-link line rate / INCOMPLETE: missing lane / interval BER,No checked bits,No checked bits,No checked bits,0.000E+0,Unavailable,Unavailable,Unavailable (RF),Unavailable (RF),Unavailable (RF)
2026-10-01 16:57:32,SMP / RF 1Mbps / per-link line rate / INCOMPLETE: missing lane / interval BER,No checked bits,No checked bits,No checked bits,0.000E+0,Unavailable,Unavailable,Unavailable (RF),Unavailable (RF),Unavailable (RF)
2026-10-01 16:57:33,SMP / RF 1Mbps / per-link line rate / INCOMPLETE: missing lane / interval BER,No checked bits,No checked bits,No checked bits,0.000E+0,Unavailable,Unavailable,Unavailable (RF),Unavailable (RF),Unavailable (RF)
2026-10-01 16:57:34,SMP / RF 1Mbps / per-link line rate / INCOMPLETE: missing lane / interval BER,No checked bits,No checked bits,No checked bits,0.000E+0,Unavailable,Unavailable,Unavailable (RF),Unavailable (RF),Unavailable (RF)
2026-10-01 16:57:35,SMP / RF 1Mbps / per-link line rate / INCOMPLETE: missing lane / interval BER,No checked bits,No checked bits,No checked bits,0.000E+0,Unavailable,Unavailable,Unavailable (RF),Unavailable (RF),Unavailable (RF)
2026-10-01 16:57:36,SMP / RF 1Mbps / per-link line rate / INCOMPLETE: missing lane / interval BER,No checked bits,No checked bits,No checked bits,0.000E+0,Unavailable,Unavailable,Unavailable (RF),Unavailable (RF),Unavailable (RF)
2026-10-01 16:57:37,SMP / RF 1Mbps / per-link line rate / INCOMPLETE: missing lane / interval BER,No checked bits,No checked bits,No checked bits,0.000E+0,Unavailable,Unavailable,Unavailable (RF),Unavailable (RF),Unavailable (RF)
2026-10-01 16:57:38,SMP / RF 1Mbps / per-link line rate / INCOMPLETE: missing lane / interval BER,No checked bits,No checked bits,No checked bits,0.000E+0,Unavailable,Unavailable,Unavailable (RF),Unavailable (RF),Unavailable (RF)
2026-10-01 16:57:39,SMP / RF 1Mbps / per-link line rate / INCOMPLETE: missing lane / interval BER,No checked bits,No checked bits,No checked bits,0.000E+0,Unavailable,Unavailable,Unavailable (RF),Unavailable (RF),Unavailable (RF)
2026-10-01 16:57:40,SMP / RF 1Mbps / per-link line rate / INCOMPLETE: missing lane / interval BER,No checked bits,No checked bits,No checked bits,0.000E+0,Unavailable,Unavailable,Unavailable (RF),Unavailable (RF),Unavailable (RF)
2026-10-01 16:57:41,SMP / RF 1Mbps / per-link line rate / INCOMPLETE: missing lane / interval BER,No checked bits,No checked bits,No checked bits,0.000E+0,Unavailable,Unavailable,Unavailable (RF),Unavailable (RF),Unavailable (RF)
2026-10-01 16:57:42,SMP / RF 1Mbps / per-link line rate / INCOMPLETE: missing lane / interval BER,No checked bits,No checked bits,No checked bits,0.000E+0,Unavailable,Unavailable,Unavailable (RF),Unavailable (RF),Unavailable (RF)
2026-10-01 16:57:43,SMP / RF 1Mbps / per-link line rate / INCOMPLETE: missing lane / interval BER,No checked bits,No checked bits,No checked bits,0.000E+0,Unavailable,Unavailable,Unavailable (RF),Unavailable (RF),Unavailable (RF)
2026-10-01 16:57:44,SMP / RF 1Mbps / per-link line rate / INCOMPLETE: missing lane / interval BER,No checked bits,No checked bits,No checked bits,0.000E+0,Unavailable,Unavailable,Unavailable (RF),Unavailable (RF),Unavailable (RF)
2026-10-01 16:57:45,SMP / RF 1Mbps / per-link line rate / INCOMPLETE: missing lane / interval BER,No checked bits,No checked bits,No checked bits,0.000E+0,Unavailable,Unavailable,Unavailable (RF),Unavailable (RF),Unavailable (RF)
2026-10-01 16:57:46,SMP / RF 1Mbps / per-link line rate / INCOMPLETE: missing lane / interval BER,No checked bits,No checked bits,No checked bits,0.000E+0,Unavailable,Unavailable,Unavailable (RF),Unavailable (RF),Unavailable (RF)
2026-10-01 16:57:47,SMP / RF 1Mbps / per-link line rate / INCOMPLETE: missing lane / interval BER,No checked bits,No checked bits,No checked bits,0.000E+0,Unavailable,Unavailable,Unavailable (RF),Unavailable (RF),Unavailable (RF)
2026-10-01 16:57:48,SMP / RF 1Mbps / per-link line rate / INCOMPLETE: missing lane / interval BER,No checked bits,No checked bits,No checked bits,0.000E+0,Unavailable,Unavailable,Unavailable (RF),Unavailable (RF),Unavailable (RF)
2026-10-01 16:57:49,SMP / RF 1Mbps / per-link line rate / INCOMPLETE: missing lane / interval BER,No checked bits,No checked bits,No checked bits,0.000E+0,Unavailable,Unavailable,Unavailable (RF),Unavailable (RF),Unavailable (RF)
2026-10-01 16:57:50,SMP / RF 1Mbps / per-link line rate / INCOMPLETE: missing lane / interval BER,No checked bits,No checked bits,No checked bits,0.000E+0,Unavailable,Unavailable,Unavailable (RF),Unavailable (RF),Unavailable (RF)
2026-10-01 16:57:51,SMP / RF 1Mbps / per-link line rate / INCOMPLETE: missing lane / interval BER,No checked bits,No checked bits,No checked bits,0.000E+0,Unavailable,Unavailable,Unavailable (RF),Unavailable (RF),Unavailable (RF)
2026-10-01 16:57:52,SMP / RF 1Mbps / per-link line rate / INCOMPLETE: missing lane / interval BER,No checked bits,No checked bits,No checked bits,0.000E+0,Unavailable,Unavailable,Unavailable (RF),Unavailable (RF),Unavailable (RF)
2026-10-01 16:57:53,SMP / RF 1Mbps / per-link line rate / INCOMPLETE: missing lane / interval BER,No checked bits,No checked bits,No checked bits,0.000E+0,Unavailable,Unavailable,Unavailable (RF),Unavailable (RF),Unavailable (RF)
2026-10-01 16:57:54,SMP / RF 1Mbps / per-link line rate / INCOMPLETE: missing lane / interval BER,No checked bits,No checked bits,No checked bits,0.000E+0,Unavailable,Unavailable,Unavailable (RF),Unavailable (RF),Unavailable (RF)
2026-10-01 16:57:55,SMP / RF 1Mbps / per-link line rate / INCOMPLETE: missing lane / interval BER,No checked bits,No checked bits,No checked bits,0.000E+0,Unavailable,Unavailable,Unavailable (RF),Unavailable (RF),Unavailable (RF)
2026-10-01 16:57:56,SMP / RF 1Mbps / per-link line rate / INCOMPLETE: missing lane / interval BER,No checked bits,No checked bits,No checked bits,0.000E+0,Unavailable,Unavailable,Unavailable (RF),Unavailable (RF),Unavailable (RF)
2026-10-01 16:57:57,SMP / RF 1Mbps / per-link line rate / INCOMPLETE: missing lane / interval BER,No checked bits,No checked bits,No checked bits,0.000E+0,Unavailable,Unavailable,Unavailable (RF),Unavailable (RF),Unavailable (RF)
2026-10-01 16:57:58,SMP / RF 1Mbps / per-link line rate / INCOMPLETE: missing lane / interval BER,No checked bits,No checked bits,No checked bits,0.000E+0,Unavailable,Unavailable,Unavailable (RF),Unavailable (RF),Unavailable (RF)
2026-10-01 16:57:59,SMP / RF 1Mbps / per-link line rate / INCOMPLETE: missing lane / interval BER,No checked bits,No checked bits,No checked bits,0.000E+0,Unavailable,Unavailable,Unavailable (RF),Unavailable (RF),Unavailable (RF)
2026-10-01 16:58:00,SMP / RF 1Mbps / per-link line rate / INCOMPLETE: missing lane / interval BER,No checked bits,No checked bits,No checked bits,0.000E+0,Unavailable,Unavailable,Unavailable (RF),Unavailable (RF),Unavailable (RF)
2026-10-01 16:58:01,SMP / RF 1Mbps / per-link line rate / INCOMPLETE: missing lane / interval BER,No checked bits,No checked bits,No checked bits,0.000E+0,Unavailable,Unavailable,Unavailable (RF),Unavailable (RF),Unavailable (RF)
2026-10-01 16:58:02,SMP / RF 1Mbps / per-link line rate / INCOMPLETE: missing lane / interval BER,No checked bits,No checked bits,No checked bits,0.000E+0,Unavailable,Unavailable,Unavailable (RF),Unavailable (RF),Unavailable (RF)
2026-10-01 16:58:03,SMP / RF 1Mbps / per-link line rate / INCOMPLETE: missing lane / interval BER,No checked bits,No checked bits,No checked bits,0.000E+0,Unavailable,Unavailable,Unavailable (RF),Unavailable (RF),Unavailable (RF)
2026-10-01 16:58:04,SMP / RF 1Mbps / per-link line rate / INCOMPLETE: missing lane / interval BER,No checked bits,No checked bits,No checked bits,0.000E+0,Unavailable,Unavailable,Unavailable (RF),Unavailable (RF),Unavailable (RF)
2026-10-01 16:58:05,SMP / RF 1Mbps / per-link line rate / INCOMPLETE: missing lane / interval BER,No checked bits,No checked bits,No checked bits,0.000E+0,Unavailable,Unavailable,Unavailable (RF),Unavailable (RF),Unavailable (RF)
2026-10-01 16:58:06,SMP / RF 1Mbps / per-link line rate / INCOMPLETE: missing lane / interval BER,No checked bits,No checked bits,No checked bits,0.000E+0,Unavailable,Unavailable,Unavailable (RF),Unavailable (RF),Unavailable (RF)
2026-10-01 16:58:07,SMP / RF 1Mbps / per-link line rate / INCOMPLETE: missing lane / interval BER,No checked bits,No checked bits,No checked bits,0.000E+0,Unavailable,Unavailable,Unavailable (RF),Unavailable (RF),Unavailable (RF)
2026-10-01 16:58:08,SMP / RF 1Mbps / per-link line rate / INCOMPLETE: missing lane / interval BER,No checked bits,No checked bits,No checked bits,0.000E+0,Unavailable,Unavailable,Unavailable (RF),Unavailable (RF),Unavailable (RF)
2026-10-01 16:58:09,SMP / RF 1Mbps / per-link line rate / INCOMPLETE: missing lane / interval BER,No checked bits,No checked bits,No checked bits,0.000E+0,Unavailable,Unavailable,Unavailable (RF),Unavailable (RF),Unavailable (RF)
2026-10-01 16:58:10,SMP / RF 1Mbps / per-link line rate / INCOMPLETE: missing lane / interval BER,No checked bits,No checked bits,No checked bits,0.000E+0,Unavailable,Unavailable,Unavailable (RF),Unavailable (RF),Unavailable (RF)
2026-10-01 16:58:11,SMP / RF 1Mbps / per-link line rate / INCOMPLETE: missing lane / interval BER,No checked bits,No checked bits,No checked bits,0.000E+0,Unavailable,Unavailable,Unavailable (RF),Unavailable (RF),Unavailable (RF)
2026-10-01 16:58:12,SMP / RF 1Mbps / per-link line rate / INCOMPLETE: missing lane / interval BER,No checked bits,No checked bits,No checked bits,0.000E+0,Unavailable,Unavailable,Unavailable (RF),Unavailable (RF),Unavailable (RF)
2026-10-01 16:58:13,SMP / RF 1Mbps / per-link line rate / INCOMPLETE: missing lane / interval BER,No checked bits,No checked bits,No checked bits,0.000E+0,Unavailable,Unavailable,Unavailable (RF),Unavailable (RF),Unavailable (RF)
2026-10-01 16:58:14,SMP / RF 1Mbps / per-link line rate / INCOMPLETE: missing lane / interval BER,No checked bits,No checked bits,No checked bits,0.000E+0,Unavailable,Unavailable,Unavailable (RF),Unavailable (RF),Unavailable (RF)
2026-10-01 16:58:15,SMP / RF 1Mbps / per-link line rate / INCOMPLETE: missing lane / interval BER,No checked bits,No checked bits,No checked bits,0.000E+0,Unavailable,Unavailable,Unavailable (RF),Unavailable (RF),Unavailable (RF)
2026-10-01 16:58:16,SMP / RF 1Mbps / per-link line rate / INCOMPLETE: missing lane / interval BER,No checked bits,No checked bits,No checked bits,0.000E+0,Unavailable,Unavailable,Unavailable (RF),Unavailable (RF),Unavailable (RF)
2026-10-01 16:58:17,SMP / RF 1Mbps / per-link line rate / INCOMPLETE: missing lane / interval BER,No checked bits,No checked bits,No checked bits,0.000E+0,Unavailable,Unavailable,Unavailable (RF),Unavailable (RF),Unavailable (RF)
2026-10-01 16:58:18,SMP / RF 1Mbps / per-link line rate / INCOMPLETE: missing lane / interval BER,No checked bits,No checked bits,No checked bits,0.000E+0,Unavailable,Unavailable,Unavailable (RF),Unavailable (RF),Unavailable (RF)
2026-10-01 16:58:19,SMP / RF 1Mbps / per-link line rate / INCOMPLETE: missing lane / interval BER,No checked bits,No checked bits,No checked bits,0.000E+0,Unavailable,Unavailable,Unavailable (RF),Unavailable (RF),Unavailable (RF)
2026-10-01 16:58:20,SMP / RF 1Mbps / per-link line rate / INCOMPLETE: missing lane / interval BER,No checked bits,No checked bits,No checked bits,0.000E+0,Unavailable,Unavailable,Unavailable (RF),Unavailable (RF),Unavailable (RF)
2026-10-01 16:58:21,SMP / RF 1Mbps / per-link line rate / INCOMPLETE: missing lane / interval BER,No checked bits,No checked bits,No checked bits,0.000E+0,Unavailable,Unavailable,Unavailable (RF),Unavailable (RF),Unavailable (RF)
2026-10-01 16:58:22,SMP / RF 1Mbps / per-link line rate / INCOMPLETE: missing lane / interval BER,2.308E-01,No checked bits,2.308E-01,0.000E+0,Unavailable,Unavailable,Unavailable (RF),Unavailable (RF),Unavailable (RF)
2026-10-01 16:58:23,SMP / RF 1Mbps / per-link line rate / INCOMPLETE: missing lane / interval BER,2.186E-01,No checked bits,2.186E-01,0.000E+0,Unavailable,Unavailable,Unavailable (RF),Unavailable (RF),Unavailable (RF)
2026-10-01 16:58:24,SMP / RF 1Mbps / per-link line rate / INCOMPLETE: missing lane / interval BER,No checked bits,No checked bits,No checked bits,0.000E+0,Unavailable,Unavailable,Unavailable (RF),Unavailable (RF),Unavailable (RF)
2026-10-01 16:58:25,SMP / RF 1Mbps / per-link line rate / INCOMPLETE: missing lane / interval BER,No checked bits,No checked bits,No checked bits,0.000E+0,Unavailable,Unavailable,Unavailable (RF),Unavailable (RF),Unavailable (RF)
2026-10-01 16:58:26,SMP / RF 1Mbps / per-link line rate / INCOMPLETE: missing lane / interval BER,2.308E-01,No checked bits,2.308E-01,0.000E+0,Unavailable,Unavailable,Unavailable (RF),Unavailable (RF),Unavailable (RF)
2026-10-01 16:58:27,SMP / paired RX / per-link line rate / both lanes counting / interval BER,1.944E-01,9.695E-02,1.030E-01,N/A,2.290,5.307,1.063E-01,7.596730,0.000000
2026-10-01 16:58:28,SMP / paired RX / per-link line rate / both lanes counting / interval BER,8.659E-02,1.496E-02,3.723E-02,N/A,9.983,10.000,3.025E-02,19.983489,12.377906
2026-10-01 16:58:29,SMP / paired RX / per-link line rate / both lanes counting / interval BER,1.175E-03,6.098E-04,7.983E-04,N/A,10.000,10.000,2.957E-04,19.999999,73.252111
2026-10-01 16:58:30,SMP / paired RX / per-link line rate / both lanes counting / interval BER,1.910E-05,1.806E-05,1.841E-05,N/A,10.000,10.000,1.454E-05,20.000001,77.849157
2026-10-01 16:58:31,SMP / paired RX / per-link line rate / both lanes counting / interval BER,0.000E+00,2.048E-06,1.365E-06,N/A,10.000,10.000,1.446E-06,19.999998,77.868412
2026-10-01 16:58:32,SMP / paired RX / per-link line rate / both lanes counting / interval BER,0.000E+00,2.024E-07,1.350E-07,N/A,10.000,10.000,1.044E-07,20.000000,78.540467
2026-10-01 16:58:33,SMP / paired RX / per-link line rate / both lanes counting / interval BER,0.000E+00,0.000E+00,0.000E+00,N/A,10.000,10.000,0.000E+00,20.000000,79.493404
2026-10-01 16:58:34,SMP / paired RX / per-link line rate / both lanes counting / interval BER,0.000E+00,0.000E+00,0.000E+00,N/A,10.000,10.000,0.000E+00,20.000000,79.335798
2026-10-01 16:58:35,SMP / paired RX / per-link line rate / both lanes counting / interval BER,0.000E+00,0.000E+00,0.000E+00,N/A,10.000,10.000,0.000E+00,20.000000,79.083776
2026-10-01 16:58:36,SMP / paired RX / per-link line rate / both lanes counting / interval BER,0.000E+00,0.000E+00,0.000E+00,N/A,10.000,10.000,0.000E+00,19.999999,78.076976
2026-10-01 16:58:37,SMP / paired RX / per-link line rate / both lanes counting / interval BER,8.946E-07,0.000E+00,2.982E-07,N/A,10.000,10.000,7.936E-07,20.000000,78.014417
2026-10-01 16:58:38,SMP / paired RX / per-link line rate / both lanes counting / interval BER,1.208E-06,0.000E+00,4.028E-07,N/A,10.000,10.000,2.610E-07,20.000001,78.057424
2026-10-01 16:58:39,SMP / paired RX / per-link line rate / both lanes counting / interval BER,2.985E-07,0.000E+00,9.950E-08,N/A,10.000,10.000,1.025E-07,20.000000,79.014573
2026-10-01 16:58:40,SMP / paired RX / per-link line rate / both lanes counting / interval BER,1.986E-07,0.000E+00,6.620E-08,N/A,10.000,10.000,4.097E-07,19.999999,79.272510
2026-10-01 16:58:41,SMP / paired RX / per-link line rate / both lanes counting / interval BER,5.652E-05,0.000E+00,1.884E-05,N/A,10.000,10.000,8.667E-05,20.000000,77.384335
2026-10-01 16:58:42,SMP / paired RX / per-link line rate / both lanes counting / interval BER,7.152E-04,0.000E+00,2.384E-04,N/A,10.000,10.000,3.243E-04,20.000000,72.898713
2026-10-01 16:58:43,SMP / paired RX / per-link line rate / both lanes counting / interval BER,2.793E-04,0.000E+00,9.309E-05,N/A,10.000,10.000,1.318E-04,19.999999,75.555953
2026-10-01 16:58:44,SMP / paired RX / per-link line rate / both lanes counting / interval BER,3.199E-05,0.000E+00,1.066E-05,N/A,10.000,10.000,8.813E-06,20.000000,77.783606
2026-10-01 16:58:45,SMP / paired RX / per-link line rate / both lanes counting / interval BER,8.375E-06,0.000E+00,2.792E-06,N/A,10.000,10.000,3.611E-06,20.000001,78.167688
2026-10-01 16:58:46,SMP / paired RX / per-link line rate / both lanes counting / interval BER,1.101E-06,0.000E+00,3.670E-07,N/A,10.000,10.000,9.866E-08,19.999998,78.782502
2026-10-01 16:58:47,SMP / paired RX / per-link line rate / both lanes counting / interval BER,0.000E+00,0.000E+00,0.000E+00,N/A,10.000,10.000,0.000E+00,20.000001,79.100149
2026-10-01 16:58:48,SMP / paired RX / per-link line rate / both lanes counting / interval BER,0.000E+00,0.000E+00,0.000E+00,N/A,10.000,10.000,0.000E+00,20.000000,78.836033
2026-10-01 16:58:49,SMP / paired RX / per-link line rate / both lanes counting / interval BER,0.000E+00,0.000E+00,0.000E+00,N/A,10.000,10.000,0.000E+00,20.000000,78.074894
2026-10-01 16:58:50,SMP / paired RX / per-link line rate / both lanes counting / interval BER,0.000E+00,0.000E+00,0.000E+00,N/A,10.000,10.000,0.000E+00,19.999999,77.890624
2026-10-01 16:58:51,SMP / paired RX / per-link line rate / both lanes counting / interval BER,0.000E+00,0.000E+00,0.000E+00,N/A,10.000,10.000,0.000E+00,20.000000,77.920553
2026-10-01 16:58:52,SMP / paired RX / per-link line rate / both lanes counting / interval BER,0.000E+00,0.000E+00,0.000E+00,N/A,10.000,10.000,0.000E+00,20.000000,78.330664
2026-10-01 16:58:53,SMP / paired RX / per-link line rate / both lanes counting / interval BER,0.000E+00,0.000E+00,0.000E+00,N/A,10.000,10.000,0.000E+00,20.000000,78.821469
2026-10-01 16:58:54,SMP / paired RX / per-link line rate / both lanes counting / interval BER,0.000E+00,0.000E+00,0.000E+00,N/A,10.000,10.000,0.000E+00,20.000002,78.590515
2026-10-01 16:58:55,SMP / paired RX / per-link line rate / both lanes counting / interval BER,0.000E+00,0.000E+00,0.000E+00,N/A,10.000,10.000,0.000E+00,19.999999,78.586008
2026-10-01 16:58:56,SMP / paired RX / per-link line rate / both lanes counting / interval BER,0.000E+00,0.000E+00,0.000E+00,N/A,10.000,10.000,0.000E+00,20.000001,77.844249
2026-10-01 16:58:57,SMP / paired RX / per-link line rate / both lanes counting / interval BER,0.000E+00,0.000E+00,0.000E+00,N/A,10.000,10.000,0.000E+00,20.000000,77.921017
2026-10-01 16:58:58,SMP / paired RX / per-link line rate / both lanes counting / interval BER,0.000E+00,0.000E+00,0.000E+00,N/A,10.000,10.000,0.000E+00,19.999999,77.989151
2026-10-01 16:58:59,SMP / paired RX / per-link line rate / both lanes counting / interval BER,0.000E+00,0.000E+00,0.000E+00,N/A,10.000,10.000,0.000E+00,20.000000,78.518906
2026-10-01 16:59:00,SMP / paired RX / per-link line rate / both lanes counting / interval BER,0.000E+00,0.000E+00,0.000E+00,N/A,10.000,10.000,0.000E+00,20.000000,79.022517
2026-10-01 16:59:01,SMP / paired RX / per-link line rate / both lanes counting / interval BER,0.000E+00,0.000E+00,0.000E+00,N/A,10.000,10.000,0.000E+00,20.000000,78.929856
2026-10-01 16:59:02,SMP / paired RX / per-link line rate / both lanes counting / interval BER,0.000E+00,0.000E+00,0.000E+00,N/A,10.000,10.000,0.000E+00,19.999998,78.940656
2026-10-01 16:59:03,SMP / paired RX / per-link line rate / both lanes counting / interval BER,0.000E+00,0.000E+00,0.000E+00,N/A,10.000,10.000,0.000E+00,20.000000,78.108155
2026-10-01 16:59:04,SMP / paired RX / per-link line rate / both lanes counting / interval BER,0.000E+00,0.000E+00,0.000E+00,N/A,10.000,10.000,0.000E+00,20.000001,77.996870
2026-10-01 16:59:05,SMP / paired RX / per-link line rate / both lanes counting / interval BER,0.000E+00,0.000E+00,0.000E+00,N/A,10.000,10.000,0.000E+00,20.000000,77.916811
2026-10-01 16:59:06,SMP / paired RX / per-link line rate / both lanes counting / interval BER,0.000E+00,0.000E+00,0.000E+00,N/A,10.000,10.000,0.000E+00,19.999998,78.862075
2026-10-01 16:59:07,SMP / paired RX / per-link line rate / both lanes counting / interval BER,0.000E+00,0.000E+00,0.000E+00,N/A,10.000,10.000,0.000E+00,20.000002,79.145273
2026-10-01 16:59:08,SMP / paired RX / per-link line rate / both lanes counting / interval BER,0.000E+00,0.000E+00,0.000E+00,N/A,10.000,10.000,0.000E+00,19.999999,78.974306
2026-10-01 16:59:09,SMP / paired RX / per-link line rate / both lanes counting / interval BER,0.000E+00,0.000E+00,0.000E+00,N/A,10.000,10.000,0.000E+00,20.000000,78.352413
2026-10-01 16:59:10,SMP / paired RX / per-link line rate / both lanes counting / interval BER,0.000E+00,0.000E+00,0.000E+00,N/A,10.000,10.000,0.000E+00,20.000001,77.870507
2026-10-01 16:59:11,SMP / paired RX / per-link line rate / both lanes counting / interval BER,0.000E+00,0.000E+00,0.000E+00,N/A,10.000,10.000,0.000E+00,20.000000,78.038560
2026-10-01 16:59:12,SMP / paired RX / per-link line rate / both lanes counting / interval BER,0.000E+00,0.000E+00,0.000E+00,N/A,10.000,10.000,0.000E+00,19.999999,78.038377
2026-10-01 16:59:13,SMP / paired RX / per-link line rate / both lanes counting / interval BER,0.000E+00,0.000E+00,0.000E+00,N/A,10.000,10.000,0.000E+00,20.000000,78.852334
2026-10-01 16:59:14,SMP / paired RX / per-link line rate / both lanes counting / interval BER,0.000E+00,0.000E+00,0.000E+00,N/A,10.000,10.000,0.000E+00,20.000001,79.191344
2026-10-01 16:59:15,SMP / paired RX / per-link line rate / both lanes counting / interval BER,0.000E+00,0.000E+00,0.000E+00,N/A,10.000,10.000,0.000E+00,20.000001,79.269173
2026-10-01 16:59:16,SMP / paired RX / per-link line rate / both lanes counting / interval BER,0.000E+00,0.000E+00,0.000E+00,N/A,10.000,10.000,0.000E+00,20.000000,78.181474
2026-10-01 16:59:17,SMP / paired RX / per-link line rate / both lanes counting / interval BER,0.000E+00,0.000E+00,0.000E+00,N/A,10.000,10.000,0.000E+00,20.000000,77.998418
2026-10-01 16:59:18,SMP / paired RX / per-link line rate / both lanes counting / interval BER,0.000E+00,0.000E+00,0.000E+00,N/A,10.000,10.000,0.000E+00,19.999998,77.902166
2026-10-01 16:59:19,SMP / paired RX / per-link line rate / both lanes counting / interval BER,0.000E+00,0.000E+00,0.000E+00,N/A,10.000,10.000,0.000E+00,20.000000,78.482235
2026-10-01 16:59:20,SMP / paired RX / per-link line rate / both lanes counting / interval BER,0.000E+00,0.000E+00,0.000E+00,N/A,10.000,10.000,0.000E+00,20.000001,78.866114
2026-10-01 16:59:21,SMP / paired RX / per-link line rate / both lanes counting / interval BER,0.000E+00,0.000E+00,0.000E+00,N/A,10.000,10.000,0.000E+00,20.000000,79.276190
2026-10-01 16:59:22,SMP / paired RX / per-link line rate / both lanes counting / interval BER,0.000E+00,0.000E+00,0.000E+00,N/A,10.000,10.000,0.000E+00,20.000000,78.986034
2026-10-01 16:59:23,SMP / paired RX / per-link line rate / both lanes counting / interval BER,0.000E+00,0.000E+00,0.000E+00,N/A,10.000,10.000,0.000E+00,20.000000,77.892754
2026-10-01 16:59:24,SMP / paired RX / per-link line rate / both lanes counting / interval BER,0.000E+00,0.000E+00,0.000E+00,N/A,10.000,10.000,0.000E+00,19.999999,77.905006
2026-10-01 16:59:25,SMP / paired RX / per-link line rate / both lanes counting / interval BER,0.000E+00,0.000E+00,0.000E+00,N/A,10.000,10.000,0.000E+00,20.000001,77.913032
2026-10-01 16:59:26,SMP / paired RX / per-link line rate / both lanes counting / interval BER,0.000E+00,0.000E+00,0.000E+00,N/A,10.000,10.000,0.000E+00,20.000000,78.871463
2026-10-01 16:59:27,SMP / paired RX / per-link line rate / both lanes counting / interval BER,0.000E+00,0.000E+00,0.000E+00,N/A,10.000,10.000,0.000E+00,19.999999,79.015648
2026-10-01 16:59:28,SMP / paired RX / per-link line rate / both lanes counting / interval BER,0.000E+00,0.000E+00,0.000E+00,N/A,10.000,10.000,0.000E+00,20.000001,79.179179
2026-10-01 16:59:29,SMP / paired RX / per-link line rate / both lanes counting / interval BER,0.000E+00,0.000E+00,0.000E+00,N/A,10.000,10.000,0.000E+00,20.000000,78.922830
2026-10-01 16:59:30,SMP / paired RX / per-link line rate / both lanes counting / interval BER,0.000E+00,0.000E+00,0.000E+00,N/A,10.000,10.000,0.000E+00,20.000000,78.139091
2026-10-01 16:59:31,SMP / paired RX / per-link line rate / both lanes counting / interval BER,0.000E+00,0.000E+00,0.000E+00,N/A,10.000,10.000,0.000E+00,20.000000,78.031446
2026-10-01 16:59:32,SMP / paired RX / per-link line rate / both lanes counting / interval BER,0.000E+00,0.000E+00,0.000E+00,N/A,10.000,10.000,0.000E+00,20.000000,78.144211
2026-10-01 16:59:33,SMP / paired RX / per-link line rate / both lanes counting / interval BER,0.000E+00,0.000E+00,0.000E+00,N/A,10.000,10.000,0.000E+00,20.000000,78.840369
2026-10-01 16:59:34,SMP / paired RX / per-link line rate / both lanes counting / interval BER,0.000E+00,0.000E+00,0.000E+00,N/A,10.000,10.000,0.000E+00,20.000001,78.741982
2026-10-01 16:59:35,SMP / paired RX / per-link line rate / both lanes counting / interval BER,0.000E+00,0.000E+00,0.000E+00,N/A,10.000,10.000,0.000E+00,20.000000,78.725980
2026-10-01 16:59:36,SMP / paired RX / per-link line rate / both lanes counting / interval BER,0.000E+00,0.000E+00,0.000E+00,N/A,10.000,10.000,0.000E+00,20.000001,78.173260
2026-10-01 16:59:37,SMP / paired RX / per-link line rate / both lanes counting / interval BER,0.000E+00,0.000E+00,0.000E+00,N/A,10.000,10.000,0.000E+00,20.000000,77.920708
2026-10-01 16:59:38,SMP / paired RX / per-link line rate / both lanes counting / interval BER,0.000E+00,0.000E+00,0.000E+00,N/A,10.000,10.000,0.000E+00,19.999998,77.878276
2026-10-01 16:59:39,SMP / paired RX / per-link line rate / both lanes counting / interval BER,0.000E+00,0.000E+00,0.000E+00,N/A,10.000,10.000,0.000E+00,20.000001,78.357800
2026-10-01 16:59:40,SMP / paired RX / per-link line rate / both lanes counting / interval BER,0.000E+00,0.000E+00,0.000E+00,N/A,10.000,10.000,0.000E+00,20.000000,78.887996
2026-10-01 16:59:41,SMP / paired RX / per-link line rate / both lanes counting / interval BER,0.000E+00,0.000E+00,0.000E+00,N/A,10.000,10.000,0.000E+00,19.999999,78.654429
2026-10-01 16:59:42,SMP / paired RX / per-link line rate / both lanes counting / interval BER,0.000E+00,0.000E+00,0.000E+00,N/A,10.000,10.000,0.000E+00,20.000002,79.062851
2026-10-01 16:59:43,SMP / paired RX / per-link line rate / both lanes counting / interval BER,0.000E+00,0.000E+00,0.000E+00,N/A,10.000,10.000,0.000E+00,20.000000,78.293297
2026-10-01 16:59:44,SMP / paired RX / per-link line rate / both lanes counting / interval BER,0.000E+00,0.000E+00,0.000E+00,N/A,10.000,10.000,0.000E+00,20.000000,78.067063
2026-10-01 16:59:45,SMP / paired RX / per-link line rate / both lanes counting / interval BER,0.000E+00,0.000E+00,0.000E+00,N/A,10.000,10.000,0.000E+00,19.999998,78.158908
2026-10-01 16:59:46,SMP / paired RX / per-link line rate / both lanes counting / interval BER,0.000E+00,0.000E+00,0.000E+00,N/A,10.000,10.000,0.000E+00,20.000001,78.733109
2026-10-01 16:59:47,SMP / paired RX / per-link line rate / both lanes counting / interval BER,0.000E+00,0.000E+00,0.000E+00,N/A,10.000,10.000,0.000E+00,19.999999,79.245283
2026-10-01 16:59:48,SMP / paired RX / per-link line rate / both lanes counting / interval BER,0.000E+00,0.000E+00,0.000E+00,N/A,10.000,10.000,0.000E+00,20.000001,79.095217
2026-10-01 16:59:49,SMP / paired RX / per-link line rate / both lanes counting / interval BER,0.000E+00,0.000E+00,0.000E+00,N/A,10.000,10.000,0.000E+00,20.000000,79.016953
2026-10-01 16:59:50,SMP / paired RX / per-link line rate / both lanes counting / interval BER,0.000E+00,0.000E+00,0.000E+00,N/A,10.000,10.000,0.000E+00,19.999998,78.247746
2026-10-01 16:59:51,SMP / paired RX / per-link line rate / both lanes counting / interval BER,0.000E+00,0.000E+00,0.000E+00,N/A,10.000,10.000,0.000E+00,20.000000,78.051991
2026-10-01 16:59:52,SMP / paired RX / per-link line rate / both lanes counting / interval BER,0.000E+00,0.000E+00,0.000E+00,N/A,10.000,10.000,0.000E+00,20.000001,78.082156
2026-10-01 16:59:53,SMP / paired RX / per-link line rate / both lanes counting / interval BER,0.000E+00,0.000E+00,0.000E+00,N/A,10.000,10.000,0.000E+00,19.999999,79.181340
2026-10-01 16:59:54,SMP / paired RX / per-link line rate / both lanes counting / interval BER,0.000E+00,0.000E+00,0.000E+00,N/A,10.000,10.000,0.000E+00,20.000000,79.179239
2026-10-01 16:59:55,SMP / paired RX / per-link line rate / both lanes counting / interval BER,0.000E+00,0.000E+00,0.000E+00,N/A,10.000,10.000,0.000E+00,20.000001,79.051263
2026-10-01 16:59:56,SMP / paired RX / per-link line rate / both lanes counting / interval BER,0.000E+00,0.000E+00,0.000E+00,N/A,10.000,10.000,0.000E+00,20.000000,78.227035
2026-10-01 16:59:57,SMP / paired RX / per-link line rate / both lanes counting / interval BER,0.000E+00,0.000E+00,0.000E+00,N/A,10.000,10.000,0.000E+00,20.000000,77.781372
2026-10-01 16:59:58,SMP / paired RX / per-link line rate / both lanes counting / interval BER,0.000E+00,0.000E+00,0.000E+00,N/A,10.000,10.000,0.000E+00,20.000001,77.914991
2026-10-01 16:59:59,SMP / paired RX / per-link line rate / both lanes counting / interval BER,0.000E+00,0.000E+00,0.000E+00,N/A,10.000,10.000,0.000E+00,19.999999,77.915088
2026-10-01 17:00:00,SMP / paired RX / per-link line rate / both lanes counting / interval BER,0.000E+00,0.000E+00,0.000E+00,N/A,10.000,10.000,0.000E+00,20.000001,78.748127
2026-10-01 17:00:01,SMP / paired RX / per-link line rate / both lanes counting / interval BER,0.000E+00,0.000E+00,0.000E+00,N/A,10.000,10.000,0.000E+00,20.000000,78.877497
2026-10-01 17:00:02,SMP / paired RX / per-link line rate / both lanes counting / interval BER,0.000E+00,0.000E+00,0.000E+00,N/A,10.000,10.000,0.000E+00,20.000000,78.720130
