Time,Mode,FSO-BER1,FSO-BER2,FSO-ABER,RF-BER,Rx1,Rx2,OBER,Throughput,Delivery
2026-10-01 12:15:44,Diversity / RX1 / interval BER,0.000E+00,0.000E+00,0.000E+00,N/A,50.000,50.000,0.000E+00,50.000000,0.000000
2026-10-01 12:15:45,Diversity / RX1 / interval BER,0.000E+00,0.000E+00,0.000E+00,N/A,50.000,50.000,0.000E+00,50.000000,0.000000
2026-10-01 12:15:46,Diversity / RX1 / interval BER,0.000E+00,0.000E+00,0.000E+00,N/A,50.000,50.000,0.000E+00,50.000000,0.000000
2026-10-01 12:15:47,Diversity / RX1 / interval BER,0.000E+00,0.000E+00,0.000E+00,N/A,50.000,50.000,0.000E+00,50.000001,0.000000
2026-10-01 12:15:48,Diversity / RX1 / interval BER,0.000E+00,0.000E+00,0.000E+00,N/A,50.000,50.000,0.000E+00,50.000000,0.000000
2026-10-01 12:15:49,Diversity / RX1 / interval BER,0.000E+00,0.000E+00,0.000E+00,N/A,50.000,50.000,0.000E+00,50.000000,0.000000
2026-10-01 12:15:50,Diversity / RX1 / interval BER,0.000E+00,0.000E+00,0.000E+00,N/A,50.000,50.000,0.000E+00,50.000000,0.000000
2026-10-01 12:15:51,Diversity / RX1 / interval BER,0.000E+00,0.000E+00,0.000E+00,N/A,50.000,50.000,0.000E+00,50.000000,0.000000
2026-10-01 12:15:52,Diversity / RX1 / interval BER,0.000E+00,0.000E+00,0.000E+00,N/A,50.000,50.000,0.000E+00,50.000000,0.000000
2026-10-01 12:15:53,Diversity / RX1 / interval BER,0.000E+00,0.000E+00,0.000E+00,N/A,50.000,50.000,0.000E+00,50.000000,0.000000
2026-10-01 12:15:54,Diversity / RX1 / interval BER,0.000E+00,0.000E+00,0.000E+00,N/A,50.000,50.000,0.000E+00,50.000000,0.000000
2026-10-01 12:15:55,Diversity / RX1 / interval BER,0.000E+00,0.000E+00,0.000E+00,N/A,50.000,50.000,0.000E+00,50.000000,0.000000
2026-10-01 12:15:56,Diversity / RX1 / interval BER,0.000E+00,0.000E+00,0.000E+00,N/A,50.000,50.000,0.000E+00,50.000000,0.000000
2026-10-01 12:15:57,Diversity / RX1 / interval BER,0.000E+00,0.000E+00,0.000E+00,N/A,50.000,50.000,0.000E+00,50.000000,0.000000
2026-10-01 12:15:58,Diversity / RX1 / interval BER,0.000E+00,0.000E+00,0.000E+00,N/A,50.000,50.000,0.000E+00,50.000000,0.000000
2026-10-01 12:15:59,Diversity / RX1 / interval BER,0.000E+00,0.000E+00,0.000E+00,N/A,50.000,50.000,0.000E+00,50.000000,0.000000
2026-10-01 12:16:00,Diversity / RX1 / interval BER,0.000E+00,0.000E+00,0.000E+00,N/A,50.000,50.000,0.000E+00,50.000000,0.000000
2026-10-01 12:16:01,Diversity / RX1 / interval BER,0.000E+00,0.000E+00,0.000E+00,N/A,50.000,50.000,0.000E+00,50.000000,0.000000
2026-10-01 12:16:02,Diversity / RX1 / interval BER,0.000E+00,0.000E+00,0.000E+00,N/A,50.000,50.000,0.000E+00,50.000000,0.000000
2026-10-01 12:16:03,Diversity / RX1 / interval BER,0.000E+00,0.000E+00,0.000E+00,N/A,50.000,50.000,0.000E+00,49.999999,0.000000
2026-10-01 12:16:04,Diversity / RX1 / interval BER,0.000E+00,0.000E+00,0.000E+00,N/A,50.000,50.000,0.000E+00,50.000001,0.000000
2026-10-01 12:16:05,Diversity / RX1 / interval BER,0.000E+00,0.000E+00,0.000E+00,N/A,50.000,50.000,0.000E+00,50.000000,0.000000
2026-10-01 12:16:06,Diversity / RX1 / interval BER,0.000E+00,0.000E+00,0.000E+00,N/A,50.000,50.000,0.000E+00,49.999999,0.000000
2026-10-01 12:16:07,Diversity / RX1 / interval BER,0.000E+00,0.000E+00,0.000E+00,N/A,50.000,50.000,0.000E+00,50.000001,0.000000
2026-10-01 12:16:08,Diversity / RX1 / interval BER,0.000E+00,0.000E+00,0.000E+00,N/A,50.000,50.000,0.000E+00,50.000000,0.000000
2026-10-01 12:16:09,Diversity / RX1 / interval BER,0.000E+00,0.000E+00,0.000E+00,N/A,50.000,50.000,0.000E+00,50.000000,0.000000
2026-10-01 12:16:10,Diversity / RX1 / interval BER,0.000E+00,0.000E+00,0.000E+00,N/A,50.000,50.000,0.000E+00,50.000000,0.000000
2026-10-01 12:16:11,Diversity / RX1 / interval BER,0.000E+00,0.000E+00,0.000E+00,N/A,50.000,50.000,0.000E+00,50.000000,0.000000
2026-10-01 12:16:12,Diversity / RX1 / interval BER,0.000E+00,0.000E+00,0.000E+00,N/A,50.000,50.000,0.000E+00,50.000000,0.000000
2026-10-01 12:16:13,Diversity / RX1 / interval BER,0.000E+00,0.000E+00,0.000E+00,N/A,50.000,50.000,0.000E+00,49.999999,0.000000
2026-10-01 12:16:14,Diversity / RX1 / interval BER,0.000E+00,0.000E+00,0.000E+00,N/A,50.000,50.000,0.000E+00,50.000000,0.000000
2026-10-01 12:16:15,Diversity / RX1 / interval BER,0.000E+00,0.000E+00,0.000E+00,N/A,50.000,50.000,0.000E+00,50.000000,0.000000
2026-10-01 12:16:16,Diversity / RX1 / interval BER,0.000E+00,0.000E+00,0.000E+00,N/A,50.000,50.000,0.000E+00,50.000000,0.000000
2026-10-01 12:16:17,Diversity / RX1 / interval BER,0.000E+00,0.000E+00,0.000E+00,N/A,50.000,50.000,0.000E+00,50.000000,0.000000
2026-10-01 12:16:18,Diversity / RX1 / interval BER,0.000E+00,0.000E+00,0.000E+00,N/A,50.000,50.000,0.000E+00,50.000001,0.000000
2026-10-01 12:16:19,Diversity / RX1 / interval BER,0.000E+00,0.000E+00,0.000E+00,N/A,50.000,50.000,0.000E+00,49.999999,0.000000
2026-10-01 12:16:20,Diversity / RX1 / interval BER,0.000E+00,0.000E+00,0.000E+00,N/A,50.000,50.000,0.000E+00,50.000000,0.000000
2026-10-01 12:16:21,Diversity / RX1 / interval BER,0.000E+00,0.000E+00,0.000E+00,N/A,50.000,50.000,0.000E+00,50.000000,0.000000
2026-10-01 12:16:22,Diversity / RX1 / interval BER,0.000E+00,0.000E+00,0.000E+00,N/A,50.000,50.000,0.000E+00,50.000000,0.000000
2026-10-01 12:16:23,Diversity / RX1 / interval BER,0.000E+00,0.000E+00,0.000E+00,N/A,50.000,50.000,0.000E+00,50.000000,0.000000
2026-10-01 12:16:24,Diversity / RX1 / interval BER,0.000E+00,0.000E+00,0.000E+00,N/A,50.000,50.000,0.000E+00,50.000000,0.000000
2026-10-01 12:16:25,Diversity / RX1 / interval BER,0.000E+00,0.000E+00,0.000E+00,N/A,50.000,50.000,0.000E+00,50.000000,0.000000
2026-10-01 12:16:26,Diversity / RX1 / interval BER,0.000E+00,0.000E+00,0.000E+00,N/A,50.000,50.000,0.000E+00,50.000000,0.000000
2026-10-01 12:16:27,Diversity / RX1 / interval BER,0.000E+00,0.000E+00,0.000E+00,N/A,50.000,50.000,0.000E+00,50.000000,0.000000
2026-10-01 12:16:28,Diversity / RX1 / interval BER,0.000E+00,0.000E+00,0.000E+00,N/A,50.000,50.000,0.000E+00,50.000000,0.000000
2026-10-01 12:16:29,Diversity / RX1 / interval BER,0.000E+00,0.000E+00,0.000E+00,N/A,50.000,50.000,0.000E+00,50.000000,0.000000
2026-10-01 12:16:30,Diversity / RX1 / interval BER,0.000E+00,0.000E+00,0.000E+00,N/A,50.000,50.000,0.000E+00,50.000000,0.000000
2026-10-01 12:16:31,Diversity / RX1 / interval BER,0.000E+00,0.000E+00,0.000E+00,N/A,50.000,50.000,0.000E+00,50.000000,0.000000
2026-10-01 12:16:32,Diversity / RX1 / interval BER,0.000E+00,0.000E+00,0.000E+00,N/A,50.000,50.000,0.000E+00,50.000000,0.000000
2026-10-01 12:16:33,Diversity / RX1 / interval BER,0.000E+00,0.000E+00,0.000E+00,N/A,50.000,50.000,0.000E+00,50.000000,0.000000
2026-10-01 12:16:34,Diversity / RX1 / interval BER,0.000E+00,0.000E+00,0.000E+00,N/A,50.000,50.000,0.000E+00,50.000000,0.000000
2026-10-01 12:16:35,Diversity / RX1 / interval BER,0.000E+00,0.000E+00,0.000E+00,N/A,50.000,50.000,0.000E+00,50.000000,0.000000
2026-10-01 12:16:36,Diversity / RX1 / interval BER,0.000E+00,0.000E+00,0.000E+00,N/A,50.000,50.000,0.000E+00,50.000000,0.000000
2026-10-01 12:16:37,Diversity / RX1 / interval BER,0.000E+00,0.000E+00,0.000E+00,N/A,50.000,50.000,0.000E+00,50.000001,0.000000
2026-10-01 12:16:38,Diversity / RX1 / interval BER,0.000E+00,0.000E+00,0.000E+00,N/A,50.000,50.000,0.000E+00,49.999999,0.000000
2026-10-01 12:16:39,Diversity / RX1 / interval BER,0.000E+00,0.000E+00,0.000E+00,N/A,50.000,50.000,0.000E+00,50.000000,0.000000
2026-10-01 12:16:40,Diversity / RX1 / interval BER,0.000E+00,0.000E+00,0.000E+00,N/A,50.000,50.000,0.000E+00,50.000000,0.000000
2026-10-01 12:16:41,Diversity / RX1 / interval BER,0.000E+00,0.000E+00,0.000E+00,N/A,50.000,50.000,0.000E+00,50.000000,0.000000
2026-10-01 12:16:42,Diversity / RX1 / interval BER,0.000E+00,0.000E+00,0.000E+00,N/A,50.000,50.000,0.000E+00,50.000000,0.000000
2026-10-01 12:16:43,Diversity / RX1 / interval BER,0.000E+00,0.000E+00,0.000E+00,N/A,50.000,50.000,0.000E+00,49.999999,0.000000
2026-10-01 12:16:44,Diversity / RX1 / interval BER,0.000E+00,0.000E+00,0.000E+00,N/A,50.000,50.000,0.000E+00,50.000001,0.000000
2026-10-01 12:16:45,Diversity / RX1 / interval BER,0.000E+00,0.000E+00,0.000E+00,N/A,50.000,50.000,0.000E+00,49.999999,0.000000
2026-10-01 12:16:46,Diversity / RX1 / interval BER,0.000E+00,0.000E+00,0.000E+00,N/A,50.000,50.000,0.000E+00,50.000001,0.000000
2026-10-01 12:16:47,Diversity / RX1 / interval BER,0.000E+00,0.000E+00,0.000E+00,N/A,50.000,50.000,0.000E+00,50.000000,0.000000
2026-10-01 12:16:48,Diversity / RX1 / interval BER,0.000E+00,0.000E+00,0.000E+00,N/A,50.000,50.000,0.000E+00,50.000000,0.000000
2026-10-01 12:16:49,Diversity / RX1 / interval BER,0.000E+00,0.000E+00,0.000E+00,N/A,50.000,50.000,0.000E+00,50.000000,0.000000
2026-10-01 12:16:50,Diversity / RX1 / interval BER,0.000E+00,0.000E+00,0.000E+00,N/A,50.000,50.000,0.000E+00,50.000000,0.000000
2026-10-01 12:16:51,Diversity / RX1 / interval BER,0.000E+00,0.000E+00,0.000E+00,N/A,50.000,50.000,0.000E+00,50.000000,0.000000
2026-10-01 12:16:52,Diversity / RX1 / interval BER,0.000E+00,0.000E+00,0.000E+00,N/A,50.000,50.000,0.000E+00,50.000000,0.000000
2026-10-01 12:16:53,Diversity / RX1 / interval BER,0.000E+00,0.000E+00,0.000E+00,N/A,50.000,50.000,0.000E+00,50.000000,0.000000
2026-10-01 12:16:54,Diversity / RX1 / interval BER,0.000E+00,0.000E+00,0.000E+00,N/A,50.000,50.000,0.000E+00,50.000000,0.000000
2026-10-01 12:16:55,Diversity / RX1 / interval BER,0.000E+00,0.000E+00,0.000E+00,N/A,50.000,50.000,0.000E+00,50.000000,0.000000
2026-10-01 12:16:56,Diversity / RX1 / interval BER,0.000E+00,0.000E+00,0.000E+00,N/A,50.000,50.000,0.000E+00,50.000000,0.000000
2026-10-01 12:16:57,Diversity / RX1 / interval BER,0.000E+00,0.000E+00,0.000E+00,N/A,50.000,50.000,0.000E+00,50.000000,0.000000
2026-10-01 12:16:58,Diversity / RX1 / interval BER,0.000E+00,0.000E+00,0.000E+00,N/A,50.000,50.000,0.000E+00,50.000000,0.000000
2026-10-01 12:16:59,Diversity / RX1 / interval BER,0.000E+00,0.000E+00,0.000E+00,N/A,50.000,50.000,0.000E+00,50.000001,0.000000
2026-10-01 12:17:00,Diversity / RX1 / interval BER,0.000E+00,0.000E+00,0.000E+00,N/A,50.000,50.000,0.000E+00,50.000000,0.000000
2026-10-01 12:17:01,Diversity / RX1 / interval BER,0.000E+00,0.000E+00,0.000E+00,N/A,50.000,50.000,0.000E+00,49.999999,0.000000
2026-10-01 12:17:02,Diversity / RX1 / interval BER,0.000E+00,0.000E+00,0.000E+00,N/A,50.000,50.000,0.000E+00,50.000001,0.000000
2026-10-01 12:17:03,Diversity / RX1 / interval BER,0.000E+00,0.000E+00,0.000E+00,N/A,50.000,50.000,0.000E+00,49.999999,0.000000
2026-10-01 12:17:04,Diversity / RX1 / interval BER,0.000E+00,0.000E+00,0.000E+00,N/A,50.000,50.000,0.000E+00,50.000000,0.000000
2026-10-01 12:17:05,Diversity / RX1 / interval BER,0.000E+00,0.000E+00,0.000E+00,N/A,50.000,50.000,0.000E+00,50.000000,0.000000
2026-10-01 12:17:06,Diversity / RX1 / interval BER,0.000E+00,0.000E+00,0.000E+00,N/A,50.000,50.000,0.000E+00,50.000001,0.000000
2026-10-01 12:17:07,Diversity / RX1 / interval BER,0.000E+00,0.000E+00,0.000E+00,N/A,50.000,50.000,0.000E+00,50.000000,0.000000
2026-10-01 12:17:08,Diversity / RX1 / interval BER,0.000E+00,0.000E+00,0.000E+00,N/A,50.000,50.000,0.000E+00,50.000000,0.000000
2026-10-01 12:17:09,Diversity / RX1 / interval BER,0.000E+00,0.000E+00,0.000E+00,N/A,50.000,50.000,0.000E+00,49.999999,0.000000
2026-10-01 12:17:10,Diversity / RX1 / interval BER,0.000E+00,0.000E+00,0.000E+00,N/A,50.000,50.000,0.000E+00,50.000001,0.000000
2026-10-01 12:17:11,Diversity / RX1 / interval BER,0.000E+00,0.000E+00,0.000E+00,N/A,50.000,50.000,0.000E+00,50.000000,0.000000
2026-10-01 12:17:12,Diversity / RX1 / interval BER,1.169E-03,1.640E-02,5.498E-03,N/A,36.224,6.714,9.926E-03,36.223901,0.000000
2026-10-01 12:17:13,Diversity / RF pending / interval BER,3.181E-02,No checked bits,3.181E-02,N/A,28.220,0.000,Unavailable (RF),Unavailable (RF),Unavailable (RF)
2026-10-01 12:17:14,Diversity / RF pending / interval BER,1.237E-01,No checked bits,1.237E-01,N/A,Unavailable,Unavailable,Unavailable (RF),Unavailable (RF),Unavailable (RF)
2026-10-01 12:17:15,Diversity / RF 1Mbps / interval BER,No checked bits,No checked bits,No checked bits,N/A,Unavailable,Unavailable,Unavailable (RF),Unavailable (RF),Unavailable (RF)
2026-10-01 12:17:16,Diversity / RF 1Mbps / interval BER,No checked bits,No checked bits,No checked bits,0.000E+0,Unavailable,Unavailable,Unavailable (RF),Unavailable (RF),Unavailable (RF)
2026-10-01 12:17:17,Diversity / RF 1Mbps / interval BER,No checked bits,No checked bits,No checked bits,0.000E+0,Unavailable,Unavailable,Unavailable (RF),Unavailable (RF),Unavailable (RF)
2026-10-01 12:17:18,Diversity / RF 1Mbps / interval BER,No checked bits,No checked bits,No checked bits,0.000E+0,Unavailable,Unavailable,Unavailable (RF),Unavailable (RF),Unavailable (RF)
2026-10-01 12:17:19,Diversity / RF 1Mbps / interval BER,No checked bits,No checked bits,No checked bits,0.000E+0,Unavailable,Unavailable,Unavailable (RF),Unavailable (RF),Unavailable (RF)
2026-10-01 12:17:20,Diversity / RF 1Mbps / interval BER,No checked bits,No checked bits,No checked bits,0.000E+0,Unavailable,Unavailable,Unavailable (RF),Unavailable (RF),Unavailable (RF)
2026-10-01 12:17:21,Diversity / RF 1Mbps / interval BER,No checked bits,No checked bits,No checked bits,0.000E+0,Unavailable,Unavailable,Unavailable (RF),Unavailable (RF),Unavailable (RF)
2026-10-01 12:17:22,Diversity / RF 1Mbps / interval BER,No checked bits,No checked bits,No checked bits,0.000E+0,Unavailable,Unavailable,Unavailable (RF),Unavailable (RF),Unavailable (RF)
2026-10-01 12:17:23,Diversity / RF 1Mbps / interval BER,No checked bits,No checked bits,No checked bits,0.000E+0,Unavailable,Unavailable,Unavailable (RF),Unavailable (RF),Unavailable (RF)
2026-10-01 12:17:24,Diversity / RF 1Mbps / interval BER,No checked bits,No checked bits,No checked bits,0.000E+0,Unavailable,Unavailable,Unavailable (RF),Unavailable (RF),Unavailable (RF)
2026-10-01 12:17:25,Diversity / RF 1Mbps / interval BER,No checked bits,No checked bits,No checked bits,0.000E+0,Unavailable,Unavailable,Unavailable (RF),Unavailable (RF),Unavailable (RF)
2026-10-01 12:17:26,Diversity / RF 1Mbps / interval BER,No checked bits,No checked bits,No checked bits,0.000E+0,Unavailable,Unavailable,Unavailable (RF),Unavailable (RF),Unavailable (RF)
2026-10-01 12:17:27,Diversity / RF 1Mbps / interval BER,No checked bits,No checked bits,No checked bits,0.000E+0,Unavailable,Unavailable,Unavailable (RF),Unavailable (RF),Unavailable (RF)
2026-10-01 12:17:28,Diversity / RF 1Mbps / interval BER,No checked bits,No checked bits,No checked bits,0.000E+0,Unavailable,Unavailable,Unavailable (RF),Unavailable (RF),Unavailable (RF)
2026-10-01 12:17:29,Diversity / RF 1Mbps / interval BER,No checked bits,No checked bits,No checked bits,0.000E+0,Unavailable,Unavailable,Unavailable (RF),Unavailable (RF),Unavailable (RF)
2026-10-01 12:17:30,Diversity / RF 1Mbps / interval BER,No checked bits,No checked bits,No checked bits,0.000E+0,Unavailable,Unavailable,Unavailable (RF),Unavailable (RF),Unavailable (RF)
2026-10-01 12:17:31,Diversity / RF 1Mbps / interval BER,No checked bits,No checked bits,No checked bits,0.000E+0,Unavailable,Unavailable,Unavailable (RF),Unavailable (RF),Unavailable (RF)
2026-10-01 12:17:32,Diversity / RF 1Mbps / interval BER,No checked bits,No checked bits,No checked bits,0.000E+0,Unavailable,Unavailable,Unavailable (RF),Unavailable (RF),Unavailable (RF)
2026-10-01 12:17:33,Diversity / RF 1Mbps / interval BER,No checked bits,No checked bits,No checked bits,0.000E+0,Unavailable,Unavailable,Unavailable (RF),Unavailable (RF),Unavailable (RF)
2026-10-01 12:17:34,Diversity / RF 1Mbps / interval BER,No checked bits,No checked bits,No checked bits,0.000E+0,Unavailable,Unavailable,Unavailable (RF),Unavailable (RF),Unavailable (RF)
2026-10-01 12:17:35,Diversity / RF 1Mbps / interval BER,No checked bits,No checked bits,No checked bits,0.000E+0,Unavailable,Unavailable,Unavailable (RF),Unavailable (RF),Unavailable (RF)
2026-10-01 12:17:36,Diversity / RF 1Mbps / interval BER,No checked bits,No checked bits,No checked bits,0.000E+0,Unavailable,Unavailable,Unavailable (RF),Unavailable (RF),Unavailable (RF)
2026-10-01 12:17:37,Diversity / RF 1Mbps / interval BER,No checked bits,No checked bits,No checked bits,0.000E+0,Unavailable,Unavailable,Unavailable (RF),Unavailable (RF),Unavailable (RF)
2026-10-01 12:17:38,Diversity / RF 1Mbps / interval BER,No checked bits,No checked bits,No checked bits,0.000E+0,Unavailable,Unavailable,Unavailable (RF),Unavailable (RF),Unavailable (RF)
2026-10-01 12:17:39,Diversity / RF 1Mbps / interval BER,No checked bits,No checked bits,No checked bits,0.000E+0,Unavailable,Unavailable,Unavailable (RF),Unavailable (RF),Unavailable (RF)
2026-10-01 12:17:40,Diversity / RF 1Mbps / interval BER,No checked bits,No checked bits,No checked bits,0.000E+0,Unavailable,Unavailable,Unavailable (RF),Unavailable (RF),Unavailable (RF)
2026-10-01 12:17:41,Diversity / RF 1Mbps / interval BER,No checked bits,No checked bits,No checked bits,0.000E+0,Unavailable,Unavailable,Unavailable (RF),Unavailable (RF),Unavailable (RF)
2026-10-01 12:17:42,Diversity / RF 1Mbps / interval BER,No checked bits,No checked bits,No checked bits,0.000E+0,Unavailable,Unavailable,Unavailable (RF),Unavailable (RF),Unavailable (RF)
2026-10-01 12:17:43,Diversity / RF 1Mbps / interval BER,No checked bits,No checked bits,No checked bits,0.000E+0,Unavailable,Unavailable,Unavailable (RF),Unavailable (RF),Unavailable (RF)
2026-10-01 12:17:44,Diversity / RF 1Mbps / interval BER,No checked bits,No checked bits,No checked bits,0.000E+0,Unavailable,Unavailable,Unavailable (RF),Unavailable (RF),Unavailable (RF)
2026-10-01 12:17:45,Diversity / RF 1Mbps / interval BER,No checked bits,No checked bits,No checked bits,0.000E+0,Unavailable,Unavailable,Unavailable (RF),Unavailable (RF),Unavailable (RF)
2026-10-01 12:17:46,Diversity / RF 1Mbps / interval BER,No checked bits,No checked bits,No checked bits,0.000E+0,Unavailable,Unavailable,Unavailable (RF),Unavailable (RF),Unavailable (RF)
2026-10-01 12:17:47,Diversity / RF 1Mbps / interval BER,No checked bits,No checked bits,No checked bits,0.000E+0,Unavailable,Unavailable,Unavailable (RF),Unavailable (RF),Unavailable (RF)
2026-10-01 12:17:48,Diversity / RF 1Mbps / interval BER,No checked bits,No checked bits,No checked bits,0.000E+0,Unavailable,Unavailable,Unavailable (RF),Unavailable (RF),Unavailable (RF)
2026-10-01 12:17:49,Diversity / RF 1Mbps / interval BER,No checked bits,No checked bits,No checked bits,0.000E+0,Unavailable,Unavailable,Unavailable (RF),Unavailable (RF),Unavailable (RF)
2026-10-01 12:17:50,Diversity / RF 1Mbps / interval BER,No checked bits,No checked bits,No checked bits,0.000E+0,Unavailable,Unavailable,Unavailable (RF),Unavailable (RF),Unavailable (RF)
2026-10-01 12:17:51,Diversity / RF 1Mbps / interval BER,No checked bits,No checked bits,No checked bits,0.000E+0,Unavailable,Unavailable,Unavailable (RF),Unavailable (RF),Unavailable (RF)
2026-10-01 12:17:52,Diversity / RF 1Mbps / interval BER,No checked bits,No checked bits,No checked bits,0.000E+0,Unavailable,Unavailable,Unavailable (RF),Unavailable (RF),Unavailable (RF)
2026-10-01 12:17:53,Diversity / RF 1Mbps / interval BER,No checked bits,No checked bits,No checked bits,0.000E+0,Unavailable,Unavailable,Unavailable (RF),Unavailable (RF),Unavailable (RF)
2026-10-01 12:17:54,Diversity / RF 1Mbps / interval BER,No checked bits,No checked bits,No checked bits,0.000E+0,Unavailable,Unavailable,Unavailable (RF),Unavailable (RF),Unavailable (RF)
2026-10-01 12:17:55,Diversity / RF 1Mbps / interval BER,No checked bits,No checked bits,No checked bits,0.000E+0,Unavailable,Unavailable,Unavailable (RF),Unavailable (RF),Unavailable (RF)
2026-10-01 12:17:56,Diversity / RF 1Mbps / interval BER,No checked bits,No checked bits,No checked bits,0.000E+0,Unavailable,Unavailable,Unavailable (RF),Unavailable (RF),Unavailable (RF)
2026-10-01 12:17:57,Diversity / RF 1Mbps / interval BER,No checked bits,No checked bits,No checked bits,0.000E+0,Unavailable,Unavailable,Unavailable (RF),Unavailable (RF),Unavailable (RF)
2026-10-01 12:17:58,Diversity / RF 1Mbps / interval BER,No checked bits,No checked bits,No checked bits,0.000E+0,Unavailable,Unavailable,Unavailable (RF),Unavailable (RF),Unavailable (RF)
2026-10-01 12:17:59,Diversity / RF 1Mbps / interval BER,No checked bits,No checked bits,No checked bits,0.000E+0,Unavailable,Unavailable,Unavailable (RF),Unavailable (RF),Unavailable (RF)
2026-10-01 12:18:00,Diversity / RF 1Mbps / interval BER,No checked bits,No checked bits,No checked bits,0.000E+0,Unavailable,Unavailable,Unavailable (RF),Unavailable (RF),Unavailable (RF)
2026-10-01 12:18:01,Diversity / RF 1Mbps / interval BER,No checked bits,No checked bits,No checked bits,0.000E+0,Unavailable,Unavailable,Unavailable (RF),Unavailable (RF),Unavailable (RF)
2026-10-01 12:18:02,Diversity / RF 1Mbps / interval BER,No checked bits,No checked bits,No checked bits,0.000E+0,Unavailable,Unavailable,Unavailable (RF),Unavailable (RF),Unavailable (RF)
2026-10-01 12:18:03,Diversity / RF 1Mbps / interval BER,No checked bits,No checked bits,No checked bits,0.000E+0,Unavailable,Unavailable,Unavailable (RF),Unavailable (RF),Unavailable (RF)
2026-10-01 12:18:04,Diversity / RF 1Mbps / interval BER,No checked bits,No checked bits,No checked bits,0.000E+0,Unavailable,Unavailable,Unavailable (RF),Unavailable (RF),Unavailable (RF)
2026-10-01 12:18:05,Diversity / RF 1Mbps / interval BER,No checked bits,No checked bits,No checked bits,0.000E+0,Unavailable,Unavailable,Unavailable (RF),Unavailable (RF),Unavailable (RF)
2026-10-01 12:18:06,Diversity / RF 1Mbps / interval BER,No checked bits,No checked bits,No checked bits,0.000E+0,Unavailable,Unavailable,Unavailable (RF),Unavailable (RF),Unavailable (RF)
2026-10-01 12:18:07,Diversity / RF 1Mbps / interval BER,No checked bits,No checked bits,No checked bits,0.000E+0,Unavailable,Unavailable,Unavailable (RF),Unavailable (RF),Unavailable (RF)
2026-10-01 12:18:08,Diversity / RF 1Mbps / interval BER,No checked bits,No checked bits,No checked bits,0.000E+0,Unavailable,Unavailable,Unavailable (RF),Unavailable (RF),Unavailable (RF)
2026-10-01 12:18:09,Diversity / RF 1Mbps / interval BER,No checked bits,No checked bits,No checked bits,0.000E+0,Unavailable,Unavailable,Unavailable (RF),Unavailable (RF),Unavailable (RF)
2026-10-01 12:18:10,Diversity / RF 1Mbps / interval BER,No checked bits,No checked bits,No checked bits,0.000E+0,Unavailable,Unavailable,Unavailable (RF),Unavailable (RF),Unavailable (RF)
2026-10-01 12:18:11,Diversity / RF 1Mbps / interval BER,No checked bits,No checked bits,No checked bits,0.000E+0,Unavailable,Unavailable,Unavailable (RF),Unavailable (RF),Unavailable (RF)
2026-10-01 12:18:12,Diversity / RF 1Mbps / interval BER,No checked bits,No checked bits,No checked bits,0.000E+0,Unavailable,Unavailable,Unavailable (RF),Unavailable (RF),Unavailable (RF)
2026-10-01 12:18:13,Diversity / RF 1Mbps / interval BER,No checked bits,No checked bits,No checked bits,0.000E+0,Unavailable,Unavailable,Unavailable (RF),Unavailable (RF),Unavailable (RF)
2026-10-01 12:18:14,Diversity / RF 1Mbps / interval BER,No checked bits,No checked bits,No checked bits,0.000E+0,Unavailable,Unavailable,Unavailable (RF),Unavailable (RF),Unavailable (RF)
2026-10-01 12:18:15,Diversity / RF 1Mbps / interval BER,No checked bits,No checked bits,No checked bits,0.000E+0,Unavailable,Unavailable,Unavailable (RF),Unavailable (RF),Unavailable (RF)
2026-10-01 12:18:16,Diversity / RF 1Mbps / interval BER,No checked bits,No checked bits,No checked bits,0.000E+0,Unavailable,Unavailable,Unavailable (RF),Unavailable (RF),Unavailable (RF)
2026-10-01 12:18:17,Diversity / RF 1Mbps / interval BER,No checked bits,No checked bits,No checked bits,0.000E+0,Unavailable,Unavailable,Unavailable (RF),Unavailable (RF),Unavailable (RF)
2026-10-01 12:18:18,Diversity / RF 1Mbps / interval BER,No checked bits,No checked bits,No checked bits,0.000E+0,Unavailable,Unavailable,Unavailable (RF),Unavailable (RF),Unavailable (RF)
2026-10-01 12:18:19,Diversity / RF 1Mbps / interval BER,No checked bits,No checked bits,No checked bits,0.000E+0,Unavailable,Unavailable,Unavailable (RF),Unavailable (RF),Unavailable (RF)
2026-10-01 12:18:20,Diversity / RF 1Mbps / interval BER,No checked bits,No checked bits,No checked bits,0.000E+0,Unavailable,Unavailable,Unavailable (RF),Unavailable (RF),Unavailable (RF)
2026-10-01 12:18:21,Diversity / RF 1Mbps / interval BER,No checked bits,No checked bits,No checked bits,0.000E+0,Unavailable,Unavailable,Unavailable (RF),Unavailable (RF),Unavailable (RF)
2026-10-01 12:18:22,Diversity / RF 1Mbps / interval BER,No checked bits,No checked bits,No checked bits,0.000E+0,Unavailable,Unavailable,Unavailable (RF),Unavailable (RF),Unavailable (RF)
2026-10-01 12:18:23,Diversity / RF 1Mbps / interval BER,No checked bits,No checked bits,No checked bits,0.000E+0,Unavailable,Unavailable,Unavailable (RF),Unavailable (RF),Unavailable (RF)
2026-10-01 12:18:24,Diversity / RF 1Mbps / interval BER,No checked bits,No checked bits,No checked bits,0.000E+0,Unavailable,Unavailable,Unavailable (RF),Unavailable (RF),Unavailable (RF)
2026-10-01 12:18:25,Diversity / RF 1Mbps / interval BER,No checked bits,No checked bits,No checked bits,0.000E+0,Unavailable,Unavailable,Unavailable (RF),Unavailable (RF),Unavailable (RF)
2026-10-01 12:18:26,Diversity / RF 1Mbps / interval BER,No checked bits,No checked bits,No checked bits,0.000E+0,Unavailable,Unavailable,Unavailable (RF),Unavailable (RF),Unavailable (RF)
2026-10-01 12:18:27,Diversity / RF 1Mbps / interval BER,No checked bits,No checked bits,No checked bits,0.000E+0,Unavailable,Unavailable,Unavailable (RF),Unavailable (RF),Unavailable (RF)
2026-10-01 12:18:28,Diversity / RF 1Mbps / interval BER,No checked bits,No checked bits,No checked bits,0.000E+0,Unavailable,Unavailable,Unavailable (RF),Unavailable (RF),Unavailable (RF)
2026-10-01 12:18:29,Diversity / RF 1Mbps / interval BER,No checked bits,No checked bits,No checked bits,0.000E+0,Unavailable,Unavailable,Unavailable (RF),Unavailable (RF),Unavailable (RF)
2026-10-01 12:18:30,Diversity / RF 1Mbps / interval BER,No checked bits,No checked bits,No checked bits,0.000E+0,Unavailable,Unavailable,Unavailable (RF),Unavailable (RF),Unavailable (RF)
2026-10-01 12:18:31,Diversity / RF 1Mbps / interval BER,No checked bits,No checked bits,No checked bits,0.000E+0,Unavailable,Unavailable,Unavailable (RF),Unavailable (RF),Unavailable (RF)
2026-10-01 12:18:32,Diversity / RF 1Mbps / interval BER,No checked bits,No checked bits,No checked bits,0.000E+0,Unavailable,Unavailable,Unavailable (RF),Unavailable (RF),Unavailable (RF)
2026-10-01 12:18:33,Diversity / RF 1Mbps / interval BER,No checked bits,No checked bits,No checked bits,0.000E+0,Unavailable,Unavailable,Unavailable (RF),Unavailable (RF),Unavailable (RF)
2026-10-01 12:18:34,Diversity / RF 1Mbps / interval BER,No checked bits,No checked bits,No checked bits,0.000E+0,Unavailable,Unavailable,Unavailable (RF),Unavailable (RF),Unavailable (RF)
2026-10-01 12:18:35,Diversity / RF 1Mbps / interval BER,No checked bits,No checked bits,No checked bits,0.000E+0,Unavailable,Unavailable,Unavailable (RF),Unavailable (RF),Unavailable (RF)
2026-10-01 12:18:36,Diversity / RF 1Mbps / interval BER,No checked bits,No checked bits,No checked bits,0.000E+0,Unavailable,Unavailable,Unavailable (RF),Unavailable (RF),Unavailable (RF)
2026-10-01 12:18:37,Diversity / RF 1Mbps / interval BER,No checked bits,No checked bits,No checked bits,0.000E+0,Unavailable,Unavailable,Unavailable (RF),Unavailable (RF),Unavailable (RF)
2026-10-01 12:18:38,Diversity / RF 1Mbps / interval BER,No checked bits,No checked bits,No checked bits,0.000E+0,Unavailable,Unavailable,Unavailable (RF),Unavailable (RF),Unavailable (RF)
2026-10-01 12:18:39,Diversity / RF 1Mbps / interval BER,No checked bits,No checked bits,No checked bits,0.000E+0,Unavailable,Unavailable,Unavailable (RF),Unavailable (RF),Unavailable (RF)
2026-10-01 12:18:40,Diversity / RF 1Mbps / interval BER,No checked bits,No checked bits,No checked bits,0.000E+0,Unavailable,Unavailable,Unavailable (RF),Unavailable (RF),Unavailable (RF)
2026-10-01 12:18:41,Diversity / RF 1Mbps / interval BER,No checked bits,No checked bits,No checked bits,0.000E+0,Unavailable,Unavailable,Unavailable (RF),Unavailable (RF),Unavailable (RF)
2026-10-01 12:18:42,Diversity / RF 1Mbps / interval BER,No checked bits,No checked bits,No checked bits,0.000E+0,Unavailable,Unavailable,Unavailable (RF),Unavailable (RF),Unavailable (RF)
2026-10-01 12:18:43,Diversity / RF 1Mbps / interval BER,No checked bits,No checked bits,No checked bits,0.000E+0,Unavailable,Unavailable,Unavailable (RF),Unavailable (RF),Unavailable (RF)
2026-10-01 12:18:44,Diversity / RF 1Mbps / interval BER,No checked bits,No checked bits,No checked bits,0.000E+0,Unavailable,Unavailable,Unavailable (RF),Unavailable (RF),Unavailable (RF)
2026-10-01 12:18:45,Diversity / RF 1Mbps / interval BER,No checked bits,No checked bits,No checked bits,0.000E+0,Unavailable,Unavailable,Unavailable (RF),Unavailable (RF),Unavailable (RF)
2026-10-01 12:18:46,Diversity / RF 1Mbps / interval BER,No checked bits,No checked bits,No checked bits,0.000E+0,Unavailable,Unavailable,Unavailable (RF),Unavailable (RF),Unavailable (RF)
2026-10-01 12:18:47,Diversity / RF 1Mbps / interval BER,No checked bits,No checked bits,No checked bits,0.000E+0,Unavailable,Unavailable,Unavailable (RF),Unavailable (RF),Unavailable (RF)
2026-10-01 12:18:48,Diversity / RF 1Mbps / interval BER,No checked bits,No checked bits,No checked bits,0.000E+0,Unavailable,Unavailable,Unavailable (RF),Unavailable (RF),Unavailable (RF)
2026-10-01 12:18:49,Diversity / RF 1Mbps / interval BER,No checked bits,No checked bits,No checked bits,0.000E+0,Unavailable,Unavailable,Unavailable (RF),Unavailable (RF),Unavailable (RF)
2026-10-01 12:18:50,Diversity / RF 1Mbps / interval BER,No checked bits,No checked bits,No checked bits,0.000E+0,Unavailable,Unavailable,Unavailable (RF),Unavailable (RF),Unavailable (RF)
2026-10-01 12:18:51,Diversity / RF 1Mbps / interval BER,No checked bits,No checked bits,No checked bits,0.000E+0,Unavailable,Unavailable,Unavailable (RF),Unavailable (RF),Unavailable (RF)
2026-10-01 12:18:52,Diversity / RF 1Mbps / interval BER,No checked bits,No checked bits,No checked bits,0.000E+0,Unavailable,Unavailable,Unavailable (RF),Unavailable (RF),Unavailable (RF)
2026-10-01 12:18:53,Diversity / RF 1Mbps / interval BER,No checked bits,No checked bits,No checked bits,0.000E+0,Unavailable,Unavailable,Unavailable (RF),Unavailable (RF),Unavailable (RF)
2026-10-01 12:18:54,Diversity / RF 1Mbps / interval BER,No checked bits,No checked bits,No checked bits,0.000E+0,Unavailable,Unavailable,Unavailable (RF),Unavailable (RF),Unavailable (RF)
2026-10-01 12:18:55,Diversity / RF 1Mbps / interval BER,No checked bits,No checked bits,No checked bits,0.000E+0,Unavailable,Unavailable,Unavailable (RF),Unavailable (RF),Unavailable (RF)
2026-10-01 12:18:56,Diversity / RF 1Mbps / interval BER,No checked bits,No checked bits,No checked bits,0.000E+0,Unavailable,Unavailable,Unavailable (RF),Unavailable (RF),Unavailable (RF)
2026-10-01 12:18:57,Diversity / RF 1Mbps / interval BER,No checked bits,No checked bits,No checked bits,0.000E+0,Unavailable,Unavailable,Unavailable (RF),Unavailable (RF),Unavailable (RF)
2026-10-01 12:18:58,Diversity / RF 1Mbps / interval BER,No checked bits,No checked bits,No checked bits,0.000E+0,Unavailable,Unavailable,Unavailable (RF),Unavailable (RF),Unavailable (RF)
2026-10-01 12:18:59,Diversity / RF 1Mbps / interval BER,No checked bits,No checked bits,No checked bits,0.000E+0,Unavailable,Unavailable,Unavailable (RF),Unavailable (RF),Unavailable (RF)
2026-10-01 12:19:00,Diversity / RF 1Mbps / interval BER,No checked bits,No checked bits,No checked bits,0.000E+0,Unavailable,Unavailable,Unavailable (RF),Unavailable (RF),Unavailable (RF)
2026-10-01 12:19:01,Diversity / RF 1Mbps / interval BER,No checked bits,No checked bits,No checked bits,0.000E+0,Unavailable,Unavailable,Unavailable (RF),Unavailable (RF),Unavailable (RF)
2026-10-01 12:19:02,Diversity / RF 1Mbps / interval BER,No checked bits,No checked bits,No checked bits,0.000E+0,Unavailable,Unavailable,Unavailable (RF),Unavailable (RF),Unavailable (RF)
2026-10-01 12:19:03,Diversity / RF 1Mbps / interval BER,No checked bits,No checked bits,No checked bits,0.000E+0,Unavailable,Unavailable,Unavailable (RF),Unavailable (RF),Unavailable (RF)
2026-10-01 12:19:04,Diversity / RF 1Mbps / interval BER,No checked bits,No checked bits,No checked bits,0.000E+0,Unavailable,Unavailable,Unavailable (RF),Unavailable (RF),Unavailable (RF)
2026-10-01 12:19:05,Diversity / RF 1Mbps / interval BER,No checked bits,No checked bits,No checked bits,0.000E+0,Unavailable,Unavailable,Unavailable (RF),Unavailable (RF),Unavailable (RF)
2026-10-01 12:19:06,Diversity / RF 1Mbps / interval BER,No checked bits,No checked bits,No checked bits,0.000E+0,Unavailable,Unavailable,Unavailable (RF),Unavailable (RF),Unavailable (RF)
2026-10-01 12:19:07,Diversity / RF 1Mbps / interval BER,No checked bits,No checked bits,No checked bits,0.000E+0,Unavailable,Unavailable,Unavailable (RF),Unavailable (RF),Unavailable (RF)
2026-10-01 12:19:08,Diversity / RF 1Mbps / interval BER,No checked bits,No checked bits,No checked bits,0.000E+0,Unavailable,Unavailable,Unavailable (RF),Unavailable (RF),Unavailable (RF)
2026-10-01 12:19:09,Diversity / RF 1Mbps / interval BER,No checked bits,No checked bits,No checked bits,0.000E+0,Unavailable,Unavailable,Unavailable (RF),Unavailable (RF),Unavailable (RF)
2026-10-01 12:19:10,Diversity / RF 1Mbps / interval BER,No checked bits,No checked bits,No checked bits,0.000E+0,Unavailable,Unavailable,Unavailable (RF),Unavailable (RF),Unavailable (RF)
2026-10-01 12:19:11,Diversity / RF 1Mbps / interval BER,No checked bits,No checked bits,No checked bits,0.000E+0,Unavailable,Unavailable,Unavailable (RF),Unavailable (RF),Unavailable (RF)
2026-10-01 12:19:12,Diversity / RF 1Mbps / interval BER,No checked bits,No checked bits,No checked bits,0.000E+0,Unavailable,Unavailable,Unavailable (RF),Unavailable (RF),Unavailable (RF)
2026-10-01 12:19:13,Diversity / RF 1Mbps / interval BER,No checked bits,No checked bits,No checked bits,0.000E+0,Unavailable,Unavailable,Unavailable (RF),Unavailable (RF),Unavailable (RF)
2026-10-01 12:19:14,Diversity / RF 1Mbps / interval BER,No checked bits,No checked bits,No checked bits,0.000E+0,Unavailable,Unavailable,Unavailable (RF),Unavailable (RF),Unavailable (RF)
2026-10-01 12:19:15,Diversity / RF 1Mbps / interval BER,No checked bits,No checked bits,No checked bits,0.000E+0,Unavailable,Unavailable,Unavailable (RF),Unavailable (RF),Unavailable (RF)
2026-10-01 12:19:16,Diversity / RF 1Mbps / interval BER,No checked bits,No checked bits,No checked bits,0.000E+0,Unavailable,Unavailable,Unavailable (RF),Unavailable (RF),Unavailable (RF)
2026-10-01 12:19:17,Diversity / RF 1Mbps / interval BER,No checked bits,No checked bits,No checked bits,0.000E+0,Unavailable,Unavailable,Unavailable (RF),Unavailable (RF),Unavailable (RF)
2026-10-01 12:19:18,Diversity / RF 1Mbps / interval BER,No checked bits,No checked bits,No checked bits,0.000E+0,Unavailable,Unavailable,Unavailable (RF),Unavailable (RF),Unavailable (RF)
2026-10-01 12:19:19,Diversity / RF 1Mbps / interval BER,No checked bits,No checked bits,No checked bits,0.000E+0,Unavailable,Unavailable,Unavailable (RF),Unavailable (RF),Unavailable (RF)
2026-10-01 12:19:20,Diversity / RF 1Mbps / interval BER,No checked bits,No checked bits,No checked bits,0.000E+0,Unavailable,Unavailable,Unavailable (RF),Unavailable (RF),Unavailable (RF)
2026-10-01 12:19:21,Diversity / RF 1Mbps / interval BER,No checked bits,No checked bits,No checked bits,0.000E+0,Unavailable,Unavailable,Unavailable (RF),Unavailable (RF),Unavailable (RF)
2026-10-01 12:19:22,Diversity / RF 1Mbps / interval BER,No checked bits,No checked bits,No checked bits,0.000E+0,Unavailable,Unavailable,Unavailable (RF),Unavailable (RF),Unavailable (RF)
2026-10-01 12:19:23,Diversity / RF 1Mbps / interval BER,No checked bits,No checked bits,No checked bits,0.000E+0,Unavailable,Unavailable,Unavailable (RF),Unavailable (RF),Unavailable (RF)
2026-10-01 12:19:24,Diversity / RF 1Mbps / interval BER,No checked bits,No checked bits,No checked bits,0.000E+0,Unavailable,Unavailable,Unavailable (RF),Unavailable (RF),Unavailable (RF)
2026-10-01 12:19:25,Diversity / RF 1Mbps / interval BER,No checked bits,No checked bits,No checked bits,0.000E+0,Unavailable,Unavailable,Unavailable (RF),Unavailable (RF),Unavailable (RF)
2026-10-01 12:19:26,Diversity / RF 1Mbps / interval BER,No checked bits,No checked bits,No checked bits,0.000E+0,Unavailable,Unavailable,Unavailable (RF),Unavailable (RF),Unavailable (RF)
2026-10-01 12:19:27,Diversity / RF 1Mbps / interval BER,No checked bits,No checked bits,No checked bits,0.000E+0,Unavailable,Unavailable,Unavailable (RF),Unavailable (RF),Unavailable (RF)
2026-10-01 12:19:28,Diversity / RF 1Mbps / interval BER,No checked bits,No checked bits,No checked bits,0.000E+0,Unavailable,Unavailable,Unavailable (RF),Unavailable (RF),Unavailable (RF)
2026-10-01 12:19:29,Diversity / RF 1Mbps / interval BER,No checked bits,No checked bits,No checked bits,0.000E+0,Unavailable,Unavailable,Unavailable (RF),Unavailable (RF),Unavailable (RF)
2026-10-01 12:19:30,Diversity / RF 1Mbps / interval BER,No checked bits,No checked bits,No checked bits,0.000E+0,Unavailable,Unavailable,Unavailable (RF),Unavailable (RF),Unavailable (RF)
2026-10-01 12:19:31,Diversity / RF 1Mbps / interval BER,No checked bits,No checked bits,No checked bits,0.000E+0,Unavailable,Unavailable,Unavailable (RF),Unavailable (RF),Unavailable (RF)
2026-10-01 12:19:32,Diversity / RF 1Mbps / interval BER,No checked bits,No checked bits,No checked bits,0.000E+0,Unavailable,Unavailable,Unavailable (RF),Unavailable (RF),Unavailable (RF)
2026-10-01 12:19:33,Diversity / RF 1Mbps / interval BER,No checked bits,No checked bits,No checked bits,0.000E+0,Unavailable,Unavailable,Unavailable (RF),Unavailable (RF),Unavailable (RF)
2026-10-01 12:19:34,Diversity / RF 1Mbps / interval BER,No checked bits,No checked bits,No checked bits,0.000E+0,Unavailable,Unavailable,Unavailable (RF),Unavailable (RF),Unavailable (RF)
2026-10-01 12:19:35,Diversity / RF 1Mbps / interval BER,No checked bits,No checked bits,No checked bits,0.000E+0,Unavailable,Unavailable,Unavailable (RF),Unavailable (RF),Unavailable (RF)
2026-10-01 12:19:36,Diversity / RF 1Mbps / interval BER,No checked bits,No checked bits,No checked bits,0.000E+0,Unavailable,Unavailable,Unavailable (RF),Unavailable (RF),Unavailable (RF)
2026-10-01 12:19:37,Diversity / RF 1Mbps / interval BER,No checked bits,No checked bits,No checked bits,0.000E+0,Unavailable,Unavailable,Unavailable (RF),Unavailable (RF),Unavailable (RF)
2026-10-01 12:19:38,Diversity / RF 1Mbps / interval BER,No checked bits,No checked bits,No checked bits,0.000E+0,Unavailable,Unavailable,Unavailable (RF),Unavailable (RF),Unavailable (RF)
2026-10-01 12:19:39,Diversity / RF 1Mbps / interval BER,No checked bits,No checked bits,No checked bits,0.000E+0,Unavailable,Unavailable,Unavailable (RF),Unavailable (RF),Unavailable (RF)
2026-10-01 12:19:40,Diversity / RF 1Mbps / interval BER,No checked bits,No checked bits,No checked bits,0.000E+0,Unavailable,Unavailable,Unavailable (RF),Unavailable (RF),Unavailable (RF)
2026-10-01 12:19:41,Diversity / RF 1Mbps / interval BER,No checked bits,No checked bits,No checked bits,0.000E+0,Unavailable,Unavailable,Unavailable (RF),Unavailable (RF),Unavailable (RF)
2026-10-01 12:19:42,Diversity / RF 1Mbps / interval BER,No checked bits,No checked bits,No checked bits,0.000E+0,Unavailable,Unavailable,Unavailable (RF),Unavailable (RF),Unavailable (RF)
2026-10-01 12:19:43,Diversity / RF 1Mbps / interval BER,No checked bits,No checked bits,No checked bits,0.000E+0,Unavailable,Unavailable,Unavailable (RF),Unavailable (RF),Unavailable (RF)
2026-10-01 12:19:44,Diversity / RF 1Mbps / interval BER,No checked bits,No checked bits,No checked bits,0.000E+0,Unavailable,Unavailable,Unavailable (RF),Unavailable (RF),Unavailable (RF)
2026-10-01 12:19:45,Diversity / RF 1Mbps / interval BER,No checked bits,No checked bits,No checked bits,0.000E+0,Unavailable,Unavailable,Unavailable (RF),Unavailable (RF),Unavailable (RF)
2026-10-01 12:19:46,Diversity / RF 1Mbps / interval BER,No checked bits,No checked bits,No checked bits,0.000E+0,Unavailable,Unavailable,Unavailable (RF),Unavailable (RF),Unavailable (RF)
2026-10-01 12:19:47,Diversity / RF 1Mbps / interval BER,No checked bits,No checked bits,No checked bits,0.000E+0,Unavailable,Unavailable,Unavailable (RF),Unavailable (RF),Unavailable (RF)
2026-10-01 12:19:48,Diversity / RF 1Mbps / interval BER,No checked bits,No checked bits,No checked bits,0.000E+0,Unavailable,Unavailable,Unavailable (RF),Unavailable (RF),Unavailable (RF)
2026-10-01 12:19:49,Diversity / RF 1Mbps / interval BER,No checked bits,No checked bits,No checked bits,0.000E+0,Unavailable,Unavailable,Unavailable (RF),Unavailable (RF),Unavailable (RF)
2026-10-01 12:19:50,Diversity / RF 1Mbps / interval BER,No checked bits,No checked bits,No checked bits,0.000E+0,Unavailable,Unavailable,Unavailable (RF),Unavailable (RF),Unavailable (RF)
2026-10-01 12:19:51,Diversity / RF 1Mbps / interval BER,No checked bits,No checked bits,No checked bits,0.000E+0,Unavailable,Unavailable,Unavailable (RF),Unavailable (RF),Unavailable (RF)
2026-10-01 12:19:52,Diversity / RF 1Mbps / interval BER,No checked bits,No checked bits,No checked bits,0.000E+0,Unavailable,Unavailable,Unavailable (RF),Unavailable (RF),Unavailable (RF)
2026-10-01 12:19:53,Diversity / RF 1Mbps / interval BER,No checked bits,No checked bits,No checked bits,0.000E+0,Unavailable,Unavailable,Unavailable (RF),Unavailable (RF),Unavailable (RF)
2026-10-01 12:19:54,Diversity / RF 1Mbps / interval BER,No checked bits,No checked bits,No checked bits,0.000E+0,Unavailable,Unavailable,Unavailable (RF),Unavailable (RF),Unavailable (RF)
2026-10-01 12:19:55,Diversity / RF 1Mbps / interval BER,No checked bits,No checked bits,No checked bits,0.000E+0,Unavailable,Unavailable,Unavailable (RF),Unavailable (RF),Unavailable (RF)
2026-10-01 12:19:56,Diversity / RF 1Mbps / interval BER,No checked bits,No checked bits,No checked bits,0.000E+0,Unavailable,Unavailable,Unavailable (RF),Unavailable (RF),Unavailable (RF)
2026-10-01 12:19:57,Diversity / RF 1Mbps / interval BER,No checked bits,No checked bits,No checked bits,0.000E+0,Unavailable,Unavailable,Unavailable (RF),Unavailable (RF),Unavailable (RF)
2026-10-01 12:19:58,Diversity / RF 1Mbps / interval BER,No checked bits,No checked bits,No checked bits,0.000E+0,Unavailable,Unavailable,Unavailable (RF),Unavailable (RF),Unavailable (RF)
2026-10-01 12:19:59,Diversity / RF 1Mbps / interval BER,No checked bits,No checked bits,No checked bits,0.000E+0,Unavailable,Unavailable,Unavailable (RF),Unavailable (RF),Unavailable (RF)
2026-10-01 12:20:00,Diversity / RF 1Mbps / interval BER,No checked bits,No checked bits,No checked bits,0.000E+0,Unavailable,Unavailable,Unavailable (RF),Unavailable (RF),Unavailable (RF)
2026-10-01 12:20:01,Diversity / RF 1Mbps / interval BER,No checked bits,No checked bits,No checked bits,0.000E+0,Unavailable,Unavailable,Unavailable (RF),Unavailable (RF),Unavailable (RF)
2026-10-01 12:20:02,Diversity / RF 1Mbps / interval BER,No checked bits,No checked bits,No checked bits,0.000E+0,Unavailable,Unavailable,Unavailable (RF),Unavailable (RF),Unavailable (RF)
2026-10-01 12:20:03,Diversity / RF 1Mbps / interval BER,No checked bits,No checked bits,No checked bits,0.000E+0,Unavailable,Unavailable,Unavailable (RF),Unavailable (RF),Unavailable (RF)
2026-10-01 12:20:04,Diversity / RF 1Mbps / interval BER,No checked bits,No checked bits,No checked bits,0.000E+0,Unavailable,Unavailable,Unavailable (RF),Unavailable (RF),Unavailable (RF)
2026-10-01 12:20:05,Diversity / RF 1Mbps / interval BER,No checked bits,No checked bits,No checked bits,0.000E+0,Unavailable,Unavailable,Unavailable (RF),Unavailable (RF),Unavailable (RF)
2026-10-01 12:20:06,Diversity / RF 1Mbps / interval BER,No checked bits,No checked bits,No checked bits,0.000E+0,Unavailable,Unavailable,Unavailable (RF),Unavailable (RF),Unavailable (RF)
2026-10-01 12:20:07,Diversity / RF 1Mbps / interval BER,No checked bits,No checked bits,No checked bits,0.000E+0,Unavailable,Unavailable,Unavailable (RF),Unavailable (RF),Unavailable (RF)
2026-10-01 12:20:08,Diversity / RF 1Mbps / interval BER,No checked bits,No checked bits,No checked bits,0.000E+0,Unavailable,Unavailable,Unavailable (RF),Unavailable (RF),Unavailable (RF)
2026-10-01 12:20:09,Diversity / RF 1Mbps / interval BER,No checked bits,No checked bits,No checked bits,0.000E+0,Unavailable,Unavailable,Unavailable (RF),Unavailable (RF),Unavailable (RF)
2026-10-01 12:20:10,Diversity / RF 1Mbps / interval BER,No checked bits,No checked bits,No checked bits,0.000E+0,Unavailable,Unavailable,Unavailable (RF),Unavailable (RF),Unavailable (RF)
2026-10-01 12:20:11,Diversity / RF 1Mbps / interval BER,No checked bits,No checked bits,No checked bits,0.000E+0,Unavailable,Unavailable,Unavailable (RF),Unavailable (RF),Unavailable (RF)
2026-10-01 12:20:12,Diversity / RF 1Mbps / interval BER,No checked bits,No checked bits,No checked bits,0.000E+0,Unavailable,Unavailable,Unavailable (RF),Unavailable (RF),Unavailable (RF)
2026-10-01 12:20:13,Diversity / RF 1Mbps / interval BER,No checked bits,No checked bits,No checked bits,0.000E+0,Unavailable,Unavailable,Unavailable (RF),Unavailable (RF),Unavailable (RF)
2026-10-01 12:20:14,Diversity / RF 1Mbps / interval BER,No checked bits,No checked bits,No checked bits,0.000E+0,Unavailable,Unavailable,Unavailable (RF),Unavailable (RF),Unavailable (RF)
2026-10-01 12:20:15,Diversity / RF 1Mbps / interval BER,No checked bits,No checked bits,No checked bits,0.000E+0,Unavailable,Unavailable,Unavailable (RF),Unavailable (RF),Unavailable (RF)
2026-10-01 12:20:16,Diversity / RF 1Mbps / interval BER,No checked bits,No checked bits,No checked bits,0.000E+0,Unavailable,Unavailable,Unavailable (RF),Unavailable (RF),Unavailable (RF)
2026-10-01 12:20:17,Diversity / RF 1Mbps / interval BER,No checked bits,No checked bits,No checked bits,0.000E+0,Unavailable,Unavailable,Unavailable (RF),Unavailable (RF),Unavailable (RF)
2026-10-01 12:20:18,Diversity / RF 1Mbps / interval BER,No checked bits,No checked bits,No checked bits,0.000E+0,Unavailable,Unavailable,Unavailable (RF),Unavailable (RF),Unavailable (RF)
2026-10-01 12:20:19,Diversity / RF 1Mbps / interval BER,No checked bits,No checked bits,No checked bits,0.000E+0,Unavailable,Unavailable,Unavailable (RF),Unavailable (RF),Unavailable (RF)
2026-10-01 12:20:20,Diversity / RF 1Mbps / interval BER,No checked bits,No checked bits,No checked bits,0.000E+0,Unavailable,Unavailable,Unavailable (RF),Unavailable (RF),Unavailable (RF)
2026-10-01 12:20:21,Diversity / RF 1Mbps / interval BER,No checked bits,No checked bits,No checked bits,0.000E+0,Unavailable,Unavailable,Unavailable (RF),Unavailable (RF),Unavailable (RF)
2026-10-01 12:20:22,Diversity / RF 1Mbps / interval BER,No checked bits,No checked bits,No checked bits,0.000E+0,Unavailable,Unavailable,Unavailable (RF),Unavailable (RF),Unavailable (RF)
2026-10-01 12:20:23,Diversity / RF 1Mbps / interval BER,No checked bits,No checked bits,No checked bits,0.000E+0,Unavailable,Unavailable,Unavailable (RF),Unavailable (RF),Unavailable (RF)
2026-10-01 12:20:24,Diversity / RF 1Mbps / interval BER,No checked bits,No checked bits,No checked bits,0.000E+0,Unavailable,Unavailable,Unavailable (RF),Unavailable (RF),Unavailable (RF)
2026-10-01 12:20:25,Diversity / RF 1Mbps / interval BER,No checked bits,No checked bits,No checked bits,0.000E+0,Unavailable,Unavailable,Unavailable (RF),Unavailable (RF),Unavailable (RF)
2026-10-01 12:20:26,Diversity / RF 1Mbps / interval BER,No checked bits,No checked bits,No checked bits,0.000E+0,Unavailable,Unavailable,Unavailable (RF),Unavailable (RF),Unavailable (RF)
2026-10-01 12:20:27,Diversity / RF 1Mbps / interval BER,No checked bits,No checked bits,No checked bits,0.000E+0,Unavailable,Unavailable,Unavailable (RF),Unavailable (RF),Unavailable (RF)
2026-10-01 12:20:28,Diversity / RF 1Mbps / interval BER,No checked bits,No checked bits,No checked bits,0.000E+0,Unavailable,Unavailable,Unavailable (RF),Unavailable (RF),Unavailable (RF)
2026-10-01 12:20:29,Diversity / RF 1Mbps / interval BER,No checked bits,No checked bits,No checked bits,0.000E+0,Unavailable,Unavailable,Unavailable (RF),Unavailable (RF),Unavailable (RF)
2026-10-01 12:20:30,Diversity / RF 1Mbps / interval BER,No checked bits,No checked bits,No checked bits,0.000E+0,Unavailable,Unavailable,Unavailable (RF),Unavailable (RF),Unavailable (RF)
2026-10-01 12:20:31,Diversity / RF 1Mbps / interval BER,No checked bits,No checked bits,No checked bits,0.000E+0,Unavailable,Unavailable,Unavailable (RF),Unavailable (RF),Unavailable (RF)
2026-10-01 12:20:32,Diversity / RF 1Mbps / interval BER,No checked bits,No checked bits,No checked bits,0.000E+0,Unavailable,Unavailable,Unavailable (RF),Unavailable (RF),Unavailable (RF)
2026-10-01 12:20:33,Diversity / RF 1Mbps / interval BER,No checked bits,No checked bits,No checked bits,0.000E+0,Unavailable,Unavailable,Unavailable (RF),Unavailable (RF),Unavailable (RF)
2026-10-01 12:20:34,Diversity / RF 1Mbps / interval BER,No checked bits,No checked bits,No checked bits,0.000E+0,Unavailable,Unavailable,Unavailable (RF),Unavailable (RF),Unavailable (RF)
2026-10-01 12:20:35,Diversity / RF 1Mbps / interval BER,No checked bits,No checked bits,No checked bits,0.000E+0,Unavailable,Unavailable,Unavailable (RF),Unavailable (RF),Unavailable (RF)
2026-10-01 12:20:36,Diversity / RF 1Mbps / interval BER,No checked bits,No checked bits,No checked bits,0.000E+0,Unavailable,Unavailable,Unavailable (RF),Unavailable (RF),Unavailable (RF)
2026-10-01 12:20:37,Diversity / RF 1Mbps / interval BER,No checked bits,No checked bits,No checked bits,0.000E+0,Unavailable,Unavailable,Unavailable (RF),Unavailable (RF),Unavailable (RF)
2026-10-01 12:20:38,Diversity / RF 1Mbps / interval BER,No checked bits,No checked bits,No checked bits,0.000E+0,Unavailable,Unavailable,Unavailable (RF),Unavailable (RF),Unavailable (RF)
2026-10-01 12:20:39,Diversity / RF 1Mbps / interval BER,No checked bits,No checked bits,No checked bits,0.000E+0,Unavailable,Unavailable,Unavailable (RF),Unavailable (RF),Unavailable (RF)
2026-10-01 12:20:40,Diversity / RF 1Mbps / interval BER,No checked bits,No checked bits,No checked bits,0.000E+0,Unavailable,Unavailable,Unavailable (RF),Unavailable (RF),Unavailable (RF)
2026-10-01 12:20:41,Diversity / RF 1Mbps / interval BER,No checked bits,No checked bits,No checked bits,0.000E+0,Unavailable,Unavailable,Unavailable (RF),Unavailable (RF),Unavailable (RF)
2026-10-01 12:20:42,Diversity / RF 1Mbps / interval BER,No checked bits,No checked bits,No checked bits,0.000E+0,Unavailable,Unavailable,Unavailable (RF),Unavailable (RF),Unavailable (RF)
2026-10-01 12:20:43,Diversity / RF 1Mbps / interval BER,No checked bits,No checked bits,No checked bits,0.000E+0,Unavailable,Unavailable,Unavailable (RF),Unavailable (RF),Unavailable (RF)
2026-10-01 12:20:44,Diversity / RF 1Mbps / interval BER,No checked bits,No checked bits,No checked bits,0.000E+0,Unavailable,Unavailable,Unavailable (RF),Unavailable (RF),Unavailable (RF)
2026-10-01 12:20:45,Diversity / RF 1Mbps / interval BER,No checked bits,No checked bits,No checked bits,0.000E+0,Unavailable,Unavailable,Unavailable (RF),Unavailable (RF),Unavailable (RF)
2026-10-01 12:20:46,Diversity / RF 1Mbps / interval BER,No checked bits,No checked bits,No checked bits,0.000E+0,Unavailable,Unavailable,Unavailable (RF),Unavailable (RF),Unavailable (RF)
2026-10-01 12:20:47,Diversity / RF 1Mbps / interval BER,No checked bits,No checked bits,No checked bits,0.000E+0,Unavailable,Unavailable,Unavailable (RF),Unavailable (RF),Unavailable (RF)
2026-10-01 12:20:48,Diversity / RF 1Mbps / interval BER,No checked bits,No checked bits,No checked bits,0.000E+0,Unavailable,Unavailable,Unavailable (RF),Unavailable (RF),Unavailable (RF)
2026-10-01 12:20:49,Diversity / RF 1Mbps / interval BER,No checked bits,No checked bits,No checked bits,0.000E+0,Unavailable,Unavailable,Unavailable (RF),Unavailable (RF),Unavailable (RF)
2026-10-01 12:20:50,Diversity / RF 1Mbps / interval BER,No checked bits,No checked bits,No checked bits,0.000E+0,Unavailable,Unavailable,Unavailable (RF),Unavailable (RF),Unavailable (RF)
2026-10-01 12:20:51,Diversity / RF 1Mbps / interval BER,No checked bits,No checked bits,No checked bits,0.000E+0,Unavailable,Unavailable,Unavailable (RF),Unavailable (RF),Unavailable (RF)
2026-10-01 12:20:52,Diversity / RF 1Mbps / interval BER,No checked bits,No checked bits,No checked bits,0.000E+0,Unavailable,Unavailable,Unavailable (RF),Unavailable (RF),Unavailable (RF)
2026-10-01 12:20:53,Diversity / RF 1Mbps / interval BER,No checked bits,No checked bits,No checked bits,0.000E+0,Unavailable,Unavailable,Unavailable (RF),Unavailable (RF),Unavailable (RF)
2026-10-01 12:20:54,Diversity / RF 1Mbps / interval BER,No checked bits,No checked bits,No checked bits,0.000E+0,Unavailable,Unavailable,Unavailable (RF),Unavailable (RF),Unavailable (RF)
2026-10-01 12:20:55,Diversity / RF 1Mbps / interval BER,No checked bits,No checked bits,No checked bits,0.000E+0,Unavailable,Unavailable,Unavailable (RF),Unavailable (RF),Unavailable (RF)
2026-10-01 12:20:56,Diversity / RF 1Mbps / interval BER,No checked bits,No checked bits,No checked bits,0.000E+0,Unavailable,Unavailable,Unavailable (RF),Unavailable (RF),Unavailable (RF)
2026-10-01 12:20:57,Diversity / RF 1Mbps / interval BER,No checked bits,No checked bits,No checked bits,0.000E+0,Unavailable,Unavailable,Unavailable (RF),Unavailable (RF),Unavailable (RF)
2026-10-01 12:20:58,Diversity / RF 1Mbps / interval BER,No checked bits,No checked bits,No checked bits,0.000E+0,Unavailable,Unavailable,Unavailable (RF),Unavailable (RF),Unavailable (RF)
2026-10-01 12:20:59,Diversity / RF 1Mbps / interval BER,No checked bits,No checked bits,No checked bits,0.000E+0,Unavailable,Unavailable,Unavailable (RF),Unavailable (RF),Unavailable (RF)
2026-10-01 12:21:00,Diversity / RF 1Mbps / interval BER,No checked bits,No checked bits,No checked bits,0.000E+0,Unavailable,Unavailable,Unavailable (RF),Unavailable (RF),Unavailable (RF)
2026-10-01 12:21:01,Diversity / RF 1Mbps / interval BER,No checked bits,No checked bits,No checked bits,0.000E+0,Unavailable,Unavailable,Unavailable (RF),Unavailable (RF),Unavailable (RF)
2026-10-01 12:21:02,Diversity / RF 1Mbps / interval BER,No checked bits,No checked bits,No checked bits,0.000E+0,Unavailable,Unavailable,Unavailable (RF),Unavailable (RF),Unavailable (RF)
2026-10-01 12:21:03,Diversity / RF 1Mbps / interval BER,No checked bits,No checked bits,No checked bits,0.000E+0,Unavailable,Unavailable,Unavailable (RF),Unavailable (RF),Unavailable (RF)
2026-10-01 12:21:04,Diversity / RF 1Mbps / interval BER,No checked bits,No checked bits,No checked bits,0.000E+0,Unavailable,Unavailable,Unavailable (RF),Unavailable (RF),Unavailable (RF)
2026-10-01 12:21:05,Diversity / RF 1Mbps / interval BER,No checked bits,No checked bits,No checked bits,0.000E+0,Unavailable,Unavailable,Unavailable (RF),Unavailable (RF),Unavailable (RF)
2026-10-01 12:21:06,Diversity / RF 1Mbps / interval BER,No checked bits,No checked bits,No checked bits,0.000E+0,Unavailable,Unavailable,Unavailable (RF),Unavailable (RF),Unavailable (RF)
2026-10-01 12:21:07,Diversity / RF 1Mbps / interval BER,No checked bits,No checked bits,No checked bits,0.000E+0,Unavailable,Unavailable,Unavailable (RF),Unavailable (RF),Unavailable (RF)
2026-10-01 12:21:08,Diversity / RF 1Mbps / interval BER,No checked bits,No checked bits,No checked bits,0.000E+0,Unavailable,Unavailable,Unavailable (RF),Unavailable (RF),Unavailable (RF)
2026-10-01 12:21:09,Diversity / RF 1Mbps / interval BER,No checked bits,No checked bits,No checked bits,0.000E+0,Unavailable,Unavailable,Unavailable (RF),Unavailable (RF),Unavailable (RF)
2026-10-01 12:21:10,Diversity / RF 1Mbps / interval BER,No checked bits,No checked bits,No checked bits,0.000E+0,Unavailable,Unavailable,Unavailable (RF),Unavailable (RF),Unavailable (RF)
2026-10-01 12:21:11,Diversity / RF 1Mbps / interval BER,No checked bits,No checked bits,No checked bits,0.000E+0,Unavailable,Unavailable,Unavailable (RF),Unavailable (RF),Unavailable (RF)
2026-10-01 12:21:12,Diversity / RF 1Mbps / interval BER,No checked bits,No checked bits,No checked bits,0.000E+0,Unavailable,Unavailable,Unavailable (RF),Unavailable (RF),Unavailable (RF)
2026-10-01 12:21:13,Diversity / RF 1Mbps / interval BER,No checked bits,No checked bits,No checked bits,0.000E+0,Unavailable,Unavailable,Unavailable (RF),Unavailable (RF),Unavailable (RF)
2026-10-01 12:21:14,Diversity / RF 1Mbps / interval BER,No checked bits,No checked bits,No checked bits,0.000E+0,Unavailable,Unavailable,Unavailable (RF),Unavailable (RF),Unavailable (RF)
2026-10-01 12:21:15,Diversity / RF 1Mbps / interval BER,No checked bits,No checked bits,No checked bits,0.000E+0,Unavailable,Unavailable,Unavailable (RF),Unavailable (RF),Unavailable (RF)
2026-10-01 12:21:16,Diversity / RF 1Mbps / interval BER,No checked bits,No checked bits,No checked bits,0.000E+0,Unavailable,Unavailable,Unavailable (RF),Unavailable (RF),Unavailable (RF)
2026-10-01 12:21:17,Diversity / RF 1Mbps / interval BER,No checked bits,No checked bits,No checked bits,0.000E+0,Unavailable,Unavailable,Unavailable (RF),Unavailable (RF),Unavailable (RF)
2026-10-01 12:21:18,Diversity / RF 1Mbps / interval BER,No checked bits,No checked bits,No checked bits,0.000E+0,Unavailable,Unavailable,Unavailable (RF),Unavailable (RF),Unavailable (RF)
2026-10-01 12:21:19,Diversity / RF 1Mbps / interval BER,No checked bits,No checked bits,No checked bits,0.000E+0,Unavailable,Unavailable,Unavailable (RF),Unavailable (RF),Unavailable (RF)
2026-10-01 12:21:20,Diversity / RF 1Mbps / interval BER,No checked bits,No checked bits,No checked bits,0.000E+0,Unavailable,Unavailable,Unavailable (RF),Unavailable (RF),Unavailable (RF)
2026-10-01 12:21:21,Diversity / RF 1Mbps / interval BER,No checked bits,No checked bits,No checked bits,0.000E+0,Unavailable,Unavailable,Unavailable (RF),Unavailable (RF),Unavailable (RF)
2026-10-01 12:21:22,Diversity / RF 1Mbps / interval BER,No checked bits,No checked bits,No checked bits,0.000E+0,Unavailable,Unavailable,Unavailable (RF),Unavailable (RF),Unavailable (RF)
2026-10-01 12:21:23,Diversity / RF 1Mbps / interval BER,No checked bits,No checked bits,No checked bits,0.000E+0,Unavailable,Unavailable,Unavailable (RF),Unavailable (RF),Unavailable (RF)
2026-10-01 12:21:24,Diversity / RF 1Mbps / interval BER,No checked bits,No checked bits,No checked bits,0.000E+0,Unavailable,Unavailable,Unavailable (RF),Unavailable (RF),Unavailable (RF)
2026-10-01 12:21:25,Diversity / RF 1Mbps / interval BER,No checked bits,No checked bits,No checked bits,0.000E+0,Unavailable,Unavailable,Unavailable (RF),Unavailable (RF),Unavailable (RF)
2026-10-01 12:21:26,Diversity / RF 1Mbps / interval BER,No checked bits,No checked bits,No checked bits,0.000E+0,Unavailable,Unavailable,Unavailable (RF),Unavailable (RF),Unavailable (RF)
2026-10-01 12:21:27,Diversity / RF 1Mbps / interval BER,No checked bits,No checked bits,No checked bits,0.000E+0,Unavailable,Unavailable,Unavailable (RF),Unavailable (RF),Unavailable (RF)
2026-10-01 12:21:28,Diversity / RF 1Mbps / interval BER,No checked bits,No checked bits,No checked bits,0.000E+0,Unavailable,Unavailable,Unavailable (RF),Unavailable (RF),Unavailable (RF)
2026-10-01 12:21:29,Diversity / RF 1Mbps / interval BER,No checked bits,No checked bits,No checked bits,0.000E+0,Unavailable,Unavailable,Unavailable (RF),Unavailable (RF),Unavailable (RF)
2026-10-01 12:21:30,Diversity / RF 1Mbps / interval BER,No checked bits,No checked bits,No checked bits,0.000E+0,Unavailable,Unavailable,Unavailable (RF),Unavailable (RF),Unavailable (RF)
2026-10-01 12:21:31,Diversity / RF 1Mbps / interval BER,No checked bits,No checked bits,No checked bits,0.000E+0,Unavailable,Unavailable,Unavailable (RF),Unavailable (RF),Unavailable (RF)
2026-10-01 12:21:32,Diversity / RF 1Mbps / interval BER,No checked bits,No checked bits,No checked bits,0.000E+0,Unavailable,Unavailable,Unavailable (RF),Unavailable (RF),Unavailable (RF)
2026-10-01 12:21:33,Diversity / RF 1Mbps / interval BER,No checked bits,No checked bits,No checked bits,0.000E+0,Unavailable,Unavailable,Unavailable (RF),Unavailable (RF),Unavailable (RF)
2026-10-01 12:21:34,Diversity / RF 1Mbps / interval BER,No checked bits,No checked bits,No checked bits,0.000E+0,Unavailable,Unavailable,Unavailable (RF),Unavailable (RF),Unavailable (RF)
2026-10-01 12:21:35,Diversity / RF 1Mbps / interval BER,No checked bits,No checked bits,No checked bits,0.000E+0,Unavailable,Unavailable,Unavailable (RF),Unavailable (RF),Unavailable (RF)
2026-10-01 12:21:36,Diversity / RF 1Mbps / interval BER,No checked bits,No checked bits,No checked bits,0.000E+0,Unavailable,Unavailable,Unavailable (RF),Unavailable (RF),Unavailable (RF)
2026-10-01 12:21:37,Diversity / RF 1Mbps / interval BER,No checked bits,No checked bits,No checked bits,0.000E+0,Unavailable,Unavailable,Unavailable (RF),Unavailable (RF),Unavailable (RF)
2026-10-01 12:21:38,Diversity / RF 1Mbps / interval BER,No checked bits,No checked bits,No checked bits,0.000E+0,Unavailable,Unavailable,Unavailable (RF),Unavailable (RF),Unavailable (RF)
2026-10-01 12:21:39,Diversity / RF 1Mbps / interval BER,No checked bits,No checked bits,No checked bits,0.000E+0,Unavailable,Unavailable,Unavailable (RF),Unavailable (RF),Unavailable (RF)
2026-10-01 12:21:40,Diversity / RF 1Mbps / interval BER,No checked bits,No checked bits,No checked bits,0.000E+0,Unavailable,Unavailable,Unavailable (RF),Unavailable (RF),Unavailable (RF)
2026-10-01 12:21:41,Diversity / RF 1Mbps / interval BER,No checked bits,No checked bits,No checked bits,0.000E+0,Unavailable,Unavailable,Unavailable (RF),Unavailable (RF),Unavailable (RF)
2026-10-01 12:21:42,Diversity / RF 1Mbps / interval BER,No checked bits,No checked bits,No checked bits,0.000E+0,Unavailable,Unavailable,Unavailable (RF),Unavailable (RF),Unavailable (RF)
2026-10-01 12:21:43,Diversity / RF 1Mbps / interval BER,No checked bits,No checked bits,No checked bits,0.000E+0,Unavailable,Unavailable,Unavailable (RF),Unavailable (RF),Unavailable (RF)
2026-10-01 12:21:44,Diversity / RF 1Mbps / interval BER,No checked bits,No checked bits,No checked bits,0.000E+0,Unavailable,Unavailable,Unavailable (RF),Unavailable (RF),Unavailable (RF)
2026-10-01 12:21:45,Diversity / RF 1Mbps / interval BER,No checked bits,No checked bits,No checked bits,0.000E+0,Unavailable,Unavailable,Unavailable (RF),Unavailable (RF),Unavailable (RF)
2026-10-01 12:21:46,Diversity / RF 1Mbps / interval BER,No checked bits,No checked bits,No checked bits,0.000E+0,Unavailable,Unavailable,Unavailable (RF),Unavailable (RF),Unavailable (RF)
2026-10-01 12:21:47,Diversity / RF 1Mbps / interval BER,No checked bits,No checked bits,No checked bits,0.000E+0,Unavailable,Unavailable,Unavailable (RF),Unavailable (RF),Unavailable (RF)
2026-10-01 12:21:48,Diversity / RF 1Mbps / interval BER,No checked bits,No checked bits,No checked bits,0.000E+0,Unavailable,Unavailable,Unavailable (RF),Unavailable (RF),Unavailable (RF)
2026-10-01 12:21:49,Diversity / RF 1Mbps / interval BER,No checked bits,No checked bits,No checked bits,0.000E+0,Unavailable,Unavailable,Unavailable (RF),Unavailable (RF),Unavailable (RF)
2026-10-01 12:21:50,Diversity / RF 1Mbps / interval BER,No checked bits,No checked bits,No checked bits,0.000E+0,Unavailable,Unavailable,Unavailable (RF),Unavailable (RF),Unavailable (RF)
2026-10-01 12:21:51,Diversity / RF 1Mbps / interval BER,No checked bits,No checked bits,No checked bits,0.000E+0,Unavailable,Unavailable,Unavailable (RF),Unavailable (RF),Unavailable (RF)
2026-10-01 12:21:52,Diversity / RF 1Mbps / interval BER,No checked bits,No checked bits,No checked bits,0.000E+0,Unavailable,Unavailable,Unavailable (RF),Unavailable (RF),Unavailable (RF)
2026-10-01 12:21:53,Diversity / RF 1Mbps / interval BER,No checked bits,No checked bits,No checked bits,0.000E+0,Unavailable,Unavailable,Unavailable (RF),Unavailable (RF),Unavailable (RF)
2026-10-01 12:21:54,Diversity / RF 1Mbps / interval BER,No checked bits,No checked bits,No checked bits,0.000E+0,Unavailable,Unavailable,Unavailable (RF),Unavailable (RF),Unavailable (RF)
2026-10-01 12:21:55,Diversity / RF 1Mbps / interval BER,No checked bits,No checked bits,No checked bits,0.000E+0,Unavailable,Unavailable,Unavailable (RF),Unavailable (RF),Unavailable (RF)
2026-10-01 12:21:56,Diversity / RF 1Mbps / interval BER,No checked bits,No checked bits,No checked bits,0.000E+0,Unavailable,Unavailable,Unavailable (RF),Unavailable (RF),Unavailable (RF)
2026-10-01 12:21:57,Diversity / RF 1Mbps / interval BER,No checked bits,No checked bits,No checked bits,0.000E+0,Unavailable,Unavailable,Unavailable (RF),Unavailable (RF),Unavailable (RF)
2026-10-01 12:21:58,Diversity / RF 1Mbps / interval BER,No checked bits,No checked bits,No checked bits,0.000E+0,Unavailable,Unavailable,Unavailable (RF),Unavailable (RF),Unavailable (RF)
2026-10-01 12:21:59,Diversity / RF 1Mbps / interval BER,No checked bits,No checked bits,No checked bits,0.000E+0,Unavailable,Unavailable,Unavailable (RF),Unavailable (RF),Unavailable (RF)
2026-10-01 12:22:00,Diversity / RF 1Mbps / interval BER,No checked bits,No checked bits,No checked bits,0.000E+0,Unavailable,Unavailable,Unavailable (RF),Unavailable (RF),Unavailable (RF)
2026-10-01 12:22:01,Diversity / RF 1Mbps / interval BER,No checked bits,No checked bits,No checked bits,0.000E+0,Unavailable,Unavailable,Unavailable (RF),Unavailable (RF),Unavailable (RF)
2026-10-01 12:22:02,Diversity / RF 1Mbps / interval BER,No checked bits,No checked bits,No checked bits,0.000E+0,Unavailable,Unavailable,Unavailable (RF),Unavailable (RF),Unavailable (RF)
2026-10-01 12:22:03,Diversity / RF 1Mbps / interval BER,No checked bits,No checked bits,No checked bits,0.000E+0,Unavailable,Unavailable,Unavailable (RF),Unavailable (RF),Unavailable (RF)
2026-10-01 12:22:04,Diversity / RF 1Mbps / interval BER,No checked bits,No checked bits,No checked bits,0.000E+0,Unavailable,Unavailable,Unavailable (RF),Unavailable (RF),Unavailable (RF)
2026-10-01 12:22:05,Diversity / RF 1Mbps / interval BER,No checked bits,No checked bits,No checked bits,0.000E+0,Unavailable,Unavailable,Unavailable (RF),Unavailable (RF),Unavailable (RF)
2026-10-01 12:22:06,Diversity / RF 1Mbps / interval BER,No checked bits,No checked bits,No checked bits,0.000E+0,Unavailable,Unavailable,Unavailable (RF),Unavailable (RF),Unavailable (RF)
2026-10-01 12:22:07,Diversity / RF 1Mbps / interval BER,No checked bits,No checked bits,No checked bits,0.000E+0,Unavailable,Unavailable,Unavailable (RF),Unavailable (RF),Unavailable (RF)
2026-10-01 12:22:08,Diversity / RF 1Mbps / interval BER,No checked bits,No checked bits,No checked bits,0.000E+0,Unavailable,Unavailable,Unavailable (RF),Unavailable (RF),Unavailable (RF)
2026-10-01 12:22:09,Diversity / RF 1Mbps / interval BER,No checked bits,No checked bits,No checked bits,0.000E+0,Unavailable,Unavailable,Unavailable (RF),Unavailable (RF),Unavailable (RF)
2026-10-01 12:22:10,Diversity / RF 1Mbps / interval BER,No checked bits,No checked bits,No checked bits,0.000E+0,Unavailable,Unavailable,Unavailable (RF),Unavailable (RF),Unavailable (RF)
2026-10-01 12:22:11,Diversity / RF 1Mbps / interval BER,No checked bits,No checked bits,No checked bits,0.000E+0,Unavailable,Unavailable,Unavailable (RF),Unavailable (RF),Unavailable (RF)
2026-10-01 12:22:12,Diversity / RF 1Mbps / interval BER,No checked bits,No checked bits,No checked bits,0.000E+0,Unavailable,Unavailable,Unavailable (RF),Unavailable (RF),Unavailable (RF)
2026-10-01 12:22:13,Diversity / RF 1Mbps / interval BER,No checked bits,No checked bits,No checked bits,0.000E+0,Unavailable,Unavailable,Unavailable (RF),Unavailable (RF),Unavailable (RF)
2026-10-01 12:22:14,Diversity / RF 1Mbps / interval BER,No checked bits,No checked bits,No checked bits,0.000E+0,Unavailable,Unavailable,Unavailable (RF),Unavailable (RF),Unavailable (RF)
2026-10-01 12:22:15,Diversity / RF 1Mbps / interval BER,No checked bits,No checked bits,No checked bits,0.000E+0,Unavailable,Unavailable,Unavailable (RF),Unavailable (RF),Unavailable (RF)
2026-10-01 12:22:16,Diversity / RF 1Mbps / interval BER,No checked bits,No checked bits,No checked bits,0.000E+0,Unavailable,Unavailable,Unavailable (RF),Unavailable (RF),Unavailable (RF)
2026-10-01 12:22:17,Diversity / RF 1Mbps / interval BER,No checked bits,No checked bits,No checked bits,0.000E+0,Unavailable,Unavailable,Unavailable (RF),Unavailable (RF),Unavailable (RF)
2026-10-01 12:22:18,Diversity / RF 1Mbps / interval BER,No checked bits,No checked bits,No checked bits,0.000E+0,Unavailable,Unavailable,Unavailable (RF),Unavailable (RF),Unavailable (RF)
2026-10-01 12:22:19,Diversity / RF 1Mbps / interval BER,No checked bits,No checked bits,No checked bits,0.000E+0,Unavailable,Unavailable,Unavailable (RF),Unavailable (RF),Unavailable (RF)
2026-10-01 12:22:20,Diversity / RF 1Mbps / interval BER,No checked bits,No checked bits,No checked bits,0.000E+0,Unavailable,Unavailable,Unavailable (RF),Unavailable (RF),Unavailable (RF)
2026-10-01 12:22:21,Diversity / RF 1Mbps / interval BER,No checked bits,No checked bits,No checked bits,0.000E+0,Unavailable,Unavailable,Unavailable (RF),Unavailable (RF),Unavailable (RF)
2026-10-01 12:22:22,Diversity / RF 1Mbps / interval BER,No checked bits,No checked bits,No checked bits,0.000E+0,Unavailable,Unavailable,Unavailable (RF),Unavailable (RF),Unavailable (RF)
2026-10-01 12:22:23,Diversity / RF 1Mbps / interval BER,No checked bits,No checked bits,No checked bits,0.000E+0,Unavailable,Unavailable,Unavailable (RF),Unavailable (RF),Unavailable (RF)
2026-10-01 12:22:24,Diversity / RF 1Mbps / interval BER,No checked bits,No checked bits,No checked bits,0.000E+0,Unavailable,Unavailable,Unavailable (RF),Unavailable (RF),Unavailable (RF)
2026-10-01 12:22:25,Diversity / RF 1Mbps / interval BER,No checked bits,No checked bits,No checked bits,0.000E+0,Unavailable,Unavailable,Unavailable (RF),Unavailable (RF),Unavailable (RF)
2026-10-01 12:22:26,Diversity / RF 1Mbps / interval BER,No checked bits,No checked bits,No checked bits,0.000E+0,Unavailable,Unavailable,Unavailable (RF),Unavailable (RF),Unavailable (RF)
2026-10-01 12:22:27,Diversity / RF 1Mbps / interval BER,No checked bits,No checked bits,No checked bits,0.000E+0,Unavailable,Unavailable,Unavailable (RF),Unavailable (RF),Unavailable (RF)
2026-10-01 12:22:28,Diversity / RF 1Mbps / interval BER,No checked bits,No checked bits,No checked bits,0.000E+0,Unavailable,Unavailable,Unavailable (RF),Unavailable (RF),Unavailable (RF)
2026-10-01 12:22:29,Diversity / RF 1Mbps / interval BER,No checked bits,No checked bits,No checked bits,0.000E+0,Unavailable,Unavailable,Unavailable (RF),Unavailable (RF),Unavailable (RF)
2026-10-01 12:22:30,Diversity / RF 1Mbps / interval BER,No checked bits,No checked bits,No checked bits,0.000E+0,Unavailable,Unavailable,Unavailable (RF),Unavailable (RF),Unavailable (RF)
2026-10-01 12:22:31,Diversity / RF 1Mbps / interval BER,No checked bits,No checked bits,No checked bits,0.000E+0,Unavailable,Unavailable,Unavailable (RF),Unavailable (RF),Unavailable (RF)
2026-10-01 12:22:32,Diversity / RF 1Mbps / interval BER,No checked bits,No checked bits,No checked bits,0.000E+0,Unavailable,Unavailable,Unavailable (RF),Unavailable (RF),Unavailable (RF)
2026-10-01 12:22:33,Diversity / RF 1Mbps / interval BER,No checked bits,No checked bits,No checked bits,0.000E+0,Unavailable,Unavailable,Unavailable (RF),Unavailable (RF),Unavailable (RF)
2026-10-01 12:22:34,Diversity / RF 1Mbps / interval BER,No checked bits,No checked bits,No checked bits,0.000E+0,Unavailable,Unavailable,Unavailable (RF),Unavailable (RF),Unavailable (RF)
2026-10-01 12:22:35,Diversity / RF 1Mbps / interval BER,No checked bits,No checked bits,No checked bits,0.000E+0,Unavailable,Unavailable,Unavailable (RF),Unavailable (RF),Unavailable (RF)
2026-10-01 12:22:36,Diversity / RF 1Mbps / interval BER,No checked bits,No checked bits,No checked bits,0.000E+0,Unavailable,Unavailable,Unavailable (RF),Unavailable (RF),Unavailable (RF)
2026-10-01 12:22:37,Diversity / RF 1Mbps / interval BER,No checked bits,No checked bits,No checked bits,0.000E+0,Unavailable,Unavailable,Unavailable (RF),Unavailable (RF),Unavailable (RF)
2026-10-01 12:22:38,Diversity / RF 1Mbps / interval BER,No checked bits,No checked bits,No checked bits,0.000E+0,Unavailable,Unavailable,Unavailable (RF),Unavailable (RF),Unavailable (RF)
2026-10-01 12:22:39,Diversity / RF 1Mbps / interval BER,No checked bits,No checked bits,No checked bits,0.000E+0,Unavailable,Unavailable,Unavailable (RF),Unavailable (RF),Unavailable (RF)
2026-10-01 12:22:40,Diversity / RF 1Mbps / interval BER,No checked bits,No checked bits,No checked bits,0.000E+0,Unavailable,Unavailable,Unavailable (RF),Unavailable (RF),Unavailable (RF)
2026-10-01 12:22:41,Diversity / RF 1Mbps / interval BER,No checked bits,No checked bits,No checked bits,0.000E+0,Unavailable,Unavailable,Unavailable (RF),Unavailable (RF),Unavailable (RF)
2026-10-01 12:22:42,Diversity / RF 1Mbps / interval BER,No checked bits,No checked bits,No checked bits,0.000E+0,Unavailable,Unavailable,Unavailable (RF),Unavailable (RF),Unavailable (RF)
2026-10-01 12:22:43,Diversity / RF 1Mbps / interval BER,No checked bits,No checked bits,No checked bits,0.000E+0,Unavailable,Unavailable,Unavailable (RF),Unavailable (RF),Unavailable (RF)
2026-10-01 12:22:44,Diversity / RF 1Mbps / interval BER,No checked bits,No checked bits,No checked bits,0.000E+0,Unavailable,Unavailable,Unavailable (RF),Unavailable (RF),Unavailable (RF)
2026-10-01 12:22:45,Diversity / RF 1Mbps / interval BER,No checked bits,No checked bits,No checked bits,0.000E+0,Unavailable,Unavailable,Unavailable (RF),Unavailable (RF),Unavailable (RF)
2026-10-01 12:22:46,Diversity / RF 1Mbps / interval BER,No checked bits,No checked bits,No checked bits,0.000E+0,Unavailable,Unavailable,Unavailable (RF),Unavailable (RF),Unavailable (RF)
2026-10-01 12:22:47,Diversity / RF 1Mbps / interval BER,No checked bits,No checked bits,No checked bits,0.000E+0,Unavailable,Unavailable,Unavailable (RF),Unavailable (RF),Unavailable (RF)
2026-10-01 12:22:48,Diversity / RF 1Mbps / interval BER,No checked bits,No checked bits,No checked bits,0.000E+0,Unavailable,Unavailable,Unavailable (RF),Unavailable (RF),Unavailable (RF)
2026-10-01 12:22:49,Diversity / RF 1Mbps / interval BER,No checked bits,No checked bits,No checked bits,0.000E+0,Unavailable,Unavailable,Unavailable (RF),Unavailable (RF),Unavailable (RF)
2026-10-01 12:22:50,Diversity / RF 1Mbps / interval BER,No checked bits,No checked bits,No checked bits,0.000E+0,Unavailable,Unavailable,Unavailable (RF),Unavailable (RF),Unavailable (RF)
2026-10-01 12:22:51,Diversity / RF 1Mbps / interval BER,No checked bits,No checked bits,No checked bits,0.000E+0,Unavailable,Unavailable,Unavailable (RF),Unavailable (RF),Unavailable (RF)
2026-10-01 12:22:52,Diversity / RF 1Mbps / interval BER,No checked bits,No checked bits,No checked bits,0.000E+0,Unavailable,Unavailable,Unavailable (RF),Unavailable (RF),Unavailable (RF)
2026-10-01 12:22:53,Diversity / RF 1Mbps / interval BER,No checked bits,No checked bits,No checked bits,0.000E+0,Unavailable,Unavailable,Unavailable (RF),Unavailable (RF),Unavailable (RF)
2026-10-01 12:22:54,Diversity / RF 1Mbps / interval BER,No checked bits,No checked bits,No checked bits,0.000E+0,Unavailable,Unavailable,Unavailable (RF),Unavailable (RF),Unavailable (RF)
2026-10-01 12:22:55,Diversity / RF 1Mbps / interval BER,No checked bits,No checked bits,No checked bits,0.000E+0,Unavailable,Unavailable,Unavailable (RF),Unavailable (RF),Unavailable (RF)
2026-10-01 12:22:56,Diversity / RF 1Mbps / interval BER,No checked bits,No checked bits,No checked bits,0.000E+0,Unavailable,Unavailable,Unavailable (RF),Unavailable (RF),Unavailable (RF)
2026-10-01 12:22:57,Diversity / RF 1Mbps / interval BER,No checked bits,No checked bits,No checked bits,0.000E+0,Unavailable,Unavailable,Unavailable (RF),Unavailable (RF),Unavailable (RF)
2026-10-01 12:22:58,Diversity / RF 1Mbps / interval BER,No checked bits,No checked bits,No checked bits,0.000E+0,Unavailable,Unavailable,Unavailable (RF),Unavailable (RF),Unavailable (RF)
2026-10-01 12:22:59,Diversity / RF 1Mbps / interval BER,No checked bits,No checked bits,No checked bits,0.000E+0,Unavailable,Unavailable,Unavailable (RF),Unavailable (RF),Unavailable (RF)
2026-10-01 12:23:00,Diversity / RF 1Mbps / interval BER,No checked bits,No checked bits,No checked bits,0.000E+0,Unavailable,Unavailable,Unavailable (RF),Unavailable (RF),Unavailable (RF)
2026-10-01 12:23:01,Diversity / RF 1Mbps / interval BER,No checked bits,No checked bits,No checked bits,0.000E+0,Unavailable,Unavailable,Unavailable (RF),Unavailable (RF),Unavailable (RF)
2026-10-01 12:23:02,Diversity / RF 1Mbps / interval BER,No checked bits,No checked bits,No checked bits,0.000E+0,Unavailable,Unavailable,Unavailable (RF),Unavailable (RF),Unavailable (RF)
2026-10-01 12:23:03,Diversity / RF 1Mbps / interval BER,No checked bits,No checked bits,No checked bits,0.000E+0,Unavailable,Unavailable,Unavailable (RF),Unavailable (RF),Unavailable (RF)
2026-10-01 12:23:04,Diversity / RF 1Mbps / interval BER,No checked bits,No checked bits,No checked bits,0.000E+0,Unavailable,Unavailable,Unavailable (RF),Unavailable (RF),Unavailable (RF)
2026-10-01 12:23:05,Diversity / RF 1Mbps / interval BER,No checked bits,No checked bits,No checked bits,0.000E+0,Unavailable,Unavailable,Unavailable (RF),Unavailable (RF),Unavailable (RF)
2026-10-01 12:23:06,Diversity / RF 1Mbps / interval BER,No checked bits,No checked bits,No checked bits,0.000E+0,Unavailable,Unavailable,Unavailable (RF),Unavailable (RF),Unavailable (RF)
2026-10-01 12:23:07,Diversity / RF 1Mbps / interval BER,No checked bits,No checked bits,No checked bits,0.000E+0,Unavailable,Unavailable,Unavailable (RF),Unavailable (RF),Unavailable (RF)
2026-10-01 12:23:08,Diversity / RF 1Mbps / interval BER,No checked bits,No checked bits,No checked bits,0.000E+0,Unavailable,Unavailable,Unavailable (RF),Unavailable (RF),Unavailable (RF)
2026-10-01 12:23:09,Diversity / RF 1Mbps / interval BER,No checked bits,No checked bits,No checked bits,0.000E+0,Unavailable,Unavailable,Unavailable (RF),Unavailable (RF),Unavailable (RF)
2026-10-01 12:23:10,Diversity / RF 1Mbps / interval BER,No checked bits,No checked bits,No checked bits,0.000E+0,Unavailable,Unavailable,Unavailable (RF),Unavailable (RF),Unavailable (RF)
2026-10-01 12:23:11,Diversity / RF 1Mbps / interval BER,No checked bits,No checked bits,No checked bits,0.000E+0,Unavailable,Unavailable,Unavailable (RF),Unavailable (RF),Unavailable (RF)
2026-10-01 12:23:12,Diversity / RF 1Mbps / interval BER,No checked bits,No checked bits,No checked bits,0.000E+0,Unavailable,Unavailable,Unavailable (RF),Unavailable (RF),Unavailable (RF)
2026-10-01 12:23:13,Diversity / RF 1Mbps / interval BER,No checked bits,No checked bits,No checked bits,0.000E+0,Unavailable,Unavailable,Unavailable (RF),Unavailable (RF),Unavailable (RF)
2026-10-01 12:23:14,Diversity / RF 1Mbps / interval BER,No checked bits,No checked bits,No checked bits,0.000E+0,Unavailable,Unavailable,Unavailable (RF),Unavailable (RF),Unavailable (RF)
2026-10-01 12:23:15,Diversity / RF 1Mbps / interval BER,No checked bits,No checked bits,No checked bits,0.000E+0,Unavailable,Unavailable,Unavailable (RF),Unavailable (RF),Unavailable (RF)
2026-10-01 12:23:16,Diversity / RF 1Mbps / interval BER,No checked bits,No checked bits,No checked bits,0.000E+0,Unavailable,Unavailable,Unavailable (RF),Unavailable (RF),Unavailable (RF)
2026-10-01 12:23:17,Diversity / RF 1Mbps / interval BER,No checked bits,No checked bits,No checked bits,0.000E+0,Unavailable,Unavailable,Unavailable (RF),Unavailable (RF),Unavailable (RF)
2026-10-01 12:23:18,Diversity / RF 1Mbps / interval BER,No checked bits,No checked bits,No checked bits,0.000E+0,Unavailable,Unavailable,Unavailable (RF),Unavailable (RF),Unavailable (RF)
2026-10-01 12:23:19,Diversity / RF 1Mbps / interval BER,No checked bits,No checked bits,No checked bits,0.000E+0,Unavailable,Unavailable,Unavailable (RF),Unavailable (RF),Unavailable (RF)
2026-10-01 12:23:20,Diversity / RF 1Mbps / interval BER,No checked bits,No checked bits,No checked bits,0.000E+0,Unavailable,Unavailable,Unavailable (RF),Unavailable (RF),Unavailable (RF)
2026-10-01 12:23:21,Diversity / RF 1Mbps / interval BER,No checked bits,No checked bits,No checked bits,0.000E+0,Unavailable,Unavailable,Unavailable (RF),Unavailable (RF),Unavailable (RF)
2026-10-01 12:23:22,Diversity / RF 1Mbps / interval BER,No checked bits,No checked bits,No checked bits,0.000E+0,Unavailable,Unavailable,Unavailable (RF),Unavailable (RF),Unavailable (RF)
2026-10-01 12:23:23,Diversity / RF 1Mbps / interval BER,No checked bits,No checked bits,No checked bits,0.000E+0,Unavailable,Unavailable,Unavailable (RF),Unavailable (RF),Unavailable (RF)
2026-10-01 12:23:24,Diversity / RF 1Mbps / interval BER,No checked bits,No checked bits,No checked bits,0.000E+0,Unavailable,Unavailable,Unavailable (RF),Unavailable (RF),Unavailable (RF)
2026-10-01 12:23:25,Diversity / RF 1Mbps / interval BER,No checked bits,No checked bits,No checked bits,0.000E+0,Unavailable,Unavailable,Unavailable (RF),Unavailable (RF),Unavailable (RF)
2026-10-01 12:23:26,Diversity / RF 1Mbps / interval BER,No checked bits,No checked bits,No checked bits,0.000E+0,Unavailable,Unavailable,Unavailable (RF),Unavailable (RF),Unavailable (RF)
2026-10-01 12:23:27,Diversity / RF 1Mbps / interval BER,No checked bits,No checked bits,No checked bits,0.000E+0,Unavailable,Unavailable,Unavailable (RF),Unavailable (RF),Unavailable (RF)
2026-10-01 12:23:28,Diversity / RF 1Mbps / interval BER,No checked bits,No checked bits,No checked bits,0.000E+0,Unavailable,Unavailable,Unavailable (RF),Unavailable (RF),Unavailable (RF)
2026-10-01 12:23:29,Diversity / RF 1Mbps / interval BER,No checked bits,No checked bits,No checked bits,0.000E+0,Unavailable,Unavailable,Unavailable (RF),Unavailable (RF),Unavailable (RF)
2026-10-01 12:23:30,Diversity / RF 1Mbps / interval BER,No checked bits,No checked bits,No checked bits,0.000E+0,Unavailable,Unavailable,Unavailable (RF),Unavailable (RF),Unavailable (RF)
2026-10-01 12:23:31,Diversity / RF 1Mbps / interval BER,No checked bits,No checked bits,No checked bits,0.000E+0,Unavailable,Unavailable,Unavailable (RF),Unavailable (RF),Unavailable (RF)
2026-10-01 12:23:32,Diversity / RF 1Mbps / interval BER,No checked bits,No checked bits,No checked bits,0.000E+0,Unavailable,Unavailable,Unavailable (RF),Unavailable (RF),Unavailable (RF)
2026-10-01 12:23:33,Diversity / RF 1Mbps / interval BER,No checked bits,No checked bits,No checked bits,0.000E+0,Unavailable,Unavailable,Unavailable (RF),Unavailable (RF),Unavailable (RF)
2026-10-01 12:23:34,Diversity / RF 1Mbps / interval BER,No checked bits,No checked bits,No checked bits,0.000E+0,Unavailable,Unavailable,Unavailable (RF),Unavailable (RF),Unavailable (RF)
2026-10-01 12:23:35,Diversity / RF 1Mbps / interval BER,No checked bits,No checked bits,No checked bits,0.000E+0,Unavailable,Unavailable,Unavailable (RF),Unavailable (RF),Unavailable (RF)
2026-10-01 12:23:36,Diversity / RF 1Mbps / interval BER,No checked bits,No checked bits,No checked bits,0.000E+0,Unavailable,Unavailable,Unavailable (RF),Unavailable (RF),Unavailable (RF)
2026-10-01 12:23:37,Diversity / RF 1Mbps / interval BER,No checked bits,No checked bits,No checked bits,0.000E+0,Unavailable,Unavailable,Unavailable (RF),Unavailable (RF),Unavailable (RF)
2026-10-01 12:23:38,Diversity / RF 1Mbps / interval BER,No checked bits,No checked bits,No checked bits,0.000E+0,Unavailable,Unavailable,Unavailable (RF),Unavailable (RF),Unavailable (RF)
2026-10-01 12:23:39,Diversity / RF 1Mbps / interval BER,No checked bits,No checked bits,No checked bits,0.000E+0,Unavailable,Unavailable,Unavailable (RF),Unavailable (RF),Unavailable (RF)
2026-10-01 12:23:40,Diversity / RF 1Mbps / interval BER,No checked bits,No checked bits,No checked bits,0.000E+0,Unavailable,Unavailable,Unavailable (RF),Unavailable (RF),Unavailable (RF)
2026-10-01 12:23:41,Diversity / RF 1Mbps / interval BER,No checked bits,No checked bits,No checked bits,0.000E+0,Unavailable,Unavailable,Unavailable (RF),Unavailable (RF),Unavailable (RF)
2026-10-01 12:23:42,Diversity / RF 1Mbps / interval BER,No checked bits,No checked bits,No checked bits,0.000E+0,Unavailable,Unavailable,Unavailable (RF),Unavailable (RF),Unavailable (RF)
2026-10-01 12:23:43,Diversity / RF 1Mbps / interval BER,No checked bits,No checked bits,No checked bits,0.000E+0,Unavailable,Unavailable,Unavailable (RF),Unavailable (RF),Unavailable (RF)
2026-10-01 12:23:44,Diversity / RF 1Mbps / interval BER,No checked bits,No checked bits,No checked bits,0.000E+0,Unavailable,Unavailable,Unavailable (RF),Unavailable (RF),Unavailable (RF)
2026-10-01 12:23:45,Diversity / RF 1Mbps / interval BER,No checked bits,No checked bits,No checked bits,0.000E+0,Unavailable,Unavailable,Unavailable (RF),Unavailable (RF),Unavailable (RF)
2026-10-01 12:23:46,Diversity / RF 1Mbps / interval BER,No checked bits,No checked bits,No checked bits,0.000E+0,Unavailable,Unavailable,Unavailable (RF),Unavailable (RF),Unavailable (RF)
2026-10-01 12:23:47,Diversity / RF 1Mbps / interval BER,No checked bits,No checked bits,No checked bits,0.000E+0,Unavailable,Unavailable,Unavailable (RF),Unavailable (RF),Unavailable (RF)
2026-10-01 12:23:48,Diversity / RF 1Mbps / interval BER,No checked bits,No checked bits,No checked bits,0.000E+0,Unavailable,Unavailable,Unavailable (RF),Unavailable (RF),Unavailable (RF)
2026-10-01 12:23:49,Diversity / RF 1Mbps / interval BER,No checked bits,No checked bits,No checked bits,0.000E+0,Unavailable,Unavailable,Unavailable (RF),Unavailable (RF),Unavailable (RF)
2026-10-01 12:23:50,Diversity / RF 1Mbps / interval BER,No checked bits,No checked bits,No checked bits,0.000E+0,Unavailable,Unavailable,Unavailable (RF),Unavailable (RF),Unavailable (RF)
2026-10-01 12:23:51,Diversity / RF 1Mbps / interval BER,No checked bits,No checked bits,No checked bits,0.000E+0,Unavailable,Unavailable,Unavailable (RF),Unavailable (RF),Unavailable (RF)
2026-10-01 12:23:52,Diversity / RF 1Mbps / interval BER,No checked bits,No checked bits,No checked bits,0.000E+0,Unavailable,Unavailable,Unavailable (RF),Unavailable (RF),Unavailable (RF)
2026-10-01 12:23:53,Diversity / RF 1Mbps / interval BER,No checked bits,No checked bits,No checked bits,0.000E+0,Unavailable,Unavailable,Unavailable (RF),Unavailable (RF),Unavailable (RF)
2026-10-01 12:23:54,Diversity / RF 1Mbps / interval BER,No checked bits,No checked bits,No checked bits,0.000E+0,Unavailable,Unavailable,Unavailable (RF),Unavailable (RF),Unavailable (RF)
2026-10-01 12:23:55,Diversity / RF 1Mbps / interval BER,No checked bits,No checked bits,No checked bits,0.000E+0,Unavailable,Unavailable,Unavailable (RF),Unavailable (RF),Unavailable (RF)
2026-10-01 12:23:56,Diversity / RF 1Mbps / interval BER,No checked bits,No checked bits,No checked bits,0.000E+0,Unavailable,Unavailable,Unavailable (RF),Unavailable (RF),Unavailable (RF)
2026-10-01 12:23:57,Diversity / RF 1Mbps / interval BER,No checked bits,No checked bits,No checked bits,0.000E+0,Unavailable,Unavailable,Unavailable (RF),Unavailable (RF),Unavailable (RF)
2026-10-01 12:23:58,Diversity / RF 1Mbps / interval BER,No checked bits,No checked bits,No checked bits,0.000E+0,Unavailable,Unavailable,Unavailable (RF),Unavailable (RF),Unavailable (RF)
2026-10-01 12:23:59,Diversity / RF 1Mbps / interval BER,No checked bits,No checked bits,No checked bits,0.000E+0,Unavailable,Unavailable,Unavailable (RF),Unavailable (RF),Unavailable (RF)
2026-10-01 12:24:00,Diversity / RF 1Mbps / interval BER,No checked bits,No checked bits,No checked bits,0.000E+0,Unavailable,Unavailable,Unavailable (RF),Unavailable (RF),Unavailable (RF)
2026-10-01 12:24:01,Diversity / RF 1Mbps / interval BER,No checked bits,No checked bits,No checked bits,0.000E+0,Unavailable,Unavailable,Unavailable (RF),Unavailable (RF),Unavailable (RF)
2026-10-01 12:24:02,Diversity / RF 1Mbps / interval BER,No checked bits,No checked bits,No checked bits,0.000E+0,Unavailable,Unavailable,Unavailable (RF),Unavailable (RF),Unavailable (RF)
2026-10-01 12:24:03,Diversity / RF 1Mbps / interval BER,No checked bits,No checked bits,No checked bits,0.000E+0,Unavailable,Unavailable,Unavailable (RF),Unavailable (RF),Unavailable (RF)
2026-10-01 12:24:04,Diversity / RF 1Mbps / interval BER,No checked bits,No checked bits,No checked bits,0.000E+0,Unavailable,Unavailable,Unavailable (RF),Unavailable (RF),Unavailable (RF)
2026-10-01 12:24:05,Diversity / RF 1Mbps / interval BER,No checked bits,No checked bits,No checked bits,0.000E+0,Unavailable,Unavailable,Unavailable (RF),Unavailable (RF),Unavailable (RF)
2026-10-01 12:24:06,Diversity / RF 1Mbps / interval BER,No checked bits,No checked bits,No checked bits,0.000E+0,Unavailable,Unavailable,Unavailable (RF),Unavailable (RF),Unavailable (RF)
2026-10-01 12:24:07,Diversity / RF 1Mbps / interval BER,No checked bits,No checked bits,No checked bits,0.000E+0,Unavailable,Unavailable,Unavailable (RF),Unavailable (RF),Unavailable (RF)
2026-10-01 12:24:08,Diversity / RF 1Mbps / interval BER,1.263E-01,No checked bits,1.263E-01,0.000E+0,4.650,0.000,Unavailable (RF),Unavailable (RF),Unavailable (RF)
2026-10-01 12:24:09,Diversity / RF 1Mbps / interval BER,1.333E-01,No checked bits,1.333E-01,0.000E+0,6.277,0.000,Unavailable (RF),Unavailable (RF),Unavailable (RF)
2026-10-01 12:24:10,Diversity / RF 1Mbps / interval BER,1.251E-01,No checked bits,1.251E-01,0.000E+0,8.973,0.000,Unavailable (RF),Unavailable (RF),Unavailable (RF)
2026-10-01 12:24:11,Diversity / RX1 / interval BER,1.258E-01,0.000E+00,1.258E-01,N/A,10.909,0.000,1.273E-01,10.909027,0.000000
2026-10-01 12:24:12,Diversity / RX1 / interval BER,1.257E-01,0.000E+00,1.257E-01,N/A,Unavailable,Unavailable,Unavailable,Unavailable,Unavailable
2026-10-01 12:24:13,Diversity / RX1 / interval BER,1.252E-01,0.000E+00,1.252E-01,N/A,45.200,0.000,1.239E-01,45.199789,0.000000
2026-10-01 12:24:14,Diversity / RX1 / interval BER,1.249E-01,0.000E+00,1.249E-01,N/A,21.197,0.000,1.247E-01,21.197134,0.000000
2026-10-01 12:24:15,Diversity / RX1 / interval BER,1.250E-01,0.000E+00,1.249E-01,N/A,31.852,0.000,1.231E-01,31.852269,0.000000
2026-10-01 12:24:16,Diversity / RX1 / interval BER,1.192E-01,0.000E+00,1.192E-01,N/A,50.000,0.000,1.176E-01,50.000000,0.000000
2026-10-01 12:24:17,Diversity / RX1 / interval BER,1.247E-01,0.000E+00,1.247E-01,N/A,50.000,0.000,1.231E-01,50.000001,0.000000
2026-10-01 12:24:18,Diversity / RX1 / interval BER,1.237E-01,6.247E-02,9.464E-02,N/A,50.000,37.085,1.224E-01,50.000000,0.000000
2026-10-01 12:24:19,Diversity / RX1 / interval BER,1.247E-01,6.236E-02,8.264E-02,N/A,48.318,50.000,1.232E-01,48.318200,0.000000
2026-10-01 12:24:20,Diversity / RX2 / interval BER,1.232E-01,5.811E-02,7.980E-02,N/A,50.000,50.000,1.055E-01,50.000000,0.000000
2026-10-01 12:24:21,Diversity / RX2 / interval BER,1.196E-01,4.565E-02,7.031E-02,N/A,38.919,50.000,7.111E-02,50.000000,0.000000
2026-10-01 12:24:22,Diversity / RX2 / interval BER,1.246E-01,2.218E-02,3.830E-02,N/A,29.918,50.000,2.410E-02,50.000000,0.000000
2026-10-01 12:24:23,Diversity / RX2 / interval BER,1.208E-01,2.626E-03,4.202E-02,N/A,50.000,50.000,1.006E-03,50.000000,0.000000
2026-10-01 12:24:24,Diversity / RX2 / interval BER,1.236E-01,7.302E-05,4.125E-02,N/A,50.000,50.000,7.316E-05,50.000000,0.000000
2026-10-01 12:24:25,Diversity / RX2 / interval BER,1.213E-01,2.419E-05,4.045E-02,N/A,50.000,50.000,3.374E-05,50.000000,0.000000
2026-10-01 12:24:26,Diversity / RX2 / interval BER,1.186E-01,9.350E-06,3.953E-02,N/A,50.000,50.000,7.500E-06,50.000000,0.000000
2026-10-01 12:24:27,Diversity / RX2 / interval BER,1.199E-01,2.136E-06,3.996E-02,N/A,50.000,50.000,1.741E-06,50.000000,0.000000
2026-10-01 12:24:28,Diversity / RX2 / interval BER,1.196E-01,3.441E-07,3.987E-02,N/A,50.000,50.000,1.168E-07,50.000000,0.000000
2026-10-01 12:24:29,Diversity / RX2 / interval BER,1.202E-01,4.980E-08,4.006E-02,N/A,50.000,50.000,0.000E+00,50.000000,0.000000
2026-10-01 12:24:30,Diversity / RX2 / interval BER,1.191E-01,0.000E+00,3.968E-02,N/A,50.000,50.000,0.000E+00,49.999999,0.000000
2026-10-01 12:24:31,Diversity / RX2 / interval BER,1.181E-01,0.000E+00,3.938E-02,N/A,50.000,50.000,0.000E+00,50.000000,0.000000
2026-10-01 12:24:32,Diversity / RX2 / interval BER,8.971E-02,0.000E+00,2.990E-02,N/A,50.000,50.000,0.000E+00,50.000000,0.000000
2026-10-01 12:24:33,Diversity / RX2 / interval BER,1.035E-01,0.000E+00,3.451E-02,N/A,50.000,50.000,0.000E+00,50.000000,0.000000
2026-10-01 12:24:34,Diversity / RX2 / interval BER,9.800E-02,0.000E+00,3.267E-02,N/A,50.000,50.000,0.000E+00,50.000000,0.000000
2026-10-01 12:24:35,Diversity / RX2 / interval BER,7.717E-02,9.970E-09,2.572E-02,N/A,50.000,50.000,1.179E-07,50.000000,0.000000
2026-10-01 12:24:36,Diversity / RX2 / interval BER,4.685E-02,0.000E+00,1.562E-02,N/A,50.000,50.000,0.000E+00,50.000000,0.000000
2026-10-01 12:24:37,Diversity / RX2 / interval BER,5.806E-02,9.960E-09,1.935E-02,N/A,50.000,50.000,0.000E+00,50.000000,0.000000
2026-10-01 12:24:38,Diversity / RX2 / interval BER,2.160E-02,2.988E-08,7.201E-03,N/A,50.000,50.000,0.000E+00,50.000000,0.000000
2026-10-01 12:24:39,Diversity / RX2 / interval BER,6.056E-04,3.792E-07,2.021E-04,N/A,50.000,50.000,4.642E-07,50.000001,0.000000
2026-10-01 12:24:40,Diversity / RX2 / interval BER,7.778E-04,2.008E-06,2.606E-04,N/A,50.000,50.000,2.474E-06,50.000000,0.000000
2026-10-01 12:24:41,Diversity / RX2 / interval BER,4.965E-06,8.242E-07,2.205E-06,N/A,50.000,50.000,1.579E-06,50.000000,0.000000
2026-10-01 12:24:42,Diversity / RX1 / interval BER,1.010E-07,7.172E-07,5.118E-07,N/A,50.000,50.000,3.505E-07,50.000000,0.000000
2026-10-01 12:24:43,Diversity / RX1 / interval BER,0.000E+00,6.886E-07,4.591E-07,N/A,50.000,50.000,0.000E+00,49.999999,0.000000
2026-10-01 12:24:44,Diversity / RX1 / interval BER,0.000E+00,1.493E-07,9.950E-08,N/A,50.000,50.000,0.000E+00,50.000000,0.000000
2026-10-01 12:24:45,Diversity / RX1 / interval BER,0.000E+00,3.996E-08,2.664E-08,N/A,50.000,50.000,0.000E+00,50.000000,0.000000
2026-10-01 12:24:46,Diversity / RX1 / interval BER,0.000E+00,1.196E-07,7.976E-08,N/A,50.000,50.000,0.000E+00,50.000001,0.000000
2026-10-01 12:24:47,Diversity / RX1 / interval BER,0.000E+00,1.097E-07,7.311E-08,N/A,50.000,50.000,0.000E+00,50.000000,0.000000
2026-10-01 12:24:48,Diversity / RX1 / interval BER,0.000E+00,1.215E-07,8.097E-08,N/A,50.000,50.000,0.000E+00,50.000000,0.000000
2026-10-01 12:24:49,Diversity / RX1 / interval BER,0.000E+00,1.595E-07,1.063E-07,N/A,50.000,50.000,0.000E+00,50.000000,0.000000
2026-10-01 12:24:50,Diversity / RX1 / interval BER,0.000E+00,1.493E-07,9.950E-08,N/A,50.000,50.000,0.000E+00,50.000000,0.000000
2026-10-01 12:24:51,Diversity / RX1 / interval BER,0.000E+00,3.920E-07,2.613E-07,N/A,50.000,50.000,0.000E+00,50.000001,0.000000
2026-10-01 12:24:52,Diversity / RX1 / interval BER,0.000E+00,3.386E-07,2.258E-07,N/A,50.000,50.000,0.000E+00,50.000000,0.000000
2026-10-01 12:24:53,Diversity / RX1 / interval BER,0.000E+00,4.885E-07,3.257E-07,N/A,50.000,50.000,0.000E+00,50.000000,0.000000
2026-10-01 12:24:54,Diversity / RX1 / interval BER,0.000E+00,1.011E-06,6.740E-07,N/A,50.000,50.000,0.000E+00,50.000000,0.000000
2026-10-01 12:24:55,Diversity / RX1 / interval BER,0.000E+00,1.163E-06,7.752E-07,N/A,50.000,50.000,0.000E+00,50.000000,0.000000
2026-10-01 12:24:56,Diversity / RX1 / interval BER,0.000E+00,2.473E-06,1.648E-06,N/A,50.000,50.000,0.000E+00,50.000000,0.000000
2026-10-01 12:24:57,Diversity / RX1 / interval BER,0.000E+00,2.570E-06,1.713E-06,N/A,50.000,50.000,0.000E+00,50.000000,0.000000
2026-10-01 12:24:58,Diversity / RX1 / interval BER,0.000E+00,3.210E-06,2.140E-06,N/A,50.000,50.000,0.000E+00,50.000000,0.000000
2026-10-01 12:24:59,Diversity / RX1 / interval BER,0.000E+00,3.765E-06,2.510E-06,N/A,50.000,50.000,0.000E+00,49.999999,0.000000
2026-10-01 12:25:00,Diversity / RX1 / interval BER,0.000E+00,3.235E-06,2.157E-06,N/A,50.000,50.000,0.000E+00,50.000001,0.000000
2026-10-01 12:25:01,Diversity / RX1 / interval BER,0.000E+00,6.394E-06,4.263E-06,N/A,50.000,50.000,0.000E+00,49.999999,0.000000
2026-10-01 12:25:02,Diversity / RX1 / interval BER,0.000E+00,5.434E-06,3.622E-06,N/A,50.000,50.000,0.000E+00,50.000001,0.000000
2026-10-01 12:25:03,Diversity / RX1 / interval BER,0.000E+00,8.133E-06,5.422E-06,N/A,50.000,50.000,0.000E+00,49.999999,0.000000
2026-10-01 12:25:04,Diversity / RX1 / interval BER,0.000E+00,7.667E-06,5.111E-06,N/A,50.000,50.000,0.000E+00,50.000000,0.000000
2026-10-01 12:25:05,Diversity / RX1 / interval BER,0.000E+00,3.027E-06,2.018E-06,N/A,50.000,50.000,0.000E+00,50.000001,0.000000
2026-10-01 12:25:06,Diversity / RX1 / interval BER,0.000E+00,1.434E-06,9.562E-07,N/A,50.000,50.000,0.000E+00,49.999999,0.000000
2026-10-01 12:25:07,Diversity / RX1 / interval BER,0.000E+00,2.187E-07,1.458E-07,N/A,50.000,50.000,0.000E+00,50.000000,0.000000
2026-10-01 12:25:08,Diversity / RX1 / interval BER,0.000E+00,5.976E-08,3.984E-08,N/A,50.000,50.000,0.000E+00,50.000000,0.000000
2026-10-01 12:25:09,Diversity / RX1 / interval BER,0.000E+00,6.979E-08,4.653E-08,N/A,50.000,50.000,0.000E+00,50.000000,0.000000
2026-10-01 12:25:10,Diversity / RX1 / interval BER,0.000E+00,1.994E-08,1.329E-08,N/A,50.000,50.000,0.000E+00,49.999999,0.000000
2026-10-01 12:25:11,Diversity / RX1 / interval BER,0.000E+00,0.000E+00,0.000E+00,N/A,50.000,50.000,0.000E+00,50.000000,0.000000
2026-10-01 12:25:12,Diversity / RX1 / interval BER,0.000E+00,0.000E+00,0.000E+00,N/A,50.000,50.000,0.000E+00,50.000001,0.000000
2026-10-01 12:25:13,Diversity / RX1 / interval BER,0.000E+00,0.000E+00,0.000E+00,N/A,50.000,50.000,0.000E+00,50.000000,0.000000
2026-10-01 12:25:14,Diversity / RX1 / interval BER,0.000E+00,0.000E+00,0.000E+00,N/A,50.000,50.000,0.000E+00,49.999999,0.000000
2026-10-01 12:25:15,Diversity / RX1 / interval BER,0.000E+00,0.000E+00,0.000E+00,N/A,50.000,50.000,0.000E+00,50.000000,0.000000
2026-10-01 12:25:16,Diversity / RX1 / interval BER,0.000E+00,0.000E+00,0.000E+00,N/A,50.000,50.000,0.000E+00,50.000000,0.000000
2026-10-01 12:25:17,Diversity / RX1 / interval BER,0.000E+00,0.000E+00,0.000E+00,N/A,50.000,50.000,0.000E+00,50.000000,0.000000
2026-10-01 12:25:18,Diversity / RX1 / interval BER,0.000E+00,0.000E+00,0.000E+00,N/A,50.000,50.000,0.000E+00,50.000000,0.000000
2026-10-01 12:25:19,Diversity / RX1 / interval BER,0.000E+00,0.000E+00,0.000E+00,N/A,50.000,50.000,0.000E+00,49.999999,0.000000
2026-10-01 12:25:20,Diversity / RX1 / interval BER,0.000E+00,0.000E+00,0.000E+00,N/A,50.000,50.000,0.000E+00,50.000000,0.000000
2026-10-01 12:25:21,Diversity / RX1 / interval BER,0.000E+00,0.000E+00,0.000E+00,N/A,50.000,50.000,0.000E+00,50.000000,0.000000
2026-10-01 12:25:22,Diversity / RX1 / interval BER,0.000E+00,0.000E+00,0.000E+00,N/A,50.000,50.000,0.000E+00,50.000000,0.000000
2026-10-01 12:25:23,Diversity / RX1 / interval BER,0.000E+00,0.000E+00,0.000E+00,N/A,50.000,50.000,0.000E+00,50.000000,0.000000
2026-10-01 12:25:24,Diversity / RX1 / interval BER,0.000E+00,0.000E+00,0.000E+00,N/A,50.000,50.000,0.000E+00,50.000001,0.000000
2026-10-01 12:25:25,Diversity / RX1 / interval BER,0.000E+00,0.000E+00,0.000E+00,N/A,50.000,50.000,0.000E+00,50.000000,0.000000
2026-10-01 12:25:26,Diversity / RX1 / interval BER,0.000E+00,1.996E-08,1.331E-08,N/A,50.000,50.000,0.000E+00,50.000000,0.000000
2026-10-01 12:25:27,Diversity / RX1 / interval BER,0.000E+00,0.000E+00,0.000E+00,N/A,50.000,50.000,0.000E+00,50.000001,0.000000
2026-10-01 12:25:28,Diversity / RX1 / interval BER,0.000E+00,0.000E+00,0.000E+00,N/A,50.000,50.000,0.000E+00,50.000000,0.000000
2026-10-01 12:25:29,Diversity / RX1 / interval BER,0.000E+00,0.000E+00,0.000E+00,N/A,50.000,50.000,0.000E+00,50.000000,0.000000
2026-10-01 12:25:30,Diversity / RX1 / interval BER,0.000E+00,0.000E+00,0.000E+00,N/A,50.000,50.000,0.000E+00,50.000000,0.000000
2026-10-01 12:25:31,Diversity / RX1 / interval BER,0.000E+00,0.000E+00,0.000E+00,N/A,50.000,50.000,0.000E+00,50.000000,0.000000
2026-10-01 12:25:32,Diversity / RX1 / interval BER,0.000E+00,0.000E+00,0.000E+00,N/A,50.000,50.000,0.000E+00,50.000001,0.000000
2026-10-01 12:25:33,Diversity / RX1 / interval BER,0.000E+00,0.000E+00,0.000E+00,N/A,50.000,50.000,0.000E+00,50.000000,0.000000
2026-10-01 12:25:34,Diversity / RX1 / interval BER,0.000E+00,0.000E+00,0.000E+00,N/A,50.000,50.000,0.000E+00,50.000000,0.000000
2026-10-01 12:25:35,Diversity / RX1 / interval BER,0.000E+00,0.000E+00,0.000E+00,N/A,50.000,50.000,0.000E+00,49.999999,0.000000
2026-10-01 12:25:36,Diversity / RX1 / interval BER,0.000E+00,0.000E+00,0.000E+00,N/A,50.000,50.000,0.000E+00,50.000001,0.000000
2026-10-01 12:25:37,Diversity / RX1 / interval BER,0.000E+00,0.000E+00,0.000E+00,N/A,50.000,50.000,0.000E+00,50.000000,0.000000
2026-10-01 12:25:38,Diversity / RX1 / interval BER,0.000E+00,0.000E+00,0.000E+00,N/A,50.000,50.000,0.000E+00,49.999999,0.000000
2026-10-01 12:25:39,Diversity / RX1 / interval BER,0.000E+00,0.000E+00,0.000E+00,N/A,50.000,50.000,0.000E+00,50.000000,0.000000
2026-10-01 12:25:40,Diversity / RX1 / interval BER,0.000E+00,0.000E+00,0.000E+00,N/A,50.000,50.000,0.000E+00,50.000000,0.000000
2026-10-01 12:25:41,Diversity / RX1 / interval BER,0.000E+00,0.000E+00,0.000E+00,N/A,50.000,50.000,0.000E+00,50.000000,0.000000
2026-10-01 12:25:42,Diversity / RX1 / interval BER,0.000E+00,0.000E+00,0.000E+00,N/A,50.000,50.000,0.000E+00,50.000000,0.000000
2026-10-01 12:25:43,Diversity / RX1 / interval BER,0.000E+00,0.000E+00,0.000E+00,N/A,50.000,50.000,0.000E+00,50.000000,0.000000
2026-10-01 12:25:44,Diversity / RX1 / interval BER,0.000E+00,0.000E+00,0.000E+00,N/A,50.000,50.000,0.000E+00,50.000001,0.000000
2026-10-01 12:25:45,Diversity / RX1 / interval BER,0.000E+00,0.000E+00,0.000E+00,N/A,50.000,50.000,0.000E+00,50.000000,0.000000
2026-10-01 12:25:46,Diversity / RX1 / interval BER,0.000E+00,0.000E+00,0.000E+00,N/A,50.000,50.000,0.000E+00,50.000000,0.000000
2026-10-01 12:25:47,Diversity / RX1 / interval BER,0.000E+00,0.000E+00,0.000E+00,N/A,50.000,50.000,0.000E+00,50.000000,0.000000
2026-10-01 12:25:48,Diversity / RX1 / interval BER,0.000E+00,0.000E+00,0.000E+00,N/A,50.000,50.000,0.000E+00,50.000000,0.000000
2026-10-01 12:25:49,Diversity / RX1 / interval BER,0.000E+00,0.000E+00,0.000E+00,N/A,50.000,50.000,0.000E+00,49.999999,0.000000
2026-10-01 12:25:50,Diversity / RX1 / interval BER,0.000E+00,0.000E+00,0.000E+00,N/A,50.000,50.000,0.000E+00,50.000001,0.000000
2026-10-01 12:25:51,Diversity / RX1 / interval BER,0.000E+00,0.000E+00,0.000E+00,N/A,50.000,50.000,0.000E+00,50.000000,0.000000
2026-10-01 12:25:52,Diversity / RX1 / interval BER,0.000E+00,0.000E+00,0.000E+00,N/A,50.000,50.000,0.000E+00,50.000000,0.000000
2026-10-01 12:25:53,Diversity / RX1 / interval BER,0.000E+00,0.000E+00,0.000E+00,N/A,50.000,50.000,0.000E+00,50.000000,0.000000
2026-10-01 12:25:54,Diversity / RX1 / interval BER,0.000E+00,0.000E+00,0.000E+00,N/A,50.000,50.000,0.000E+00,50.000000,0.000000
2026-10-01 12:25:55,Diversity / RX1 / interval BER,0.000E+00,0.000E+00,0.000E+00,N/A,50.000,50.000,0.000E+00,50.000000,0.000000
2026-10-01 12:25:56,Diversity / RX1 / interval BER,0.000E+00,0.000E+00,0.000E+00,N/A,50.000,50.000,0.000E+00,50.000001,0.000000
2026-10-01 12:25:57,Diversity / RX1 / interval BER,0.000E+00,0.000E+00,0.000E+00,N/A,50.000,50.000,0.000E+00,49.999999,0.000000
2026-10-01 12:25:58,Diversity / RX1 / interval BER,0.000E+00,0.000E+00,0.000E+00,N/A,50.000,50.000,0.000E+00,50.000001,0.000000
2026-10-01 12:25:59,Diversity / RX1 / interval BER,0.000E+00,0.000E+00,0.000E+00,N/A,50.000,50.000,0.000E+00,50.000000,0.000000
2026-10-01 12:26:00,Diversity / RX1 / interval BER,0.000E+00,0.000E+00,0.000E+00,N/A,50.000,50.000,0.000E+00,49.999999,0.000000
2026-10-01 12:26:01,Diversity / RX1 / interval BER,0.000E+00,0.000E+00,0.000E+00,N/A,50.000,50.000,0.000E+00,50.000000,0.000000
2026-10-01 12:26:02,Diversity / RX1 / interval BER,0.000E+00,0.000E+00,0.000E+00,N/A,50.000,50.000,0.000E+00,50.000000,0.000000
2026-10-01 12:26:03,Diversity / RX1 / interval BER,0.000E+00,0.000E+00,0.000E+00,N/A,50.000,50.000,0.000E+00,50.000000,0.000000
2026-10-01 12:26:04,Diversity / RX1 / interval BER,0.000E+00,0.000E+00,0.000E+00,N/A,50.000,50.000,0.000E+00,50.000000,0.000000
2026-10-01 12:26:05,Diversity / RX1 / interval BER,0.000E+00,0.000E+00,0.000E+00,N/A,50.000,50.000,0.000E+00,50.000000,0.000000
2026-10-01 12:26:06,Diversity / RX1 / interval BER,0.000E+00,0.000E+00,0.000E+00,N/A,50.000,50.000,0.000E+00,49.999999,0.000000
2026-10-01 12:26:07,Diversity / RX1 / interval BER,0.000E+00,0.000E+00,0.000E+00,N/A,50.000,50.000,0.000E+00,50.000001,0.000000
2026-10-01 12:26:08,Diversity / RX1 / interval BER,0.000E+00,0.000E+00,0.000E+00,N/A,50.000,50.000,0.000E+00,50.000000,0.000000
2026-10-01 12:26:09,Diversity / RX1 / interval BER,0.000E+00,0.000E+00,0.000E+00,N/A,50.000,50.000,0.000E+00,50.000000,0.000000
2026-10-01 12:26:10,Diversity / RX1 / interval BER,0.000E+00,0.000E+00,0.000E+00,N/A,50.000,50.000,0.000E+00,50.000000,0.000000
2026-10-01 12:26:11,Diversity / RX1 / interval BER,0.000E+00,0.000E+00,0.000E+00,N/A,50.000,50.000,0.000E+00,50.000000,0.000000
2026-10-01 12:26:12,Diversity / RX1 / interval BER,0.000E+00,0.000E+00,0.000E+00,N/A,50.000,50.000,0.000E+00,50.000000,0.000000
2026-10-01 12:26:13,Diversity / RX1 / interval BER,0.000E+00,0.000E+00,0.000E+00,N/A,50.000,50.000,0.000E+00,50.000000,0.000000
2026-10-01 12:26:14,Diversity / RX1 / interval BER,0.000E+00,0.000E+00,0.000E+00,N/A,50.000,50.000,0.000E+00,50.000000,0.000000
2026-10-01 12:26:15,Diversity / RX1 / interval BER,0.000E+00,0.000E+00,0.000E+00,N/A,50.000,50.000,0.000E+00,50.000000,0.000000
2026-10-01 12:26:16,Diversity / RX1 / interval BER,0.000E+00,0.000E+00,0.000E+00,N/A,50.000,50.000,0.000E+00,50.000000,0.000000
2026-10-01 12:26:17,Diversity / RX1 / interval BER,0.000E+00,0.000E+00,0.000E+00,N/A,50.000,50.000,0.000E+00,50.000000,0.000000
2026-10-01 12:26:18,Diversity / RX1 / interval BER,0.000E+00,0.000E+00,0.000E+00,N/A,50.000,50.000,0.000E+00,49.999999,0.000000
2026-10-01 12:26:19,Diversity / RX1 / interval BER,0.000E+00,0.000E+00,0.000E+00,N/A,50.000,50.000,0.000E+00,50.000001,0.000000
2026-10-01 12:26:20,Diversity / RX1 / interval BER,0.000E+00,0.000E+00,0.000E+00,N/A,50.000,50.000,0.000E+00,49.999999,0.000000
2026-10-01 12:26:21,Diversity / RX1 / interval BER,0.000E+00,0.000E+00,0.000E+00,N/A,50.000,50.000,0.000E+00,50.000001,0.000000
2026-10-01 12:26:22,Diversity / RX1 / interval BER,0.000E+00,0.000E+00,0.000E+00,N/A,50.000,50.000,0.000E+00,50.000000,0.000000
2026-10-01 12:26:23,Diversity / RX1 / interval BER,0.000E+00,0.000E+00,0.000E+00,N/A,50.000,50.000,0.000E+00,50.000000,0.000000
2026-10-01 12:26:24,Diversity / RX1 / interval BER,0.000E+00,0.000E+00,0.000E+00,N/A,50.000,50.000,0.000E+00,49.999999,0.000000
2026-10-01 12:26:25,Diversity / RX1 / interval BER,0.000E+00,0.000E+00,0.000E+00,N/A,50.000,50.000,0.000E+00,50.000000,0.000000
2026-10-01 12:26:26,Diversity / RX1 / interval BER,0.000E+00,0.000E+00,0.000E+00,N/A,50.000,50.000,0.000E+00,49.999999,0.000000
2026-10-01 12:26:27,Diversity / RX1 / interval BER,0.000E+00,0.000E+00,0.000E+00,N/A,50.000,50.000,0.000E+00,50.000001,0.000000
2026-10-01 12:26:29,Diversity / RX1 / interval BER,0.000E+00,0.000E+00,0.000E+00,N/A,50.000,50.000,0.000E+00,50.000000,0.000000
2026-10-01 12:26:30,Diversity / RX1 / interval BER,0.000E+00,0.000E+00,0.000E+00,N/A,50.000,50.000,0.000E+00,50.000001,0.000000
2026-10-01 12:26:31,Diversity / RX1 / interval BER,0.000E+00,0.000E+00,0.000E+00,N/A,50.000,50.000,0.000E+00,50.000000,0.000000
2026-10-01 12:26:31,Diversity / RX1 / interval BER,0.000E+00,0.000E+00,0.000E+00,N/A,50.000,50.000,0.000E+00,50.000000,0.000000
2026-10-01 12:26:32,Diversity / RX1 / interval BER,0.000E+00,0.000E+00,0.000E+00,N/A,50.000,50.000,0.000E+00,50.000000,0.000000
2026-10-01 12:26:33,Diversity / RX1 / interval BER,0.000E+00,0.000E+00,0.000E+00,N/A,50.000,50.000,0.000E+00,50.000000,0.000000
2026-10-01 12:26:34,Diversity / RX1 / interval BER,0.000E+00,0.000E+00,0.000E+00,N/A,50.000,50.000,0.000E+00,50.000000,0.000000
