Time,Mode,FSO-BER1,FSO-BER2,FSO-ABER,RF-BER,Rx1,Rx2,OBER,Throughput,Delivery
2026-09-30 14:37:02,SMP / paired RX / per-link line rate / both lanes counting / interval BER,0.000E+00,0.000E+00,0.000E+00,N/A,50.000,50.000,0.000E+00,100.000001,76.747852
2026-09-30 14:37:03,SMP / paired RX / per-link line rate / both lanes counting / interval BER,0.000E+00,0.000E+00,0.000E+00,N/A,50.000,50.000,0.000E+00,99.999999,77.197679
2026-09-30 14:37:04,SMP / paired RX / per-link line rate / both lanes counting / interval BER,0.000E+00,0.000E+00,0.000E+00,N/A,50.000,50.000,0.000E+00,100.000001,76.856380
2026-09-30 14:37:05,SMP / paired RX / per-link line rate / both lanes counting / interval BER,0.000E+00,0.000E+00,0.000E+00,N/A,50.000,50.000,0.000E+00,99.999999,76.099901
2026-09-30 14:37:06,SMP / paired RX / per-link line rate / both lanes counting / interval BER,0.000E+00,0.000E+00,0.000E+00,N/A,50.000,50.000,0.000E+00,100.000001,76.843608
2026-09-30 14:37:07,SMP / paired RX / per-link line rate / both lanes counting / interval BER,0.000E+00,0.000E+00,0.000E+00,N/A,50.000,50.000,0.000E+00,100.000000,77.109298
2026-09-30 14:37:08,SMP / paired RX / per-link line rate / both lanes counting / interval BER,0.000E+00,0.000E+00,0.000E+00,N/A,50.000,50.000,0.000E+00,100.000000,76.821497
2026-09-30 14:37:09,SMP / paired RX / per-link line rate / both lanes counting / interval BER,0.000E+00,0.000E+00,0.000E+00,N/A,50.000,50.000,0.000E+00,100.000000,76.653937
2026-09-30 14:37:10,SMP / paired RX / per-link line rate / both lanes counting / interval BER,0.000E+00,0.000E+00,0.000E+00,N/A,50.000,50.000,0.000E+00,100.000001,77.131275
2026-09-30 14:37:11,SMP / paired RX / per-link line rate / both lanes counting / interval BER,0.000E+00,0.000E+00,0.000E+00,N/A,50.000,50.000,0.000E+00,99.999999,77.088669
2026-09-30 14:37:12,SMP / paired RX / per-link line rate / both lanes counting / interval BER,0.000E+00,0.000E+00,0.000E+00,N/A,50.000,50.000,0.000E+00,99.999999,76.604551
2026-09-30 14:37:13,SMP / paired RX / per-link line rate / both lanes counting / interval BER,0.000E+00,0.000E+00,0.000E+00,N/A,50.000,50.000,0.000E+00,100.000000,76.496482
2026-09-30 14:37:14,SMP / paired RX / per-link line rate / both lanes counting / interval BER,0.000E+00,0.000E+00,0.000E+00,N/A,50.000,50.000,0.000E+00,100.000001,77.133021
2026-09-30 14:37:15,SMP / paired RX / per-link line rate / both lanes counting / interval BER,0.000E+00,0.000E+00,0.000E+00,N/A,50.000,50.000,0.000E+00,100.000000,77.176064
2026-09-30 14:37:16,SMP / paired RX / per-link line rate / both lanes counting / interval BER,0.000E+00,0.000E+00,0.000E+00,N/A,50.000,50.000,0.000E+00,100.000000,76.637014
2026-09-30 14:37:17,SMP / paired RX / per-link line rate / both lanes counting / interval BER,0.000E+00,0.000E+00,0.000E+00,N/A,50.000,50.000,0.000E+00,100.000000,76.399936
2026-09-30 14:37:18,SMP / paired RX / per-link line rate / both lanes counting / interval BER,0.000E+00,0.000E+00,0.000E+00,N/A,50.000,50.000,0.000E+00,100.000001,77.024039
2026-09-30 14:37:19,SMP / paired RX / per-link line rate / both lanes counting / interval BER,0.000E+00,0.000E+00,0.000E+00,N/A,50.000,50.000,0.000E+00,100.000000,77.180282
2026-09-30 14:37:20,SMP / paired RX / per-link line rate / both lanes counting / interval BER,7.976E-08,0.000E+00,4.515E-08,N/A,50.000,50.000,3.997E-08,100.000000,76.701750
2026-09-30 14:37:21,SMP / paired RX / per-link line rate / both lanes counting / interval BER,0.000E+00,0.000E+00,0.000E+00,N/A,50.000,50.000,0.000E+00,99.999999,76.578017
2026-09-30 14:37:22,SMP / paired RX / per-link line rate / both lanes counting / interval BER,0.000E+00,0.000E+00,0.000E+00,N/A,50.000,50.000,0.000E+00,100.000001,77.129175
2026-09-30 14:37:23,SMP / paired RX / per-link line rate / both lanes counting / interval BER,0.000E+00,0.000E+00,0.000E+00,N/A,50.000,50.000,0.000E+00,100.000000,77.153646
2026-09-30 14:37:24,SMP / paired RX / per-link line rate / both lanes counting / interval BER,0.000E+00,0.000E+00,0.000E+00,N/A,50.000,50.000,0.000E+00,99.999999,76.629963
2026-09-30 14:37:25,SMP / paired RX / per-link line rate / both lanes counting / interval BER,0.000E+00,0.000E+00,0.000E+00,N/A,50.000,50.000,0.000E+00,100.000000,76.794293
2026-09-30 14:37:26,SMP / paired RX / per-link line rate / both lanes counting / interval BER,0.000E+00,0.000E+00,0.000E+00,N/A,50.000,50.000,0.000E+00,100.000002,77.430961
2026-09-30 14:37:27,SMP / paired RX / per-link line rate / both lanes counting / interval BER,0.000E+00,0.000E+00,0.000E+00,N/A,50.000,50.000,0.000E+00,100.000000,77.262349
2026-09-30 14:37:28,SMP / paired RX / per-link line rate / both lanes counting / interval BER,3.004E-04,0.000E+00,1.659E-04,N/A,38.085,50.000,1.913E-03,88.085383,52.390986
2026-09-30 14:37:29,SMP / paired RX / per-link line rate / INCOMPLETE: missing lane / interval BER,1.872E-02,0.000E+00,2.416E-03,N/A,Unavailable,Unavailable,Unavailable,Unavailable,Unavailable
2026-09-30 14:37:30,SMP / RF pending / per-link line rate / INCOMPLETE: missing lane / interval BER,No checked bits,7.422E-02,7.422E-02,N/A,Unavailable,Unavailable,Unavailable (RF),Unavailable (RF),Unavailable (RF)
2026-09-30 14:37:32,SMP / RF 1Mbps / per-link line rate / INCOMPLETE: missing lane / interval BER,No checked bits,No checked bits,No checked bits,N/A,Unavailable,Unavailable,Unavailable (RF),Unavailable (RF),Unavailable (RF)
2026-09-30 14:37:33,SMP / RF 1Mbps / per-link line rate / INCOMPLETE: missing lane / interval BER,No checked bits,No checked bits,No checked bits,0.000E+0,Unavailable,Unavailable,Unavailable (RF),Unavailable (RF),Unavailable (RF)
2026-09-30 14:37:34,SMP / RF 1Mbps / per-link line rate / INCOMPLETE: missing lane / interval BER,No checked bits,No checked bits,No checked bits,0.000E+0,Unavailable,Unavailable,Unavailable (RF),Unavailable (RF),Unavailable (RF)
2026-09-30 14:37:35,SMP / RF 1Mbps / per-link line rate / INCOMPLETE: missing lane / interval BER,No checked bits,No checked bits,No checked bits,0.000E+0,Unavailable,Unavailable,Unavailable (RF),Unavailable (RF),Unavailable (RF)
2026-09-30 14:37:36,SMP / RF 1Mbps / per-link line rate / INCOMPLETE: missing lane / interval BER,No checked bits,No checked bits,No checked bits,0.000E+0,Unavailable,Unavailable,Unavailable (RF),Unavailable (RF),Unavailable (RF)
2026-09-30 14:37:37,SMP / RF 1Mbps / per-link line rate / INCOMPLETE: missing lane / interval BER,No checked bits,No checked bits,No checked bits,0.000E+0,Unavailable,Unavailable,Unavailable (RF),Unavailable (RF),Unavailable (RF)
2026-09-30 14:37:38,SMP / RF 1Mbps / per-link line rate / INCOMPLETE: missing lane / interval BER,No checked bits,No checked bits,No checked bits,0.000E+0,Unavailable,Unavailable,Unavailable (RF),Unavailable (RF),Unavailable (RF)
2026-09-30 14:37:39,SMP / RF 1Mbps / per-link line rate / INCOMPLETE: missing lane / interval BER,No checked bits,No checked bits,No checked bits,0.000E+0,Unavailable,Unavailable,Unavailable (RF),Unavailable (RF),Unavailable (RF)
2026-09-30 14:37:40,SMP / RF 1Mbps / per-link line rate / INCOMPLETE: missing lane / interval BER,No checked bits,No checked bits,No checked bits,0.000E+0,Unavailable,Unavailable,Unavailable (RF),Unavailable (RF),Unavailable (RF)
2026-09-30 14:37:41,SMP / RF 1Mbps / per-link line rate / INCOMPLETE: missing lane / interval BER,No checked bits,No checked bits,No checked bits,0.000E+0,Unavailable,Unavailable,Unavailable (RF),Unavailable (RF),Unavailable (RF)
2026-09-30 14:37:42,SMP / RF 1Mbps / per-link line rate / INCOMPLETE: missing lane / interval BER,No checked bits,No checked bits,No checked bits,0.000E+0,Unavailable,Unavailable,Unavailable (RF),Unavailable (RF),Unavailable (RF)
2026-09-30 14:37:43,SMP / RF 1Mbps / per-link line rate / INCOMPLETE: missing lane / interval BER,No checked bits,No checked bits,No checked bits,0.000E+0,Unavailable,Unavailable,Unavailable (RF),Unavailable (RF),Unavailable (RF)
2026-09-30 14:37:44,SMP / RF 1Mbps / per-link line rate / INCOMPLETE: missing lane / interval BER,No checked bits,No checked bits,No checked bits,0.000E+0,Unavailable,Unavailable,Unavailable (RF),Unavailable (RF),Unavailable (RF)
2026-09-30 14:37:45,SMP / RF 1Mbps / per-link line rate / INCOMPLETE: missing lane / interval BER,No checked bits,No checked bits,No checked bits,0.000E+0,Unavailable,Unavailable,Unavailable (RF),Unavailable (RF),Unavailable (RF)
2026-09-30 14:37:46,SMP / RF 1Mbps / per-link line rate / INCOMPLETE: missing lane / interval BER,No checked bits,No checked bits,No checked bits,0.000E+0,Unavailable,Unavailable,Unavailable (RF),Unavailable (RF),Unavailable (RF)
2026-09-30 14:37:47,SMP / RF 1Mbps / per-link line rate / INCOMPLETE: missing lane / interval BER,No checked bits,No checked bits,No checked bits,0.000E+0,Unavailable,Unavailable,Unavailable (RF),Unavailable (RF),Unavailable (RF)
2026-09-30 14:37:48,SMP / RF 1Mbps / per-link line rate / INCOMPLETE: missing lane / interval BER,No checked bits,No checked bits,No checked bits,0.000E+0,Unavailable,Unavailable,Unavailable (RF),Unavailable (RF),Unavailable (RF)
2026-09-30 14:37:49,SMP / RF 1Mbps / per-link line rate / INCOMPLETE: missing lane / interval BER,No checked bits,No checked bits,No checked bits,0.000E+0,Unavailable,Unavailable,Unavailable (RF),Unavailable (RF),Unavailable (RF)
2026-09-30 14:37:50,SMP / RF 1Mbps / per-link line rate / INCOMPLETE: missing lane / interval BER,No checked bits,No checked bits,No checked bits,0.000E+0,Unavailable,Unavailable,Unavailable (RF),Unavailable (RF),Unavailable (RF)
2026-09-30 14:37:51,SMP / RF 1Mbps / per-link line rate / INCOMPLETE: missing lane / interval BER,No checked bits,No checked bits,No checked bits,0.000E+0,Unavailable,Unavailable,Unavailable (RF),Unavailable (RF),Unavailable (RF)
2026-09-30 14:37:52,SMP / RF 1Mbps / per-link line rate / INCOMPLETE: missing lane / interval BER,No checked bits,No checked bits,No checked bits,0.000E+0,Unavailable,Unavailable,Unavailable (RF),Unavailable (RF),Unavailable (RF)
2026-09-30 14:37:53,SMP / RF 1Mbps / per-link line rate / INCOMPLETE: missing lane / interval BER,No checked bits,No checked bits,No checked bits,0.000E+0,Unavailable,Unavailable,Unavailable (RF),Unavailable (RF),Unavailable (RF)
2026-09-30 14:37:54,SMP / RF 1Mbps / per-link line rate / INCOMPLETE: missing lane / interval BER,No checked bits,No checked bits,No checked bits,0.000E+0,Unavailable,Unavailable,Unavailable (RF),Unavailable (RF),Unavailable (RF)
2026-09-30 14:37:55,SMP / RF 1Mbps / per-link line rate / INCOMPLETE: missing lane / interval BER,No checked bits,No checked bits,No checked bits,0.000E+0,Unavailable,Unavailable,Unavailable (RF),Unavailable (RF),Unavailable (RF)
2026-09-30 14:37:56,SMP / RF 1Mbps / per-link line rate / INCOMPLETE: missing lane / interval BER,No checked bits,No checked bits,No checked bits,0.000E+0,Unavailable,Unavailable,Unavailable (RF),Unavailable (RF),Unavailable (RF)
2026-09-30 14:37:58,SMP / RF 1Mbps / per-link line rate / INCOMPLETE: missing lane / interval BER,No checked bits,No checked bits,No checked bits,0.000E+0,Unavailable,Unavailable,Unavailable (RF),Unavailable (RF),Unavailable (RF)
2026-09-30 14:37:58,SMP / RF 1Mbps / per-link line rate / INCOMPLETE: missing lane / interval BER,No checked bits,No checked bits,No checked bits,0.000E+0,Unavailable,Unavailable,Unavailable (RF),Unavailable (RF),Unavailable (RF)
2026-09-30 14:38:00,SMP / RF 1Mbps / per-link line rate / INCOMPLETE: missing lane / interval BER,No checked bits,No checked bits,No checked bits,0.000E+0,Unavailable,Unavailable,Unavailable (RF),Unavailable (RF),Unavailable (RF)
2026-09-30 14:38:01,SMP / RF 1Mbps / per-link line rate / INCOMPLETE: missing lane / interval BER,No checked bits,No checked bits,No checked bits,0.000E+0,Unavailable,Unavailable,Unavailable (RF),Unavailable (RF),Unavailable (RF)
2026-09-30 14:38:02,SMP / RF 1Mbps / per-link line rate / INCOMPLETE: missing lane / interval BER,No checked bits,No checked bits,No checked bits,0.000E+0,Unavailable,Unavailable,Unavailable (RF),Unavailable (RF),Unavailable (RF)
2026-09-30 14:38:03,SMP / RF 1Mbps / per-link line rate / INCOMPLETE: missing lane / interval BER,No checked bits,No checked bits,No checked bits,0.000E+0,Unavailable,Unavailable,Unavailable (RF),Unavailable (RF),Unavailable (RF)
2026-09-30 14:38:04,SMP / RF 1Mbps / per-link line rate / INCOMPLETE: missing lane / interval BER,No checked bits,No checked bits,No checked bits,0.000E+0,Unavailable,Unavailable,Unavailable (RF),Unavailable (RF),Unavailable (RF)
2026-09-30 14:38:05,SMP / RF 1Mbps / per-link line rate / INCOMPLETE: missing lane / interval BER,No checked bits,No checked bits,No checked bits,0.000E+0,Unavailable,Unavailable,Unavailable (RF),Unavailable (RF),Unavailable (RF)
2026-09-30 14:38:06,SMP / RF 1Mbps / per-link line rate / INCOMPLETE: missing lane / interval BER,No checked bits,No checked bits,No checked bits,0.000E+0,Unavailable,Unavailable,Unavailable (RF),Unavailable (RF),Unavailable (RF)
2026-09-30 14:38:07,SMP / RF 1Mbps / per-link line rate / INCOMPLETE: missing lane / interval BER,No checked bits,No checked bits,No checked bits,0.000E+0,Unavailable,Unavailable,Unavailable (RF),Unavailable (RF),Unavailable (RF)
2026-09-30 14:38:08,SMP / RF 1Mbps / per-link line rate / INCOMPLETE: missing lane / interval BER,No checked bits,No checked bits,No checked bits,0.000E+0,Unavailable,Unavailable,Unavailable (RF),Unavailable (RF),Unavailable (RF)
2026-09-30 14:38:09,SMP / RF 1Mbps / per-link line rate / INCOMPLETE: missing lane / interval BER,No checked bits,No checked bits,No checked bits,0.000E+0,Unavailable,Unavailable,Unavailable (RF),Unavailable (RF),Unavailable (RF)
2026-09-30 14:38:10,SMP / RF 1Mbps / per-link line rate / INCOMPLETE: missing lane / interval BER,No checked bits,No checked bits,No checked bits,0.000E+0,Unavailable,Unavailable,Unavailable (RF),Unavailable (RF),Unavailable (RF)
2026-09-30 14:38:11,SMP / RF 1Mbps / per-link line rate / INCOMPLETE: missing lane / interval BER,No checked bits,No checked bits,No checked bits,0.000E+0,Unavailable,Unavailable,Unavailable (RF),Unavailable (RF),Unavailable (RF)
2026-09-30 14:38:12,SMP / RF 1Mbps / per-link line rate / INCOMPLETE: missing lane / interval BER,No checked bits,No checked bits,No checked bits,0.000E+0,Unavailable,Unavailable,Unavailable (RF),Unavailable (RF),Unavailable (RF)
2026-09-30 14:38:13,SMP / RF 1Mbps / per-link line rate / INCOMPLETE: missing lane / interval BER,No checked bits,No checked bits,No checked bits,0.000E+0,Unavailable,Unavailable,Unavailable (RF),Unavailable (RF),Unavailable (RF)
2026-09-30 14:38:14,SMP / RF 1Mbps / per-link line rate / INCOMPLETE: missing lane / interval BER,No checked bits,No checked bits,No checked bits,0.000E+0,Unavailable,Unavailable,Unavailable (RF),Unavailable (RF),Unavailable (RF)
2026-09-30 14:38:15,SMP / RF 1Mbps / per-link line rate / INCOMPLETE: missing lane / interval BER,No checked bits,No checked bits,No checked bits,0.000E+0,Unavailable,Unavailable,Unavailable (RF),Unavailable (RF),Unavailable (RF)
2026-09-30 14:38:16,SMP / RF 1Mbps / per-link line rate / INCOMPLETE: missing lane / interval BER,No checked bits,No checked bits,No checked bits,0.000E+0,Unavailable,Unavailable,Unavailable (RF),Unavailable (RF),Unavailable (RF)
2026-09-30 14:38:17,SMP / RF 1Mbps / per-link line rate / INCOMPLETE: missing lane / interval BER,No checked bits,No checked bits,No checked bits,0.000E+0,Unavailable,Unavailable,Unavailable (RF),Unavailable (RF),Unavailable (RF)
2026-09-30 14:38:18,SMP / RF 1Mbps / per-link line rate / INCOMPLETE: missing lane / interval BER,No checked bits,No checked bits,No checked bits,0.000E+0,Unavailable,Unavailable,Unavailable (RF),Unavailable (RF),Unavailable (RF)
2026-09-30 14:38:19,SMP / RF 1Mbps / per-link line rate / INCOMPLETE: missing lane / interval BER,No checked bits,No checked bits,No checked bits,0.000E+0,Unavailable,Unavailable,Unavailable (RF),Unavailable (RF),Unavailable (RF)
2026-09-30 14:38:20,SMP / RF 1Mbps / per-link line rate / INCOMPLETE: missing lane / interval BER,No checked bits,No checked bits,No checked bits,0.000E+0,Unavailable,Unavailable,Unavailable (RF),Unavailable (RF),Unavailable (RF)
2026-09-30 14:38:21,SMP / RF 1Mbps / per-link line rate / INCOMPLETE: missing lane / interval BER,No checked bits,No checked bits,No checked bits,0.000E+0,Unavailable,Unavailable,Unavailable (RF),Unavailable (RF),Unavailable (RF)
2026-09-30 14:38:22,SMP / RF 1Mbps / per-link line rate / INCOMPLETE: missing lane / interval BER,No checked bits,No checked bits,No checked bits,0.000E+0,Unavailable,Unavailable,Unavailable (RF),Unavailable (RF),Unavailable (RF)
2026-09-30 14:38:23,SMP / RF 1Mbps / per-link line rate / INCOMPLETE: missing lane / interval BER,No checked bits,No checked bits,No checked bits,0.000E+0,Unavailable,Unavailable,Unavailable (RF),Unavailable (RF),Unavailable (RF)
2026-09-30 14:38:24,SMP / RF 1Mbps / per-link line rate / INCOMPLETE: missing lane / interval BER,No checked bits,No checked bits,No checked bits,0.000E+0,Unavailable,Unavailable,Unavailable (RF),Unavailable (RF),Unavailable (RF)
2026-09-30 14:38:25,SMP / RF 1Mbps / per-link line rate / INCOMPLETE: missing lane / interval BER,No checked bits,No checked bits,No checked bits,0.000E+0,Unavailable,Unavailable,Unavailable (RF),Unavailable (RF),Unavailable (RF)
2026-09-30 14:38:26,SMP / RF 1Mbps / per-link line rate / INCOMPLETE: missing lane / interval BER,No checked bits,No checked bits,No checked bits,0.000E+0,Unavailable,Unavailable,Unavailable (RF),Unavailable (RF),Unavailable (RF)
2026-09-30 14:38:27,SMP / RF 1Mbps / per-link line rate / INCOMPLETE: missing lane / interval BER,No checked bits,No checked bits,No checked bits,0.000E+0,Unavailable,Unavailable,Unavailable (RF),Unavailable (RF),Unavailable (RF)
2026-09-30 14:38:28,SMP / RF 1Mbps / per-link line rate / INCOMPLETE: missing lane / interval BER,No checked bits,No checked bits,No checked bits,0.000E+0,Unavailable,Unavailable,Unavailable (RF),Unavailable (RF),Unavailable (RF)
2026-09-30 14:38:29,SMP / RF 1Mbps / per-link line rate / INCOMPLETE: missing lane / interval BER,No checked bits,No checked bits,No checked bits,0.000E+0,Unavailable,Unavailable,Unavailable (RF),Unavailable (RF),Unavailable (RF)
2026-09-30 14:38:31,SMP / RF 1Mbps / per-link line rate / INCOMPLETE: missing lane / interval BER,No checked bits,No checked bits,No checked bits,0.000E+0,Unavailable,Unavailable,Unavailable (RF),Unavailable (RF),Unavailable (RF)
2026-09-30 14:38:32,SMP / RF 1Mbps / per-link line rate / INCOMPLETE: missing lane / interval BER,No checked bits,No checked bits,No checked bits,0.000E+0,Unavailable,Unavailable,Unavailable (RF),Unavailable (RF),Unavailable (RF)
2026-09-30 14:38:33,SMP / RF 1Mbps / per-link line rate / INCOMPLETE: missing lane / interval BER,No checked bits,No checked bits,No checked bits,0.000E+0,Unavailable,Unavailable,Unavailable (RF),Unavailable (RF),Unavailable (RF)
2026-09-30 14:38:34,SMP / RF 1Mbps / per-link line rate / INCOMPLETE: missing lane / interval BER,No checked bits,No checked bits,No checked bits,0.000E+0,Unavailable,Unavailable,Unavailable (RF),Unavailable (RF),Unavailable (RF)
2026-09-30 14:38:35,SMP / RF 1Mbps / per-link line rate / INCOMPLETE: missing lane / interval BER,No checked bits,No checked bits,No checked bits,0.000E+0,Unavailable,Unavailable,Unavailable (RF),Unavailable (RF),Unavailable (RF)
2026-09-30 14:38:36,SMP / RF 1Mbps / per-link line rate / INCOMPLETE: missing lane / interval BER,No checked bits,No checked bits,No checked bits,0.000E+0,Unavailable,Unavailable,Unavailable (RF),Unavailable (RF),Unavailable (RF)
2026-09-30 14:38:37,SMP / RF 1Mbps / per-link line rate / INCOMPLETE: missing lane / interval BER,No checked bits,No checked bits,No checked bits,0.000E+0,Unavailable,Unavailable,Unavailable (RF),Unavailable (RF),Unavailable (RF)
2026-09-30 14:38:38,SMP / RF 1Mbps / per-link line rate / INCOMPLETE: missing lane / interval BER,No checked bits,No checked bits,No checked bits,0.000E+0,Unavailable,Unavailable,Unavailable (RF),Unavailable (RF),Unavailable (RF)
2026-09-30 14:38:39,SMP / RF 1Mbps / per-link line rate / INCOMPLETE: missing lane / interval BER,No checked bits,No checked bits,No checked bits,0.000E+0,Unavailable,Unavailable,Unavailable (RF),Unavailable (RF),Unavailable (RF)
2026-09-30 14:38:40,SMP / RF 1Mbps / per-link line rate / INCOMPLETE: missing lane / interval BER,No checked bits,No checked bits,No checked bits,0.000E+0,Unavailable,Unavailable,Unavailable (RF),Unavailable (RF),Unavailable (RF)
2026-09-30 14:38:41,SMP / RF 1Mbps / per-link line rate / INCOMPLETE: missing lane / interval BER,No checked bits,No checked bits,No checked bits,0.000E+0,Unavailable,Unavailable,Unavailable (RF),Unavailable (RF),Unavailable (RF)
2026-09-30 14:38:42,SMP / RF 1Mbps / per-link line rate / INCOMPLETE: missing lane / interval BER,No checked bits,No checked bits,No checked bits,0.000E+0,Unavailable,Unavailable,Unavailable (RF),Unavailable (RF),Unavailable (RF)
2026-09-30 14:38:43,SMP / RF 1Mbps / per-link line rate / INCOMPLETE: missing lane / interval BER,No checked bits,No checked bits,No checked bits,0.000E+0,Unavailable,Unavailable,Unavailable (RF),Unavailable (RF),Unavailable (RF)
2026-09-30 14:38:44,SMP / RF 1Mbps / per-link line rate / INCOMPLETE: missing lane / interval BER,No checked bits,No checked bits,No checked bits,0.000E+0,Unavailable,Unavailable,Unavailable (RF),Unavailable (RF),Unavailable (RF)
2026-09-30 14:38:45,SMP / RF 1Mbps / per-link line rate / INCOMPLETE: missing lane / interval BER,No checked bits,No checked bits,No checked bits,0.000E+0,Unavailable,Unavailable,Unavailable (RF),Unavailable (RF),Unavailable (RF)
2026-09-30 14:38:46,SMP / RF 1Mbps / per-link line rate / INCOMPLETE: missing lane / interval BER,No checked bits,No checked bits,No checked bits,0.000E+0,Unavailable,Unavailable,Unavailable (RF),Unavailable (RF),Unavailable (RF)
2026-09-30 14:38:47,SMP / RF 1Mbps / per-link line rate / INCOMPLETE: missing lane / interval BER,No checked bits,No checked bits,No checked bits,0.000E+0,Unavailable,Unavailable,Unavailable (RF),Unavailable (RF),Unavailable (RF)
2026-09-30 14:38:48,SMP / RF 1Mbps / per-link line rate / INCOMPLETE: missing lane / interval BER,No checked bits,No checked bits,No checked bits,0.000E+0,Unavailable,Unavailable,Unavailable (RF),Unavailable (RF),Unavailable (RF)
2026-09-30 14:38:49,SMP / RF 1Mbps / per-link line rate / INCOMPLETE: missing lane / interval BER,No checked bits,No checked bits,No checked bits,0.000E+0,Unavailable,Unavailable,Unavailable (RF),Unavailable (RF),Unavailable (RF)
2026-09-30 14:38:50,SMP / RF 1Mbps / per-link line rate / INCOMPLETE: missing lane / interval BER,No checked bits,No checked bits,No checked bits,0.000E+0,Unavailable,Unavailable,Unavailable (RF),Unavailable (RF),Unavailable (RF)
2026-09-30 14:38:51,SMP / RF 1Mbps / per-link line rate / INCOMPLETE: missing lane / interval BER,No checked bits,No checked bits,No checked bits,0.000E+0,Unavailable,Unavailable,Unavailable (RF),Unavailable (RF),Unavailable (RF)
2026-09-30 14:38:52,SMP / RF 1Mbps / per-link line rate / INCOMPLETE: missing lane / interval BER,No checked bits,No checked bits,No checked bits,0.000E+0,Unavailable,Unavailable,Unavailable (RF),Unavailable (RF),Unavailable (RF)
2026-09-30 14:38:53,SMP / RF 1Mbps / per-link line rate / INCOMPLETE: missing lane / interval BER,No checked bits,No checked bits,No checked bits,0.000E+0,Unavailable,Unavailable,Unavailable (RF),Unavailable (RF),Unavailable (RF)
2026-09-30 14:38:54,SMP / RF 1Mbps / per-link line rate / INCOMPLETE: missing lane / interval BER,No checked bits,No checked bits,No checked bits,0.000E+0,Unavailable,Unavailable,Unavailable (RF),Unavailable (RF),Unavailable (RF)
2026-09-30 14:38:55,SMP / RF 1Mbps / per-link line rate / INCOMPLETE: missing lane / interval BER,No checked bits,No checked bits,No checked bits,0.000E+0,Unavailable,Unavailable,Unavailable (RF),Unavailable (RF),Unavailable (RF)
2026-09-30 14:38:56,SMP / RF 1Mbps / per-link line rate / INCOMPLETE: missing lane / interval BER,No checked bits,No checked bits,No checked bits,0.000E+0,Unavailable,Unavailable,Unavailable (RF),Unavailable (RF),Unavailable (RF)
2026-09-30 14:38:57,SMP / RF 1Mbps / per-link line rate / INCOMPLETE: missing lane / interval BER,No checked bits,No checked bits,No checked bits,0.000E+0,Unavailable,Unavailable,Unavailable (RF),Unavailable (RF),Unavailable (RF)
2026-09-30 14:38:58,SMP / RF 1Mbps / per-link line rate / INCOMPLETE: missing lane / interval BER,No checked bits,No checked bits,No checked bits,0.000E+0,Unavailable,Unavailable,Unavailable (RF),Unavailable (RF),Unavailable (RF)
2026-09-30 14:38:59,SMP / RF 1Mbps / per-link line rate / INCOMPLETE: missing lane / interval BER,No checked bits,No checked bits,No checked bits,0.000E+0,Unavailable,Unavailable,Unavailable (RF),Unavailable (RF),Unavailable (RF)
2026-09-30 14:39:00,SMP / RF 1Mbps / per-link line rate / INCOMPLETE: missing lane / interval BER,No checked bits,No checked bits,No checked bits,0.000E+0,Unavailable,Unavailable,Unavailable (RF),Unavailable (RF),Unavailable (RF)
2026-09-30 14:39:01,SMP / RF 1Mbps / per-link line rate / INCOMPLETE: missing lane / interval BER,No checked bits,No checked bits,No checked bits,0.000E+0,Unavailable,Unavailable,Unavailable (RF),Unavailable (RF),Unavailable (RF)
2026-09-30 14:39:03,SMP / RF 1Mbps / per-link line rate / INCOMPLETE: missing lane / interval BER,No checked bits,No checked bits,No checked bits,0.000E+0,Unavailable,Unavailable,Unavailable (RF),Unavailable (RF),Unavailable (RF)
2026-09-30 14:39:04,SMP / RF 1Mbps / per-link line rate / INCOMPLETE: missing lane / interval BER,No checked bits,No checked bits,No checked bits,0.000E+0,Unavailable,Unavailable,Unavailable (RF),Unavailable (RF),Unavailable (RF)
2026-09-30 14:39:05,SMP / RF 1Mbps / per-link line rate / INCOMPLETE: missing lane / interval BER,No checked bits,No checked bits,No checked bits,0.000E+0,Unavailable,Unavailable,Unavailable (RF),Unavailable (RF),Unavailable (RF)
2026-09-30 14:39:06,SMP / RF 1Mbps / per-link line rate / INCOMPLETE: missing lane / interval BER,No checked bits,No checked bits,No checked bits,0.000E+0,Unavailable,Unavailable,Unavailable (RF),Unavailable (RF),Unavailable (RF)
2026-09-30 14:39:07,SMP / RF 1Mbps / per-link line rate / INCOMPLETE: missing lane / interval BER,No checked bits,No checked bits,No checked bits,0.000E+0,Unavailable,Unavailable,Unavailable (RF),Unavailable (RF),Unavailable (RF)
2026-09-30 14:39:08,SMP / RF 1Mbps / per-link line rate / INCOMPLETE: missing lane / interval BER,No checked bits,No checked bits,No checked bits,0.000E+0,Unavailable,Unavailable,Unavailable (RF),Unavailable (RF),Unavailable (RF)
2026-09-30 14:39:09,SMP / RF 1Mbps / per-link line rate / INCOMPLETE: missing lane / interval BER,No checked bits,No checked bits,No checked bits,0.000E+0,Unavailable,Unavailable,Unavailable (RF),Unavailable (RF),Unavailable (RF)
2026-09-30 14:39:10,SMP / RF 1Mbps / per-link line rate / INCOMPLETE: missing lane / interval BER,No checked bits,No checked bits,No checked bits,0.000E+0,Unavailable,Unavailable,Unavailable (RF),Unavailable (RF),Unavailable (RF)
2026-09-30 14:39:11,SMP / RF 1Mbps / per-link line rate / INCOMPLETE: missing lane / interval BER,No checked bits,No checked bits,No checked bits,0.000E+0,Unavailable,Unavailable,Unavailable (RF),Unavailable (RF),Unavailable (RF)
2026-09-30 14:39:12,SMP / RF 1Mbps / per-link line rate / INCOMPLETE: missing lane / interval BER,No checked bits,No checked bits,No checked bits,0.000E+0,Unavailable,Unavailable,Unavailable (RF),Unavailable (RF),Unavailable (RF)
2026-09-30 14:39:13,SMP / RF 1Mbps / per-link line rate / INCOMPLETE: missing lane / interval BER,No checked bits,No checked bits,No checked bits,0.000E+0,Unavailable,Unavailable,Unavailable (RF),Unavailable (RF),Unavailable (RF)
2026-09-30 14:39:14,SMP / RF 1Mbps / per-link line rate / INCOMPLETE: missing lane / interval BER,No checked bits,No checked bits,No checked bits,0.000E+0,Unavailable,Unavailable,Unavailable (RF),Unavailable (RF),Unavailable (RF)
2026-09-30 14:39:15,SMP / RF 1Mbps / per-link line rate / INCOMPLETE: missing lane / interval BER,No checked bits,No checked bits,No checked bits,0.000E+0,Unavailable,Unavailable,Unavailable (RF),Unavailable (RF),Unavailable (RF)
2026-09-30 14:39:16,SMP / RF 1Mbps / per-link line rate / INCOMPLETE: missing lane / interval BER,No checked bits,No checked bits,No checked bits,0.000E+0,Unavailable,Unavailable,Unavailable (RF),Unavailable (RF),Unavailable (RF)
2026-09-30 14:39:17,SMP / RF 1Mbps / per-link line rate / INCOMPLETE: missing lane / interval BER,No checked bits,No checked bits,No checked bits,0.000E+0,Unavailable,Unavailable,Unavailable (RF),Unavailable (RF),Unavailable (RF)
2026-09-30 14:39:18,SMP / RF 1Mbps / per-link line rate / INCOMPLETE: missing lane / interval BER,No checked bits,No checked bits,No checked bits,0.000E+0,Unavailable,Unavailable,Unavailable (RF),Unavailable (RF),Unavailable (RF)
2026-09-30 14:39:19,SMP / RF 1Mbps / per-link line rate / INCOMPLETE: missing lane / interval BER,No checked bits,No checked bits,No checked bits,0.000E+0,Unavailable,Unavailable,Unavailable (RF),Unavailable (RF),Unavailable (RF)
2026-09-30 14:39:20,SMP / RF 1Mbps / per-link line rate / INCOMPLETE: missing lane / interval BER,No checked bits,No checked bits,No checked bits,0.000E+0,Unavailable,Unavailable,Unavailable (RF),Unavailable (RF),Unavailable (RF)
2026-09-30 14:39:21,SMP / RF 1Mbps / per-link line rate / INCOMPLETE: missing lane / interval BER,No checked bits,No checked bits,No checked bits,0.000E+0,Unavailable,Unavailable,Unavailable (RF),Unavailable (RF),Unavailable (RF)
2026-09-30 14:39:22,SMP / RF 1Mbps / per-link line rate / INCOMPLETE: missing lane / interval BER,No checked bits,No checked bits,No checked bits,0.000E+0,Unavailable,Unavailable,Unavailable (RF),Unavailable (RF),Unavailable (RF)
2026-09-30 14:39:23,SMP / RF 1Mbps / per-link line rate / INCOMPLETE: missing lane / interval BER,No checked bits,No checked bits,No checked bits,0.000E+0,Unavailable,Unavailable,Unavailable (RF),Unavailable (RF),Unavailable (RF)
2026-09-30 14:39:24,SMP / RF 1Mbps / per-link line rate / INCOMPLETE: missing lane / interval BER,No checked bits,No checked bits,No checked bits,0.000E+0,Unavailable,Unavailable,Unavailable (RF),Unavailable (RF),Unavailable (RF)
2026-09-30 14:39:25,SMP / RF 1Mbps / per-link line rate / INCOMPLETE: missing lane / interval BER,No checked bits,No checked bits,No checked bits,0.000E+0,Unavailable,Unavailable,Unavailable (RF),Unavailable (RF),Unavailable (RF)
2026-09-30 14:39:26,SMP / RF 1Mbps / per-link line rate / INCOMPLETE: missing lane / interval BER,No checked bits,No checked bits,No checked bits,0.000E+0,Unavailable,Unavailable,Unavailable (RF),Unavailable (RF),Unavailable (RF)
2026-09-30 14:39:27,SMP / RF 1Mbps / per-link line rate / INCOMPLETE: missing lane / interval BER,No checked bits,No checked bits,No checked bits,0.000E+0,Unavailable,Unavailable,Unavailable (RF),Unavailable (RF),Unavailable (RF)
2026-09-30 14:39:28,SMP / RF 1Mbps / per-link line rate / INCOMPLETE: missing lane / interval BER,No checked bits,No checked bits,No checked bits,0.000E+0,Unavailable,Unavailable,Unavailable (RF),Unavailable (RF),Unavailable (RF)
2026-09-30 14:39:29,SMP / RF 1Mbps / per-link line rate / INCOMPLETE: missing lane / interval BER,No checked bits,No checked bits,No checked bits,0.000E+0,Unavailable,Unavailable,Unavailable (RF),Unavailable (RF),Unavailable (RF)
2026-09-30 14:39:30,SMP / RF 1Mbps / per-link line rate / INCOMPLETE: missing lane / interval BER,No checked bits,No checked bits,No checked bits,0.000E+0,Unavailable,Unavailable,Unavailable (RF),Unavailable (RF),Unavailable (RF)
2026-09-30 14:39:31,SMP / RF 1Mbps / per-link line rate / INCOMPLETE: missing lane / interval BER,No checked bits,No checked bits,No checked bits,0.000E+0,Unavailable,Unavailable,Unavailable (RF),Unavailable (RF),Unavailable (RF)
2026-09-30 14:39:32,SMP / RF 1Mbps / per-link line rate / INCOMPLETE: missing lane / interval BER,No checked bits,No checked bits,No checked bits,0.000E+0,Unavailable,Unavailable,Unavailable (RF),Unavailable (RF),Unavailable (RF)
2026-09-30 14:39:33,SMP / RF 1Mbps / per-link line rate / INCOMPLETE: missing lane / interval BER,No checked bits,No checked bits,No checked bits,0.000E+0,Unavailable,Unavailable,Unavailable (RF),Unavailable (RF),Unavailable (RF)
2026-09-30 14:39:34,SMP / RF 1Mbps / per-link line rate / INCOMPLETE: missing lane / interval BER,No checked bits,No checked bits,No checked bits,0.000E+0,Unavailable,Unavailable,Unavailable (RF),Unavailable (RF),Unavailable (RF)
2026-09-30 14:39:35,SMP / RF 1Mbps / per-link line rate / INCOMPLETE: missing lane / interval BER,No checked bits,No checked bits,No checked bits,0.000E+0,Unavailable,Unavailable,Unavailable (RF),Unavailable (RF),Unavailable (RF)
2026-09-30 14:39:36,SMP / RF 1Mbps / per-link line rate / INCOMPLETE: missing lane / interval BER,No checked bits,No checked bits,No checked bits,0.000E+0,Unavailable,Unavailable,Unavailable (RF),Unavailable (RF),Unavailable (RF)
2026-09-30 14:39:37,SMP / RF 1Mbps / per-link line rate / INCOMPLETE: missing lane / interval BER,No checked bits,No checked bits,No checked bits,0.000E+0,Unavailable,Unavailable,Unavailable (RF),Unavailable (RF),Unavailable (RF)
2026-09-30 14:39:38,SMP / RF 1Mbps / per-link line rate / INCOMPLETE: missing lane / interval BER,No checked bits,No checked bits,No checked bits,0.000E+0,Unavailable,Unavailable,Unavailable (RF),Unavailable (RF),Unavailable (RF)
2026-09-30 14:39:39,SMP / RF 1Mbps / per-link line rate / INCOMPLETE: missing lane / interval BER,No checked bits,No checked bits,No checked bits,0.000E+0,Unavailable,Unavailable,Unavailable (RF),Unavailable (RF),Unavailable (RF)
2026-09-30 14:39:40,SMP / RF 1Mbps / per-link line rate / INCOMPLETE: missing lane / interval BER,No checked bits,No checked bits,No checked bits,0.000E+0,Unavailable,Unavailable,Unavailable (RF),Unavailable (RF),Unavailable (RF)
2026-09-30 14:39:41,SMP / RF 1Mbps / per-link line rate / INCOMPLETE: missing lane / interval BER,No checked bits,No checked bits,No checked bits,0.000E+0,Unavailable,Unavailable,Unavailable (RF),Unavailable (RF),Unavailable (RF)
2026-09-30 14:39:42,SMP / RF 1Mbps / per-link line rate / INCOMPLETE: missing lane / interval BER,No checked bits,No checked bits,No checked bits,0.000E+0,Unavailable,Unavailable,Unavailable (RF),Unavailable (RF),Unavailable (RF)
2026-09-30 14:39:43,SMP / RF 1Mbps / per-link line rate / INCOMPLETE: missing lane / interval BER,No checked bits,No checked bits,No checked bits,0.000E+0,Unavailable,Unavailable,Unavailable (RF),Unavailable (RF),Unavailable (RF)
2026-09-30 14:39:44,SMP / RF 1Mbps / per-link line rate / INCOMPLETE: missing lane / interval BER,No checked bits,No checked bits,No checked bits,0.000E+0,Unavailable,Unavailable,Unavailable (RF),Unavailable (RF),Unavailable (RF)
2026-09-30 14:39:45,SMP / RF 1Mbps / per-link line rate / INCOMPLETE: missing lane / interval BER,No checked bits,No checked bits,No checked bits,0.000E+0,Unavailable,Unavailable,Unavailable (RF),Unavailable (RF),Unavailable (RF)
2026-09-30 14:39:46,SMP / RF 1Mbps / per-link line rate / INCOMPLETE: missing lane / interval BER,No checked bits,No checked bits,No checked bits,0.000E+0,Unavailable,Unavailable,Unavailable (RF),Unavailable (RF),Unavailable (RF)
2026-09-30 14:39:47,SMP / RF 1Mbps / per-link line rate / INCOMPLETE: missing lane / interval BER,No checked bits,No checked bits,No checked bits,0.000E+0,Unavailable,Unavailable,Unavailable (RF),Unavailable (RF),Unavailable (RF)
2026-09-30 14:39:48,SMP / RF 1Mbps / per-link line rate / INCOMPLETE: missing lane / interval BER,No checked bits,No checked bits,No checked bits,0.000E+0,Unavailable,Unavailable,Unavailable (RF),Unavailable (RF),Unavailable (RF)
2026-09-30 14:39:49,SMP / RF 1Mbps / per-link line rate / INCOMPLETE: missing lane / interval BER,No checked bits,No checked bits,No checked bits,0.000E+0,Unavailable,Unavailable,Unavailable (RF),Unavailable (RF),Unavailable (RF)
2026-09-30 14:39:50,SMP / RF 1Mbps / per-link line rate / INCOMPLETE: missing lane / interval BER,No checked bits,No checked bits,No checked bits,0.000E+0,Unavailable,Unavailable,Unavailable (RF),Unavailable (RF),Unavailable (RF)
2026-09-30 14:39:51,SMP / RF 1Mbps / per-link line rate / INCOMPLETE: missing lane / interval BER,No checked bits,No checked bits,No checked bits,0.000E+0,Unavailable,Unavailable,Unavailable (RF),Unavailable (RF),Unavailable (RF)
2026-09-30 14:39:52,SMP / RF 1Mbps / per-link line rate / INCOMPLETE: missing lane / interval BER,No checked bits,No checked bits,No checked bits,0.000E+0,Unavailable,Unavailable,Unavailable (RF),Unavailable (RF),Unavailable (RF)
2026-09-30 14:39:53,SMP / RF 1Mbps / per-link line rate / INCOMPLETE: missing lane / interval BER,No checked bits,No checked bits,No checked bits,0.000E+0,Unavailable,Unavailable,Unavailable (RF),Unavailable (RF),Unavailable (RF)
2026-09-30 14:39:54,SMP / RF 1Mbps / per-link line rate / INCOMPLETE: missing lane / interval BER,No checked bits,No checked bits,No checked bits,0.000E+0,Unavailable,Unavailable,Unavailable (RF),Unavailable (RF),Unavailable (RF)
2026-09-30 14:39:55,SMP / RF 1Mbps / per-link line rate / INCOMPLETE: missing lane / interval BER,No checked bits,No checked bits,No checked bits,0.000E+0,Unavailable,Unavailable,Unavailable (RF),Unavailable (RF),Unavailable (RF)
2026-09-30 14:39:56,SMP / RF 1Mbps / per-link line rate / INCOMPLETE: missing lane / interval BER,No checked bits,No checked bits,No checked bits,0.000E+0,Unavailable,Unavailable,Unavailable (RF),Unavailable (RF),Unavailable (RF)
2026-09-30 14:39:57,SMP / RF 1Mbps / per-link line rate / INCOMPLETE: missing lane / interval BER,No checked bits,No checked bits,No checked bits,0.000E+0,Unavailable,Unavailable,Unavailable (RF),Unavailable (RF),Unavailable (RF)
2026-09-30 14:39:59,SMP / RF 1Mbps / per-link line rate / INCOMPLETE: missing lane / interval BER,No checked bits,No checked bits,No checked bits,0.000E+0,Unavailable,Unavailable,Unavailable (RF),Unavailable (RF),Unavailable (RF)
2026-09-30 14:40:00,SMP / RF 1Mbps / per-link line rate / INCOMPLETE: missing lane / interval BER,No checked bits,No checked bits,No checked bits,0.000E+0,Unavailable,Unavailable,Unavailable (RF),Unavailable (RF),Unavailable (RF)
2026-09-30 14:40:01,SMP / RF 1Mbps / per-link line rate / INCOMPLETE: missing lane / interval BER,No checked bits,No checked bits,No checked bits,0.000E+0,Unavailable,Unavailable,Unavailable (RF),Unavailable (RF),Unavailable (RF)
2026-09-30 14:40:02,SMP / RF 1Mbps / per-link line rate / INCOMPLETE: missing lane / interval BER,No checked bits,No checked bits,No checked bits,0.000E+0,Unavailable,Unavailable,Unavailable (RF),Unavailable (RF),Unavailable (RF)
2026-09-30 14:40:03,SMP / RF 1Mbps / per-link line rate / INCOMPLETE: missing lane / interval BER,No checked bits,No checked bits,No checked bits,0.000E+0,Unavailable,Unavailable,Unavailable (RF),Unavailable (RF),Unavailable (RF)
2026-09-30 14:40:04,SMP / RF 1Mbps / per-link line rate / INCOMPLETE: missing lane / interval BER,No checked bits,No checked bits,No checked bits,0.000E+0,Unavailable,Unavailable,Unavailable (RF),Unavailable (RF),Unavailable (RF)
2026-09-30 14:40:05,SMP / RF 1Mbps / per-link line rate / INCOMPLETE: missing lane / interval BER,No checked bits,No checked bits,No checked bits,0.000E+0,Unavailable,Unavailable,Unavailable (RF),Unavailable (RF),Unavailable (RF)
2026-09-30 14:40:06,SMP / RF 1Mbps / per-link line rate / INCOMPLETE: missing lane / interval BER,No checked bits,No checked bits,No checked bits,0.000E+0,Unavailable,Unavailable,Unavailable (RF),Unavailable (RF),Unavailable (RF)
2026-09-30 14:40:07,SMP / RF 1Mbps / per-link line rate / INCOMPLETE: missing lane / interval BER,No checked bits,No checked bits,No checked bits,0.000E+0,Unavailable,Unavailable,Unavailable (RF),Unavailable (RF),Unavailable (RF)
2026-09-30 14:40:08,SMP / RF 1Mbps / per-link line rate / INCOMPLETE: missing lane / interval BER,No checked bits,No checked bits,No checked bits,0.000E+0,Unavailable,Unavailable,Unavailable (RF),Unavailable (RF),Unavailable (RF)
2026-09-30 14:40:09,SMP / RF 1Mbps / per-link line rate / INCOMPLETE: missing lane / interval BER,No checked bits,No checked bits,No checked bits,0.000E+0,Unavailable,Unavailable,Unavailable (RF),Unavailable (RF),Unavailable (RF)
2026-09-30 14:40:10,SMP / RF 1Mbps / per-link line rate / INCOMPLETE: missing lane / interval BER,No checked bits,No checked bits,No checked bits,0.000E+0,Unavailable,Unavailable,Unavailable (RF),Unavailable (RF),Unavailable (RF)
2026-09-30 14:40:11,SMP / RF 1Mbps / per-link line rate / INCOMPLETE: missing lane / interval BER,No checked bits,No checked bits,No checked bits,0.000E+0,Unavailable,Unavailable,Unavailable (RF),Unavailable (RF),Unavailable (RF)
2026-09-30 14:40:12,SMP / RF 1Mbps / per-link line rate / INCOMPLETE: missing lane / interval BER,No checked bits,No checked bits,No checked bits,0.000E+0,Unavailable,Unavailable,Unavailable (RF),Unavailable (RF),Unavailable (RF)
2026-09-30 14:40:13,SMP / RF 1Mbps / per-link line rate / INCOMPLETE: missing lane / interval BER,No checked bits,No checked bits,No checked bits,0.000E+0,Unavailable,Unavailable,Unavailable (RF),Unavailable (RF),Unavailable (RF)
2026-09-30 14:40:14,SMP / RF 1Mbps / per-link line rate / INCOMPLETE: missing lane / interval BER,No checked bits,No checked bits,No checked bits,0.000E+0,Unavailable,Unavailable,Unavailable (RF),Unavailable (RF),Unavailable (RF)
2026-09-30 14:40:15,SMP / RF 1Mbps / per-link line rate / INCOMPLETE: missing lane / interval BER,No checked bits,No checked bits,No checked bits,0.000E+0,Unavailable,Unavailable,Unavailable (RF),Unavailable (RF),Unavailable (RF)
2026-09-30 14:40:16,SMP / RF 1Mbps / per-link line rate / INCOMPLETE: missing lane / interval BER,No checked bits,No checked bits,No checked bits,0.000E+0,Unavailable,Unavailable,Unavailable (RF),Unavailable (RF),Unavailable (RF)
2026-09-30 14:40:18,SMP / RF 1Mbps / per-link line rate / INCOMPLETE: missing lane / interval BER,No checked bits,No checked bits,No checked bits,0.000E+0,Unavailable,Unavailable,Unavailable (RF),Unavailable (RF),Unavailable (RF)
2026-09-30 14:40:19,SMP / RF 1Mbps / per-link line rate / INCOMPLETE: missing lane / interval BER,No checked bits,No checked bits,No checked bits,0.000E+0,Unavailable,Unavailable,Unavailable (RF),Unavailable (RF),Unavailable (RF)
2026-09-30 14:40:21,SMP / RF 1Mbps / per-link line rate / INCOMPLETE: missing lane / interval BER,No checked bits,No checked bits,No checked bits,0.000E+0,Unavailable,Unavailable,Unavailable (RF),Unavailable (RF),Unavailable (RF)
2026-09-30 14:40:22,SMP / RF 1Mbps / per-link line rate / INCOMPLETE: missing lane / interval BER,No checked bits,No checked bits,No checked bits,0.000E+0,Unavailable,Unavailable,Unavailable (RF),Unavailable (RF),Unavailable (RF)
2026-09-30 14:40:23,SMP / RF 1Mbps / per-link line rate / INCOMPLETE: missing lane / interval BER,No checked bits,No checked bits,No checked bits,0.000E+0,Unavailable,Unavailable,Unavailable (RF),Unavailable (RF),Unavailable (RF)
2026-09-30 14:40:25,SMP / RF 1Mbps / per-link line rate / INCOMPLETE: missing lane / interval BER,No checked bits,No checked bits,No checked bits,0.000E+0,Unavailable,Unavailable,Unavailable (RF),Unavailable (RF),Unavailable (RF)
2026-09-30 14:40:26,SMP / RF 1Mbps / per-link line rate / INCOMPLETE: missing lane / interval BER,No checked bits,No checked bits,No checked bits,0.000E+0,Unavailable,Unavailable,Unavailable (RF),Unavailable (RF),Unavailable (RF)
2026-09-30 14:40:27,SMP / RF 1Mbps / per-link line rate / INCOMPLETE: missing lane / interval BER,No checked bits,No checked bits,No checked bits,0.000E+0,Unavailable,Unavailable,Unavailable (RF),Unavailable (RF),Unavailable (RF)
2026-09-30 14:40:28,SMP / RF 1Mbps / per-link line rate / INCOMPLETE: missing lane / interval BER,No checked bits,No checked bits,No checked bits,0.000E+0,Unavailable,Unavailable,Unavailable (RF),Unavailable (RF),Unavailable (RF)
2026-09-30 14:40:29,SMP / RF 1Mbps / per-link line rate / INCOMPLETE: missing lane / interval BER,No checked bits,No checked bits,No checked bits,0.000E+0,Unavailable,Unavailable,Unavailable (RF),Unavailable (RF),Unavailable (RF)
2026-09-30 14:40:30,SMP / RF 1Mbps / per-link line rate / INCOMPLETE: missing lane / interval BER,No checked bits,No checked bits,No checked bits,0.000E+0,Unavailable,Unavailable,Unavailable (RF),Unavailable (RF),Unavailable (RF)
2026-09-30 14:40:31,SMP / RF 1Mbps / per-link line rate / INCOMPLETE: missing lane / interval BER,No checked bits,No checked bits,No checked bits,0.000E+0,Unavailable,Unavailable,Unavailable (RF),Unavailable (RF),Unavailable (RF)
2026-09-30 14:40:33,SMP / RF 1Mbps / per-link line rate / INCOMPLETE: missing lane / interval BER,No checked bits,No checked bits,No checked bits,0.000E+0,Unavailable,Unavailable,Unavailable (RF),Unavailable (RF),Unavailable (RF)
2026-09-30 14:40:34,SMP / RF 1Mbps / per-link line rate / INCOMPLETE: missing lane / interval BER,No checked bits,No checked bits,No checked bits,0.000E+0,Unavailable,Unavailable,Unavailable (RF),Unavailable (RF),Unavailable (RF)
2026-09-30 14:40:35,SMP / RF 1Mbps / per-link line rate / INCOMPLETE: missing lane / interval BER,No checked bits,No checked bits,No checked bits,0.000E+0,Unavailable,Unavailable,Unavailable (RF),Unavailable (RF),Unavailable (RF)
2026-09-30 14:40:36,SMP / RF 1Mbps / per-link line rate / INCOMPLETE: missing lane / interval BER,No checked bits,No checked bits,No checked bits,0.000E+0,Unavailable,Unavailable,Unavailable (RF),Unavailable (RF),Unavailable (RF)
2026-09-30 14:40:37,SMP / RF 1Mbps / per-link line rate / INCOMPLETE: missing lane / interval BER,No checked bits,No checked bits,No checked bits,0.000E+0,Unavailable,Unavailable,Unavailable (RF),Unavailable (RF),Unavailable (RF)
2026-09-30 14:40:38,SMP / RF 1Mbps / per-link line rate / INCOMPLETE: missing lane / interval BER,No checked bits,No checked bits,No checked bits,0.000E+0,Unavailable,Unavailable,Unavailable (RF),Unavailable (RF),Unavailable (RF)
2026-09-30 14:40:39,SMP / RF 1Mbps / per-link line rate / INCOMPLETE: missing lane / interval BER,No checked bits,No checked bits,No checked bits,0.000E+0,Unavailable,Unavailable,Unavailable (RF),Unavailable (RF),Unavailable (RF)
2026-09-30 14:40:40,SMP / RF 1Mbps / per-link line rate / INCOMPLETE: missing lane / interval BER,No checked bits,No checked bits,No checked bits,0.000E+0,Unavailable,Unavailable,Unavailable (RF),Unavailable (RF),Unavailable (RF)
2026-09-30 14:40:41,SMP / RF 1Mbps / per-link line rate / INCOMPLETE: missing lane / interval BER,No checked bits,No checked bits,No checked bits,0.000E+0,Unavailable,Unavailable,Unavailable (RF),Unavailable (RF),Unavailable (RF)
2026-09-30 14:40:42,SMP / RF 1Mbps / per-link line rate / INCOMPLETE: missing lane / interval BER,No checked bits,No checked bits,No checked bits,0.000E+0,Unavailable,Unavailable,Unavailable (RF),Unavailable (RF),Unavailable (RF)
2026-09-30 14:40:43,SMP / RF 1Mbps / per-link line rate / INCOMPLETE: missing lane / interval BER,No checked bits,No checked bits,No checked bits,0.000E+0,Unavailable,Unavailable,Unavailable (RF),Unavailable (RF),Unavailable (RF)
2026-09-30 14:40:44,SMP / RF 1Mbps / per-link line rate / INCOMPLETE: missing lane / interval BER,No checked bits,No checked bits,No checked bits,0.000E+0,Unavailable,Unavailable,Unavailable (RF),Unavailable (RF),Unavailable (RF)
2026-09-30 14:40:45,SMP / RF 1Mbps / per-link line rate / INCOMPLETE: missing lane / interval BER,No checked bits,No checked bits,No checked bits,0.000E+0,Unavailable,Unavailable,Unavailable (RF),Unavailable (RF),Unavailable (RF)
2026-09-30 14:40:46,SMP / RF 1Mbps / per-link line rate / INCOMPLETE: missing lane / interval BER,No checked bits,No checked bits,No checked bits,0.000E+0,Unavailable,Unavailable,Unavailable (RF),Unavailable (RF),Unavailable (RF)
2026-09-30 14:40:47,SMP / RF 1Mbps / per-link line rate / INCOMPLETE: missing lane / interval BER,No checked bits,No checked bits,No checked bits,0.000E+0,Unavailable,Unavailable,Unavailable (RF),Unavailable (RF),Unavailable (RF)
2026-09-30 14:40:48,SMP / RF 1Mbps / per-link line rate / INCOMPLETE: missing lane / interval BER,No checked bits,No checked bits,No checked bits,0.000E+0,Unavailable,Unavailable,Unavailable (RF),Unavailable (RF),Unavailable (RF)
2026-09-30 14:40:49,SMP / RF 1Mbps / per-link line rate / INCOMPLETE: missing lane / interval BER,No checked bits,No checked bits,No checked bits,0.000E+0,Unavailable,Unavailable,Unavailable (RF),Unavailable (RF),Unavailable (RF)
2026-09-30 14:40:50,SMP / RF 1Mbps / per-link line rate / INCOMPLETE: missing lane / interval BER,No checked bits,No checked bits,No checked bits,0.000E+0,Unavailable,Unavailable,Unavailable (RF),Unavailable (RF),Unavailable (RF)
2026-09-30 14:40:52,SMP / RF 1Mbps / per-link line rate / INCOMPLETE: missing lane / interval BER,No checked bits,No checked bits,No checked bits,0.000E+0,Unavailable,Unavailable,Unavailable (RF),Unavailable (RF),Unavailable (RF)
2026-09-30 14:40:53,SMP / RF 1Mbps / per-link line rate / INCOMPLETE: missing lane / interval BER,1.251E-01,No checked bits,1.251E-01,0.000E+0,Unavailable,Unavailable,Unavailable (RF),Unavailable (RF),Unavailable (RF)
2026-09-30 14:40:54,SMP / RF 1Mbps / per-link line rate / INCOMPLETE: missing lane / interval BER,1.228E-01,No checked bits,1.228E-01,0.000E+0,Unavailable,Unavailable,Unavailable (RF),Unavailable (RF),Unavailable (RF)
2026-09-30 14:40:55,SMP / RF 1Mbps / per-link line rate / INCOMPLETE: missing lane / interval BER,9.055E-02,No checked bits,9.055E-02,0.000E+0,Unavailable,Unavailable,Unavailable (RF),Unavailable (RF),Unavailable (RF)
2026-09-30 14:40:56,SMP / RF 1Mbps / per-link line rate / INCOMPLETE: missing lane / interval BER,4.075E-02,No checked bits,4.075E-02,0.000E+0,Unavailable,Unavailable,Unavailable (RF),Unavailable (RF),Unavailable (RF)
2026-09-30 14:40:57,SMP / RF 1Mbps / per-link line rate / INCOMPLETE: missing lane / interval BER,1.491E-02,No checked bits,1.491E-02,0.000E+0,Unavailable,Unavailable,Unavailable (RF),Unavailable (RF),Unavailable (RF)
2026-09-30 14:40:58,SMP / RF 1Mbps / per-link line rate / INCOMPLETE: missing lane / interval BER,3.424E-03,No checked bits,3.424E-03,0.000E+0,Unavailable,Unavailable,Unavailable (RF),Unavailable (RF),Unavailable (RF)
2026-09-30 14:40:59,SMP / RF 1Mbps / per-link line rate / INCOMPLETE: missing lane / interval BER,2.893E-05,No checked bits,2.893E-05,0.000E+0,Unavailable,Unavailable,Unavailable (RF),Unavailable (RF),Unavailable (RF)
2026-09-30 14:41:00,SMP / RF 1Mbps / per-link line rate / INCOMPLETE: missing lane / interval BER,1.569E-07,No checked bits,1.569E-07,0.000E+0,Unavailable,Unavailable,Unavailable (RF),Unavailable (RF),Unavailable (RF)
2026-09-30 14:41:01,SMP / RF 1Mbps / per-link line rate / INCOMPLETE: missing lane / interval BER,2.024E-08,No checked bits,2.024E-08,0.000E+0,Unavailable,Unavailable,Unavailable (RF),Unavailable (RF),Unavailable (RF)
2026-09-30 14:41:03,SMP / RF 1Mbps / per-link line rate / INCOMPLETE: missing lane / interval BER,0.000E+00,No checked bits,0.000E+00,0.000E+0,Unavailable,Unavailable,Unavailable (RF),Unavailable (RF),Unavailable (RF)
2026-09-30 14:41:04,SMP / RF 1Mbps / per-link line rate / INCOMPLETE: missing lane / interval BER,0.000E+00,No checked bits,0.000E+00,0.000E+0,Unavailable,Unavailable,Unavailable (RF),Unavailable (RF),Unavailable (RF)
2026-09-30 14:41:05,SMP / RF 1Mbps / per-link line rate / INCOMPLETE: missing lane / interval BER,0.000E+00,No checked bits,0.000E+00,0.000E+0,Unavailable,Unavailable,Unavailable (RF),Unavailable (RF),Unavailable (RF)
2026-09-30 14:41:06,SMP / RF 1Mbps / per-link line rate / INCOMPLETE: missing lane / interval BER,0.000E+00,No checked bits,0.000E+00,0.000E+0,Unavailable,Unavailable,Unavailable (RF),Unavailable (RF),Unavailable (RF)
2026-09-30 14:41:07,SMP / RF 1Mbps / per-link line rate / INCOMPLETE: missing lane / interval BER,0.000E+00,No checked bits,0.000E+00,0.000E+0,Unavailable,Unavailable,Unavailable (RF),Unavailable (RF),Unavailable (RF)
2026-09-30 14:41:08,SMP / RF 1Mbps / per-link line rate / INCOMPLETE: missing lane / interval BER,0.000E+00,No checked bits,0.000E+00,0.000E+0,Unavailable,Unavailable,Unavailable (RF),Unavailable (RF),Unavailable (RF)
2026-09-30 14:41:09,SMP / RF 1Mbps / per-link line rate / INCOMPLETE: missing lane / interval BER,0.000E+00,No checked bits,0.000E+00,0.000E+0,Unavailable,Unavailable,Unavailable (RF),Unavailable (RF),Unavailable (RF)
2026-09-30 14:41:10,SMP / RF 1Mbps / per-link line rate / INCOMPLETE: missing lane / interval BER,0.000E+00,No checked bits,0.000E+00,0.000E+0,Unavailable,Unavailable,Unavailable (RF),Unavailable (RF),Unavailable (RF)
2026-09-30 14:41:11,SMP / RF 1Mbps / per-link line rate / INCOMPLETE: missing lane / interval BER,0.000E+00,No checked bits,0.000E+00,0.000E+0,Unavailable,Unavailable,Unavailable (RF),Unavailable (RF),Unavailable (RF)
2026-09-30 14:41:12,SMP / RF 1Mbps / per-link line rate / INCOMPLETE: missing lane / interval BER,0.000E+00,No checked bits,0.000E+00,0.000E+0,Unavailable,Unavailable,Unavailable (RF),Unavailable (RF),Unavailable (RF)
2026-09-30 14:41:13,SMP / RF 1Mbps / per-link line rate / INCOMPLETE: missing lane / interval BER,0.000E+00,No checked bits,0.000E+00,0.000E+0,Unavailable,Unavailable,Unavailable (RF),Unavailable (RF),Unavailable (RF)
2026-09-30 14:41:14,SMP / RF 1Mbps / per-link line rate / INCOMPLETE: missing lane / interval BER,0.000E+00,No checked bits,0.000E+00,0.000E+0,Unavailable,Unavailable,Unavailable (RF),Unavailable (RF),Unavailable (RF)
2026-09-30 14:41:15,SMP / RF 1Mbps / per-link line rate / INCOMPLETE: missing lane / interval BER,0.000E+00,No checked bits,0.000E+00,0.000E+0,Unavailable,Unavailable,Unavailable (RF),Unavailable (RF),Unavailable (RF)
2026-09-30 14:41:16,SMP / RF 1Mbps / per-link line rate / INCOMPLETE: missing lane / interval BER,0.000E+00,No checked bits,0.000E+00,0.000E+0,Unavailable,Unavailable,Unavailable (RF),Unavailable (RF),Unavailable (RF)
2026-09-30 14:41:17,SMP / RF 1Mbps / per-link line rate / INCOMPLETE: missing lane / interval BER,0.000E+00,No checked bits,0.000E+00,0.000E+0,Unavailable,Unavailable,Unavailable (RF),Unavailable (RF),Unavailable (RF)
2026-09-30 14:41:18,SMP / RF 1Mbps / per-link line rate / INCOMPLETE: missing lane / interval BER,0.000E+00,No checked bits,0.000E+00,0.000E+0,Unavailable,Unavailable,Unavailable (RF),Unavailable (RF),Unavailable (RF)
2026-09-30 14:41:19,SMP / RF 1Mbps / per-link line rate / INCOMPLETE: missing lane / interval BER,0.000E+00,No checked bits,0.000E+00,0.000E+0,Unavailable,Unavailable,Unavailable (RF),Unavailable (RF),Unavailable (RF)
2026-09-30 14:41:20,SMP / RF 1Mbps / per-link line rate / INCOMPLETE: missing lane / interval BER,0.000E+00,No checked bits,0.000E+00,0.000E+0,Unavailable,Unavailable,Unavailable (RF),Unavailable (RF),Unavailable (RF)
2026-09-30 14:41:21,SMP / RF 1Mbps / per-link line rate / INCOMPLETE: missing lane / interval BER,0.000E+00,No checked bits,0.000E+00,0.000E+0,Unavailable,Unavailable,Unavailable (RF),Unavailable (RF),Unavailable (RF)
2026-09-30 14:41:22,SMP / RF 1Mbps / per-link line rate / INCOMPLETE: missing lane / interval BER,0.000E+00,No checked bits,0.000E+00,0.000E+0,Unavailable,Unavailable,Unavailable (RF),Unavailable (RF),Unavailable (RF)
2026-09-30 14:41:23,SMP / RF 1Mbps / per-link line rate / INCOMPLETE: missing lane / interval BER,0.000E+00,No checked bits,0.000E+00,0.000E+0,Unavailable,Unavailable,Unavailable (RF),Unavailable (RF),Unavailable (RF)
2026-09-30 14:41:24,SMP / RF 1Mbps / per-link line rate / INCOMPLETE: missing lane / interval BER,0.000E+00,No checked bits,0.000E+00,0.000E+0,Unavailable,Unavailable,Unavailable (RF),Unavailable (RF),Unavailable (RF)
2026-09-30 14:41:25,SMP / RF 1Mbps / per-link line rate / INCOMPLETE: missing lane / interval BER,0.000E+00,No checked bits,0.000E+00,0.000E+0,Unavailable,Unavailable,Unavailable (RF),Unavailable (RF),Unavailable (RF)
2026-09-30 14:41:26,SMP / RF 1Mbps / per-link line rate / INCOMPLETE: missing lane / interval BER,0.000E+00,No checked bits,0.000E+00,0.000E+0,Unavailable,Unavailable,Unavailable (RF),Unavailable (RF),Unavailable (RF)
2026-09-30 14:41:27,SMP / RF 1Mbps / per-link line rate / INCOMPLETE: missing lane / interval BER,0.000E+00,No checked bits,0.000E+00,0.000E+0,Unavailable,Unavailable,Unavailable (RF),Unavailable (RF),Unavailable (RF)
2026-09-30 14:41:28,SMP / RF 1Mbps / per-link line rate / INCOMPLETE: missing lane / interval BER,0.000E+00,No checked bits,0.000E+00,0.000E+0,Unavailable,Unavailable,Unavailable (RF),Unavailable (RF),Unavailable (RF)
2026-09-30 14:41:29,SMP / RF 1Mbps / per-link line rate / INCOMPLETE: missing lane / interval BER,0.000E+00,No checked bits,0.000E+00,0.000E+0,Unavailable,Unavailable,Unavailable (RF),Unavailable (RF),Unavailable (RF)
2026-09-30 14:41:30,SMP / RF 1Mbps / per-link line rate / INCOMPLETE: missing lane / interval BER,0.000E+00,No checked bits,0.000E+00,0.000E+0,Unavailable,Unavailable,Unavailable (RF),Unavailable (RF),Unavailable (RF)
2026-09-30 14:41:31,SMP / RF 1Mbps / per-link line rate / INCOMPLETE: missing lane / interval BER,0.000E+00,No checked bits,0.000E+00,0.000E+0,Unavailable,Unavailable,Unavailable (RF),Unavailable (RF),Unavailable (RF)
2026-09-30 14:41:32,SMP / RF 1Mbps / per-link line rate / INCOMPLETE: missing lane / interval BER,0.000E+00,No checked bits,0.000E+00,0.000E+0,Unavailable,Unavailable,Unavailable (RF),Unavailable (RF),Unavailable (RF)
2026-09-30 14:41:33,SMP / RF 1Mbps / per-link line rate / INCOMPLETE: missing lane / interval BER,0.000E+00,No checked bits,0.000E+00,0.000E+0,Unavailable,Unavailable,Unavailable (RF),Unavailable (RF),Unavailable (RF)
2026-09-30 14:41:35,SMP / RF 1Mbps / per-link line rate / INCOMPLETE: missing lane / interval BER,0.000E+00,No checked bits,0.000E+00,0.000E+0,Unavailable,Unavailable,Unavailable (RF),Unavailable (RF),Unavailable (RF)
2026-09-30 14:41:36,SMP / RF 1Mbps / per-link line rate / INCOMPLETE: missing lane / interval BER,0.000E+00,No checked bits,0.000E+00,0.000E+0,Unavailable,Unavailable,Unavailable (RF),Unavailable (RF),Unavailable (RF)
2026-09-30 14:41:37,SMP / RF 1Mbps / per-link line rate / INCOMPLETE: missing lane / interval BER,0.000E+00,No checked bits,0.000E+00,0.000E+0,Unavailable,Unavailable,Unavailable (RF),Unavailable (RF),Unavailable (RF)
2026-09-30 14:41:38,SMP / RF 1Mbps / per-link line rate / INCOMPLETE: missing lane / interval BER,0.000E+00,No checked bits,0.000E+00,0.000E+0,Unavailable,Unavailable,Unavailable (RF),Unavailable (RF),Unavailable (RF)
2026-09-30 14:41:40,SMP / RF 1Mbps / per-link line rate / INCOMPLETE: missing lane / interval BER,0.000E+00,No checked bits,0.000E+00,0.000E+0,Unavailable,Unavailable,Unavailable (RF),Unavailable (RF),Unavailable (RF)
2026-09-30 14:41:41,SMP / RF 1Mbps / per-link line rate / INCOMPLETE: missing lane / interval BER,0.000E+00,No checked bits,0.000E+00,0.000E+0,Unavailable,Unavailable,Unavailable (RF),Unavailable (RF),Unavailable (RF)
2026-09-30 14:41:42,SMP / RF 1Mbps / per-link line rate / INCOMPLETE: missing lane / interval BER,0.000E+00,No checked bits,0.000E+00,0.000E+0,Unavailable,Unavailable,Unavailable (RF),Unavailable (RF),Unavailable (RF)
2026-09-30 14:41:43,SMP / RF 1Mbps / per-link line rate / INCOMPLETE: missing lane / interval BER,0.000E+00,No checked bits,0.000E+00,0.000E+0,Unavailable,Unavailable,Unavailable (RF),Unavailable (RF),Unavailable (RF)
2026-09-30 14:41:44,SMP / RF 1Mbps / per-link line rate / INCOMPLETE: missing lane / interval BER,0.000E+00,No checked bits,0.000E+00,0.000E+0,Unavailable,Unavailable,Unavailable (RF),Unavailable (RF),Unavailable (RF)
2026-09-30 14:41:45,SMP / RF 1Mbps / per-link line rate / INCOMPLETE: missing lane / interval BER,0.000E+00,No checked bits,0.000E+00,0.000E+0,Unavailable,Unavailable,Unavailable (RF),Unavailable (RF),Unavailable (RF)
2026-09-30 14:41:46,SMP / RF 1Mbps / per-link line rate / INCOMPLETE: missing lane / interval BER,0.000E+00,No checked bits,0.000E+00,0.000E+0,Unavailable,Unavailable,Unavailable (RF),Unavailable (RF),Unavailable (RF)
2026-09-30 14:41:47,SMP / RF 1Mbps / per-link line rate / INCOMPLETE: missing lane / interval BER,0.000E+00,No checked bits,0.000E+00,0.000E+0,Unavailable,Unavailable,Unavailable (RF),Unavailable (RF),Unavailable (RF)
2026-09-30 14:41:48,SMP / RF 1Mbps / per-link line rate / INCOMPLETE: missing lane / interval BER,0.000E+00,0.000E+00,0.000E+00,0.000E+0,Unavailable,Unavailable,Unavailable (RF),Unavailable (RF),Unavailable (RF)
2026-09-30 14:41:49,SMP / RF 1Mbps / per-link line rate / INCOMPLETE: missing lane / interval BER,0.000E+00,0.000E+00,0.000E+00,0.000E+0,Unavailable,Unavailable,Unavailable (RF),Unavailable (RF),Unavailable (RF)
2026-09-30 14:41:50,SMP / RF 1Mbps / per-link line rate / INCOMPLETE: missing lane / interval BER,0.000E+00,0.000E+00,0.000E+00,0.000E+0,Unavailable,Unavailable,Unavailable (RF),Unavailable (RF),Unavailable (RF)
2026-09-30 14:41:51,SMP / paired RX / per-link line rate / both lanes counting / interval BER,0.000E+00,1.813E-01,4.491E-02,N/A,50.000,46.106,6.236E-02,96.106477,0.000000
2026-09-30 14:41:53,SMP / paired RX / per-link line rate / both lanes counting / interval BER,0.000E+00,1.460E-01,6.723E-02,N/A,50.000,50.000,6.239E-02,100.000000,0.000000
2026-09-30 14:41:54,SMP / paired RX / per-link line rate / both lanes counting / interval BER,0.000E+00,1.397E-01,6.565E-02,N/A,50.000,50.000,5.980E-02,99.999999,0.000000
2026-09-30 14:41:55,SMP / paired RX / per-link line rate / both lanes counting / interval BER,0.000E+00,1.508E-01,6.250E-02,N/A,50.000,50.000,5.446E-02,100.000000,0.000000
2026-09-30 14:41:55,SMP / paired RX / per-link line rate / both lanes counting / interval BER,0.000E+00,1.783E-01,7.211E-02,N/A,50.000,50.000,6.141E-02,100.000000,0.000000
2026-09-30 14:41:56,SMP / paired RX / per-link line rate / both lanes counting / interval BER,0.000E+00,1.323E-01,6.338E-02,N/A,50.000,50.000,6.065E-02,99.999998,0.000000
2026-09-30 14:41:57,SMP / paired RX / per-link line rate / both lanes counting / interval BER,0.000E+00,1.242E-01,6.074E-02,N/A,50.000,50.000,5.721E-02,100.000002,0.000000
2026-09-30 14:41:58,SMP / paired RX / per-link line rate / both lanes counting / interval BER,0.000E+00,1.588E-01,6.404E-02,N/A,50.000,50.000,5.181E-02,100.000000,0.000000
2026-09-30 14:41:59,SMP / paired RX / per-link line rate / both lanes counting / interval BER,0.000E+00,1.205E-01,5.594E-02,N/A,50.000,50.000,5.077E-02,100.000000,0.000000
2026-09-30 14:42:00,SMP / paired RX / per-link line rate / both lanes counting / interval BER,0.000E+00,1.019E-01,5.020E-02,N/A,50.000,50.000,4.552E-02,99.999999,0.000000
2026-09-30 14:42:01,SMP / paired RX / per-link line rate / both lanes counting / interval BER,0.000E+00,7.676E-02,4.074E-02,N/A,50.000,50.000,4.767E-02,100.000000,0.000000
2026-09-30 14:42:02,SMP / paired RX / per-link line rate / both lanes counting / interval BER,0.000E+00,1.182E-01,5.301E-02,N/A,50.000,50.000,4.066E-02,100.000000,0.027987
2026-09-30 14:42:03,SMP / paired RX / per-link line rate / both lanes counting / interval BER,0.000E+00,6.251E-02,2.729E-02,N/A,50.000,50.000,1.597E-02,100.000001,2.516220
2026-09-30 14:42:04,SMP / paired RX / per-link line rate / both lanes counting / interval BER,0.000E+00,2.584E-02,1.149E-02,N/A,50.000,50.000,8.845E-03,100.000000,10.043402
2026-09-30 14:42:05,SMP / paired RX / per-link line rate / both lanes counting / interval BER,0.000E+00,2.079E-02,1.076E-02,N/A,50.000,50.000,1.305E-02,100.000000,3.345439
2026-09-30 14:42:06,SMP / paired RX / per-link line rate / both lanes counting / interval BER,0.000E+00,2.839E-02,1.319E-02,N/A,50.000,50.000,1.258E-02,99.999999,3.830838
2026-09-30 14:42:07,SMP / paired RX / per-link line rate / both lanes counting / interval BER,0.000E+00,2.259E-02,1.142E-02,N/A,50.000,50.000,6.167E-03,100.000001,31.692808
2026-09-30 14:42:08,SMP / paired RX / per-link line rate / both lanes counting / interval BER,0.000E+00,1.413E-03,6.868E-04,N/A,50.000,50.000,2.171E-04,100.000000,72.947175
2026-09-30 14:42:09,SMP / paired RX / per-link line rate / both lanes counting / interval BER,0.000E+00,4.862E-04,2.412E-04,N/A,50.000,50.000,4.140E-04,100.000000,69.775178
2026-09-30 14:42:10,SMP / paired RX / per-link line rate / both lanes counting / interval BER,0.000E+00,5.570E-04,2.644E-04,N/A,50.000,50.000,3.738E-05,99.999999,76.471182
2026-09-30 14:42:11,SMP / paired RX / per-link line rate / both lanes counting / interval BER,0.000E+00,3.236E-05,1.544E-05,N/A,50.000,50.000,5.414E-06,100.000001,77.152777
2026-09-30 14:42:12,SMP / paired RX / per-link line rate / both lanes counting / interval BER,0.000E+00,2.505E-06,1.197E-06,N/A,50.000,50.000,1.984E-06,100.000000,76.639818
2026-09-30 14:42:13,SMP / paired RX / per-link line rate / both lanes counting / interval BER,0.000E+00,3.669E-06,1.566E-06,N/A,50.000,50.000,3.265E-07,99.999999,77.078544
2026-09-30 14:42:14,SMP / paired RX / per-link line rate / both lanes counting / interval BER,0.000E+00,1.193E-07,4.989E-08,N/A,50.000,50.000,0.000E+00,100.000001,77.461894
2026-09-30 14:42:15,SMP / paired RX / per-link line rate / both lanes counting / interval BER,0.000E+00,0.000E+00,0.000E+00,N/A,50.000,50.000,0.000E+00,100.000000,77.094918
2026-09-30 14:42:16,SMP / paired RX / per-link line rate / both lanes counting / interval BER,0.000E+00,0.000E+00,0.000E+00,N/A,50.000,50.000,0.000E+00,100.000000,77.188839
2026-09-30 14:42:17,SMP / paired RX / per-link line rate / both lanes counting / interval BER,0.000E+00,0.000E+00,0.000E+00,N/A,50.000,50.000,0.000E+00,100.000000,77.819016
2026-09-30 14:42:18,SMP / paired RX / per-link line rate / both lanes counting / interval BER,0.000E+00,0.000E+00,0.000E+00,N/A,50.000,50.000,0.000E+00,100.000001,77.948751
2026-09-30 14:42:19,SMP / paired RX / per-link line rate / both lanes counting / interval BER,0.000E+00,0.000E+00,0.000E+00,N/A,50.000,50.000,0.000E+00,99.999999,77.184038
2026-09-30 14:42:20,SMP / paired RX / per-link line rate / both lanes counting / interval BER,0.000E+00,0.000E+00,0.000E+00,N/A,50.000,50.000,0.000E+00,100.000000,77.308694
2026-09-30 14:42:21,SMP / paired RX / per-link line rate / both lanes counting / interval BER,0.000E+00,0.000E+00,0.000E+00,N/A,50.000,50.000,0.000E+00,100.000000,77.766915
2026-09-30 14:42:22,SMP / paired RX / per-link line rate / both lanes counting / interval BER,0.000E+00,0.000E+00,0.000E+00,N/A,50.000,50.000,0.000E+00,100.000001,77.757708
2026-09-30 14:42:23,SMP / paired RX / per-link line rate / both lanes counting / interval BER,0.000E+00,0.000E+00,0.000E+00,N/A,50.000,50.000,0.000E+00,100.000000,77.083130
2026-09-30 14:42:24,SMP / paired RX / per-link line rate / both lanes counting / interval BER,0.000E+00,0.000E+00,0.000E+00,N/A,50.000,50.000,0.000E+00,99.999999,77.327155
2026-09-30 14:42:25,SMP / paired RX / per-link line rate / both lanes counting / interval BER,0.000E+00,0.000E+00,0.000E+00,N/A,50.000,50.000,0.000E+00,100.000000,77.990042
2026-09-30 14:42:26,SMP / paired RX / per-link line rate / both lanes counting / interval BER,0.000E+00,0.000E+00,0.000E+00,N/A,50.000,50.000,0.000E+00,100.000000,78.024616
2026-09-30 14:42:27,SMP / paired RX / per-link line rate / both lanes counting / interval BER,0.000E+00,0.000E+00,0.000E+00,N/A,50.000,50.000,0.000E+00,100.000001,77.293902
2026-09-30 14:42:28,SMP / paired RX / per-link line rate / both lanes counting / interval BER,0.000E+00,0.000E+00,0.000E+00,N/A,50.000,50.000,0.000E+00,100.000000,77.318302
2026-09-30 14:42:29,SMP / paired RX / per-link line rate / both lanes counting / interval BER,0.000E+00,0.000E+00,0.000E+00,N/A,50.000,50.000,0.000E+00,99.999999,77.573940
2026-09-30 14:42:30,SMP / paired RX / per-link line rate / both lanes counting / interval BER,0.000E+00,0.000E+00,0.000E+00,N/A,50.000,50.000,0.000E+00,100.000001,77.805232
2026-09-30 14:42:31,SMP / paired RX / per-link line rate / both lanes counting / interval BER,0.000E+00,0.000E+00,0.000E+00,N/A,50.000,50.000,0.000E+00,100.000000,77.270692
2026-09-30 14:42:32,SMP / paired RX / per-link line rate / both lanes counting / interval BER,0.000E+00,0.000E+00,0.000E+00,N/A,50.000,50.000,0.000E+00,99.999999,77.122146
2026-09-30 14:42:33,SMP / paired RX / per-link line rate / both lanes counting / interval BER,0.000E+00,0.000E+00,0.000E+00,N/A,50.000,50.000,0.000E+00,100.000000,77.934045
2026-09-30 14:42:34,SMP / paired RX / per-link line rate / both lanes counting / interval BER,0.000E+00,0.000E+00,0.000E+00,N/A,50.000,50.000,0.000E+00,100.000000,77.936393
2026-09-30 14:42:35,SMP / paired RX / per-link line rate / both lanes counting / interval BER,0.000E+00,0.000E+00,0.000E+00,N/A,50.000,50.000,0.000E+00,100.000001,77.421991
2026-09-30 14:42:36,SMP / paired RX / per-link line rate / both lanes counting / interval BER,0.000E+00,0.000E+00,0.000E+00,N/A,50.000,50.000,0.000E+00,100.000000,77.398996
2026-09-30 14:42:37,SMP / paired RX / per-link line rate / both lanes counting / interval BER,0.000E+00,0.000E+00,0.000E+00,N/A,50.000,50.000,0.000E+00,100.000000,77.832535
2026-09-30 14:42:38,SMP / paired RX / per-link line rate / both lanes counting / interval BER,0.000E+00,0.000E+00,0.000E+00,N/A,50.000,50.000,0.000E+00,100.000000,77.722232
2026-09-30 14:42:39,SMP / paired RX / per-link line rate / both lanes counting / interval BER,0.000E+00,0.000E+00,0.000E+00,N/A,50.000,50.000,0.000E+00,100.000000,77.187689
2026-09-30 14:42:40,SMP / paired RX / per-link line rate / both lanes counting / interval BER,0.000E+00,0.000E+00,0.000E+00,N/A,50.000,50.000,0.000E+00,99.999999,77.459391
2026-09-30 14:42:41,SMP / paired RX / per-link line rate / both lanes counting / interval BER,0.000E+00,0.000E+00,0.000E+00,N/A,50.000,50.000,0.000E+00,100.000002,78.139559
2026-09-30 14:42:42,SMP / paired RX / per-link line rate / both lanes counting / interval BER,0.000E+00,0.000E+00,0.000E+00,N/A,50.000,50.000,0.000E+00,99.999999,77.682099
2026-09-30 14:42:43,SMP / paired RX / per-link line rate / both lanes counting / interval BER,0.000E+00,0.000E+00,0.000E+00,N/A,50.000,50.000,0.000E+00,100.000000,77.466485
2026-09-30 14:42:44,SMP / paired RX / per-link line rate / both lanes counting / interval BER,0.000E+00,0.000E+00,0.000E+00,N/A,50.000,50.000,0.000E+00,99.999999,77.355457
2026-09-30 14:42:45,SMP / paired RX / per-link line rate / both lanes counting / interval BER,0.000E+00,0.000E+00,0.000E+00,N/A,50.000,50.000,0.000E+00,100.000002,78.089523
2026-09-30 14:42:46,SMP / paired RX / per-link line rate / both lanes counting / interval BER,0.000E+00,0.000E+00,0.000E+00,N/A,50.000,50.000,0.000E+00,100.000000,77.648298
2026-09-30 14:42:47,SMP / paired RX / per-link line rate / both lanes counting / interval BER,0.000E+00,0.000E+00,0.000E+00,N/A,50.000,50.000,0.000E+00,100.000000,77.390984
2026-09-30 14:42:48,SMP / paired RX / per-link line rate / both lanes counting / interval BER,0.000E+00,0.000E+00,0.000E+00,N/A,50.000,50.000,0.000E+00,100.000000,77.775149
2026-09-30 14:42:49,SMP / paired RX / per-link line rate / both lanes counting / interval BER,0.000E+00,0.000E+00,0.000E+00,N/A,50.000,50.000,0.000E+00,100.000000,78.019483
2026-09-30 14:42:50,SMP / paired RX / per-link line rate / both lanes counting / interval BER,0.000E+00,0.000E+00,0.000E+00,N/A,50.000,50.000,0.000E+00,100.000000,77.434204
2026-09-30 14:42:51,SMP / paired RX / per-link line rate / both lanes counting / interval BER,0.000E+00,0.000E+00,0.000E+00,N/A,50.000,50.000,0.000E+00,100.000000,76.921995
2026-09-30 14:42:52,SMP / paired RX / per-link line rate / both lanes counting / interval BER,0.000E+00,0.000E+00,0.000E+00,N/A,50.000,50.000,0.000E+00,100.000000,77.193042
2026-09-30 14:42:53,SMP / paired RX / per-link line rate / both lanes counting / interval BER,0.000E+00,0.000E+00,0.000E+00,N/A,50.000,50.000,0.000E+00,99.999999,77.811618
2026-09-30 14:42:54,SMP / paired RX / per-link line rate / both lanes counting / interval BER,0.000E+00,0.000E+00,0.000E+00,N/A,50.000,50.000,0.000E+00,100.000000,77.595832
2026-09-30 14:42:55,SMP / paired RX / per-link line rate / both lanes counting / interval BER,0.000E+00,0.000E+00,0.000E+00,N/A,50.000,50.000,0.000E+00,100.000000,77.012671
2026-09-30 14:42:56,SMP / paired RX / per-link line rate / both lanes counting / interval BER,0.000E+00,0.000E+00,0.000E+00,N/A,50.000,50.000,0.000E+00,100.000000,77.380665
2026-09-30 14:42:57,SMP / paired RX / per-link line rate / both lanes counting / interval BER,0.000E+00,0.000E+00,0.000E+00,N/A,50.000,50.000,0.000E+00,100.000000,77.956682
2026-09-30 14:42:58,SMP / paired RX / per-link line rate / both lanes counting / interval BER,0.000E+00,0.000E+00,0.000E+00,N/A,50.000,50.000,0.000E+00,100.000000,77.499225
2026-09-30 14:42:59,SMP / paired RX / per-link line rate / both lanes counting / interval BER,0.000E+00,0.000E+00,0.000E+00,N/A,50.000,50.000,0.000E+00,100.000000,77.024027
2026-09-30 14:43:00,SMP / paired RX / per-link line rate / both lanes counting / interval BER,0.000E+00,0.000E+00,0.000E+00,N/A,50.000,50.000,0.000E+00,100.000001,77.263767
2026-09-30 14:43:01,SMP / paired RX / per-link line rate / both lanes counting / interval BER,0.000E+00,0.000E+00,0.000E+00,N/A,50.000,50.000,0.000E+00,100.000000,77.463704
2026-09-30 14:43:02,SMP / paired RX / per-link line rate / both lanes counting / interval BER,0.000E+00,0.000E+00,0.000E+00,N/A,50.000,50.000,0.000E+00,100.000000,77.355325
2026-09-30 14:43:03,SMP / paired RX / per-link line rate / both lanes counting / interval BER,0.000E+00,0.000E+00,0.000E+00,N/A,50.000,50.000,0.000E+00,99.999999,76.998242
2026-09-30 14:43:05,SMP / paired RX / per-link line rate / both lanes counting / interval BER,0.000E+00,0.000E+00,0.000E+00,N/A,50.000,50.000,0.000E+00,100.000002,76.894742
2026-09-30 14:43:06,SMP / paired RX / per-link line rate / both lanes counting / interval BER,0.000E+00,0.000E+00,0.000E+00,N/A,50.000,50.000,0.000E+00,99.999998,77.337132
2026-09-30 14:43:06,SMP / paired RX / per-link line rate / both lanes counting / interval BER,0.000E+00,0.000E+00,0.000E+00,N/A,50.000,50.000,0.000E+00,100.000001,77.429931
2026-09-30 14:43:07,SMP / paired RX / per-link line rate / both lanes counting / interval BER,0.000E+00,0.000E+00,0.000E+00,N/A,50.000,50.000,0.000E+00,100.000000,76.708684
2026-09-30 14:43:09,SMP / paired RX / per-link line rate / both lanes counting / interval BER,0.000E+00,0.000E+00,0.000E+00,N/A,50.000,50.000,0.000E+00,99.999998,77.084276
2026-09-30 14:43:09,SMP / paired RX / per-link line rate / both lanes counting / interval BER,0.000E+00,0.000E+00,0.000E+00,N/A,50.000,50.000,0.000E+00,100.000001,78.031309
2026-09-30 14:43:10,SMP / paired RX / per-link line rate / both lanes counting / interval BER,0.000E+00,0.000E+00,0.000E+00,N/A,50.000,50.000,0.000E+00,100.000000,77.756861
2026-09-30 14:43:11,SMP / paired RX / per-link line rate / both lanes counting / interval BER,0.000E+00,0.000E+00,0.000E+00,N/A,50.000,50.000,0.000E+00,100.000000,77.193276
2026-09-30 14:43:12,SMP / paired RX / per-link line rate / both lanes counting / interval BER,0.000E+00,0.000E+00,0.000E+00,N/A,50.000,50.000,0.000E+00,100.000000,77.312519
2026-09-30 14:43:14,SMP / paired RX / per-link line rate / both lanes counting / interval BER,0.000E+00,0.000E+00,0.000E+00,N/A,50.000,50.000,0.000E+00,100.000001,77.741391
2026-09-30 14:43:15,SMP / paired RX / per-link line rate / both lanes counting / interval BER,0.000E+00,0.000E+00,0.000E+00,N/A,50.000,50.000,0.000E+00,99.999999,77.790062
2026-09-30 14:43:16,SMP / paired RX / per-link line rate / both lanes counting / interval BER,0.000E+00,0.000E+00,0.000E+00,N/A,50.000,50.000,0.000E+00,100.000001,77.449128
2026-09-30 14:43:17,SMP / paired RX / per-link line rate / both lanes counting / interval BER,0.000E+00,0.000E+00,0.000E+00,N/A,50.000,50.000,0.000E+00,100.000000,77.343387
2026-09-30 14:43:18,SMP / paired RX / per-link line rate / both lanes counting / interval BER,0.000E+00,0.000E+00,0.000E+00,N/A,50.000,50.000,0.000E+00,100.000000,77.635540
2026-09-30 14:43:19,SMP / paired RX / per-link line rate / both lanes counting / interval BER,0.000E+00,0.000E+00,0.000E+00,N/A,50.000,50.000,0.000E+00,100.000000,77.617753
2026-09-30 14:43:20,SMP / paired RX / per-link line rate / both lanes counting / interval BER,0.000E+00,0.000E+00,0.000E+00,N/A,50.000,50.000,0.000E+00,100.000000,77.787717
2026-09-30 14:43:21,SMP / paired RX / per-link line rate / both lanes counting / interval BER,0.000E+00,0.000E+00,0.000E+00,N/A,50.000,50.000,0.000E+00,100.000000,77.136633
2026-09-30 14:43:22,SMP / paired RX / per-link line rate / both lanes counting / interval BER,0.000E+00,0.000E+00,0.000E+00,N/A,50.000,50.000,0.000E+00,100.000001,76.874431
2026-09-30 14:43:23,SMP / paired RX / per-link line rate / both lanes counting / interval BER,0.000E+00,0.000E+00,0.000E+00,N/A,50.000,50.000,0.000E+00,100.000000,77.748208
2026-09-30 14:43:24,SMP / paired RX / per-link line rate / both lanes counting / interval BER,0.000E+00,0.000E+00,0.000E+00,N/A,50.000,50.000,0.000E+00,100.000000,77.202186
2026-09-30 14:43:25,SMP / paired RX / per-link line rate / both lanes counting / interval BER,0.000E+00,0.000E+00,0.000E+00,N/A,50.000,50.000,0.000E+00,100.000000,76.819376
2026-09-30 14:43:26,SMP / paired RX / per-link line rate / both lanes counting / interval BER,0.000E+00,0.000E+00,0.000E+00,N/A,50.000,50.000,0.000E+00,100.000000,77.231682
2026-09-30 14:43:27,SMP / paired RX / per-link line rate / both lanes counting / interval BER,0.000E+00,0.000E+00,0.000E+00,N/A,50.000,50.000,0.000E+00,100.000001,77.542325
2026-09-30 14:43:28,SMP / paired RX / per-link line rate / both lanes counting / interval BER,0.000E+00,0.000E+00,0.000E+00,N/A,50.000,50.000,0.000E+00,99.999999,76.641953
2026-09-30 14:43:29,SMP / paired RX / per-link line rate / both lanes counting / interval BER,0.000E+00,0.000E+00,0.000E+00,N/A,50.000,50.000,0.000E+00,100.000000,76.651255
2026-09-30 14:43:29,SMP / paired RX / per-link line rate / both lanes counting / interval BER,0.000E+00,0.000E+00,0.000E+00,N/A,50.000,50.000,0.000E+00,99.999999,77.630552
2026-09-30 14:43:30,SMP / paired RX / per-link line rate / both lanes counting / interval BER,0.000E+00,0.000E+00,0.000E+00,N/A,50.000,50.000,0.000E+00,100.000002,76.575462
2026-09-30 14:43:31,SMP / paired RX / per-link line rate / both lanes counting / interval BER,0.000E+00,0.000E+00,0.000E+00,N/A,50.000,50.000,0.000E+00,100.000000,76.828986
2026-09-30 14:43:32,SMP / paired RX / per-link line rate / both lanes counting / interval BER,0.000E+00,0.000E+00,0.000E+00,N/A,50.000,50.000,0.000E+00,99.999999,77.409290
2026-09-30 14:43:33,SMP / paired RX / per-link line rate / both lanes counting / interval BER,0.000E+00,0.000E+00,0.000E+00,N/A,50.000,50.000,0.000E+00,100.000000,77.620560
2026-09-30 14:43:34,SMP / paired RX / per-link line rate / both lanes counting / interval BER,0.000E+00,0.000E+00,0.000E+00,N/A,50.000,50.000,0.000E+00,100.000001,77.332079
2026-09-30 14:43:35,SMP / paired RX / per-link line rate / both lanes counting / interval BER,0.000E+00,0.000E+00,0.000E+00,N/A,50.000,50.000,0.000E+00,99.999999,77.202246
2026-09-30 14:43:36,SMP / paired RX / per-link line rate / both lanes counting / interval BER,0.000E+00,0.000E+00,0.000E+00,N/A,50.000,50.000,0.000E+00,100.000001,77.440593
2026-09-30 14:43:37,SMP / paired RX / per-link line rate / both lanes counting / interval BER,0.000E+00,0.000E+00,0.000E+00,N/A,50.000,50.000,0.000E+00,100.000000,77.554171
2026-09-30 14:43:38,SMP / paired RX / per-link line rate / both lanes counting / interval BER,0.000E+00,0.000E+00,0.000E+00,N/A,50.000,50.000,0.000E+00,99.999999,77.095661
2026-09-30 14:43:40,SMP / paired RX / per-link line rate / both lanes counting / interval BER,0.000E+00,0.000E+00,0.000E+00,N/A,50.000,50.000,0.000E+00,100.000000,76.800809
2026-09-30 14:43:41,SMP / paired RX / per-link line rate / both lanes counting / interval BER,0.000E+00,0.000E+00,0.000E+00,N/A,50.000,50.000,0.000E+00,100.000000,76.959205
2026-09-30 14:43:42,SMP / paired RX / per-link line rate / both lanes counting / interval BER,0.000E+00,0.000E+00,0.000E+00,N/A,50.000,50.000,0.000E+00,100.000001,77.554601
2026-09-30 14:43:43,SMP / paired RX / per-link line rate / both lanes counting / interval BER,0.000E+00,0.000E+00,0.000E+00,N/A,50.000,50.000,0.000E+00,99.999999,77.220890
2026-09-30 14:43:43,SMP / paired RX / per-link line rate / both lanes counting / interval BER,0.000E+00,0.000E+00,0.000E+00,N/A,50.000,50.000,0.000E+00,100.000001,76.789282
2026-09-30 14:43:44,SMP / paired RX / per-link line rate / both lanes counting / interval BER,0.000E+00,0.000E+00,0.000E+00,N/A,50.000,50.000,0.000E+00,99.999999,77.907437
2026-09-30 14:43:45,SMP / paired RX / per-link line rate / both lanes counting / interval BER,0.000E+00,0.000E+00,0.000E+00,N/A,50.000,50.000,0.000E+00,100.000000,77.852872
2026-09-30 14:43:46,SMP / paired RX / per-link line rate / both lanes counting / interval BER,0.000E+00,0.000E+00,0.000E+00,N/A,50.000,50.000,0.000E+00,100.000000,77.466421
2026-09-30 14:43:47,SMP / paired RX / per-link line rate / both lanes counting / interval BER,0.000E+00,0.000E+00,0.000E+00,N/A,50.000,50.000,0.000E+00,100.000002,77.715162
2026-09-30 14:43:48,SMP / paired RX / per-link line rate / both lanes counting / interval BER,0.000E+00,0.000E+00,0.000E+00,N/A,50.000,50.000,0.000E+00,100.000000,77.878503
2026-09-30 14:43:49,SMP / paired RX / per-link line rate / both lanes counting / interval BER,0.000E+00,0.000E+00,0.000E+00,N/A,50.000,50.000,0.000E+00,100.000000,77.785023
2026-09-30 14:43:50,SMP / paired RX / per-link line rate / both lanes counting / interval BER,0.000E+00,0.000E+00,0.000E+00,N/A,50.000,50.000,0.000E+00,100.000000,77.092639
2026-09-30 14:43:51,SMP / paired RX / per-link line rate / both lanes counting / interval BER,0.000E+00,0.000E+00,0.000E+00,N/A,50.000,50.000,0.000E+00,100.000000,77.130279
2026-09-30 14:43:52,SMP / paired RX / per-link line rate / both lanes counting / interval BER,0.000E+00,0.000E+00,0.000E+00,N/A,50.000,50.000,0.000E+00,99.999999,77.534004
2026-09-30 14:43:53,SMP / paired RX / per-link line rate / both lanes counting / interval BER,0.000E+00,0.000E+00,0.000E+00,N/A,50.000,50.000,0.000E+00,100.000000,77.584019
2026-09-30 14:43:54,SMP / paired RX / per-link line rate / both lanes counting / interval BER,0.000E+00,0.000E+00,0.000E+00,N/A,50.000,50.000,0.000E+00,100.000001,77.242202
2026-09-30 14:43:55,SMP / paired RX / per-link line rate / both lanes counting / interval BER,0.000E+00,0.000E+00,0.000E+00,N/A,50.000,50.000,0.000E+00,99.999999,77.361668
2026-09-30 14:43:57,SMP / paired RX / per-link line rate / both lanes counting / interval BER,0.000E+00,0.000E+00,0.000E+00,N/A,50.000,50.000,0.000E+00,100.000000,77.577422
2026-09-30 14:43:58,SMP / paired RX / per-link line rate / both lanes counting / interval BER,0.000E+00,0.000E+00,0.000E+00,N/A,50.000,50.000,0.000E+00,100.000001,77.725867
2026-09-30 14:43:59,SMP / paired RX / per-link line rate / both lanes counting / interval BER,0.000E+00,0.000E+00,0.000E+00,N/A,50.000,50.000,0.000E+00,100.000000,77.229596
2026-09-30 14:43:59,SMP / paired RX / per-link line rate / both lanes counting / interval BER,0.000E+00,0.000E+00,0.000E+00,N/A,50.000,50.000,0.000E+00,100.000000,76.993985
2026-09-30 14:44:01,SMP / paired RX / per-link line rate / both lanes counting / interval BER,0.000E+00,0.000E+00,0.000E+00,N/A,50.000,50.000,0.000E+00,100.000000,77.605311
2026-09-30 14:44:02,SMP / paired RX / per-link line rate / both lanes counting / interval BER,0.000E+00,0.000E+00,0.000E+00,N/A,50.000,50.000,0.000E+00,99.999999,77.611012
2026-09-30 14:44:02,SMP / paired RX / per-link line rate / both lanes counting / interval BER,0.000E+00,0.000E+00,0.000E+00,N/A,50.000,50.000,0.000E+00,100.000000,77.100236
2026-09-30 14:44:03,SMP / paired RX / per-link line rate / both lanes counting / interval BER,0.000E+00,0.000E+00,0.000E+00,N/A,50.000,50.000,0.000E+00,100.000000,77.201751
2026-09-30 14:44:04,SMP / paired RX / per-link line rate / both lanes counting / interval BER,0.000E+00,0.000E+00,0.000E+00,N/A,50.000,50.000,0.000E+00,100.000001,77.462200
2026-09-30 14:44:05,SMP / paired RX / per-link line rate / both lanes counting / interval BER,0.000E+00,0.000E+00,0.000E+00,N/A,50.000,50.000,0.000E+00,99.999999,77.200748
2026-09-30 14:44:06,SMP / paired RX / per-link line rate / both lanes counting / interval BER,0.000E+00,0.000E+00,0.000E+00,N/A,50.000,50.000,0.000E+00,100.000000,77.346778
2026-09-30 14:44:07,SMP / paired RX / per-link line rate / both lanes counting / interval BER,0.000E+00,0.000E+00,0.000E+00,N/A,50.000,50.000,0.000E+00,100.000000,77.912440
2026-09-30 14:44:08,SMP / paired RX / per-link line rate / both lanes counting / interval BER,0.000E+00,0.000E+00,0.000E+00,N/A,50.000,50.000,0.000E+00,100.000000,77.763314
2026-09-30 14:44:09,SMP / paired RX / per-link line rate / both lanes counting / interval BER,0.000E+00,0.000E+00,0.000E+00,N/A,50.000,50.000,0.000E+00,100.000000,77.527832
2026-09-30 14:44:10,SMP / paired RX / per-link line rate / both lanes counting / interval BER,0.000E+00,0.000E+00,0.000E+00,N/A,50.000,50.000,0.000E+00,100.000001,77.256670
2026-09-30 14:44:11,SMP / paired RX / per-link line rate / both lanes counting / interval BER,0.000E+00,0.000E+00,0.000E+00,N/A,50.000,50.000,0.000E+00,99.999999,77.650404
2026-09-30 14:44:12,SMP / paired RX / per-link line rate / both lanes counting / interval BER,0.000E+00,0.000E+00,0.000E+00,N/A,50.000,50.000,0.000E+00,100.000001,77.697802
2026-09-30 14:44:13,SMP / paired RX / per-link line rate / both lanes counting / interval BER,0.000E+00,0.000E+00,0.000E+00,N/A,50.000,50.000,0.000E+00,100.000000,77.497344
2026-09-30 14:44:15,SMP / paired RX / per-link line rate / both lanes counting / interval BER,0.000E+00,0.000E+00,0.000E+00,N/A,50.000,50.000,0.000E+00,100.000000,77.306139
2026-09-30 14:44:15,SMP / paired RX / per-link line rate / both lanes counting / interval BER,0.000E+00,0.000E+00,0.000E+00,N/A,50.000,50.000,0.000E+00,100.000001,77.328150
2026-09-30 14:44:16,SMP / paired RX / per-link line rate / both lanes counting / interval BER,0.000E+00,0.000E+00,0.000E+00,N/A,50.000,50.000,0.000E+00,99.999999,77.890586
2026-09-30 14:44:17,SMP / paired RX / per-link line rate / both lanes counting / interval BER,0.000E+00,0.000E+00,0.000E+00,N/A,50.000,50.000,0.000E+00,100.000001,77.295138
2026-09-30 14:44:18,SMP / paired RX / per-link line rate / both lanes counting / interval BER,0.000E+00,0.000E+00,0.000E+00,N/A,50.000,50.000,0.000E+00,99.999999,77.069352
2026-09-30 14:44:19,SMP / paired RX / per-link line rate / both lanes counting / interval BER,0.000E+00,0.000E+00,0.000E+00,N/A,50.000,50.000,0.000E+00,100.000000,77.753134
2026-09-30 14:44:20,SMP / paired RX / per-link line rate / both lanes counting / interval BER,0.000E+00,0.000E+00,0.000E+00,N/A,50.000,50.000,0.000E+00,100.000000,77.873006
2026-09-30 14:44:21,SMP / paired RX / per-link line rate / both lanes counting / interval BER,0.000E+00,0.000E+00,0.000E+00,N/A,50.000,50.000,0.000E+00,100.000000,77.124313
2026-09-30 14:44:22,SMP / paired RX / per-link line rate / both lanes counting / interval BER,0.000E+00,0.000E+00,0.000E+00,N/A,50.000,50.000,0.000E+00,100.000001,77.435290
2026-09-30 14:44:23,SMP / paired RX / per-link line rate / both lanes counting / interval BER,0.000E+00,0.000E+00,0.000E+00,N/A,50.000,50.000,0.000E+00,100.000000,78.165692
2026-09-30 14:44:24,SMP / paired RX / per-link line rate / both lanes counting / interval BER,0.000E+00,0.000E+00,0.000E+00,N/A,50.000,50.000,0.000E+00,99.999999,78.209561
2026-09-30 14:44:25,SMP / paired RX / per-link line rate / both lanes counting / interval BER,0.000E+00,0.000E+00,0.000E+00,N/A,50.000,50.000,0.000E+00,100.000001,77.752983
2026-09-30 14:44:27,SMP / paired RX / per-link line rate / both lanes counting / interval BER,0.000E+00,0.000E+00,0.000E+00,N/A,50.000,50.000,0.000E+00,100.000000,77.601460
2026-09-30 14:44:27,SMP / paired RX / per-link line rate / both lanes counting / interval BER,0.000E+00,0.000E+00,0.000E+00,N/A,50.000,50.000,0.000E+00,99.999999,78.095693
2026-09-30 14:44:28,SMP / paired RX / per-link line rate / both lanes counting / interval BER,0.000E+00,0.000E+00,0.000E+00,N/A,50.000,50.000,0.000E+00,100.000000,78.495022
2026-09-30 14:44:29,SMP / paired RX / per-link line rate / both lanes counting / interval BER,0.000E+00,0.000E+00,0.000E+00,N/A,50.000,50.000,0.000E+00,100.000000,77.618083
2026-09-30 14:44:30,SMP / paired RX / per-link line rate / both lanes counting / interval BER,0.000E+00,0.000E+00,0.000E+00,N/A,50.000,50.000,0.000E+00,100.000000,77.679236
2026-09-30 14:44:31,SMP / paired RX / per-link line rate / both lanes counting / interval BER,0.000E+00,0.000E+00,0.000E+00,N/A,50.000,50.000,0.000E+00,100.000000,77.865277
2026-09-30 14:44:32,SMP / paired RX / per-link line rate / both lanes counting / interval BER,0.000E+00,0.000E+00,0.000E+00,N/A,50.000,50.000,0.000E+00,100.000000,78.090084
2026-09-30 14:44:33,SMP / paired RX / per-link line rate / both lanes counting / interval BER,0.000E+00,0.000E+00,0.000E+00,N/A,50.000,50.000,0.000E+00,99.999999,77.500677
2026-09-30 14:44:34,SMP / paired RX / per-link line rate / both lanes counting / interval BER,0.000E+00,0.000E+00,0.000E+00,N/A,50.000,50.000,0.000E+00,100.000000,77.535614
2026-09-30 14:44:35,SMP / paired RX / per-link line rate / both lanes counting / interval BER,0.000E+00,0.000E+00,0.000E+00,N/A,50.000,50.000,0.000E+00,100.000000,78.254550
2026-09-30 14:44:36,SMP / paired RX / per-link line rate / both lanes counting / interval BER,0.000E+00,0.000E+00,0.000E+00,N/A,50.000,50.000,0.000E+00,100.000000,78.860471
2026-09-30 14:44:37,SMP / paired RX / per-link line rate / both lanes counting / interval BER,0.000E+00,0.000E+00,0.000E+00,N/A,50.000,50.000,0.000E+00,100.000000,77.937381
2026-09-30 14:44:39,SMP / paired RX / per-link line rate / both lanes counting / interval BER,0.000E+00,0.000E+00,0.000E+00,N/A,50.000,50.000,0.000E+00,100.000000,77.697649
2026-09-30 14:44:40,SMP / paired RX / per-link line rate / both lanes counting / interval BER,0.000E+00,0.000E+00,0.000E+00,N/A,50.000,50.000,0.000E+00,100.000001,77.964169
2026-09-30 14:44:40,SMP / paired RX / per-link line rate / both lanes counting / interval BER,0.000E+00,0.000E+00,0.000E+00,N/A,50.000,50.000,0.000E+00,100.000000,78.309639
2026-09-30 14:44:41,SMP / paired RX / per-link line rate / both lanes counting / interval BER,0.000E+00,0.000E+00,0.000E+00,N/A,50.000,50.000,0.000E+00,99.999999,77.723932
2026-09-30 14:44:43,SMP / paired RX / per-link line rate / both lanes counting / interval BER,0.000E+00,0.000E+00,0.000E+00,N/A,50.000,50.000,0.000E+00,100.000001,77.647039
2026-09-30 14:44:43,SMP / paired RX / per-link line rate / both lanes counting / interval BER,0.000E+00,0.000E+00,0.000E+00,N/A,50.000,50.000,0.000E+00,100.000000,78.023074
2026-09-30 14:44:45,SMP / paired RX / per-link line rate / both lanes counting / interval BER,0.000E+00,0.000E+00,0.000E+00,N/A,50.000,50.000,0.000E+00,100.000001,78.109686
2026-09-30 14:44:46,SMP / paired RX / per-link line rate / both lanes counting / interval BER,0.000E+00,0.000E+00,0.000E+00,N/A,50.000,50.000,0.000E+00,99.999999,77.816205
2026-09-30 14:44:47,SMP / paired RX / per-link line rate / both lanes counting / interval BER,0.000E+00,0.000E+00,0.000E+00,N/A,50.000,50.000,0.000E+00,100.000001,78.206822
2026-09-30 14:44:48,SMP / paired RX / per-link line rate / both lanes counting / interval BER,0.000E+00,0.000E+00,0.000E+00,N/A,50.000,50.000,0.000E+00,100.000000,78.071575
2026-09-30 14:44:49,SMP / paired RX / per-link line rate / both lanes counting / interval BER,0.000E+00,0.000E+00,0.000E+00,N/A,50.000,50.000,0.000E+00,100.000000,77.763566
2026-09-30 14:44:50,SMP / paired RX / per-link line rate / both lanes counting / interval BER,0.000E+00,0.000E+00,0.000E+00,N/A,50.000,50.000,0.000E+00,100.000000,78.000623
2026-09-30 14:44:51,SMP / paired RX / per-link line rate / both lanes counting / interval BER,0.000E+00,0.000E+00,0.000E+00,N/A,50.000,50.000,0.000E+00,99.999999,78.331367
2026-09-30 14:44:52,SMP / paired RX / per-link line rate / both lanes counting / interval BER,0.000E+00,0.000E+00,0.000E+00,N/A,50.000,50.000,0.000E+00,100.000001,77.630334
2026-09-30 14:44:54,SMP / paired RX / per-link line rate / both lanes counting / interval BER,0.000E+00,0.000E+00,0.000E+00,N/A,50.000,50.000,0.000E+00,99.999999,77.629353
2026-09-30 14:44:55,SMP / paired RX / per-link line rate / both lanes counting / interval BER,0.000E+00,0.000E+00,0.000E+00,N/A,50.000,50.000,0.000E+00,100.000001,77.417620
2026-09-30 14:44:56,SMP / paired RX / per-link line rate / both lanes counting / interval BER,0.000E+00,0.000E+00,0.000E+00,N/A,50.000,50.000,0.000E+00,100.000000,78.104877
2026-09-30 14:44:56,SMP / paired RX / per-link line rate / both lanes counting / interval BER,0.000E+00,0.000E+00,0.000E+00,N/A,50.000,50.000,0.000E+00,100.000000,77.878728
2026-09-30 14:44:57,SMP / paired RX / per-link line rate / both lanes counting / interval BER,0.000E+00,0.000E+00,0.000E+00,N/A,50.000,50.000,0.000E+00,100.000000,77.116785
2026-09-30 14:44:58,SMP / paired RX / per-link line rate / both lanes counting / interval BER,0.000E+00,0.000E+00,0.000E+00,N/A,50.000,50.000,0.000E+00,99.999999,77.629976
2026-09-30 14:44:59,SMP / paired RX / per-link line rate / both lanes counting / interval BER,0.000E+00,0.000E+00,0.000E+00,N/A,50.000,50.000,0.000E+00,100.000000,78.099779
2026-09-30 14:45:00,SMP / paired RX / per-link line rate / both lanes counting / interval BER,0.000E+00,0.000E+00,0.000E+00,N/A,50.000,50.000,0.000E+00,100.000001,77.774726
2026-09-30 14:45:01,SMP / paired RX / per-link line rate / both lanes counting / interval BER,0.000E+00,0.000E+00,0.000E+00,N/A,50.000,50.000,0.000E+00,100.000000,77.338987
2026-09-30 14:45:02,SMP / paired RX / per-link line rate / both lanes counting / interval BER,0.000E+00,0.000E+00,0.000E+00,N/A,50.000,50.000,0.000E+00,99.999999,77.805678
2026-09-30 14:45:03,SMP / paired RX / per-link line rate / both lanes counting / interval BER,0.000E+00,0.000E+00,0.000E+00,N/A,50.000,50.000,0.000E+00,99.999999,77.875670
2026-09-30 14:45:04,SMP / paired RX / per-link line rate / both lanes counting / interval BER,0.000E+00,0.000E+00,0.000E+00,N/A,50.000,50.000,0.000E+00,100.000000,77.557273
2026-09-30 14:45:05,SMP / paired RX / per-link line rate / both lanes counting / interval BER,0.000E+00,0.000E+00,0.000E+00,N/A,50.000,50.000,0.000E+00,100.000000,77.395972
2026-09-30 14:45:06,SMP / paired RX / per-link line rate / both lanes counting / interval BER,0.000E+00,0.000E+00,0.000E+00,N/A,50.000,50.000,0.000E+00,100.000000,78.071958
2026-09-30 14:45:07,SMP / paired RX / per-link line rate / both lanes counting / interval BER,0.000E+00,0.000E+00,0.000E+00,N/A,50.000,50.000,0.000E+00,100.000000,78.027951
2026-09-30 14:45:08,SMP / paired RX / per-link line rate / both lanes counting / interval BER,0.000E+00,0.000E+00,0.000E+00,N/A,50.000,50.000,0.000E+00,99.999999,77.396290
2026-09-30 14:45:09,SMP / paired RX / per-link line rate / both lanes counting / interval BER,0.000E+00,0.000E+00,0.000E+00,N/A,50.000,50.000,0.000E+00,100.000000,77.277606
2026-09-30 14:45:10,SMP / paired RX / per-link line rate / both lanes counting / interval BER,0.000E+00,0.000E+00,0.000E+00,N/A,50.000,50.000,0.000E+00,100.000001,77.368788
2026-09-30 14:45:11,SMP / paired RX / per-link line rate / both lanes counting / interval BER,0.000E+00,0.000E+00,0.000E+00,N/A,50.000,50.000,0.000E+00,100.000000,77.729843
2026-09-30 14:45:13,SMP / paired RX / per-link line rate / both lanes counting / interval BER,0.000E+00,0.000E+00,0.000E+00,N/A,50.000,50.000,0.000E+00,100.000000,77.547299
2026-09-30 14:45:13,SMP / paired RX / per-link line rate / both lanes counting / interval BER,0.000E+00,0.000E+00,0.000E+00,N/A,50.000,50.000,0.000E+00,100.000000,77.167987
2026-09-30 14:45:14,SMP / paired RX / per-link line rate / both lanes counting / interval BER,0.000E+00,0.000E+00,0.000E+00,N/A,50.000,50.000,0.000E+00,100.000000,77.977580
2026-09-30 14:45:15,SMP / paired RX / per-link line rate / both lanes counting / interval BER,0.000E+00,0.000E+00,0.000E+00,N/A,50.000,50.000,0.000E+00,99.999998,77.698362
2026-09-30 14:45:16,SMP / paired RX / per-link line rate / both lanes counting / interval BER,0.000E+00,0.000E+00,0.000E+00,N/A,50.000,50.000,0.000E+00,100.000001,77.248741
2026-09-30 14:45:17,SMP / paired RX / per-link line rate / both lanes counting / interval BER,0.000E+00,0.000E+00,0.000E+00,N/A,50.000,50.000,0.000E+00,100.000000,76.831651
2026-09-30 14:45:18,SMP / paired RX / per-link line rate / both lanes counting / interval BER,0.000E+00,0.000E+00,0.000E+00,N/A,50.000,50.000,0.000E+00,100.000000,77.792857
2026-09-30 14:45:19,SMP / paired RX / per-link line rate / both lanes counting / interval BER,0.000E+00,0.000E+00,0.000E+00,N/A,50.000,50.000,0.000E+00,100.000000,77.517444
2026-09-30 14:45:21,SMP / paired RX / per-link line rate / both lanes counting / interval BER,0.000E+00,0.000E+00,0.000E+00,N/A,50.000,50.000,0.000E+00,100.000001,77.721029
2026-09-30 14:45:22,SMP / paired RX / per-link line rate / both lanes counting / interval BER,0.000E+00,0.000E+00,0.000E+00,N/A,50.000,50.000,0.000E+00,99.999999,77.577409
2026-09-30 14:45:23,SMP / paired RX / per-link line rate / both lanes counting / interval BER,0.000E+00,0.000E+00,0.000E+00,N/A,50.000,50.000,0.000E+00,100.000000,77.279128
2026-09-30 14:45:24,SMP / paired RX / per-link line rate / both lanes counting / interval BER,0.000E+00,0.000E+00,0.000E+00,N/A,50.000,50.000,0.000E+00,100.000001,78.174851
2026-09-30 14:45:25,SMP / paired RX / per-link line rate / both lanes counting / interval BER,0.000E+00,0.000E+00,0.000E+00,N/A,50.000,50.000,0.000E+00,99.999998,78.178834
2026-09-30 14:45:26,SMP / paired RX / per-link line rate / both lanes counting / interval BER,0.000E+00,0.000E+00,0.000E+00,N/A,50.000,50.000,0.000E+00,100.000000,77.445107
2026-09-30 14:45:27,SMP / paired RX / per-link line rate / both lanes counting / interval BER,0.000E+00,0.000E+00,0.000E+00,N/A,50.000,50.000,0.000E+00,100.000001,77.222446
2026-09-30 14:45:28,SMP / paired RX / per-link line rate / both lanes counting / interval BER,0.000E+00,0.000E+00,0.000E+00,N/A,50.000,50.000,0.000E+00,100.000000,77.978535
2026-09-30 14:45:29,SMP / paired RX / per-link line rate / both lanes counting / interval BER,0.000E+00,0.000E+00,0.000E+00,N/A,50.000,50.000,0.000E+00,99.999999,77.487504
2026-09-30 14:45:30,SMP / paired RX / per-link line rate / both lanes counting / interval BER,0.000E+00,0.000E+00,0.000E+00,N/A,50.000,50.000,0.000E+00,100.000001,76.982215
2026-09-30 14:45:31,SMP / paired RX / per-link line rate / both lanes counting / interval BER,0.000E+00,0.000E+00,0.000E+00,N/A,50.000,50.000,0.000E+00,99.999999,77.595079
2026-09-30 14:45:31,SMP / paired RX / per-link line rate / both lanes counting / interval BER,0.000E+00,0.000E+00,0.000E+00,N/A,50.000,50.000,0.000E+00,100.000001,77.805058
2026-09-30 14:45:32,SMP / paired RX / per-link line rate / both lanes counting / interval BER,0.000E+00,0.000E+00,0.000E+00,N/A,50.000,50.000,0.000E+00,100.000000,77.074069
2026-09-30 14:45:34,SMP / paired RX / per-link line rate / both lanes counting / interval BER,0.000E+00,0.000E+00,0.000E+00,N/A,50.000,50.000,0.000E+00,100.000000,77.338178
2026-09-30 14:45:34,SMP / paired RX / per-link line rate / both lanes counting / interval BER,0.000E+00,0.000E+00,0.000E+00,N/A,50.000,50.000,0.000E+00,100.000001,78.029190
2026-09-30 14:45:35,SMP / paired RX / per-link line rate / both lanes counting / interval BER,0.000E+00,0.000E+00,0.000E+00,N/A,50.000,50.000,0.000E+00,99.999999,78.134874
2026-09-30 14:45:36,SMP / paired RX / per-link line rate / both lanes counting / interval BER,0.000E+00,0.000E+00,0.000E+00,N/A,50.000,50.000,0.000E+00,100.000000,77.428189
2026-09-30 14:45:37,SMP / paired RX / per-link line rate / both lanes counting / interval BER,0.000E+00,0.000E+00,0.000E+00,N/A,50.000,50.000,0.000E+00,100.000002,77.751369
2026-09-30 14:45:38,SMP / paired RX / per-link line rate / both lanes counting / interval BER,0.000E+00,0.000E+00,0.000E+00,N/A,50.000,50.000,0.000E+00,99.999998,78.130694
2026-09-30 14:45:39,SMP / paired RX / per-link line rate / both lanes counting / interval BER,0.000E+00,0.000E+00,0.000E+00,N/A,50.000,50.000,0.000E+00,100.000001,77.759807
2026-09-30 14:45:40,SMP / paired RX / per-link line rate / both lanes counting / interval BER,0.000E+00,0.000E+00,0.000E+00,N/A,50.000,50.000,0.000E+00,99.999999,77.256531
2026-09-30 14:45:41,SMP / paired RX / per-link line rate / both lanes counting / interval BER,0.000E+00,0.000E+00,0.000E+00,N/A,50.000,50.000,0.000E+00,100.000000,77.678943
2026-09-30 14:45:42,SMP / paired RX / per-link line rate / both lanes counting / interval BER,0.000E+00,0.000E+00,0.000E+00,N/A,50.000,50.000,0.000E+00,100.000000,78.054608
2026-09-30 14:45:43,SMP / paired RX / per-link line rate / both lanes counting / interval BER,0.000E+00,0.000E+00,0.000E+00,N/A,50.000,50.000,0.000E+00,100.000002,77.644923
2026-09-30 14:45:44,SMP / paired RX / per-link line rate / both lanes counting / interval BER,0.000E+00,0.000E+00,0.000E+00,N/A,50.000,50.000,0.000E+00,99.999999,77.219529
2026-09-30 14:45:45,SMP / paired RX / per-link line rate / both lanes counting / interval BER,0.000E+00,0.000E+00,0.000E+00,N/A,50.000,50.000,0.000E+00,100.000000,77.823271
2026-09-30 14:45:46,SMP / paired RX / per-link line rate / both lanes counting / interval BER,0.000E+00,0.000E+00,0.000E+00,N/A,50.000,50.000,0.000E+00,99.999999,78.238192
2026-09-30 14:45:47,SMP / paired RX / per-link line rate / both lanes counting / interval BER,0.000E+00,0.000E+00,0.000E+00,N/A,50.000,50.000,0.000E+00,100.000000,77.790246
2026-09-30 14:45:48,SMP / paired RX / per-link line rate / both lanes counting / interval BER,0.000E+00,0.000E+00,0.000E+00,N/A,50.000,50.000,0.000E+00,100.000000,77.179846
